addr	type	name	size
0x0	OBJ	__ghsautoimport_osa	2519
0x200000	FUNC	_start	77
0x200000	OBJ	__ghsbegin_romstart	0
0x200000	OBJ	__ghsbegin_kernel_text	0
0x20004d	OBJ	baseptrs	24
0x200080	FUNC	ASP_FatalException	29
0x200091	NOTYPE	..lin.7a18032c..65674fff.0_1	0
0x20009b	NOTYPE	..lin.7a18032c..65674fff.0_2	0
0x20009d	FUNC	ASP_FatalError	36
0x2000aa	NOTYPE	..lin.7a18032c..14b752fa.0_3	0
0x2000bf	NOTYPE	..lin.7a18032c..14b752fa.0_4	0
0x2000c1	FUNC	AllocatePageTablePage...2Fhome.2Fmal.2Fgm_release.2FMY22.2D026.2Ffinal.2Fiot.2Frtos.2Flibs.2Fgm.2Di35.2Frel.2Fwork.2Flibkernel.2Flibkernel.2F86_x64.	100
0x2000ee	NOTYPE	..lin.7a18032c..8657de4c.0_5	0
0x2000fd	NOTYPE	..lin.7a18032c..8657de4c.0_6	0
0x200111	NOTYPE	..lin.7a18032c..8657de4c.0_7	0
0x200120	NOTYPE	..lin.7a18032c..8657de4c.0_8	0
0x200125	FUNC	InvalidatePagingStructureCachesAndNonGlobalTLBEntries...2Fhome.2Fmal.2Fgm_release.2FMY22.2D026.2Ffinal.2Fiot.2Frtos.2Flibs.2Fgm.2Di35.2Frel.2Fwork.2Flibkernel.2Flibkernel.2F86_x64.	7
0x20012c	FUNC	ASP_MapKernelMemoryImpl...2Fhome.2Fmal.2Fgm_release.2FMY22.2D026.2Ffinal.2Fiot.2Frtos.2Flibs.2Fgm.2Di35.2Frel.2Fwork.2Flibkernel.2Flibkernel.2F86_x64.	739
0x200155	NOTYPE	..lin.7a18032c..398a95f2.0_9	0
0x20019d	NOTYPE	..lin.7a18032c..398a95f2.0_10	0
0x2001aa	NOTYPE	..lin.7a18032c..398a95f2.0_11	0
0x2001af	NOTYPE	..lin.7a18032c..398a95f2.0_12	0
0x2001cc	NOTYPE	..lin.7a18032c..398a95f2.0_13	0
0x2001f5	NOTYPE	..lin.7a18032c..398a95f2.0_14	0
0x200202	NOTYPE	..lin.7a18032c..398a95f2.0_15	0
0x200207	NOTYPE	..lin.7a18032c..398a95f2.0_16	0
0x200224	NOTYPE	..lin.7a18032c..398a95f2.0_17	0
0x20024d	NOTYPE	..lin.7a18032c..398a95f2.0_18	0
0x20025a	NOTYPE	..lin.7a18032c..398a95f2.0_19	0
0x200267	NOTYPE	..lin.7a18032c..398a95f2.0_20	0
0x200274	NOTYPE	..lin.7a18032c..398a95f2.0_21	0
0x2002f4	NOTYPE	..lin.7a18032c..398a95f2.0_22	0
0x20030e	NOTYPE	..lin.7a18032c..398a95f2.0_23	0
0x200322	NOTYPE	..lin.7a18032c..398a95f2.0_24	0
0x200327	NOTYPE	..lin.7a18032c..398a95f2.0_25	0
0x200344	NOTYPE	..lin.7a18032c..398a95f2.0_26	0
0x200366	NOTYPE	..lin.7a18032c..398a95f2.0_27	0
0x2003de	NOTYPE	..lin.7a18032c..398a95f2.0_28	0
0x2003fd	NOTYPE	..lin.7a18032c..398a95f2.0_29	0
0x200402	NOTYPE	..lin.7a18032c..398a95f2.0_30	0
0x20040f	FUNC	ASP_MapKernelMemoryRecord...2Fhome.2Fmal.2Fgm_release.2FMY22.2D026.2Ffinal.2Fiot.2Frtos.2Flibs.2Fgm.2Di35.2Frel.2Fwork.2Flibkernel.2Flibkernel.2F86_x64.	150
0x20042c	NOTYPE	..lin.7a18032c..daee7eff.0_31	0
0x200435	NOTYPE	..lin.7a18032c..daee7eff.0_32	0
0x20043b	NOTYPE	..lin.7a18032c..daee7eff.0_33	0
0x200444	NOTYPE	..lin.7a18032c..daee7eff.0_34	0
0x20044d	NOTYPE	..lin.7a18032c..daee7eff.0_35	0
0x200456	NOTYPE	..lin.7a18032c..daee7eff.0_36	0
0x20045c	NOTYPE	..lin.7a18032c..daee7eff.0_37	0
0x20046b	NOTYPE	..lin.7a18032c..daee7eff.0_38	0
0x200471	NOTYPE	..lin.7a18032c..daee7eff.0_39	0
0x200476	NOTYPE	..lin.7a18032c..daee7eff.0_40	0
0x20047b	NOTYPE	..lin.7a18032c..daee7eff.0_41	0
0x20049c	NOTYPE	..lin.7a18032c..daee7eff.0_42	0
0x2004a5	FUNC	ASP_MapKernelMemory	54
0x2004b5	NOTYPE	..lin.7a18032c..3afecfc0.0_43	0
0x2004c8	NOTYPE	..lin.7a18032c..3afecfc0.0_44	0
0x2004ce	NOTYPE	..lin.7a18032c..3afecfc0.0_45	0
0x2004d9	NOTYPE	..lin.7a18032c..3afecfc0.0_46	0
0x2004db	FUNC	ASP_PreCrtInitializeMapTrampoline...2Fhome.2Fmal.2Fgm_release.2FMY22.2D026.2Ffinal.2Fiot.2Frtos.2Flibs.2Fgm.2Di35.2Frel.2Fwork.2Flibkernel.2Flibkernel.2F86_x64.	1
0x2004dc	FUNC	ASP_PreCrtInitializeBootstrap...2Fhome.2Fmal.2Fgm_release.2FMY22.2D026.2Ffinal.2Fiot.2Frtos.2Flibs.2Fgm.2Di35.2Frel.2Fwork.2Flibkernel.2Flibkernel.2F86_x64.	939
0x200507	NOTYPE	..lin.7a18032c..f4792cc8.0_47	0
0x20051e	NOTYPE	..lin.7a18032c..f4792cc8.0_48	0
0x200531	NOTYPE	..lin.7a18032c..f4792cc8.0_49	0
0x200536	NOTYPE	..lin.7a18032c..f4792cc8.0_50	0
0x20053f	NOTYPE	..lin.7a18032c..f4792cc8.0_51	0
0x200547	NOTYPE	..lin.7a18032c..f4792cc8.0_52	0
0x200549	NOTYPE	..lin.7a18032c..f4792cc8.0_53	0
0x20056c	NOTYPE	..lin.7a18032c..f4792cc8.0_54	0
0x200587	NOTYPE	..lin.7a18032c..f4792cc8.0_55	0
0x20059c	NOTYPE	..lin.7a18032c..f4792cc8.0_56	0
0x2005ad	NOTYPE	..lin.7a18032c..f4792cc8.0_57	0
0x2005c0	NOTYPE	..lin.7a18032c..f4792cc8.0_58	0
0x2005cd	NOTYPE	..lin.7a18032c..f4792cc8.0_59	0
0x2005d1	NOTYPE	..lin.7a18032c..f4792cc8.0_60	0
0x2005ea	NOTYPE	..lin.7a18032c..f4792cc8.0_61	0
0x2005ec	NOTYPE	..lin.7a18032c..f4792cc8.0_62	0
0x2005fe	NOTYPE	..lin.7a18032c..f4792cc8.0_63	0
0x200619	NOTYPE	..lin.7a18032c..f4792cc8.0_64	0
0x200626	NOTYPE	..lin.7a18032c..f4792cc8.0_65	0
0x200646	NOTYPE	..lin.7a18032c..f4792cc8.0_66	0
0x200661	NOTYPE	..lin.7a18032c..f4792cc8.0_67	0
0x20067c	NOTYPE	..lin.7a18032c..f4792cc8.0_68	0
0x20068d	NOTYPE	..lin.7a18032c..f4792cc8.0_69	0
0x20069b	NOTYPE	..lin.7a18032c..f4792cc8.0_70	0
0x2006b7	NOTYPE	..lin.7a18032c..f4792cc8.0_71	0
0x2006b9	NOTYPE	..lin.7a18032c..f4792cc8.0_72	0
0x2006be	NOTYPE	..lin.7a18032c..f4792cc8.0_73	0
0x2006c8	NOTYPE	..lin.7a18032c..f4792cc8.0_74	0
0x2006ca	NOTYPE	..lin.7a18032c..f4792cc8.0_75	0
0x2006dd	NOTYPE	..lin.7a18032c..f4792cc8.0_76	0
0x2006f5	NOTYPE	..lin.7a18032c..f4792cc8.0_77	0
0x200704	NOTYPE	..lin.7a18032c..f4792cc8.0_78	0
0x200706	NOTYPE	..lin.7a18032c..f4792cc8.0_79	0
0x20070a	NOTYPE	..lin.7a18032c..f4792cc8.0_80	0
0x200710	NOTYPE	..lin.7a18032c..f4792cc8.0_81	0
0x200744	NOTYPE	..lin.7a18032c..f4792cc8.0_82	0
0x200768	NOTYPE	..lin.7a18032c..f4792cc8.0_83	0
0x200780	NOTYPE	..lin.7a18032c..f4792cc8.0_84	0
0x20079a	NOTYPE	..lin.7a18032c..f4792cc8.0_85	0
0x2007b3	NOTYPE	..lin.7a18032c..f4792cc8.0_86	0
0x2007c5	NOTYPE	..lin.7a18032c..f4792cc8.0_87	0
0x2007df	NOTYPE	..lin.7a18032c..f4792cc8.0_88	0
0x2007f8	NOTYPE	..lin.7a18032c..f4792cc8.0_89	0
0x20080a	NOTYPE	..lin.7a18032c..f4792cc8.0_90	0
0x20081f	NOTYPE	..lin.7a18032c..f4792cc8.0_91	0
0x200837	NOTYPE	..lin.7a18032c..f4792cc8.0_92	0
0x20084e	NOTYPE	..lin.7a18032c..f4792cc8.0_93	0
0x20087c	NOTYPE	..lin.7a18032c..f4792cc8.0_94	0
0x200887	FUNC	ASP_FlushEntireCache	5
0x20088c	NOTYPE	..lin.7a18032c..25cf4225.0_95	0
0x20088c	FUNC	ASP_PreCrtInitialize	228
0x2008ab	NOTYPE	..lin.7a18032c..983d594a.0_96	0
0x2008b1	NOTYPE	..lin.7a18032c..983d594a.0_97	0
0x2008c8	NOTYPE	..lin.7a18032c..983d594a.0_98	0
0x2008cd	NOTYPE	..lin.7a18032c..983d594a.0_99	0
0x2008de	NOTYPE	..lin.7a18032c..983d594a.0_100	0
0x2008ee	NOTYPE	..lin.7a18032c..983d594a.0_101	0
0x2008fb	NOTYPE	..lin.7a18032c..983d594a.0_102	0
0x200900	NOTYPE	..lin.7a18032c..983d594a.0_103	0
0x200914	NOTYPE	..lin.7a18032c..983d594a.0_104	0
0x20091c	NOTYPE	..lin.7a18032c..983d594a.0_105	0
0x200924	NOTYPE	..lin.7a18032c..983d594a.0_106	0
0x200942	NOTYPE	..lin.7a18032c..983d594a.0_107	0
0x200959	NOTYPE	..lin.7a18032c..983d594a.0_108	0
0x20096e	NOTYPE	..lin.7a18032c..983d594a.0_109	0
0x200970	NOTYPE	..lin.7a18032c..983d594a.0_110	0
0x200970	FUNC	ASP_WasResumedFromRam	10
0x200979	NOTYPE	..lin.7a18032c..f5b96dbc.0_111	0
0x20097a	FUNC	ASP_ReturnToRAM	66
0x200995	NOTYPE	..lin.7a18032c..9ca9000b.0_112	0
0x2009a9	NOTYPE	..lin.7a18032c..9ca9000b.0_113	0
0x2009ba	NOTYPE	..lin.7a18032c..9ca9000b.0_114	0
0x2009bc	FUNC	CheckForSpeculationControls...2Fhome.2Fmal.2Fgm_release.2FMY22.2D026.2Ffinal.2Fiot.2Frtos.2Flibs.2Fgm.2Di35.2Frel.2Fwork.2Flibkernel.2Flibkernel.2F86_x64.	208
0x2009d7	NOTYPE	..lin.7a18032c..6225b1c5.0_115	0
0x2009f6	NOTYPE	..lin.7a18032c..6225b1c5.0_116	0
0x200a10	NOTYPE	..lin.7a18032c..6225b1c5.0_117	0
0x200a20	NOTYPE	..lin.7a18032c..6225b1c5.0_118	0
0x200a29	NOTYPE	..lin.7a18032c..6225b1c5.0_119	0
0x200a39	NOTYPE	..lin.7a18032c..6225b1c5.0_120	0
0x200a67	NOTYPE	..lin.7a18032c..6225b1c5.0_121	0
0x200a89	NOTYPE	..lin.7a18032c..6225b1c5.0_122	0
0x200a8c	FUNC	InitializeRegisterMap...2Fhome.2Fmal.2Fgm_release.2FMY22.2D026.2Ffinal.2Fiot.2Frtos.2Flibs.2Fgm.2Di35.2Frel.2Fwork.2Flibkernel.2Flibkernel.2F86_x64.	416
0x200a91	NOTYPE	..lin.7a18032c..8e3d18da.0_123	0
0x200a95	NOTYPE	..lin.7a18032c..8e3d18da.0_124	0
0x200aac	NOTYPE	..lin.7a18032c..8e3d18da.0_125	0
0x200ba3	NOTYPE	..lin.7a18032c..8e3d18da.0_126	0
0x200bb2	NOTYPE	..lin.7a18032c..8e3d18da.0_127	0
0x200bbd	NOTYPE	..lin.7a18032c..8e3d18da.0_128	0
0x200bc8	NOTYPE	..lin.7a18032c..8e3d18da.0_129	0
0x200bd2	NOTYPE	..lin.7a18032c..8e3d18da.0_130	0
0x200bd9	NOTYPE	..lin.7a18032c..8e3d18da.0_131	0
0x200be6	NOTYPE	..lin.7a18032c..8e3d18da.0_132	0
0x200bf3	NOTYPE	..lin.7a18032c..8e3d18da.0_133	0
0x200bfa	NOTYPE	..lin.7a18032c..8e3d18da.0_134	0
0x200c07	NOTYPE	..lin.7a18032c..8e3d18da.0_135	0
0x200c14	NOTYPE	..lin.7a18032c..8e3d18da.0_136	0
0x200c2c	FUNC	ASP_InitializeBootCpu...2Fhome.2Fmal.2Fgm_release.2FMY22.2D026.2Ffinal.2Fiot.2Frtos.2Flibs.2Fgm.2Di35.2Frel.2Fwork.2Flibkernel.2Flibkernel.2F86_x64.	517
0x200c3f	NOTYPE	..lin.7a18032c..55c49336.0_137	0
0x200c4c	NOTYPE	..lin.7a18032c..55c49336.0_138	0
0x200c5e	NOTYPE	..lin.7a18032c..55c49336.0_139	0
0x200c62	NOTYPE	..lin.7a18032c..55c49336.0_140	0
0x200cb1	NOTYPE	..lin.7a18032c..55c49336.0_141	0
0x200d01	NOTYPE	..lin.7a18032c..55c49336.0_142	0
0x200d0a	NOTYPE	..lin.7a18032c..55c49336.0_143	0
0x200d1a	NOTYPE	..lin.7a18032c..55c49336.0_144	0
0x200d59	NOTYPE	..lin.7a18032c..55c49336.0_145	0
0x200d88	NOTYPE	..lin.7a18032c..55c49336.0_146	0
0x200d98	NOTYPE	..lin.7a18032c..55c49336.0_147	0
0x200db5	NOTYPE	..lin.7a18032c..55c49336.0_148	0
0x200dc5	NOTYPE	..lin.7a18032c..55c49336.0_149	0
0x200dca	NOTYPE	..lin.7a18032c..55c49336.0_150	0
0x200dcf	NOTYPE	..lin.7a18032c..55c49336.0_151	0
0x200dd4	NOTYPE	..lin.7a18032c..55c49336.0_152	0
0x200dd9	NOTYPE	..lin.7a18032c..55c49336.0_153	0
0x200de9	NOTYPE	..lin.7a18032c..55c49336.0_154	0
0x200dee	NOTYPE	..lin.7a18032c..55c49336.0_155	0
0x200df3	NOTYPE	..lin.7a18032c..55c49336.0_156	0
0x200e12	NOTYPE	..lin.7a18032c..55c49336.0_157	0
0x200e24	NOTYPE	..lin.7a18032c..55c49336.0_158	0
0x200e2e	NOTYPE	..lin.7a18032c..55c49336.0_159	0
0x200e31	FUNC	InitXstack...2Fhome.2Fmal.2Fgm_release.2FMY22.2D026.2Ffinal.2Fiot.2Frtos.2Flibs.2Fgm.2Di35.2Frel.2Fwork.2Flibkernel.2Flibkernel.2F86_x64.	44
0x200e3b	NOTYPE	..lin.7a18032c..835e6e7.0_160	0
0x200e5d	FUNC	ASP_Initialize	775
0x200e6e	NOTYPE	..lin.7a18032c..95dee51a.0_161	0
0x200e78	NOTYPE	..lin.7a18032c..95dee51a.0_162	0
0x200e7d	NOTYPE	..lin.7a18032c..95dee51a.0_163	0
0x200eb3	NOTYPE	..lin.7a18032c..95dee51a.0_164	0
0x200ee5	NOTYPE	..lin.7a18032c..95dee51a.0_165	0
0x200f17	NOTYPE	..lin.7a18032c..95dee51a.0_166	0
0x200f48	NOTYPE	..lin.7a18032c..95dee51a.0_167	0
0x200f56	NOTYPE	..lin.7a18032c..95dee51a.0_168	0
0x200f6b	NOTYPE	..lin.7a18032c..95dee51a.0_169	0
0x200f7a	NOTYPE	..lin.7a18032c..95dee51a.0_170	0
0x200f8c	NOTYPE	..lin.7a18032c..95dee51a.0_171	0
0x200fab	NOTYPE	..lin.7a18032c..95dee51a.0_172	0
0x200fb8	NOTYPE	..lin.7a18032c..95dee51a.0_173	0
0x200fca	NOTYPE	..lin.7a18032c..95dee51a.0_174	0
0x200fd2	NOTYPE	..lin.7a18032c..95dee51a.0_175	0
0x200fe0	NOTYPE	..lin.7a18032c..95dee51a.0_176	0
0x201000	NOTYPE	..lin.7a18032c..95dee51a.0_177	0
0x20100c	NOTYPE	..lin.7a18032c..95dee51a.0_178	0
0x20101d	NOTYPE	..lin.7a18032c..95dee51a.0_179	0
0x201064	NOTYPE	..lin.7a18032c..95dee51a.0_180	0
0x201073	NOTYPE	..lin.7a18032c..95dee51a.0_181	0
0x20108e	NOTYPE	..lin.7a18032c..95dee51a.0_182	0
0x201104	NOTYPE	..lin.7a18032c..95dee51a.0_183	0
0x201119	NOTYPE	..lin.7a18032c..95dee51a.0_184	0
0x20111f	NOTYPE	..lin.7a18032c..95dee51a.0_185	0
0x201124	NOTYPE	..lin.7a18032c..95dee51a.0_186	0
0x20112b	NOTYPE	..lin.7a18032c..95dee51a.0_187	0
0x201135	NOTYPE	..lin.7a18032c..95dee51a.0_188	0
0x20113a	NOTYPE	..lin.7a18032c..95dee51a.0_189	0
0x20113f	NOTYPE	..lin.7a18032c..95dee51a.0_190	0
0x201144	NOTYPE	..lin.7a18032c..95dee51a.0_191	0
0x20114e	NOTYPE	..lin.7a18032c..95dee51a.0_192	0
0x201154	NOTYPE	..lin.7a18032c..95dee51a.0_193	0
0x20115e	NOTYPE	..lin.7a18032c..95dee51a.0_194	0
0x201164	FUNC	ASP_LoadMicrocodeUpdate	472
0x201185	NOTYPE	..lin.7a18032c..b52ed320.0_195	0
0x2011a0	NOTYPE	..lin.7a18032c..b52ed320.0_196	0
0x2011b2	NOTYPE	..lin.7a18032c..b52ed320.0_197	0
0x2011ba	NOTYPE	..lin.7a18032c..b52ed320.0_198	0
0x2011c3	NOTYPE	..lin.7a18032c..b52ed320.0_199	0
0x2011cc	NOTYPE	..lin.7a18032c..b52ed320.0_200	0
0x2011d5	NOTYPE	..lin.7a18032c..b52ed320.0_201	0
0x2011e2	NOTYPE	..lin.7a18032c..b52ed320.0_202	0
0x2011eb	NOTYPE	..lin.7a18032c..b52ed320.0_203	0
0x2011f6	NOTYPE	..lin.7a18032c..b52ed320.0_204	0
0x2011fe	NOTYPE	..lin.7a18032c..b52ed320.0_205	0
0x201200	NOTYPE	..lin.7a18032c..b52ed320.0_206	0
0x201207	NOTYPE	..lin.7a18032c..b52ed320.0_207	0
0x201213	NOTYPE	..lin.7a18032c..b52ed320.0_208	0
0x201219	NOTYPE	..lin.7a18032c..b52ed320.0_209	0
0x201220	NOTYPE	..lin.7a18032c..b52ed320.0_210	0
0x201237	NOTYPE	..lin.7a18032c..b52ed320.0_211	0
0x201240	NOTYPE	..lin.7a18032c..b52ed320.0_212	0
0x201250	NOTYPE	..lin.7a18032c..b52ed320.0_213	0
0x201255	NOTYPE	..lin.7a18032c..b52ed320.0_214	0
0x201257	NOTYPE	..lin.7a18032c..b52ed320.0_215	0
0x201261	NOTYPE	..lin.7a18032c..b52ed320.0_216	0
0x201266	NOTYPE	..lin.7a18032c..b52ed320.0_217	0
0x20126f	NOTYPE	..lin.7a18032c..b52ed320.0_218	0
0x201292	NOTYPE	..lin.7a18032c..b52ed320.0_219	0
0x2012c8	NOTYPE	..lin.7a18032c..b52ed320.0_220	0
0x2012d9	NOTYPE	..lin.7a18032c..b52ed320.0_221	0
0x201315	NOTYPE	..lin.7a18032c..b52ed320.0_222	0
0x20131a	NOTYPE	..lin.7a18032c..b52ed320.0_223	0
0x201323	NOTYPE	..lin.7a18032c..b52ed320.0_224	0
0x201329	NOTYPE	..lin.7a18032c..b52ed320.0_225	0
0x20132d	NOTYPE	..lin.7a18032c..b52ed320.0_226	0
0x201331	NOTYPE	..lin.7a18032c..b52ed320.0_227	0
0x20133c	FUNC	ASP_EnableInterrupts	2
0x20133d	NOTYPE	..lin.7a18032c..f89723af.0_228	0
0x20133e	FUNC	ASP_ExceptionHandler	172
0x201359	NOTYPE	..lin.7a18032c..de2c4d35.0_229	0
0x2013cb	NOTYPE	..lin.7a18032c..de2c4d35.0_230	0
0x2013d8	NOTYPE	..lin.7a18032c..de2c4d35.0_231	0
0x2013da	NOTYPE	..lin.7a18032c..de2c4d35.0_232	0
0x2013e4	NOTYPE	..lin.7a18032c..de2c4d35.0_233	0
0x2013ea	FUNC	ASP_DisableInterrupts	2
0x2013ec	FUNC	ASP_HandleException	480
0x201415	NOTYPE	..lin.7a18032c..98e76a3.0_234	0
0x201436	NOTYPE	..lin.7a18032c..98e76a3.0_235	0
0x20143b	NOTYPE	..lin.7a18032c..98e76a3.0_236	0
0x201452	NOTYPE	..lin.7a18032c..98e76a3.0_237	0
0x201457	NOTYPE	..lin.7a18032c..98e76a3.0_238	0
0x20145f	NOTYPE	..lin.7a18032c..98e76a3.0_239	0
0x201464	NOTYPE	..lin.7a18032c..98e76a3.0_240	0
0x201485	NOTYPE	..lin.7a18032c..98e76a3.0_241	0
0x201491	NOTYPE	..lin.7a18032c..98e76a3.0_242	0
0x201499	NOTYPE	..lin.7a18032c..98e76a3.0_243	0
0x201547	NOTYPE	..lin.7a18032c..98e76a3.0_244	0
0x20155e	NOTYPE	..lin.7a18032c..98e76a3.0_245	0
0x201564	NOTYPE	..lin.7a18032c..98e76a3.0_246	0
0x201580	NOTYPE	..lin.7a18032c..98e76a3.0_247	0
0x20158b	NOTYPE	..lin.7a18032c..98e76a3.0_248	0
0x2015a1	NOTYPE	..lin.7a18032c..98e76a3.0_249	0
0x2015b0	NOTYPE	..lin.7a18032c..98e76a3.0_250	0
0x2015c1	NOTYPE	..lin.7a18032c..98e76a3.0_251	0
0x2015cc	FUNC	HandlePageFault...2Fhome.2Fmal.2Fgm_release.2FMY22.2D026.2Ffinal.2Fiot.2Frtos.2Flibs.2Fgm.2Di35.2Frel.2Fwork.2Flibkernel.2Flibkernel.2F86_x64.	160
0x2015ec	NOTYPE	..lin.7a18032c..e306864a.0_252	0
0x2015fd	NOTYPE	..lin.7a18032c..e306864a.0_253	0
0x201605	NOTYPE	..lin.7a18032c..e306864a.0_254	0
0x201613	NOTYPE	..lin.7a18032c..e306864a.0_255	0
0x20161b	NOTYPE	..lin.7a18032c..e306864a.0_256	0
0x201629	NOTYPE	..lin.7a18032c..e306864a.0_257	0
0x201631	NOTYPE	..lin.7a18032c..e306864a.0_258	0
0x201639	NOTYPE	..lin.7a18032c..e306864a.0_259	0
0x201663	NOTYPE	..lin.7a18032c..e306864a.0_260	0
0x20166c	FUNC	ASP_PhysicalToKernel	14
0x20167a	FUNC	ASP_TranslateAddress	513
0x2016ce	NOTYPE	..lin.7a18032c..40abe03c.0_261	0
0x2016e1	NOTYPE	..lin.7a18032c..40abe03c.0_262	0
0x2016e7	NOTYPE	..lin.7a18032c..40abe03c.0_263	0
0x2016f6	NOTYPE	..lin.7a18032c..40abe03c.0_264	0
0x2016ff	NOTYPE	..lin.7a18032c..40abe03c.0_265	0
0x201703	NOTYPE	..lin.7a18032c..40abe03c.0_266	0
0x20170f	NOTYPE	..lin.7a18032c..40abe03c.0_267	0
0x20171e	NOTYPE	..lin.7a18032c..40abe03c.0_268	0
0x20172b	NOTYPE	..lin.7a18032c..40abe03c.0_269	0
0x201753	NOTYPE	..lin.7a18032c..40abe03c.0_270	0
0x201771	NOTYPE	..lin.7a18032c..40abe03c.0_271	0
0x20177b	NOTYPE	..lin.7a18032c..40abe03c.0_272	0
0x201783	NOTYPE	..lin.7a18032c..40abe03c.0_273	0
0x20178c	NOTYPE	..lin.7a18032c..40abe03c.0_274	0
0x20179b	NOTYPE	..lin.7a18032c..40abe03c.0_275	0
0x2017a4	NOTYPE	..lin.7a18032c..40abe03c.0_276	0
0x2017ad	NOTYPE	..lin.7a18032c..40abe03c.0_277	0
0x2017b5	NOTYPE	..lin.7a18032c..40abe03c.0_278	0
0x2017dc	NOTYPE	..lin.7a18032c..40abe03c.0_279	0
0x2017f0	NOTYPE	..lin.7a18032c..40abe03c.0_280	0
0x201804	NOTYPE	..lin.7a18032c..40abe03c.0_281	0
0x20180e	NOTYPE	..lin.7a18032c..40abe03c.0_282	0
0x201817	NOTYPE	..lin.7a18032c..40abe03c.0_283	0
0x20182a	NOTYPE	..lin.7a18032c..40abe03c.0_284	0
0x201833	NOTYPE	..lin.7a18032c..40abe03c.0_285	0
0x20183f	NOTYPE	..lin.7a18032c..40abe03c.0_286	0
0x201860	NOTYPE	..lin.7a18032c..40abe03c.0_287	0
0x201873	NOTYPE	..lin.7a18032c..40abe03c.0_288	0
0x20187b	FUNC	ASP_SetLRWithError...2Fhome.2Fmal.2Fgm_release.2FMY22.2D026.2Ffinal.2Fiot.2Frtos.2Flibs.2Fgm.2Di35.2Frel.2Fwork.2Flibkernel.2Flibkernel.2F86_x64.	116
0x201896	NOTYPE	..lin.7a18032c..c4efb2f8.0_289	0
0x2018c6	NOTYPE	..lin.7a18032c..c4efb2f8.0_290	0
0x2018cd	NOTYPE	..lin.7a18032c..c4efb2f8.0_291	0
0x2018d6	NOTYPE	..lin.7a18032c..c4efb2f8.0_292	0
0x2018e1	NOTYPE	..lin.7a18032c..c4efb2f8.0_293	0
0x2018ef	FUNC	ASP_SetRegister	169
0x2018f3	NOTYPE	..lin.7a18032c..dd7b31d9.0_294	0
0x201912	NOTYPE	..lin.7a18032c..dd7b31d9.0_295	0
0x20192b	NOTYPE	..lin.7a18032c..dd7b31d9.0_296	0
0x201937	NOTYPE	..lin.7a18032c..dd7b31d9.0_297	0
0x20193b	NOTYPE	..lin.7a18032c..dd7b31d9.0_298	0
0x201941	NOTYPE	..lin.7a18032c..dd7b31d9.0_299	0
0x201946	NOTYPE	..lin.7a18032c..dd7b31d9.0_300	0
0x201950	NOTYPE	..lin.7a18032c..dd7b31d9.0_301	0
0x20196c	NOTYPE	..lin.7a18032c..dd7b31d9.0_302	0
0x201973	NOTYPE	..lin.7a18032c..dd7b31d9.0_303	0
0x20198c	NOTYPE	..lin.7a18032c..dd7b31d9.0_304	0
0x201992	NOTYPE	..lin.7a18032c..dd7b31d9.0_305	0
0x201998	FUNC	HandleInitDone...2Fhome.2Fmal.2Fgm_release.2FMY22.2D026.2Ffinal.2Fiot.2Frtos.2Flibs.2Fgm.2Di35.2Frel.2Fwork.2Flibkernel.2Flibkernel.2F86_x64.	60
0x2019a7	NOTYPE	..lin.7a18032c..363496b.0_306	0
0x2019ae	NOTYPE	..lin.7a18032c..363496b.0_307	0
0x2019b3	NOTYPE	..lin.7a18032c..363496b.0_308	0
0x2019c5	NOTYPE	..lin.7a18032c..363496b.0_309	0
0x2019ca	NOTYPE	..lin.7a18032c..363496b.0_310	0
0x2019d4	FUNC	HandleVInitDone...2Fhome.2Fmal.2Fgm_release.2FMY22.2D026.2Ffinal.2Fiot.2Frtos.2Flibs.2Fgm.2Di35.2Frel.2Fwork.2Flibkernel.2Flibkernel.2F86_x64.	53
0x2019ed	NOTYPE	..lin.7a18032c..9f21e9e1.0_311	0
0x2019f2	NOTYPE	..lin.7a18032c..9f21e9e1.0_312	0
0x201a02	NOTYPE	..lin.7a18032c..9f21e9e1.0_313	0
0x201a09	FUNC	ASP_AuxCallHandler...2Fhome.2Fmal.2Fgm_release.2FMY22.2D026.2Ffinal.2Fiot.2Frtos.2Flibs.2Fgm.2Di35.2Frel.2Fwork.2Flibkernel.2Flibkernel.2F86_x64.	144
0x201a3f	NOTYPE	..lin.7a18032c..eb082f90.0_314	0
0x201a4e	NOTYPE	..lin.7a18032c..eb082f90.0_315	0
0x201a50	NOTYPE	..lin.7a18032c..eb082f90.0_316	0
0x201a60	NOTYPE	..lin.7a18032c..eb082f90.0_317	0
0x201a62	NOTYPE	..lin.7a18032c..eb082f90.0_318	0
0x201a73	NOTYPE	..lin.7a18032c..eb082f90.0_319	0
0x201a75	NOTYPE	..lin.7a18032c..eb082f90.0_320	0
0x201a7d	NOTYPE	..lin.7a18032c..eb082f90.0_321	0
0x201a7f	NOTYPE	..lin.7a18032c..eb082f90.0_322	0
0x201a84	NOTYPE	..lin.7a18032c..eb082f90.0_323	0
0x201a86	NOTYPE	..lin.7a18032c..eb082f90.0_324	0
0x201a99	FUNC	ASP_DefaultExceptionHandler	502
0x201aa6	NOTYPE	..lin.7a18032c..2b2fe13a.0_325	0
0x201abd	NOTYPE	..lin.7a18032c..2b2fe13a.0_326	0
0x201acd	NOTYPE	..lin.7a18032c..2b2fe13a.0_327	0
0x201adf	NOTYPE	..lin.7a18032c..2b2fe13a.0_328	0
0x201ae6	NOTYPE	..lin.7a18032c..2b2fe13a.0_329	0
0x201b98	NOTYPE	..lin.7a18032c..2b2fe13a.0_330	0
0x201bac	NOTYPE	..lin.7a18032c..2b2fe13a.0_331	0
0x201bb1	NOTYPE	..lin.7a18032c..2b2fe13a.0_332	0
0x201bbf	NOTYPE	..lin.7a18032c..2b2fe13a.0_333	0
0x201bcd	NOTYPE	..lin.7a18032c..2b2fe13a.0_334	0
0x201bdb	NOTYPE	..lin.7a18032c..2b2fe13a.0_335	0
0x201be9	NOTYPE	..lin.7a18032c..2b2fe13a.0_336	0
0x201bf6	NOTYPE	..lin.7a18032c..2b2fe13a.0_337	0
0x201bfb	NOTYPE	..lin.7a18032c..2b2fe13a.0_338	0
0x201c08	NOTYPE	..lin.7a18032c..2b2fe13a.0_339	0
0x201c0d	NOTYPE	..lin.7a18032c..2b2fe13a.0_340	0
0x201c1a	NOTYPE	..lin.7a18032c..2b2fe13a.0_341	0
0x201c1f	NOTYPE	..lin.7a18032c..2b2fe13a.0_342	0
0x201c2d	NOTYPE	..lin.7a18032c..2b2fe13a.0_343	0
0x201c32	NOTYPE	..lin.7a18032c..2b2fe13a.0_344	0
0x201c40	NOTYPE	..lin.7a18032c..2b2fe13a.0_345	0
0x201c4d	NOTYPE	..lin.7a18032c..2b2fe13a.0_346	0
0x201c56	NOTYPE	..lin.7a18032c..2b2fe13a.0_347	0
0x201c6f	NOTYPE	..lin.7a18032c..2b2fe13a.0_348	0
0x201c7c	NOTYPE	..lin.7a18032c..2b2fe13a.0_349	0
0x201c84	NOTYPE	..lin.7a18032c..2b2fe13a.0_350	0
0x201c89	NOTYPE	..lin.7a18032c..2b2fe13a.0_351	0
0x201c8f	FUNC	ASP_InterruptsEnabled	15
0x201c9e	FUNC	ASP_WaitForKrnIrq	23
0x201cae	NOTYPE	..lin.7a18032c..f8419db.0_352	0
0x201caf	NOTYPE	..lin.7a18032c..f8419db.0_353	0
0x201cb2	NOTYPE	..lin.7a18032c..f8419db.0_354	0
0x201cb3	NOTYPE	..lin.7a18032c..f8419db.0_355	0
0x201cb5	NOTYPE	..lin.7a18032c..f8419db.0_356	0
0x201cb5	FUNC	ASP_FlushCaches	223
0x201ce4	NOTYPE	..lin.7a18032c..af6419f1.0_357	0
0x201cee	NOTYPE	..lin.7a18032c..af6419f1.0_358	0
0x201d02	NOTYPE	..lin.7a18032c..af6419f1.0_359	0
0x201d09	NOTYPE	..lin.7a18032c..af6419f1.0_360	0
0x201d23	NOTYPE	..lin.7a18032c..af6419f1.0_361	0
0x201d47	NOTYPE	..lin.7a18032c..af6419f1.0_362	0
0x201d54	NOTYPE	..lin.7a18032c..af6419f1.0_363	0
0x201d5d	NOTYPE	..lin.7a18032c..af6419f1.0_364	0
0x201d75	NOTYPE	..lin.7a18032c..af6419f1.0_365	0
0x201d7a	NOTYPE	..lin.7a18032c..af6419f1.0_366	0
0x201d94	FUNC	ASP_SyncCaches	5
0x201d99	NOTYPE	..lin.7a18032c..e7a38ccc.0_367	0
0x201d99	FUNC	ASP_MapKernelAlias	55
0x201da9	NOTYPE	..lin.7a18032c..94592031.0_368	0
0x201dc0	NOTYPE	..lin.7a18032c..94592031.0_369	0
0x201dc6	NOTYPE	..lin.7a18032c..94592031.0_370	0
0x201dce	NOTYPE	..lin.7a18032c..94592031.0_371	0
0x201dd0	FUNC	ASP_KernelToPhysical	17
0x201de1	FUNC	ASP_UnmapLowMemory	107
0x201dfa	NOTYPE	..lin.7a18032c..4b5da3b4.0_372	0
0x201e4a	NOTYPE	..lin.7a18032c..4b5da3b4.0_373	0
0x201e4c	FUNC	ASP_Map	1253
0x201ed0	NOTYPE	..lin.7a18032c..56c24b66.0_374	0
0x201eda	NOTYPE	..lin.7a18032c..56c24b66.0_375	0
0x201eec	NOTYPE	..lin.7a18032c..56c24b66.0_376	0
0x201ef5	NOTYPE	..lin.7a18032c..56c24b66.0_377	0
0x201efe	NOTYPE	..lin.7a18032c..56c24b66.0_378	0
0x201f07	NOTYPE	..lin.7a18032c..56c24b66.0_379	0
0x201f10	NOTYPE	..lin.7a18032c..56c24b66.0_380	0
0x201f19	NOTYPE	..lin.7a18032c..56c24b66.0_381	0
0x201f22	NOTYPE	..lin.7a18032c..56c24b66.0_382	0
0x201f2b	NOTYPE	..lin.7a18032c..56c24b66.0_383	0
0x201f31	NOTYPE	..lin.7a18032c..56c24b66.0_384	0
0x201f3d	NOTYPE	..lin.7a18032c..56c24b66.0_385	0
0x201f46	NOTYPE	..lin.7a18032c..56c24b66.0_386	0
0x201f55	NOTYPE	..lin.7a18032c..56c24b66.0_387	0
0x201f6c	NOTYPE	..lin.7a18032c..56c24b66.0_388	0
0x201f75	NOTYPE	..lin.7a18032c..56c24b66.0_389	0
0x201f7e	NOTYPE	..lin.7a18032c..56c24b66.0_390	0
0x201f87	NOTYPE	..lin.7a18032c..56c24b66.0_391	0
0x201f90	NOTYPE	..lin.7a18032c..56c24b66.0_392	0
0x201fa6	NOTYPE	..lin.7a18032c..56c24b66.0_393	0
0x201fc7	NOTYPE	..lin.7a18032c..56c24b66.0_394	0
0x201fd0	NOTYPE	..lin.7a18032c..56c24b66.0_395	0
0x201fdc	NOTYPE	..lin.7a18032c..56c24b66.0_396	0
0x201ff2	NOTYPE	..lin.7a18032c..56c24b66.0_397	0
0x202022	NOTYPE	..lin.7a18032c..56c24b66.0_398	0
0x20205a	NOTYPE	..lin.7a18032c..56c24b66.0_399	0
0x202076	NOTYPE	..lin.7a18032c..56c24b66.0_400	0
0x20209b	NOTYPE	..lin.7a18032c..56c24b66.0_401	0
0x2020a9	NOTYPE	..lin.7a18032c..56c24b66.0_402	0
0x202161	NOTYPE	..lin.7a18032c..56c24b66.0_403	0
0x2021c2	NOTYPE	..lin.7a18032c..56c24b66.0_404	0
0x2021cd	NOTYPE	..lin.7a18032c..56c24b66.0_405	0
0x2021ed	NOTYPE	..lin.7a18032c..56c24b66.0_406	0
0x2022fe	NOTYPE	..lin.7a18032c..56c24b66.0_407	0
0x202310	NOTYPE	..lin.7a18032c..56c24b66.0_408	0
0x202318	NOTYPE	..lin.7a18032c..56c24b66.0_409	0
0x202331	FUNC	ASP_EnterDomain	160
0x20233f	NOTYPE	..lin.7a18032c..d724af5e.0_410	0
0x202364	NOTYPE	..lin.7a18032c..d724af5e.0_411	0
0x202379	NOTYPE	..lin.7a18032c..d724af5e.0_412	0
0x202389	NOTYPE	..lin.7a18032c..d724af5e.0_413	0
0x20239e	NOTYPE	..lin.7a18032c..d724af5e.0_414	0
0x2023b0	NOTYPE	..lin.7a18032c..d724af5e.0_415	0
0x2023cf	NOTYPE	..lin.7a18032c..d724af5e.0_416	0
0x2023d1	FUNC	ASP_GetCpuInfo	40
0x2023f9	FUNC	ASP_GetCpuFlags	6
0x2023ff	FUNC	ASP_SetCpuFlags	6
0x202405	FUNC	ASP_GetDriftCompensatedTimestamp	79
0x20242e	NOTYPE	..lin.7a18032c..c5992068.0_417	0
0x20244e	NOTYPE	..lin.7a18032c..c5992068.0_418	0
0x202454	FUNC	CpuGetTBR64	23
0x202469	NOTYPE	..lin.7a18032c..cdd4669f.0_419	0
0x20246b	FUNC	CpuGetRawTBR64	10
0x202475	FUNC	ASP_KernelCallHandler	138
0x20248f	NOTYPE	..lin.7a18032c..8c807743.0_420	0
0x2024a2	NOTYPE	..lin.7a18032c..8c807743.0_421	0
0x2024aa	NOTYPE	..lin.7a18032c..8c807743.0_422	0
0x2024b1	NOTYPE	..lin.7a18032c..8c807743.0_423	0
0x2024b6	NOTYPE	..lin.7a18032c..8c807743.0_424	0
0x2024bd	NOTYPE	..lin.7a18032c..8c807743.0_425	0
0x2024c9	NOTYPE	..lin.7a18032c..8c807743.0_426	0
0x2024d2	NOTYPE	..lin.7a18032c..8c807743.0_427	0
0x2024df	NOTYPE	..lin.7a18032c..8c807743.0_428	0
0x2024f6	NOTYPE	..lin.7a18032c..8c807743.0_429	0
0x2024ff	FUNC	ASP_InitTask	198
0x20253a	NOTYPE	..lin.7a18032c..f093d72f.0_430	0
0x202552	NOTYPE	..lin.7a18032c..f093d72f.0_431	0
0x20257c	NOTYPE	..lin.7a18032c..f093d72f.0_432	0
0x2025a6	NOTYPE	..lin.7a18032c..f093d72f.0_433	0
0x2025c5	FUNC	ASP_GetPC	4
0x2025c9	FUNC	ASP_SetPC	4
0x2025cd	FUNC	ASP_SetPCToCFunction	5
0x2025d2	NOTYPE	..lin.7a18032c..5f0556b3.0_434	0
0x2025d2	FUNC	ASP_SetReturnValue	5
0x2025d7	FUNC	ASP_SetLR	5
0x2025dc	NOTYPE	..lin.7a18032c..10f19c92.0_435	0
0x2025dc	FUNC	ASP_GetSP	5
0x2025e1	FUNC	ASP_SetSP	38
0x2025f6	NOTYPE	..lin.7a18032c..10f19d77.0_436	0
0x2025fb	NOTYPE	..lin.7a18032c..10f19d77.0_437	0
0x202607	FUNC	ASP_GetAttributesForInterruptDelivery	3
0x20260a	FUNC	ASP_GetRegister	123
0x20260e	NOTYPE	..lin.7a18032c..9d22b2cd.0_438	0
0x202624	NOTYPE	..lin.7a18032c..9d22b2cd.0_439	0
0x202632	NOTYPE	..lin.7a18032c..9d22b2cd.0_440	0
0x202638	NOTYPE	..lin.7a18032c..9d22b2cd.0_441	0
0x20263d	NOTYPE	..lin.7a18032c..9d22b2cd.0_442	0
0x202659	NOTYPE	..lin.7a18032c..9d22b2cd.0_443	0
0x202660	NOTYPE	..lin.7a18032c..9d22b2cd.0_444	0
0x202679	NOTYPE	..lin.7a18032c..9d22b2cd.0_445	0
0x20267f	NOTYPE	..lin.7a18032c..9d22b2cd.0_446	0
0x202685	FUNC	SwitchToTaskContext	35
0x202699	NOTYPE	..lin.7a18032c..3d2cdb2.0_447	0
0x20269e	NOTYPE	..lin.7a18032c..3d2cdb2.0_448	0
0x2026a6	NOTYPE	..lin.7a18032c..3d2cdb2.0_449	0
0x2026a8	FUNC	ASP_PrepareForShutdown...2Fhome.2Fmal.2Fgm_release.2FMY22.2D026.2Ffinal.2Fiot.2Frtos.2Flibs.2Fgm.2Di35.2Frel.2Fwork.2Flibkernel.2Flibkernel.2F86_x64.	13
0x2026b5	FUNC	ASP_Shutdown	34
0x2026bb	NOTYPE	..lin.7a18032c..794fa524.0_450	0
0x2026cb	NOTYPE	..lin.7a18032c..794fa524.0_451	0
0x2026d0	NOTYPE	..lin.7a18032c..794fa524.0_452	0
0x2026d5	NOTYPE	..lin.7a18032c..794fa524.0_453	0
0x2026d7	FUNC	ASP_Reset	34
0x2026dd	NOTYPE	..lin.7a18032c..10df832b.0_454	0
0x2026ed	NOTYPE	..lin.7a18032c..10df832b.0_455	0
0x2026f2	NOTYPE	..lin.7a18032c..10df832b.0_456	0
0x2026f7	NOTYPE	..lin.7a18032c..10df832b.0_457	0
0x2026f9	FUNC	ASP_UnlockForSchedulerFromCallback	12
0x202705	NOTYPE	..lin.7a18032c..3c628ddb.0_458	0
0x202705	FUNC	ASP_PhysicalSafeRead	51
0x202713	NOTYPE	..lin.7a18032c..93978440.0_459	0
0x202719	NOTYPE	..lin.7a18032c..93978440.0_460	0
0x20272c	NOTYPE	..lin.7a18032c..93978440.0_461	0
0x202732	NOTYPE	..lin.7a18032c..93978440.0_462	0
0x202738	FUNC	ASP_SetupSeparateHashTable	10
0x202742	NOTYPE	..lin.7a18032c..c0112e3a.0_463	0
0x202742	FUNC	ASP_RestoreHashTable	10
0x20274c	NOTYPE	..lin.7a18032c..ab872ed8.0_464	0
0x20274c	FUNC	ASP_GetCurrentCpu	12
0x202756	NOTYPE	..lin.7a18032c..36562673.0_465	0
0x202758	FUNC	ASP_MonotonicIncrement64	23
0x20276f	FUNC	ASP_MonotonicDecrement64	26
0x202789	FUNC	ASP_BeginCriticalSection	44
0x20279a	NOTYPE	..lin.7a18032c..398bf30d.0_466	0
0x2027b3	NOTYPE	..lin.7a18032c..398bf30d.0_467	0
0x2027b5	FUNC	ASP_EndCriticalSection	138
0x2027c1	NOTYPE	..lin.7a18032c..3af33f.0_468	0
0x2027cd	NOTYPE	..lin.7a18032c..3af33f.0_469	0
0x2027e4	NOTYPE	..lin.7a18032c..3af33f.0_470	0
0x2027e5	NOTYPE	..lin.7a18032c..3af33f.0_471	0
0x2027e7	NOTYPE	..lin.7a18032c..3af33f.0_472	0
0x2027f7	NOTYPE	..lin.7a18032c..3af33f.0_473	0
0x20283d	NOTYPE	..lin.7a18032c..3af33f.0_474	0
0x20283f	FUNC	ASP_PrepareForAPBoot	82
0x202864	NOTYPE	..lin.7a18032c..fc338c3.0_475	0
0x20286f	NOTYPE	..lin.7a18032c..fc338c3.0_476	0
0x20287a	NOTYPE	..lin.7a18032c..fc338c3.0_477	0
0x202889	NOTYPE	..lin.7a18032c..fc338c3.0_478	0
0x202891	FUNC	ASP_GetAPBootAddress	6
0x2028a0	FUNC	CpuGetSP	6
0x2028b0	FUNC	CpuGetLR	6
0x2028c0	FUNC	CpuGetFP	4
0x2028d0	FUNC	CpuSetTR	7
0x2028e0	FUNC	CpuXGETBV	13
0x2028f0	FUNC	CpuXSETBV	16
0x202900	FUNC	CpuXSAVE	15
0x202910	FUNC	CpuInvalidateTLBEntry	4
0x202920	FUNC	CpuLIDT	21
0x202940	FUNC	CpuLGDT	21
0x202960	FUNC	CpuFlushCachesInRange	23
0x202980	FUNC	CpuWBINVD	3
0x202990	FUNC	INTERRUPT_TestAndSetAcquireLock	20
0x2029a4	FUNC	ASP_RamOffsetFromPhysAddr	65
0x2029b3	NOTYPE	..lin.ffb3d5a6..2e638fe2.0_1	0
0x2029c0	NOTYPE	..lin.ffb3d5a6..2e638fe2.0_2	0
0x2029c6	NOTYPE	..lin.ffb3d5a6..2e638fe2.0_3	0
0x2029e2	NOTYPE	..lin.ffb3d5a6..2e638fe2.0_4	0
0x2029e5	FUNC	GetEarliestGuestAlarm...2Fhome.2Fmal.2Fgm_release.2FMY22.2D026.2Ffinal.2Fiot.2Frtos.2Flibs.2Fgm.2Di35.2Frel.2Fwork.2Flibkernel.2Flibkernel.2F86_x64_vmx.	111
0x202a09	NOTYPE	..lin.ffb3d5a6..ed9bf0f3.0_5	0
0x202a12	NOTYPE	..lin.ffb3d5a6..ed9bf0f3.0_6	0
0x202a26	NOTYPE	..lin.ffb3d5a6..ed9bf0f3.0_7	0
0x202a34	NOTYPE	..lin.ffb3d5a6..ed9bf0f3.0_8	0
0x202a3d	NOTYPE	..lin.ffb3d5a6..ed9bf0f3.0_9	0
0x202a48	NOTYPE	..lin.ffb3d5a6..ed9bf0f3.0_10	0
0x202a4f	NOTYPE	..lin.ffb3d5a6..ed9bf0f3.0_11	0
0x202a54	FUNC	PendVMCallback...2Fhome.2Fmal.2Fgm_release.2FMY22.2D026.2Ffinal.2Fiot.2Frtos.2Flibs.2Fgm.2Di35.2Frel.2Fwork.2Flibkernel.2Flibkernel.2F86_x64_vmx.	257
0x202ab4	NOTYPE	..lin.ffb3d5a6..6a8d04bc.0_12	0
0x202ac5	NOTYPE	..lin.ffb3d5a6..6a8d04bc.0_13	0
0x202ad8	NOTYPE	..lin.ffb3d5a6..6a8d04bc.0_14	0
0x202aed	NOTYPE	..lin.ffb3d5a6..6a8d04bc.0_15	0
0x202afb	NOTYPE	..lin.ffb3d5a6..6a8d04bc.0_16	0
0x202b0a	NOTYPE	..lin.ffb3d5a6..6a8d04bc.0_17	0
0x202b17	NOTYPE	..lin.ffb3d5a6..6a8d04bc.0_18	0
0x202b30	NOTYPE	..lin.ffb3d5a6..6a8d04bc.0_19	0
0x202b43	NOTYPE	..lin.ffb3d5a6..6a8d04bc.0_20	0
0x202b4b	NOTYPE	..lin.ffb3d5a6..6a8d04bc.0_21	0
0x202b55	FUNC	VMX_SendIpi...2Fhome.2Fmal.2Fgm_release.2FMY22.2D026.2Ffinal.2Fiot.2Frtos.2Flibs.2Fgm.2Di35.2Frel.2Fwork.2Flibkernel.2Flibkernel.2F86_x64_vmx.	53
0x202b73	NOTYPE	..lin.ffb3d5a6..8faa874b.0_22	0
0x202b88	NOTYPE	..lin.ffb3d5a6..8faa874b.0_23	0
0x202b8a	FUNC	VmxSendIpiCallback...2Fhome.2Fmal.2Fgm_release.2FMY22.2D026.2Ffinal.2Fiot.2Frtos.2Flibs.2Fgm.2Di35.2Frel.2Fwork.2Flibkernel.2Flibkernel.2F86_x64_vmx.	82
0x202ba3	NOTYPE	..lin.ffb3d5a6..bb17cd59.0_24	0
0x202ba5	NOTYPE	..lin.ffb3d5a6..bb17cd59.0_25	0
0x202bbd	NOTYPE	..lin.ffb3d5a6..bb17cd59.0_26	0
0x202bd4	NOTYPE	..lin.ffb3d5a6..bb17cd59.0_27	0
0x202bda	NOTYPE	..lin.ffb3d5a6..bb17cd59.0_28	0
0x202bdc	FUNC	ASP_VMX_VMTasksAreAllHalted...2Fhome.2Fmal.2Fgm_release.2FMY22.2D026.2Ffinal.2Fiot.2Frtos.2Flibs.2Fgm.2Di35.2Frel.2Fwork.2Flibkernel.2Flibkernel.2F86_x64_vmx.	67
0x202be9	NOTYPE	..lin.ffb3d5a6..ed9397ee.0_29	0
0x202bed	NOTYPE	..lin.ffb3d5a6..ed9397ee.0_30	0
0x202bff	NOTYPE	..lin.ffb3d5a6..ed9397ee.0_31	0
0x202c05	NOTYPE	..lin.ffb3d5a6..ed9397ee.0_32	0
0x202c0f	NOTYPE	..lin.ffb3d5a6..ed9397ee.0_33	0
0x202c13	NOTYPE	..lin.ffb3d5a6..ed9397ee.0_34	0
0x202c1a	NOTYPE	..lin.ffb3d5a6..ed9397ee.0_35	0
0x202c1f	FUNC	GuestRamOffsetToHostPAddr...2Fhome.2Fmal.2Fgm_release.2FMY22.2D026.2Ffinal.2Fiot.2Frtos.2Flibs.2Fgm.2Di35.2Frel.2Fwork.2Flibkernel.2Flibkernel.2F86_x64_vmx.	16
0x202c2f	NOTYPE	..lin.ffb3d5a6..c9d11340.0_36	0
0x202c2f	FUNC	ASP_VM_SetupVtdInfo...2Fhome.2Fmal.2Fgm_release.2FMY22.2D026.2Ffinal.2Fiot.2Frtos.2Flibs.2Fgm.2Di35.2Frel.2Fwork.2Flibkernel.2Flibkernel.2F86_x64_vmx.	131
0x202c45	NOTYPE	..lin.ffb3d5a6..b56aef55.0_37	0
0x202c50	NOTYPE	..lin.ffb3d5a6..b56aef55.0_38	0
0x202c5c	NOTYPE	..lin.ffb3d5a6..b56aef55.0_39	0
0x202c64	NOTYPE	..lin.ffb3d5a6..b56aef55.0_40	0
0x202c70	NOTYPE	..lin.ffb3d5a6..b56aef55.0_41	0
0x202c78	NOTYPE	..lin.ffb3d5a6..b56aef55.0_42	0
0x202c90	NOTYPE	..lin.ffb3d5a6..b56aef55.0_43	0
0x202c9f	NOTYPE	..lin.ffb3d5a6..b56aef55.0_44	0
0x202cad	NOTYPE	..lin.ffb3d5a6..b56aef55.0_45	0
0x202cb2	FUNC	Record_VM_Mapping...2Fhome.2Fmal.2Fgm_release.2FMY22.2D026.2Ffinal.2Fiot.2Frtos.2Flibs.2Fgm.2Di35.2Frel.2Fwork.2Flibkernel.2Flibkernel.2F86_x64_vmx.	198
0x202ceb	NOTYPE	..lin.ffb3d5a6..3f5b75b1.0_46	0
0x202d03	NOTYPE	..lin.ffb3d5a6..3f5b75b1.0_47	0
0x202d0e	NOTYPE	..lin.ffb3d5a6..3f5b75b1.0_48	0
0x202d16	NOTYPE	..lin.ffb3d5a6..3f5b75b1.0_49	0
0x202d20	NOTYPE	..lin.ffb3d5a6..3f5b75b1.0_50	0
0x202d44	NOTYPE	..lin.ffb3d5a6..3f5b75b1.0_51	0
0x202d49	NOTYPE	..lin.ffb3d5a6..3f5b75b1.0_52	0
0x202d53	NOTYPE	..lin.ffb3d5a6..3f5b75b1.0_53	0
0x202d62	NOTYPE	..lin.ffb3d5a6..3f5b75b1.0_54	0
0x202d78	FUNC	FreePageCount...2Fhome.2Fmal.2Fgm_release.2FMY22.2D026.2Ffinal.2Fiot.2Frtos.2Flibs.2Fgm.2Di35.2Frel.2Fwork.2Flibkernel.2Flibkernel.2F86_x64_vmx.	23
0x202d8e	NOTYPE	..lin.ffb3d5a6..f82e032d.0_55	0
0x202d8f	FUNC	GetFreePage...2Fhome.2Fmal.2Fgm_release.2FMY22.2D026.2Ffinal.2Fiot.2Frtos.2Flibs.2Fgm.2Di35.2Frel.2Fwork.2Flibkernel.2Flibkernel.2F86_x64_vmx.	46
0x202da6	NOTYPE	..lin.ffb3d5a6..1d0801e4.0_56	0
0x202dbd	NOTYPE	..lin.ffb3d5a6..1d0801e4.0_57	0
0x202dbd	FUNC	ASP_VM_MapImpl...2Fhome.2Fmal.2Fgm_release.2FMY22.2D026.2Ffinal.2Fiot.2Frtos.2Flibs.2Fgm.2Di35.2Frel.2Fwork.2Flibkernel.2Flibkernel.2F86_x64_vmx.	1865
0x202e47	NOTYPE	..lin.ffb3d5a6..bfff297a.0_58	0
0x202e50	NOTYPE	..lin.ffb3d5a6..bfff297a.0_59	0
0x202e59	NOTYPE	..lin.ffb3d5a6..bfff297a.0_60	0
0x202e62	NOTYPE	..lin.ffb3d5a6..bfff297a.0_61	0
0x202e6b	NOTYPE	..lin.ffb3d5a6..bfff297a.0_62	0
0x202e74	NOTYPE	..lin.ffb3d5a6..bfff297a.0_63	0
0x202e83	NOTYPE	..lin.ffb3d5a6..bfff297a.0_64	0
0x202e89	NOTYPE	..lin.ffb3d5a6..bfff297a.0_65	0
0x202e9b	NOTYPE	..lin.ffb3d5a6..bfff297a.0_66	0
0x202ea4	NOTYPE	..lin.ffb3d5a6..bfff297a.0_67	0
0x202eb3	NOTYPE	..lin.ffb3d5a6..bfff297a.0_68	0
0x202eca	NOTYPE	..lin.ffb3d5a6..bfff297a.0_69	0
0x202ed3	NOTYPE	..lin.ffb3d5a6..bfff297a.0_70	0
0x202edc	NOTYPE	..lin.ffb3d5a6..bfff297a.0_71	0
0x202eef	NOTYPE	..lin.ffb3d5a6..bfff297a.0_72	0
0x202ef9	NOTYPE	..lin.ffb3d5a6..bfff297a.0_73	0
0x202f0c	NOTYPE	..lin.ffb3d5a6..bfff297a.0_74	0
0x202f15	NOTYPE	..lin.ffb3d5a6..bfff297a.0_75	0
0x202f23	NOTYPE	..lin.ffb3d5a6..bfff297a.0_76	0
0x202f2d	NOTYPE	..lin.ffb3d5a6..bfff297a.0_77	0
0x202f36	NOTYPE	..lin.ffb3d5a6..bfff297a.0_78	0
0x202f45	NOTYPE	..lin.ffb3d5a6..bfff297a.0_79	0
0x202f4e	NOTYPE	..lin.ffb3d5a6..bfff297a.0_80	0
0x202f57	NOTYPE	..lin.ffb3d5a6..bfff297a.0_81	0
0x202f69	NOTYPE	..lin.ffb3d5a6..bfff297a.0_82	0
0x202f82	NOTYPE	..lin.ffb3d5a6..bfff297a.0_83	0
0x202f8b	NOTYPE	..lin.ffb3d5a6..bfff297a.0_84	0
0x202f90	NOTYPE	..lin.ffb3d5a6..bfff297a.0_85	0
0x202f96	NOTYPE	..lin.ffb3d5a6..bfff297a.0_86	0
0x202faa	NOTYPE	..lin.ffb3d5a6..bfff297a.0_87	0
0x202fb3	NOTYPE	..lin.ffb3d5a6..bfff297a.0_88	0
0x202fbb	NOTYPE	..lin.ffb3d5a6..bfff297a.0_89	0
0x202fc6	NOTYPE	..lin.ffb3d5a6..bfff297a.0_90	0
0x202fcf	NOTYPE	..lin.ffb3d5a6..bfff297a.0_91	0
0x202fd5	NOTYPE	..lin.ffb3d5a6..bfff297a.0_92	0
0x202fde	NOTYPE	..lin.ffb3d5a6..bfff297a.0_93	0
0x202ff2	NOTYPE	..lin.ffb3d5a6..bfff297a.0_94	0
0x202ffb	NOTYPE	..lin.ffb3d5a6..bfff297a.0_95	0
0x203000	NOTYPE	..lin.ffb3d5a6..bfff297a.0_96	0
0x20304a	NOTYPE	..lin.ffb3d5a6..bfff297a.0_97	0
0x203072	NOTYPE	..lin.ffb3d5a6..bfff297a.0_98	0
0x203093	NOTYPE	..lin.ffb3d5a6..bfff297a.0_99	0
0x20309c	NOTYPE	..lin.ffb3d5a6..bfff297a.0_100	0
0x2030df	NOTYPE	..lin.ffb3d5a6..bfff297a.0_101	0
0x2030f4	NOTYPE	..lin.ffb3d5a6..bfff297a.0_102	0
0x20317d	NOTYPE	..lin.ffb3d5a6..bfff297a.0_103	0
0x203189	NOTYPE	..lin.ffb3d5a6..bfff297a.0_104	0
0x2031de	NOTYPE	..lin.ffb3d5a6..bfff297a.0_105	0
0x2031e2	NOTYPE	..lin.ffb3d5a6..bfff297a.0_106	0
0x2031ec	NOTYPE	..lin.ffb3d5a6..bfff297a.0_107	0
0x2031f5	NOTYPE	..lin.ffb3d5a6..bfff297a.0_108	0
0x2031f9	NOTYPE	..lin.ffb3d5a6..bfff297a.0_109	0
0x203206	NOTYPE	..lin.ffb3d5a6..bfff297a.0_110	0
0x20320f	NOTYPE	..lin.ffb3d5a6..bfff297a.0_111	0
0x20321f	NOTYPE	..lin.ffb3d5a6..bfff297a.0_112	0
0x203227	NOTYPE	..lin.ffb3d5a6..bfff297a.0_113	0
0x20328f	NOTYPE	..lin.ffb3d5a6..bfff297a.0_114	0
0x203313	NOTYPE	..lin.ffb3d5a6..bfff297a.0_115	0
0x20331f	NOTYPE	..lin.ffb3d5a6..bfff297a.0_116	0
0x20332e	NOTYPE	..lin.ffb3d5a6..bfff297a.0_117	0
0x203340	NOTYPE	..lin.ffb3d5a6..bfff297a.0_118	0
0x203360	NOTYPE	..lin.ffb3d5a6..bfff297a.0_119	0
0x203369	NOTYPE	..lin.ffb3d5a6..bfff297a.0_120	0
0x203377	NOTYPE	..lin.ffb3d5a6..bfff297a.0_121	0
0x2033eb	NOTYPE	..lin.ffb3d5a6..bfff297a.0_122	0
0x2033f2	NOTYPE	..lin.ffb3d5a6..bfff297a.0_123	0
0x203400	NOTYPE	..lin.ffb3d5a6..bfff297a.0_124	0
0x203405	NOTYPE	..lin.ffb3d5a6..bfff297a.0_125	0
0x203412	NOTYPE	..lin.ffb3d5a6..bfff297a.0_126	0
0x203417	NOTYPE	..lin.ffb3d5a6..bfff297a.0_127	0
0x203429	NOTYPE	..lin.ffb3d5a6..bfff297a.0_128	0
0x203467	NOTYPE	..lin.ffb3d5a6..bfff297a.0_129	0
0x20346e	NOTYPE	..lin.ffb3d5a6..bfff297a.0_130	0
0x20347c	NOTYPE	..lin.ffb3d5a6..bfff297a.0_131	0
0x203485	NOTYPE	..lin.ffb3d5a6..bfff297a.0_132	0
0x203495	NOTYPE	..lin.ffb3d5a6..bfff297a.0_133	0
0x2034f1	NOTYPE	..lin.ffb3d5a6..bfff297a.0_134	0
0x203506	FUNC	ASP_VM_RuntimeMap...2Fhome.2Fmal.2Fgm_release.2FMY22.2D026.2Ffinal.2Fiot.2Frtos.2Flibs.2Fgm.2Di35.2Frel.2Fwork.2Flibkernel.2Flibkernel.2F86_x64_vmx.	189
0x20355d	NOTYPE	..lin.ffb3d5a6..8442356c.0_135	0
0x203563	NOTYPE	..lin.ffb3d5a6..8442356c.0_136	0
0x203565	NOTYPE	..lin.ffb3d5a6..8442356c.0_137	0
0x20359b	NOTYPE	..lin.ffb3d5a6..8442356c.0_138	0
0x20359f	NOTYPE	..lin.ffb3d5a6..8442356c.0_139	0
0x2035b6	NOTYPE	..lin.ffb3d5a6..8442356c.0_140	0
0x2035c3	FUNC	ASP_VMX_MapEptHelper...2Fhome.2Fmal.2Fgm_release.2FMY22.2D026.2Ffinal.2Fiot.2Frtos.2Flibs.2Fgm.2Di35.2Frel.2Fwork.2Flibkernel.2Flibkernel.2F86_x64_vmx.	365
0x203617	NOTYPE	..lin.ffb3d5a6..1a069f29.0_141	0
0x203646	NOTYPE	..lin.ffb3d5a6..1a069f29.0_142	0
0x20365c	NOTYPE	..lin.ffb3d5a6..1a069f29.0_143	0
0x203665	NOTYPE	..lin.ffb3d5a6..1a069f29.0_144	0
0x203673	NOTYPE	..lin.ffb3d5a6..1a069f29.0_145	0
0x203679	NOTYPE	..lin.ffb3d5a6..1a069f29.0_146	0
0x203695	NOTYPE	..lin.ffb3d5a6..1a069f29.0_147	0
0x20369e	NOTYPE	..lin.ffb3d5a6..1a069f29.0_148	0
0x2036c2	NOTYPE	..lin.ffb3d5a6..1a069f29.0_149	0
0x2036c8	NOTYPE	..lin.ffb3d5a6..1a069f29.0_150	0
0x2036d0	NOTYPE	..lin.ffb3d5a6..1a069f29.0_151	0
0x2036d2	NOTYPE	..lin.ffb3d5a6..1a069f29.0_152	0
0x2036da	NOTYPE	..lin.ffb3d5a6..1a069f29.0_153	0
0x2036e8	NOTYPE	..lin.ffb3d5a6..1a069f29.0_154	0
0x203708	NOTYPE	..lin.ffb3d5a6..1a069f29.0_155	0
0x20370c	NOTYPE	..lin.ffb3d5a6..1a069f29.0_156	0
0x203723	NOTYPE	..lin.ffb3d5a6..1a069f29.0_157	0
0x203730	FUNC	PutFreePage...2Fhome.2Fmal.2Fgm_release.2FMY22.2D026.2Ffinal.2Fiot.2Frtos.2Flibs.2Fgm.2Di35.2Frel.2Fwork.2Flibkernel.2Flibkernel.2F86_x64_vmx.	22
0x203746	FUNC	ASP_VM_Unmap...2Fhome.2Fmal.2Fgm_release.2FMY22.2D026.2Ffinal.2Fiot.2Frtos.2Flibs.2Fgm.2Di35.2Frel.2Fwork.2Flibkernel.2Flibkernel.2F86_x64_vmx.	807
0x203796	NOTYPE	..lin.ffb3d5a6..ea33b66b.0_158	0
0x20379f	NOTYPE	..lin.ffb3d5a6..ea33b66b.0_159	0
0x2037d3	NOTYPE	..lin.ffb3d5a6..ea33b66b.0_160	0
0x2037e4	NOTYPE	..lin.ffb3d5a6..ea33b66b.0_161	0
0x2037f1	NOTYPE	..lin.ffb3d5a6..ea33b66b.0_162	0
0x20383a	NOTYPE	..lin.ffb3d5a6..ea33b66b.0_163	0
0x203843	NOTYPE	..lin.ffb3d5a6..ea33b66b.0_164	0
0x203851	NOTYPE	..lin.ffb3d5a6..ea33b66b.0_165	0
0x20385a	NOTYPE	..lin.ffb3d5a6..ea33b66b.0_166	0
0x203861	NOTYPE	..lin.ffb3d5a6..ea33b66b.0_167	0
0x203884	NOTYPE	..lin.ffb3d5a6..ea33b66b.0_168	0
0x2038a0	NOTYPE	..lin.ffb3d5a6..ea33b66b.0_169	0
0x2038b1	NOTYPE	..lin.ffb3d5a6..ea33b66b.0_170	0
0x2038c3	NOTYPE	..lin.ffb3d5a6..ea33b66b.0_171	0
0x2038dd	NOTYPE	..lin.ffb3d5a6..ea33b66b.0_172	0
0x2038e7	NOTYPE	..lin.ffb3d5a6..ea33b66b.0_173	0
0x2038ed	NOTYPE	..lin.ffb3d5a6..ea33b66b.0_174	0
0x2038fa	NOTYPE	..lin.ffb3d5a6..ea33b66b.0_175	0
0x20390a	NOTYPE	..lin.ffb3d5a6..ea33b66b.0_176	0
0x20390f	NOTYPE	..lin.ffb3d5a6..ea33b66b.0_177	0
0x203942	NOTYPE	..lin.ffb3d5a6..ea33b66b.0_178	0
0x20395d	NOTYPE	..lin.ffb3d5a6..ea33b66b.0_179	0
0x203966	NOTYPE	..lin.ffb3d5a6..ea33b66b.0_180	0
0x20396f	NOTYPE	..lin.ffb3d5a6..ea33b66b.0_181	0
0x203991	NOTYPE	..lin.ffb3d5a6..ea33b66b.0_182	0
0x2039a2	NOTYPE	..lin.ffb3d5a6..ea33b66b.0_183	0
0x2039a9	NOTYPE	..lin.ffb3d5a6..ea33b66b.0_184	0
0x2039b3	NOTYPE	..lin.ffb3d5a6..ea33b66b.0_185	0
0x2039bf	NOTYPE	..lin.ffb3d5a6..ea33b66b.0_186	0
0x2039c8	NOTYPE	..lin.ffb3d5a6..ea33b66b.0_187	0
0x2039d5	NOTYPE	..lin.ffb3d5a6..ea33b66b.0_188	0
0x2039dd	NOTYPE	..lin.ffb3d5a6..ea33b66b.0_189	0
0x203a0b	NOTYPE	..lin.ffb3d5a6..ea33b66b.0_190	0
0x203a1c	NOTYPE	..lin.ffb3d5a6..ea33b66b.0_191	0
0x203a28	NOTYPE	..lin.ffb3d5a6..ea33b66b.0_192	0
0x203a2a	NOTYPE	..lin.ffb3d5a6..ea33b66b.0_193	0
0x203a60	NOTYPE	..lin.ffb3d5a6..ea33b66b.0_194	0
0x203a6d	FUNC	ASP_VMX_UnmapEptHelper...2Fhome.2Fmal.2Fgm_release.2FMY22.2D026.2Ffinal.2Fiot.2Frtos.2Flibs.2Fgm.2Di35.2Frel.2Fwork.2Flibkernel.2Flibkernel.2F86_x64_vmx.	148
0x203a8d	NOTYPE	..lin.ffb3d5a6..50a73bac.0_195	0
0x203aa2	NOTYPE	..lin.ffb3d5a6..50a73bac.0_196	0
0x203aaa	NOTYPE	..lin.ffb3d5a6..50a73bac.0_197	0
0x203ab0	NOTYPE	..lin.ffb3d5a6..50a73bac.0_198	0
0x203ab9	NOTYPE	..lin.ffb3d5a6..50a73bac.0_199	0
0x203ac6	NOTYPE	..lin.ffb3d5a6..50a73bac.0_200	0
0x203ad2	NOTYPE	..lin.ffb3d5a6..50a73bac.0_201	0
0x203ade	NOTYPE	..lin.ffb3d5a6..50a73bac.0_202	0
0x203ae4	NOTYPE	..lin.ffb3d5a6..50a73bac.0_203	0
0x203aff	NOTYPE	..lin.ffb3d5a6..50a73bac.0_204	0
0x203b01	FUNC	ASP_VMX_MapBarEptHelper...2Fhome.2Fmal.2Fgm_release.2FMY22.2D026.2Ffinal.2Fiot.2Frtos.2Flibs.2Fgm.2Di35.2Frel.2Fwork.2Flibkernel.2Flibkernel.2F86_x64_vmx.	325
0x203b57	NOTYPE	..lin.ffb3d5a6..e40fe07e.0_205	0
0x203b6b	NOTYPE	..lin.ffb3d5a6..e40fe07e.0_206	0
0x203b74	NOTYPE	..lin.ffb3d5a6..e40fe07e.0_207	0
0x203b7d	NOTYPE	..lin.ffb3d5a6..e40fe07e.0_208	0
0x203b83	NOTYPE	..lin.ffb3d5a6..e40fe07e.0_209	0
0x203b8c	NOTYPE	..lin.ffb3d5a6..e40fe07e.0_210	0
0x203ba0	NOTYPE	..lin.ffb3d5a6..e40fe07e.0_211	0
0x203ba8	NOTYPE	..lin.ffb3d5a6..e40fe07e.0_212	0
0x203bbb	NOTYPE	..lin.ffb3d5a6..e40fe07e.0_213	0
0x203bc1	NOTYPE	..lin.ffb3d5a6..e40fe07e.0_214	0
0x203bcd	NOTYPE	..lin.ffb3d5a6..e40fe07e.0_215	0
0x203be4	NOTYPE	..lin.ffb3d5a6..e40fe07e.0_216	0
0x203bea	NOTYPE	..lin.ffb3d5a6..e40fe07e.0_217	0
0x203bf3	NOTYPE	..lin.ffb3d5a6..e40fe07e.0_218	0
0x203bf9	NOTYPE	..lin.ffb3d5a6..e40fe07e.0_219	0
0x203c09	NOTYPE	..lin.ffb3d5a6..e40fe07e.0_220	0
0x203c12	NOTYPE	..lin.ffb3d5a6..e40fe07e.0_221	0
0x203c3b	NOTYPE	..lin.ffb3d5a6..e40fe07e.0_222	0
0x203c46	FUNC	ASP_VMX_ResetApic...2Fhome.2Fmal.2Fgm_release.2FMY22.2D026.2Ffinal.2Fiot.2Frtos.2Flibs.2Fgm.2Di35.2Frel.2Fwork.2Flibkernel.2Flibkernel.2F86_x64_vmx.	359
0x203c7d	NOTYPE	..lin.ffb3d5a6..820b54c2.0_223	0
0x203c86	NOTYPE	..lin.ffb3d5a6..820b54c2.0_224	0
0x203c9c	NOTYPE	..lin.ffb3d5a6..820b54c2.0_225	0
0x203d79	NOTYPE	..lin.ffb3d5a6..820b54c2.0_226	0
0x203d88	NOTYPE	..lin.ffb3d5a6..820b54c2.0_227	0
0x203d8f	NOTYPE	..lin.ffb3d5a6..820b54c2.0_228	0
0x203d99	NOTYPE	..lin.ffb3d5a6..820b54c2.0_229	0
0x203da2	NOTYPE	..lin.ffb3d5a6..820b54c2.0_230	0
0x203dad	FUNC	ASP_VMX_SetGuestKernelAddr...2Fhome.2Fmal.2Fgm_release.2FMY22.2D026.2Ffinal.2Fiot.2Frtos.2Flibs.2Fgm.2Di35.2Frel.2Fwork.2Flibkernel.2Flibkernel.2F86_x64_vmx.	46
0x203dc1	NOTYPE	..lin.ffb3d5a6..e0be46d2.0_231	0
0x203dc7	NOTYPE	..lin.ffb3d5a6..e0be46d2.0_232	0
0x203ddb	FUNC	ASP_VMX_SetGuestKernelOffset...2Fhome.2Fmal.2Fgm_release.2FMY22.2D026.2Ffinal.2Fiot.2Frtos.2Flibs.2Fgm.2Di35.2Frel.2Fwork.2Flibkernel.2Flibkernel.2F86_x64_vmx.	46
0x203def	NOTYPE	..lin.ffb3d5a6..2a38d79e.0_233	0
0x203df5	NOTYPE	..lin.ffb3d5a6..2a38d79e.0_234	0
0x203e09	FUNC	ASP_VMX_SetGuestKernelLength...2Fhome.2Fmal.2Fgm_release.2FMY22.2D026.2Ffinal.2Fiot.2Frtos.2Flibs.2Fgm.2Di35.2Frel.2Fwork.2Flibkernel.2Flibkernel.2F86_x64_vmx.	162
0x203e42	NOTYPE	..lin.ffb3d5a6..232b7719.0_235	0
0x203e50	NOTYPE	..lin.ffb3d5a6..232b7719.0_236	0
0x203e52	NOTYPE	..lin.ffb3d5a6..232b7719.0_237	0
0x203e7b	NOTYPE	..lin.ffb3d5a6..232b7719.0_238	0
0x203e84	NOTYPE	..lin.ffb3d5a6..232b7719.0_239	0
0x203e94	NOTYPE	..lin.ffb3d5a6..232b7719.0_240	0
0x203eab	FUNC	ASP_VMX_SetVcpuQueueAddr...2Fhome.2Fmal.2Fgm_release.2FMY22.2D026.2Ffinal.2Fiot.2Frtos.2Flibs.2Fgm.2Di35.2Frel.2Fwork.2Flibkernel.2Flibkernel.2F86_x64_vmx.	131
0x203ed8	NOTYPE	..lin.ffb3d5a6..2441d04c.0_241	0
0x203efd	NOTYPE	..lin.ffb3d5a6..2441d04c.0_242	0
0x203f01	NOTYPE	..lin.ffb3d5a6..2441d04c.0_243	0
0x203f10	NOTYPE	..lin.ffb3d5a6..2441d04c.0_244	0
0x203f22	NOTYPE	..lin.ffb3d5a6..2441d04c.0_245	0
0x203f2e	FUNC	ASP_VMX_SetExitStateAddr...2Fhome.2Fmal.2Fgm_release.2FMY22.2D026.2Ffinal.2Fiot.2Frtos.2Flibs.2Fgm.2Di35.2Frel.2Fwork.2Flibkernel.2Flibkernel.2F86_x64_vmx.	52
0x203f42	NOTYPE	..lin.ffb3d5a6..ffce4344.0_246	0
0x203f62	NOTYPE	..lin.ffb3d5a6..ffce4344.0_247	0
0x203f62	FUNC	WriteGuestLMA...2Fhome.2Fmal.2Fgm_release.2FMY22.2D026.2Ffinal.2Fiot.2Frtos.2Flibs.2Fgm.2Di35.2Frel.2Fwork.2Flibkernel.2Flibkernel.2F86_x64_vmx.	162
0x203f81	NOTYPE	..lin.ffb3d5a6..582a96b2.0_248	0
0x203f8d	NOTYPE	..lin.ffb3d5a6..582a96b2.0_249	0
0x203fa4	NOTYPE	..lin.ffb3d5a6..582a96b2.0_250	0
0x203fac	NOTYPE	..lin.ffb3d5a6..582a96b2.0_251	0
0x203fc0	NOTYPE	..lin.ffb3d5a6..582a96b2.0_252	0
0x203fc3	NOTYPE	..lin.ffb3d5a6..582a96b2.0_253	0
0x203fcd	NOTYPE	..lin.ffb3d5a6..582a96b2.0_254	0
0x203fd7	NOTYPE	..lin.ffb3d5a6..582a96b2.0_255	0
0x203feb	NOTYPE	..lin.ffb3d5a6..582a96b2.0_256	0
0x203fee	NOTYPE	..lin.ffb3d5a6..582a96b2.0_257	0
0x204002	NOTYPE	..lin.ffb3d5a6..582a96b2.0_258	0
0x204004	FUNC	WriteVmcsReg...2Fhome.2Fmal.2Fgm_release.2FMY22.2D026.2Ffinal.2Fiot.2Frtos.2Flibs.2Fgm.2Di35.2Frel.2Fwork.2Flibkernel.2Flibkernel.2F86_x64_vmx.	267
0x204017	NOTYPE	..lin.ffb3d5a6..e6e49847.0_259	0
0x204020	NOTYPE	..lin.ffb3d5a6..e6e49847.0_260	0
0x20402d	NOTYPE	..lin.ffb3d5a6..e6e49847.0_261	0
0x204031	NOTYPE	..lin.ffb3d5a6..e6e49847.0_262	0
0x204038	NOTYPE	..lin.ffb3d5a6..e6e49847.0_263	0
0x204045	NOTYPE	..lin.ffb3d5a6..e6e49847.0_264	0
0x20404c	NOTYPE	..lin.ffb3d5a6..e6e49847.0_265	0
0x204053	NOTYPE	..lin.ffb3d5a6..e6e49847.0_266	0
0x20405d	NOTYPE	..lin.ffb3d5a6..e6e49847.0_267	0
0x20408e	NOTYPE	..lin.ffb3d5a6..e6e49847.0_268	0
0x204096	NOTYPE	..lin.ffb3d5a6..e6e49847.0_269	0
0x2040ab	NOTYPE	..lin.ffb3d5a6..e6e49847.0_270	0
0x2040b3	NOTYPE	..lin.ffb3d5a6..e6e49847.0_271	0
0x2040c4	NOTYPE	..lin.ffb3d5a6..e6e49847.0_272	0
0x2040cc	NOTYPE	..lin.ffb3d5a6..e6e49847.0_273	0
0x2040ce	NOTYPE	..lin.ffb3d5a6..e6e49847.0_274	0
0x2040d8	NOTYPE	..lin.ffb3d5a6..e6e49847.0_275	0
0x2040dd	NOTYPE	..lin.ffb3d5a6..e6e49847.0_276	0
0x2040df	NOTYPE	..lin.ffb3d5a6..e6e49847.0_277	0
0x20410b	NOTYPE	..lin.ffb3d5a6..e6e49847.0_278	0
0x20410f	FUNC	SetGuestRegister...2Fhome.2Fmal.2Fgm_release.2FMY22.2D026.2Ffinal.2Fiot.2Frtos.2Flibs.2Fgm.2Di35.2Frel.2Fwork.2Flibkernel.2Flibkernel.2F86_x64_vmx.	82
0x20412e	NOTYPE	..lin.ffb3d5a6..945b027e.0_279	0
0x204134	NOTYPE	..lin.ffb3d5a6..945b027e.0_280	0
0x204140	NOTYPE	..lin.ffb3d5a6..945b027e.0_281	0
0x20414d	NOTYPE	..lin.ffb3d5a6..945b027e.0_282	0
0x204159	NOTYPE	..lin.ffb3d5a6..945b027e.0_283	0
0x204161	FUNC	ASP_VMX_SetRegister	421
0x20417a	NOTYPE	..lin.ffb3d5a6..78ab8573.0_284	0
0x204183	NOTYPE	..lin.ffb3d5a6..78ab8573.0_285	0
0x204192	NOTYPE	..lin.ffb3d5a6..78ab8573.0_286	0
0x20419e	NOTYPE	..lin.ffb3d5a6..78ab8573.0_287	0
0x2041a7	NOTYPE	..lin.ffb3d5a6..78ab8573.0_288	0
0x2041b7	NOTYPE	..lin.ffb3d5a6..78ab8573.0_289	0
0x2041c6	NOTYPE	..lin.ffb3d5a6..78ab8573.0_290	0
0x2041d2	NOTYPE	..lin.ffb3d5a6..78ab8573.0_291	0
0x2041e2	NOTYPE	..lin.ffb3d5a6..78ab8573.0_292	0
0x2041f1	NOTYPE	..lin.ffb3d5a6..78ab8573.0_293	0
0x2041fd	NOTYPE	..lin.ffb3d5a6..78ab8573.0_294	0
0x20420d	NOTYPE	..lin.ffb3d5a6..78ab8573.0_295	0
0x20421c	NOTYPE	..lin.ffb3d5a6..78ab8573.0_296	0
0x204229	NOTYPE	..lin.ffb3d5a6..78ab8573.0_297	0
0x204238	NOTYPE	..lin.ffb3d5a6..78ab8573.0_298	0
0x204245	NOTYPE	..lin.ffb3d5a6..78ab8573.0_299	0
0x204254	NOTYPE	..lin.ffb3d5a6..78ab8573.0_300	0
0x204261	NOTYPE	..lin.ffb3d5a6..78ab8573.0_301	0
0x204270	NOTYPE	..lin.ffb3d5a6..78ab8573.0_302	0
0x20427d	NOTYPE	..lin.ffb3d5a6..78ab8573.0_303	0
0x20428c	NOTYPE	..lin.ffb3d5a6..78ab8573.0_304	0
0x204299	NOTYPE	..lin.ffb3d5a6..78ab8573.0_305	0
0x2042a8	NOTYPE	..lin.ffb3d5a6..78ab8573.0_306	0
0x2042b2	NOTYPE	..lin.ffb3d5a6..78ab8573.0_307	0
0x2042c1	NOTYPE	..lin.ffb3d5a6..78ab8573.0_308	0
0x2042cb	NOTYPE	..lin.ffb3d5a6..78ab8573.0_309	0
0x2042da	NOTYPE	..lin.ffb3d5a6..78ab8573.0_310	0
0x2042e9	NOTYPE	..lin.ffb3d5a6..78ab8573.0_311	0
0x2042fd	NOTYPE	..lin.ffb3d5a6..78ab8573.0_312	0
0x204306	FUNC	ReadVmcsReg...2Fhome.2Fmal.2Fgm_release.2FMY22.2D026.2Ffinal.2Fiot.2Frtos.2Flibs.2Fgm.2Di35.2Frel.2Fwork.2Flibkernel.2Flibkernel.2F86_x64_vmx.	364
0x204320	NOTYPE	..lin.ffb3d5a6..89b7bb18.0_313	0
0x20432f	NOTYPE	..lin.ffb3d5a6..89b7bb18.0_314	0
0x20433c	NOTYPE	..lin.ffb3d5a6..89b7bb18.0_315	0
0x204340	NOTYPE	..lin.ffb3d5a6..89b7bb18.0_316	0
0x204347	NOTYPE	..lin.ffb3d5a6..89b7bb18.0_317	0
0x204354	NOTYPE	..lin.ffb3d5a6..89b7bb18.0_318	0
0x20435b	NOTYPE	..lin.ffb3d5a6..89b7bb18.0_319	0
0x204362	NOTYPE	..lin.ffb3d5a6..89b7bb18.0_320	0
0x204373	NOTYPE	..lin.ffb3d5a6..89b7bb18.0_321	0
0x2043bd	NOTYPE	..lin.ffb3d5a6..89b7bb18.0_322	0
0x2043f8	NOTYPE	..lin.ffb3d5a6..89b7bb18.0_323	0
0x204436	NOTYPE	..lin.ffb3d5a6..89b7bb18.0_324	0
0x204440	NOTYPE	..lin.ffb3d5a6..89b7bb18.0_325	0
0x204454	NOTYPE	..lin.ffb3d5a6..89b7bb18.0_326	0
0x204468	NOTYPE	..lin.ffb3d5a6..89b7bb18.0_327	0
0x204472	FUNC	GetGuestRegister...2Fhome.2Fmal.2Fgm_release.2FMY22.2D026.2Ffinal.2Fiot.2Frtos.2Flibs.2Fgm.2Di35.2Frel.2Fwork.2Flibkernel.2Flibkernel.2F86_x64_vmx.	180
0x204494	NOTYPE	..lin.ffb3d5a6..1dd3bf2.0_328	0
0x20449d	NOTYPE	..lin.ffb3d5a6..1dd3bf2.0_329	0
0x2044a6	NOTYPE	..lin.ffb3d5a6..1dd3bf2.0_330	0
0x2044bf	NOTYPE	..lin.ffb3d5a6..1dd3bf2.0_331	0
0x2044c8	NOTYPE	..lin.ffb3d5a6..1dd3bf2.0_332	0
0x2044e8	NOTYPE	..lin.ffb3d5a6..1dd3bf2.0_333	0
0x2044ed	NOTYPE	..lin.ffb3d5a6..1dd3bf2.0_334	0
0x2044f5	NOTYPE	..lin.ffb3d5a6..1dd3bf2.0_335	0
0x2044f9	NOTYPE	..lin.ffb3d5a6..1dd3bf2.0_336	0
0x204505	NOTYPE	..lin.ffb3d5a6..1dd3bf2.0_337	0
0x204512	NOTYPE	..lin.ffb3d5a6..1dd3bf2.0_338	0
0x20451e	NOTYPE	..lin.ffb3d5a6..1dd3bf2.0_339	0
0x204526	FUNC	ASP_VMX_GetRegister	158
0x20453a	NOTYPE	..lin.ffb3d5a6..38530667.0_340	0
0x204543	NOTYPE	..lin.ffb3d5a6..38530667.0_341	0
0x204552	NOTYPE	..lin.ffb3d5a6..38530667.0_342	0
0x20455d	NOTYPE	..lin.ffb3d5a6..38530667.0_343	0
0x20456c	NOTYPE	..lin.ffb3d5a6..38530667.0_344	0
0x204572	NOTYPE	..lin.ffb3d5a6..38530667.0_345	0
0x204581	NOTYPE	..lin.ffb3d5a6..38530667.0_346	0
0x20458d	NOTYPE	..lin.ffb3d5a6..38530667.0_347	0
0x20458f	NOTYPE	..lin.ffb3d5a6..38530667.0_348	0
0x20459e	NOTYPE	..lin.ffb3d5a6..38530667.0_349	0
0x2045ad	NOTYPE	..lin.ffb3d5a6..38530667.0_350	0
0x2045bf	NOTYPE	..lin.ffb3d5a6..38530667.0_351	0
0x2045c4	FUNC	EnsurePagesInDomain...2Fhome.2Fmal.2Fgm_release.2FMY22.2D026.2Ffinal.2Fiot.2Frtos.2Flibs.2Fgm.2Di35.2Frel.2Fwork.2Flibkernel.2Flibkernel.2F86_x64_vmx.	83
0x2045d7	NOTYPE	..lin.ffb3d5a6..d58b7fb6.0_352	0
0x2045f4	NOTYPE	..lin.ffb3d5a6..d58b7fb6.0_353	0
0x2045f8	NOTYPE	..lin.ffb3d5a6..d58b7fb6.0_354	0
0x204604	NOTYPE	..lin.ffb3d5a6..d58b7fb6.0_355	0
0x20460a	NOTYPE	..lin.ffb3d5a6..d58b7fb6.0_356	0
0x204610	NOTYPE	..lin.ffb3d5a6..d58b7fb6.0_357	0
0x204617	FUNC	ASP_VMX_EnableVtdForIODevice...2Fhome.2Fmal.2Fgm_release.2FMY22.2D026.2Ffinal.2Fiot.2Frtos.2Flibs.2Fgm.2Di35.2Frel.2Fwork.2Flibkernel.2Flibkernel.2F86_x64_vmx.	123
0x204643	NOTYPE	..lin.ffb3d5a6..a3112da6.0_358	0
0x20464f	NOTYPE	..lin.ffb3d5a6..a3112da6.0_359	0
0x204653	NOTYPE	..lin.ffb3d5a6..a3112da6.0_360	0
0x204667	NOTYPE	..lin.ffb3d5a6..a3112da6.0_361	0
0x20466d	NOTYPE	..lin.ffb3d5a6..a3112da6.0_362	0
0x204676	NOTYPE	..lin.ffb3d5a6..a3112da6.0_363	0
0x20468d	NOTYPE	..lin.ffb3d5a6..a3112da6.0_364	0
0x204692	FUNC	ASP_VTD_Init...2Fhome.2Fmal.2Fgm_release.2FMY22.2D026.2Ffinal.2Fiot.2Frtos.2Flibs.2Fgm.2Di35.2Frel.2Fwork.2Flibkernel.2Flibkernel.2F86_x64_vmx.	330
0x2046a4	NOTYPE	..lin.ffb3d5a6..c6b0c709.0_365	0
0x2046ae	NOTYPE	..lin.ffb3d5a6..c6b0c709.0_366	0
0x2046b6	NOTYPE	..lin.ffb3d5a6..c6b0c709.0_367	0
0x2046be	NOTYPE	..lin.ffb3d5a6..c6b0c709.0_368	0
0x2046d2	NOTYPE	..lin.ffb3d5a6..c6b0c709.0_369	0
0x2046da	NOTYPE	..lin.ffb3d5a6..c6b0c709.0_370	0
0x2046f5	NOTYPE	..lin.ffb3d5a6..c6b0c709.0_371	0
0x2046fb	NOTYPE	..lin.ffb3d5a6..c6b0c709.0_372	0
0x20470c	NOTYPE	..lin.ffb3d5a6..c6b0c709.0_373	0
0x204716	NOTYPE	..lin.ffb3d5a6..c6b0c709.0_374	0
0x204729	NOTYPE	..lin.ffb3d5a6..c6b0c709.0_375	0
0x204732	NOTYPE	..lin.ffb3d5a6..c6b0c709.0_376	0
0x204741	NOTYPE	..lin.ffb3d5a6..c6b0c709.0_377	0
0x204748	NOTYPE	..lin.ffb3d5a6..c6b0c709.0_378	0
0x204757	NOTYPE	..lin.ffb3d5a6..c6b0c709.0_379	0
0x20476d	NOTYPE	..lin.ffb3d5a6..c6b0c709.0_380	0
0x20477a	NOTYPE	..lin.ffb3d5a6..c6b0c709.0_381	0
0x204782	NOTYPE	..lin.ffb3d5a6..c6b0c709.0_382	0
0x20479a	NOTYPE	..lin.ffb3d5a6..c6b0c709.0_383	0
0x2047a3	NOTYPE	..lin.ffb3d5a6..c6b0c709.0_384	0
0x2047a8	NOTYPE	..lin.ffb3d5a6..c6b0c709.0_385	0
0x2047aa	NOTYPE	..lin.ffb3d5a6..c6b0c709.0_386	0
0x2047c2	NOTYPE	..lin.ffb3d5a6..c6b0c709.0_387	0
0x2047cf	NOTYPE	..lin.ffb3d5a6..c6b0c709.0_388	0
0x2047d4	NOTYPE	..lin.ffb3d5a6..c6b0c709.0_389	0
0x2047dc	FUNC	SetHostState...2Fhome.2Fmal.2Fgm_release.2FMY22.2D026.2Ffinal.2Fiot.2Frtos.2Flibs.2Fgm.2Di35.2Frel.2Fwork.2Flibkernel.2Flibkernel.2F86_x64_vmx.	353
0x2047ef	NOTYPE	..lin.ffb3d5a6..869153d0.0_390	0
0x2047f8	NOTYPE	..lin.ffb3d5a6..869153d0.0_391	0
0x204802	NOTYPE	..lin.ffb3d5a6..869153d0.0_392	0
0x204813	NOTYPE	..lin.ffb3d5a6..869153d0.0_393	0
0x20481e	NOTYPE	..lin.ffb3d5a6..869153d0.0_394	0
0x204829	NOTYPE	..lin.ffb3d5a6..869153d0.0_395	0
0x204834	NOTYPE	..lin.ffb3d5a6..869153d0.0_396	0
0x20483e	NOTYPE	..lin.ffb3d5a6..869153d0.0_397	0
0x204846	NOTYPE	..lin.ffb3d5a6..869153d0.0_398	0
0x20485c	NOTYPE	..lin.ffb3d5a6..869153d0.0_399	0
0x204872	NOTYPE	..lin.ffb3d5a6..869153d0.0_400	0
0x20487d	NOTYPE	..lin.ffb3d5a6..869153d0.0_401	0
0x2048c8	NOTYPE	..lin.ffb3d5a6..869153d0.0_402	0
0x2048d1	NOTYPE	..lin.ffb3d5a6..869153d0.0_403	0
0x2048da	NOTYPE	..lin.ffb3d5a6..869153d0.0_404	0
0x2048e2	NOTYPE	..lin.ffb3d5a6..869153d0.0_405	0
0x2048ed	NOTYPE	..lin.ffb3d5a6..869153d0.0_406	0
0x2048f8	NOTYPE	..lin.ffb3d5a6..869153d0.0_407	0
0x204910	NOTYPE	..lin.ffb3d5a6..869153d0.0_408	0
0x204925	NOTYPE	..lin.ffb3d5a6..869153d0.0_409	0
0x20493a	NOTYPE	..lin.ffb3d5a6..869153d0.0_410	0
0x20493d	FUNC	InitVMCS...2Fhome.2Fmal.2Fgm_release.2FMY22.2D026.2Ffinal.2Fiot.2Frtos.2Flibs.2Fgm.2Di35.2Frel.2Fwork.2Flibkernel.2Flibkernel.2F86_x64_vmx.	966
0x204968	NOTYPE	..lin.ffb3d5a6..eb5056b2.0_411	0
0x204970	NOTYPE	..lin.ffb3d5a6..eb5056b2.0_412	0
0x204978	NOTYPE	..lin.ffb3d5a6..eb5056b2.0_413	0
0x204980	NOTYPE	..lin.ffb3d5a6..eb5056b2.0_414	0
0x204988	NOTYPE	..lin.ffb3d5a6..eb5056b2.0_415	0
0x204990	NOTYPE	..lin.ffb3d5a6..eb5056b2.0_416	0
0x204998	NOTYPE	..lin.ffb3d5a6..eb5056b2.0_417	0
0x2049b1	NOTYPE	..lin.ffb3d5a6..eb5056b2.0_418	0
0x2049be	NOTYPE	..lin.ffb3d5a6..eb5056b2.0_419	0
0x2049d7	NOTYPE	..lin.ffb3d5a6..eb5056b2.0_420	0
0x2049e1	NOTYPE	..lin.ffb3d5a6..eb5056b2.0_421	0
0x2049ee	NOTYPE	..lin.ffb3d5a6..eb5056b2.0_422	0
0x2049f9	NOTYPE	..lin.ffb3d5a6..eb5056b2.0_423	0
0x204a08	NOTYPE	..lin.ffb3d5a6..eb5056b2.0_424	0
0x204a45	NOTYPE	..lin.ffb3d5a6..eb5056b2.0_425	0
0x204a6a	NOTYPE	..lin.ffb3d5a6..eb5056b2.0_426	0
0x204a79	NOTYPE	..lin.ffb3d5a6..eb5056b2.0_427	0
0x204a89	NOTYPE	..lin.ffb3d5a6..eb5056b2.0_428	0
0x204a90	NOTYPE	..lin.ffb3d5a6..eb5056b2.0_429	0
0x204ab6	NOTYPE	..lin.ffb3d5a6..eb5056b2.0_430	0
0x204ac5	NOTYPE	..lin.ffb3d5a6..eb5056b2.0_431	0
0x204ad1	NOTYPE	..lin.ffb3d5a6..eb5056b2.0_432	0
0x204ada	NOTYPE	..lin.ffb3d5a6..eb5056b2.0_433	0
0x204ae7	NOTYPE	..lin.ffb3d5a6..eb5056b2.0_434	0
0x204af1	NOTYPE	..lin.ffb3d5a6..eb5056b2.0_435	0
0x204af9	NOTYPE	..lin.ffb3d5a6..eb5056b2.0_436	0
0x204b01	NOTYPE	..lin.ffb3d5a6..eb5056b2.0_437	0
0x204b17	NOTYPE	..lin.ffb3d5a6..eb5056b2.0_438	0
0x204b2d	NOTYPE	..lin.ffb3d5a6..eb5056b2.0_439	0
0x204b52	NOTYPE	..lin.ffb3d5a6..eb5056b2.0_440	0
0x204b5c	NOTYPE	..lin.ffb3d5a6..eb5056b2.0_441	0
0x204b6b	NOTYPE	..lin.ffb3d5a6..eb5056b2.0_442	0
0x204b9c	NOTYPE	..lin.ffb3d5a6..eb5056b2.0_443	0
0x204bc2	NOTYPE	..lin.ffb3d5a6..eb5056b2.0_444	0
0x204bd1	NOTYPE	..lin.ffb3d5a6..eb5056b2.0_445	0
0x204c02	NOTYPE	..lin.ffb3d5a6..eb5056b2.0_446	0
0x204c0c	NOTYPE	..lin.ffb3d5a6..eb5056b2.0_447	0
0x204c14	NOTYPE	..lin.ffb3d5a6..eb5056b2.0_448	0
0x204c1c	NOTYPE	..lin.ffb3d5a6..eb5056b2.0_449	0
0x204c24	NOTYPE	..lin.ffb3d5a6..eb5056b2.0_450	0
0x204c2c	NOTYPE	..lin.ffb3d5a6..eb5056b2.0_451	0
0x204c34	NOTYPE	..lin.ffb3d5a6..eb5056b2.0_452	0
0x204c3c	NOTYPE	..lin.ffb3d5a6..eb5056b2.0_453	0
0x204c49	NOTYPE	..lin.ffb3d5a6..eb5056b2.0_454	0
0x204c56	NOTYPE	..lin.ffb3d5a6..eb5056b2.0_455	0
0x204c60	NOTYPE	..lin.ffb3d5a6..eb5056b2.0_456	0
0x204c68	NOTYPE	..lin.ffb3d5a6..eb5056b2.0_457	0
0x204c70	NOTYPE	..lin.ffb3d5a6..eb5056b2.0_458	0
0x204c78	NOTYPE	..lin.ffb3d5a6..eb5056b2.0_459	0
0x204c80	NOTYPE	..lin.ffb3d5a6..eb5056b2.0_460	0
0x204c88	NOTYPE	..lin.ffb3d5a6..eb5056b2.0_461	0
0x204c90	NOTYPE	..lin.ffb3d5a6..eb5056b2.0_462	0
0x204c9f	NOTYPE	..lin.ffb3d5a6..eb5056b2.0_463	0
0x204cbb	NOTYPE	..lin.ffb3d5a6..eb5056b2.0_464	0
0x204cca	NOTYPE	..lin.ffb3d5a6..eb5056b2.0_465	0
0x204cd2	NOTYPE	..lin.ffb3d5a6..eb5056b2.0_466	0
0x204cda	NOTYPE	..lin.ffb3d5a6..eb5056b2.0_467	0
0x204ce2	NOTYPE	..lin.ffb3d5a6..eb5056b2.0_468	0
0x204ce7	NOTYPE	..lin.ffb3d5a6..eb5056b2.0_469	0
0x204cfa	NOTYPE	..lin.ffb3d5a6..eb5056b2.0_470	0
0x204d03	FUNC	ASP_VMX_InitVMCS...2Fhome.2Fmal.2Fgm_release.2FMY22.2D026.2Ffinal.2Fiot.2Frtos.2Flibs.2Fgm.2Di35.2Frel.2Fwork.2Flibkernel.2Flibkernel.2F86_x64_vmx.	428
0x204d33	NOTYPE	..lin.ffb3d5a6..5bd9fe6f.0_471	0
0x204d5f	NOTYPE	..lin.ffb3d5a6..5bd9fe6f.0_472	0
0x204d6a	NOTYPE	..lin.ffb3d5a6..5bd9fe6f.0_473	0
0x204d7b	NOTYPE	..lin.ffb3d5a6..5bd9fe6f.0_474	0
0x204d94	NOTYPE	..lin.ffb3d5a6..5bd9fe6f.0_475	0
0x204da3	NOTYPE	..lin.ffb3d5a6..5bd9fe6f.0_476	0
0x204dcb	NOTYPE	..lin.ffb3d5a6..5bd9fe6f.0_477	0
0x204dec	NOTYPE	..lin.ffb3d5a6..5bd9fe6f.0_478	0
0x204e0d	NOTYPE	..lin.ffb3d5a6..5bd9fe6f.0_479	0
0x204e2e	NOTYPE	..lin.ffb3d5a6..5bd9fe6f.0_480	0
0x204e39	NOTYPE	..lin.ffb3d5a6..5bd9fe6f.0_481	0
0x204e50	NOTYPE	..lin.ffb3d5a6..5bd9fe6f.0_482	0
0x204e5c	NOTYPE	..lin.ffb3d5a6..5bd9fe6f.0_483	0
0x204e69	NOTYPE	..lin.ffb3d5a6..5bd9fe6f.0_484	0
0x204e76	NOTYPE	..lin.ffb3d5a6..5bd9fe6f.0_485	0
0x204e85	NOTYPE	..lin.ffb3d5a6..5bd9fe6f.0_486	0
0x204e8b	NOTYPE	..lin.ffb3d5a6..5bd9fe6f.0_487	0
0x204ea3	NOTYPE	..lin.ffb3d5a6..5bd9fe6f.0_488	0
0x204eaf	FUNC	ASP_VMX_SaveConstantHostState...2Fhome.2Fmal.2Fgm_release.2FMY22.2D026.2Ffinal.2Fiot.2Frtos.2Flibs.2Fgm.2Di35.2Frel.2Fwork.2Flibkernel.2Flibkernel.2F86_x64_vmx.	350
0x204ec8	NOTYPE	..lin.ffb3d5a6..634997fa.0_489	0
0x204ee0	NOTYPE	..lin.ffb3d5a6..634997fa.0_490	0
0x204ef8	NOTYPE	..lin.ffb3d5a6..634997fa.0_491	0
0x204f09	NOTYPE	..lin.ffb3d5a6..634997fa.0_492	0
0x204f21	NOTYPE	..lin.ffb3d5a6..634997fa.0_493	0
0x204f38	NOTYPE	..lin.ffb3d5a6..634997fa.0_494	0
0x204f4f	NOTYPE	..lin.ffb3d5a6..634997fa.0_495	0
0x204f66	NOTYPE	..lin.ffb3d5a6..634997fa.0_496	0
0x204f7d	NOTYPE	..lin.ffb3d5a6..634997fa.0_497	0
0x204f94	NOTYPE	..lin.ffb3d5a6..634997fa.0_498	0
0x204fab	NOTYPE	..lin.ffb3d5a6..634997fa.0_499	0
0x204fba	NOTYPE	..lin.ffb3d5a6..634997fa.0_500	0
0x204fd1	NOTYPE	..lin.ffb3d5a6..634997fa.0_501	0
0x204fe0	NOTYPE	..lin.ffb3d5a6..634997fa.0_502	0
0x204fee	NOTYPE	..lin.ffb3d5a6..634997fa.0_503	0
0x20500b	NOTYPE	..lin.ffb3d5a6..634997fa.0_504	0
0x20500d	FUNC	ASP_VMX_ClearMsrExiting...2Fhome.2Fmal.2Fgm_release.2FMY22.2D026.2Ffinal.2Fiot.2Frtos.2Flibs.2Fgm.2Di35.2Frel.2Fwork.2Flibkernel.2Flibkernel.2F86_x64_vmx.	106
0x205024	NOTYPE	..lin.ffb3d5a6..ee3f1db3.0_505	0
0x20502c	NOTYPE	..lin.ffb3d5a6..ee3f1db3.0_506	0
0x205036	NOTYPE	..lin.ffb3d5a6..ee3f1db3.0_507	0
0x20503a	NOTYPE	..lin.ffb3d5a6..ee3f1db3.0_508	0
0x205044	NOTYPE	..lin.ffb3d5a6..ee3f1db3.0_509	0
0x205054	NOTYPE	..lin.ffb3d5a6..ee3f1db3.0_510	0
0x205066	NOTYPE	..lin.ffb3d5a6..ee3f1db3.0_511	0
0x20506a	NOTYPE	..lin.ffb3d5a6..ee3f1db3.0_512	0
0x205075	NOTYPE	..lin.ffb3d5a6..ee3f1db3.0_513	0
0x205077	FUNC	ASP_VMX_SetupMsrBitmap...2Fhome.2Fmal.2Fgm_release.2FMY22.2D026.2Ffinal.2Fiot.2Frtos.2Flibs.2Fgm.2Di35.2Frel.2Fwork.2Flibkernel.2Flibkernel.2F86_x64_vmx.	306
0x20508a	NOTYPE	..lin.ffb3d5a6..92b77ac2.0_514	0
0x20509c	NOTYPE	..lin.ffb3d5a6..92b77ac2.0_515	0
0x2050ae	NOTYPE	..lin.ffb3d5a6..92b77ac2.0_516	0
0x2050c0	NOTYPE	..lin.ffb3d5a6..92b77ac2.0_517	0
0x2050d2	NOTYPE	..lin.ffb3d5a6..92b77ac2.0_518	0
0x2050e4	NOTYPE	..lin.ffb3d5a6..92b77ac2.0_519	0
0x2050f6	NOTYPE	..lin.ffb3d5a6..92b77ac2.0_520	0
0x205108	NOTYPE	..lin.ffb3d5a6..92b77ac2.0_521	0
0x20511a	NOTYPE	..lin.ffb3d5a6..92b77ac2.0_522	0
0x205129	NOTYPE	..lin.ffb3d5a6..92b77ac2.0_523	0
0x205138	NOTYPE	..lin.ffb3d5a6..92b77ac2.0_524	0
0x205147	NOTYPE	..lin.ffb3d5a6..92b77ac2.0_525	0
0x205156	NOTYPE	..lin.ffb3d5a6..92b77ac2.0_526	0
0x205165	NOTYPE	..lin.ffb3d5a6..92b77ac2.0_527	0
0x205174	NOTYPE	..lin.ffb3d5a6..92b77ac2.0_528	0
0x205183	NOTYPE	..lin.ffb3d5a6..92b77ac2.0_529	0
0x205195	NOTYPE	..lin.ffb3d5a6..92b77ac2.0_530	0
0x2051a7	NOTYPE	..lin.ffb3d5a6..92b77ac2.0_531	0
0x2051a9	FUNC	ASP_VMX_Init...2Fhome.2Fmal.2Fgm_release.2FMY22.2D026.2Ffinal.2Fiot.2Frtos.2Flibs.2Fgm.2Di35.2Frel.2Fwork.2Flibkernel.2Flibkernel.2F86_x64_vmx.	1675
0x2051c9	NOTYPE	..lin.ffb3d5a6..da804a56.0_532	0
0x2051d9	NOTYPE	..lin.ffb3d5a6..da804a56.0_533	0
0x2051df	NOTYPE	..lin.ffb3d5a6..da804a56.0_534	0
0x2051e8	NOTYPE	..lin.ffb3d5a6..da804a56.0_535	0
0x2051f5	NOTYPE	..lin.ffb3d5a6..da804a56.0_536	0
0x205203	NOTYPE	..lin.ffb3d5a6..da804a56.0_537	0
0x20520f	NOTYPE	..lin.ffb3d5a6..da804a56.0_538	0
0x205217	NOTYPE	..lin.ffb3d5a6..da804a56.0_539	0
0x205231	NOTYPE	..lin.ffb3d5a6..da804a56.0_540	0
0x205236	NOTYPE	..lin.ffb3d5a6..da804a56.0_541	0
0x20523e	NOTYPE	..lin.ffb3d5a6..da804a56.0_542	0
0x205244	NOTYPE	..lin.ffb3d5a6..da804a56.0_543	0
0x20524d	NOTYPE	..lin.ffb3d5a6..da804a56.0_544	0
0x205274	NOTYPE	..lin.ffb3d5a6..da804a56.0_545	0
0x205284	NOTYPE	..lin.ffb3d5a6..da804a56.0_546	0
0x205296	NOTYPE	..lin.ffb3d5a6..da804a56.0_547	0
0x20529b	NOTYPE	..lin.ffb3d5a6..da804a56.0_548	0
0x20529f	NOTYPE	..lin.ffb3d5a6..da804a56.0_549	0
0x2052be	NOTYPE	..lin.ffb3d5a6..da804a56.0_550	0
0x2052ce	NOTYPE	..lin.ffb3d5a6..da804a56.0_551	0
0x2052d9	NOTYPE	..lin.ffb3d5a6..da804a56.0_552	0
0x2052e3	NOTYPE	..lin.ffb3d5a6..da804a56.0_553	0
0x2052ef	NOTYPE	..lin.ffb3d5a6..da804a56.0_554	0
0x2052f1	NOTYPE	..lin.ffb3d5a6..da804a56.0_555	0
0x2052fc	NOTYPE	..lin.ffb3d5a6..da804a56.0_556	0
0x20530f	NOTYPE	..lin.ffb3d5a6..da804a56.0_557	0
0x20532b	NOTYPE	..lin.ffb3d5a6..da804a56.0_558	0
0x205334	NOTYPE	..lin.ffb3d5a6..da804a56.0_559	0
0x205366	NOTYPE	..lin.ffb3d5a6..da804a56.0_560	0
0x205370	NOTYPE	..lin.ffb3d5a6..da804a56.0_561	0
0x205381	NOTYPE	..lin.ffb3d5a6..da804a56.0_562	0
0x20539f	NOTYPE	..lin.ffb3d5a6..da804a56.0_563	0
0x2053a4	NOTYPE	..lin.ffb3d5a6..da804a56.0_564	0
0x2053cb	NOTYPE	..lin.ffb3d5a6..da804a56.0_565	0
0x2053d5	NOTYPE	..lin.ffb3d5a6..da804a56.0_566	0
0x2053e1	NOTYPE	..lin.ffb3d5a6..da804a56.0_567	0
0x2053e9	NOTYPE	..lin.ffb3d5a6..da804a56.0_568	0
0x20540e	NOTYPE	..lin.ffb3d5a6..da804a56.0_569	0
0x205423	NOTYPE	..lin.ffb3d5a6..da804a56.0_570	0
0x205447	NOTYPE	..lin.ffb3d5a6..da804a56.0_571	0
0x205458	NOTYPE	..lin.ffb3d5a6..da804a56.0_572	0
0x20546b	NOTYPE	..lin.ffb3d5a6..da804a56.0_573	0
0x205487	NOTYPE	..lin.ffb3d5a6..da804a56.0_574	0
0x2054a6	NOTYPE	..lin.ffb3d5a6..da804a56.0_575	0
0x2054af	NOTYPE	..lin.ffb3d5a6..da804a56.0_576	0
0x2054c5	NOTYPE	..lin.ffb3d5a6..da804a56.0_577	0
0x2054d1	NOTYPE	..lin.ffb3d5a6..da804a56.0_578	0
0x2054f5	NOTYPE	..lin.ffb3d5a6..da804a56.0_579	0
0x205519	NOTYPE	..lin.ffb3d5a6..da804a56.0_580	0
0x205532	NOTYPE	..lin.ffb3d5a6..da804a56.0_581	0
0x205540	NOTYPE	..lin.ffb3d5a6..da804a56.0_582	0
0x20554b	NOTYPE	..lin.ffb3d5a6..da804a56.0_583	0
0x2055e2	NOTYPE	..lin.ffb3d5a6..da804a56.0_584	0
0x2055e7	NOTYPE	..lin.ffb3d5a6..da804a56.0_585	0
0x2055f9	NOTYPE	..lin.ffb3d5a6..da804a56.0_586	0
0x205608	NOTYPE	..lin.ffb3d5a6..da804a56.0_587	0
0x20562c	NOTYPE	..lin.ffb3d5a6..da804a56.0_588	0
0x205653	NOTYPE	..lin.ffb3d5a6..da804a56.0_589	0
0x20565f	NOTYPE	..lin.ffb3d5a6..da804a56.0_590	0
0x20566f	NOTYPE	..lin.ffb3d5a6..da804a56.0_591	0
0x20571b	NOTYPE	..lin.ffb3d5a6..da804a56.0_592	0
0x205724	NOTYPE	..lin.ffb3d5a6..da804a56.0_593	0
0x205732	NOTYPE	..lin.ffb3d5a6..da804a56.0_594	0
0x205740	NOTYPE	..lin.ffb3d5a6..da804a56.0_595	0
0x205749	NOTYPE	..lin.ffb3d5a6..da804a56.0_596	0
0x20574e	NOTYPE	..lin.ffb3d5a6..da804a56.0_597	0
0x20577b	NOTYPE	..lin.ffb3d5a6..da804a56.0_598	0
0x2057a3	NOTYPE	..lin.ffb3d5a6..da804a56.0_599	0
0x2057af	NOTYPE	..lin.ffb3d5a6..da804a56.0_600	0
0x2057bb	NOTYPE	..lin.ffb3d5a6..da804a56.0_601	0
0x2057cb	NOTYPE	..lin.ffb3d5a6..da804a56.0_602	0
0x2057d8	NOTYPE	..lin.ffb3d5a6..da804a56.0_603	0
0x2057ee	NOTYPE	..lin.ffb3d5a6..da804a56.0_604	0
0x2057f9	NOTYPE	..lin.ffb3d5a6..da804a56.0_605	0
0x2057fd	NOTYPE	..lin.ffb3d5a6..da804a56.0_606	0
0x205805	NOTYPE	..lin.ffb3d5a6..da804a56.0_607	0
0x205814	NOTYPE	..lin.ffb3d5a6..da804a56.0_608	0
0x20581f	NOTYPE	..lin.ffb3d5a6..da804a56.0_609	0
0x205827	NOTYPE	..lin.ffb3d5a6..da804a56.0_610	0
0x205834	FUNC	ASP_FinalizeDomain	203
0x205856	NOTYPE	..lin.ffb3d5a6..41932472.0_611	0
0x20585b	NOTYPE	..lin.ffb3d5a6..41932472.0_612	0
0x205863	NOTYPE	..lin.ffb3d5a6..41932472.0_613	0
0x205870	NOTYPE	..lin.ffb3d5a6..41932472.0_614	0
0x20587d	NOTYPE	..lin.ffb3d5a6..41932472.0_615	0
0x205881	NOTYPE	..lin.ffb3d5a6..41932472.0_616	0
0x20589b	NOTYPE	..lin.ffb3d5a6..41932472.0_617	0
0x2058a8	NOTYPE	..lin.ffb3d5a6..41932472.0_618	0
0x2058ae	NOTYPE	..lin.ffb3d5a6..41932472.0_619	0
0x2058b7	NOTYPE	..lin.ffb3d5a6..41932472.0_620	0
0x2058bb	NOTYPE	..lin.ffb3d5a6..41932472.0_621	0
0x2058d1	NOTYPE	..lin.ffb3d5a6..41932472.0_622	0
0x2058d7	NOTYPE	..lin.ffb3d5a6..41932472.0_623	0
0x2058ea	NOTYPE	..lin.ffb3d5a6..41932472.0_624	0
0x2058ee	NOTYPE	..lin.ffb3d5a6..41932472.0_625	0
0x2058f6	NOTYPE	..lin.ffb3d5a6..41932472.0_626	0
0x2058fa	NOTYPE	..lin.ffb3d5a6..41932472.0_627	0
0x2058ff	FUNC	ASP_GetMapInfoFromDomain	22
0x20590c	NOTYPE	..lin.ffb3d5a6..6601005e.0_628	0
0x205910	NOTYPE	..lin.ffb3d5a6..6601005e.0_629	0
0x205915	FUNC	ASP_VM_Map	61
0x205930	NOTYPE	..lin.ffb3d5a6..3466df48.0_630	0
0x205950	NOTYPE	..lin.ffb3d5a6..3466df48.0_631	0
0x205952	FUNC	ASP_VM_TranslateAddress	463
0x2059a3	NOTYPE	..lin.ffb3d5a6..589a335e.0_632	0
0x2059ac	NOTYPE	..lin.ffb3d5a6..589a335e.0_633	0
0x2059bc	NOTYPE	..lin.ffb3d5a6..589a335e.0_634	0
0x2059e4	NOTYPE	..lin.ffb3d5a6..589a335e.0_635	0
0x205a02	NOTYPE	..lin.ffb3d5a6..589a335e.0_636	0
0x205a08	NOTYPE	..lin.ffb3d5a6..589a335e.0_637	0
0x205a10	NOTYPE	..lin.ffb3d5a6..589a335e.0_638	0
0x205a19	NOTYPE	..lin.ffb3d5a6..589a335e.0_639	0
0x205a21	NOTYPE	..lin.ffb3d5a6..589a335e.0_640	0
0x205a2a	NOTYPE	..lin.ffb3d5a6..589a335e.0_641	0
0x205a33	NOTYPE	..lin.ffb3d5a6..589a335e.0_642	0
0x205a3b	NOTYPE	..lin.ffb3d5a6..589a335e.0_643	0
0x205a62	NOTYPE	..lin.ffb3d5a6..589a335e.0_644	0
0x205a79	NOTYPE	..lin.ffb3d5a6..589a335e.0_645	0
0x205a97	NOTYPE	..lin.ffb3d5a6..589a335e.0_646	0
0x205aa1	NOTYPE	..lin.ffb3d5a6..589a335e.0_647	0
0x205aaa	NOTYPE	..lin.ffb3d5a6..589a335e.0_648	0
0x205ac3	NOTYPE	..lin.ffb3d5a6..589a335e.0_649	0
0x205acc	NOTYPE	..lin.ffb3d5a6..589a335e.0_650	0
0x205ae5	NOTYPE	..lin.ffb3d5a6..589a335e.0_651	0
0x205b06	NOTYPE	..lin.ffb3d5a6..589a335e.0_652	0
0x205b19	NOTYPE	..lin.ffb3d5a6..589a335e.0_653	0
0x205b21	FUNC	ComputeTscTicksFromRefTime...2Fhome.2Fmal.2Fgm_release.2FMY22.2D026.2Ffinal.2Fiot.2Frtos.2Flibs.2Fgm.2Di35.2Frel.2Fwork.2Flibkernel.2Flibkernel.2F86_x64_vmx.	38
0x205b43	NOTYPE	..lin.ffb3d5a6..7085858a.0_654	0
0x205b47	FUNC	InjectInterruptIntoApic...2Fhome.2Fmal.2Fgm_release.2FMY22.2D026.2Ffinal.2Fiot.2Frtos.2Flibs.2Fgm.2Di35.2Frel.2Fwork.2Flibkernel.2Flibkernel.2F86_x64_vmx.	72
0x205b71	NOTYPE	..lin.ffb3d5a6..99941786.0_655	0
0x205b78	NOTYPE	..lin.ffb3d5a6..99941786.0_656	0
0x205b8d	NOTYPE	..lin.ffb3d5a6..99941786.0_657	0
0x205b8f	FUNC	InjectLocalTimerInterrupt...2Fhome.2Fmal.2Fgm_release.2FMY22.2D026.2Ffinal.2Fiot.2Frtos.2Flibs.2Fgm.2Di35.2Frel.2Fwork.2Flibkernel.2Flibkernel.2F86_x64_vmx.	60
0x205bbf	NOTYPE	..lin.ffb3d5a6..98909e1b.0_658	0
0x205bcb	FUNC	InjectSintInterrupt...2Fhome.2Fmal.2Fgm_release.2FMY22.2D026.2Ffinal.2Fiot.2Frtos.2Flibs.2Fgm.2Di35.2Frel.2Fwork.2Flibkernel.2Flibkernel.2F86_x64_vmx.	26
0x205bd4	NOTYPE	..lin.ffb3d5a6..f97790d.0_659	0
0x205bdc	NOTYPE	..lin.ffb3d5a6..f97790d.0_660	0
0x205be4	NOTYPE	..lin.ffb3d5a6..f97790d.0_661	0
0x205be5	FUNC	HandleGuestAlarms...2Fhome.2Fmal.2Fgm_release.2FMY22.2D026.2Ffinal.2Fiot.2Frtos.2Flibs.2Fgm.2Di35.2Frel.2Fwork.2Flibkernel.2Flibkernel.2F86_x64_vmx.	463
0x205c38	NOTYPE	..lin.ffb3d5a6..eb9bf239.0_662	0
0x205c49	NOTYPE	..lin.ffb3d5a6..eb9bf239.0_663	0
0x205c4e	NOTYPE	..lin.ffb3d5a6..eb9bf239.0_664	0
0x205c58	NOTYPE	..lin.ffb3d5a6..eb9bf239.0_665	0
0x205c6a	NOTYPE	..lin.ffb3d5a6..eb9bf239.0_666	0
0x205c72	NOTYPE	..lin.ffb3d5a6..eb9bf239.0_667	0
0x205c8f	NOTYPE	..lin.ffb3d5a6..eb9bf239.0_668	0
0x205ca0	NOTYPE	..lin.ffb3d5a6..eb9bf239.0_669	0
0x205cb6	NOTYPE	..lin.ffb3d5a6..eb9bf239.0_670	0
0x205cca	NOTYPE	..lin.ffb3d5a6..eb9bf239.0_671	0
0x205cd4	NOTYPE	..lin.ffb3d5a6..eb9bf239.0_672	0
0x205ce8	NOTYPE	..lin.ffb3d5a6..eb9bf239.0_673	0
0x205cf4	NOTYPE	..lin.ffb3d5a6..eb9bf239.0_674	0
0x205cf6	NOTYPE	..lin.ffb3d5a6..eb9bf239.0_675	0
0x205d0a	NOTYPE	..lin.ffb3d5a6..eb9bf239.0_676	0
0x205d14	NOTYPE	..lin.ffb3d5a6..eb9bf239.0_677	0
0x205d28	NOTYPE	..lin.ffb3d5a6..eb9bf239.0_678	0
0x205d33	NOTYPE	..lin.ffb3d5a6..eb9bf239.0_679	0
0x205d39	NOTYPE	..lin.ffb3d5a6..eb9bf239.0_680	0
0x205d41	NOTYPE	..lin.ffb3d5a6..eb9bf239.0_681	0
0x205d4d	NOTYPE	..lin.ffb3d5a6..eb9bf239.0_682	0
0x205d56	NOTYPE	..lin.ffb3d5a6..eb9bf239.0_683	0
0x205d61	NOTYPE	..lin.ffb3d5a6..eb9bf239.0_684	0
0x205d6c	NOTYPE	..lin.ffb3d5a6..eb9bf239.0_685	0
0x205d75	NOTYPE	..lin.ffb3d5a6..eb9bf239.0_686	0
0x205d82	NOTYPE	..lin.ffb3d5a6..eb9bf239.0_687	0
0x205d8d	NOTYPE	..lin.ffb3d5a6..eb9bf239.0_688	0
0x205d94	NOTYPE	..lin.ffb3d5a6..eb9bf239.0_689	0
0x205da9	NOTYPE	..lin.ffb3d5a6..eb9bf239.0_690	0
0x205db4	FUNC	HandleStimerWrite...2Fhome.2Fmal.2Fgm_release.2FMY22.2D026.2Ffinal.2Fiot.2Frtos.2Flibs.2Fgm.2Di35.2Frel.2Fwork.2Flibkernel.2Flibkernel.2F86_x64_vmx.	213
0x205dd5	NOTYPE	..lin.ffb3d5a6..5e8108d0.0_691	0
0x205dde	NOTYPE	..lin.ffb3d5a6..5e8108d0.0_692	0
0x205ded	NOTYPE	..lin.ffb3d5a6..5e8108d0.0_693	0
0x205df8	NOTYPE	..lin.ffb3d5a6..5e8108d0.0_694	0
0x205e0a	NOTYPE	..lin.ffb3d5a6..5e8108d0.0_695	0
0x205e12	NOTYPE	..lin.ffb3d5a6..5e8108d0.0_696	0
0x205e24	NOTYPE	..lin.ffb3d5a6..5e8108d0.0_697	0
0x205e31	NOTYPE	..lin.ffb3d5a6..5e8108d0.0_698	0
0x205e42	NOTYPE	..lin.ffb3d5a6..5e8108d0.0_699	0
0x205e44	NOTYPE	..lin.ffb3d5a6..5e8108d0.0_700	0
0x205e4c	NOTYPE	..lin.ffb3d5a6..5e8108d0.0_701	0
0x205e55	NOTYPE	..lin.ffb3d5a6..5e8108d0.0_702	0
0x205e63	NOTYPE	..lin.ffb3d5a6..5e8108d0.0_703	0
0x205e74	NOTYPE	..lin.ffb3d5a6..5e8108d0.0_704	0
0x205e83	NOTYPE	..lin.ffb3d5a6..5e8108d0.0_705	0
0x205e89	FUNC	ASP_GetVCpuTaskContextFromDomain	38
0x205e9b	NOTYPE	..lin.ffb3d5a6..e693460a.0_706	0
0x205e9f	NOTYPE	..lin.ffb3d5a6..e693460a.0_707	0
0x205eae	NOTYPE	..lin.ffb3d5a6..e693460a.0_708	0
0x205eaf	FUNC	InjectInterruptInVcpu...2Fhome.2Fmal.2Fgm_release.2FMY22.2D026.2Ffinal.2Fiot.2Frtos.2Flibs.2Fgm.2Di35.2Frel.2Fwork.2Flibkernel.2Flibkernel.2F86_x64_vmx.	314
0x205ed3	NOTYPE	..lin.ffb3d5a6..59e03ac4.0_709	0
0x205edf	NOTYPE	..lin.ffb3d5a6..59e03ac4.0_710	0
0x205ef3	NOTYPE	..lin.ffb3d5a6..59e03ac4.0_711	0
0x205efd	NOTYPE	..lin.ffb3d5a6..59e03ac4.0_712	0
0x205f29	NOTYPE	..lin.ffb3d5a6..59e03ac4.0_713	0
0x205f3f	NOTYPE	..lin.ffb3d5a6..59e03ac4.0_714	0
0x205f61	NOTYPE	..lin.ffb3d5a6..59e03ac4.0_715	0
0x205f6a	NOTYPE	..lin.ffb3d5a6..59e03ac4.0_716	0
0x205f73	NOTYPE	..lin.ffb3d5a6..59e03ac4.0_717	0
0x205f80	NOTYPE	..lin.ffb3d5a6..59e03ac4.0_718	0
0x205f86	NOTYPE	..lin.ffb3d5a6..59e03ac4.0_719	0
0x205f9b	NOTYPE	..lin.ffb3d5a6..59e03ac4.0_720	0
0x205faa	NOTYPE	..lin.ffb3d5a6..59e03ac4.0_721	0
0x205fac	NOTYPE	..lin.ffb3d5a6..59e03ac4.0_722	0
0x205fb1	NOTYPE	..lin.ffb3d5a6..59e03ac4.0_723	0
0x205fb3	NOTYPE	..lin.ffb3d5a6..59e03ac4.0_724	0
0x205fb7	NOTYPE	..lin.ffb3d5a6..59e03ac4.0_725	0
0x205fc0	NOTYPE	..lin.ffb3d5a6..59e03ac4.0_726	0
0x205fde	NOTYPE	..lin.ffb3d5a6..59e03ac4.0_727	0
0x205fe9	FUNC	HandleWriteIcrLo...2Fhome.2Fmal.2Fgm_release.2FMY22.2D026.2Ffinal.2Fiot.2Frtos.2Flibs.2Fgm.2Di35.2Frel.2Fwork.2Flibkernel.2Flibkernel.2F86_x64_vmx.	276
0x20604d	NOTYPE	..lin.ffb3d5a6..be25d6f5.0_728	0
0x206061	NOTYPE	..lin.ffb3d5a6..be25d6f5.0_729	0
0x206075	NOTYPE	..lin.ffb3d5a6..be25d6f5.0_730	0
0x20607a	NOTYPE	..lin.ffb3d5a6..be25d6f5.0_731	0
0x20607f	NOTYPE	..lin.ffb3d5a6..be25d6f5.0_732	0
0x20608d	NOTYPE	..lin.ffb3d5a6..be25d6f5.0_733	0
0x206092	NOTYPE	..lin.ffb3d5a6..be25d6f5.0_734	0
0x206099	NOTYPE	..lin.ffb3d5a6..be25d6f5.0_735	0
0x20609b	NOTYPE	..lin.ffb3d5a6..be25d6f5.0_736	0
0x2060b5	NOTYPE	..lin.ffb3d5a6..be25d6f5.0_737	0
0x2060b7	NOTYPE	..lin.ffb3d5a6..be25d6f5.0_738	0
0x2060cd	NOTYPE	..lin.ffb3d5a6..be25d6f5.0_739	0
0x2060d8	NOTYPE	..lin.ffb3d5a6..be25d6f5.0_740	0
0x2060ed	NOTYPE	..lin.ffb3d5a6..be25d6f5.0_741	0
0x2060f2	NOTYPE	..lin.ffb3d5a6..be25d6f5.0_742	0
0x2060fd	FUNC	HandleVmExit...2Fhome.2Fmal.2Fgm_release.2FMY22.2D026.2Ffinal.2Fiot.2Frtos.2Flibs.2Fgm.2Di35.2Frel.2Fwork.2Flibkernel.2Flibkernel.2F86_x64_vmx.	1345
0x20614a	NOTYPE	..lin.ffb3d5a6..bd53f4ae.0_743	0
0x206153	NOTYPE	..lin.ffb3d5a6..bd53f4ae.0_744	0
0x206158	NOTYPE	..lin.ffb3d5a6..bd53f4ae.0_745	0
0x206169	NOTYPE	..lin.ffb3d5a6..bd53f4ae.0_746	0
0x206171	NOTYPE	..lin.ffb3d5a6..bd53f4ae.0_747	0
0x20617e	NOTYPE	..lin.ffb3d5a6..bd53f4ae.0_748	0
0x206186	NOTYPE	..lin.ffb3d5a6..bd53f4ae.0_749	0
0x20618e	NOTYPE	..lin.ffb3d5a6..bd53f4ae.0_750	0
0x2061a1	NOTYPE	..lin.ffb3d5a6..bd53f4ae.0_751	0
0x2061a6	NOTYPE	..lin.ffb3d5a6..bd53f4ae.0_752	0
0x2061ba	NOTYPE	..lin.ffb3d5a6..bd53f4ae.0_753	0
0x2061c2	NOTYPE	..lin.ffb3d5a6..bd53f4ae.0_754	0
0x2061c7	NOTYPE	..lin.ffb3d5a6..bd53f4ae.0_755	0
0x2061cc	NOTYPE	..lin.ffb3d5a6..bd53f4ae.0_756	0
0x206270	NOTYPE	..lin.ffb3d5a6..bd53f4ae.0_757	0
0x206275	NOTYPE	..lin.ffb3d5a6..bd53f4ae.0_758	0
0x20628a	NOTYPE	..lin.ffb3d5a6..bd53f4ae.0_759	0
0x206297	NOTYPE	..lin.ffb3d5a6..bd53f4ae.0_760	0
0x20629c	NOTYPE	..lin.ffb3d5a6..bd53f4ae.0_761	0
0x20629e	NOTYPE	..lin.ffb3d5a6..bd53f4ae.0_762	0
0x2062af	NOTYPE	..lin.ffb3d5a6..bd53f4ae.0_763	0
0x2062b7	NOTYPE	..lin.ffb3d5a6..bd53f4ae.0_764	0
0x2062bc	NOTYPE	..lin.ffb3d5a6..bd53f4ae.0_765	0
0x2062c5	NOTYPE	..lin.ffb3d5a6..bd53f4ae.0_766	0
0x2062e0	NOTYPE	..lin.ffb3d5a6..bd53f4ae.0_767	0
0x2062ee	NOTYPE	..lin.ffb3d5a6..bd53f4ae.0_768	0
0x206314	NOTYPE	..lin.ffb3d5a6..bd53f4ae.0_769	0
0x206319	NOTYPE	..lin.ffb3d5a6..bd53f4ae.0_770	0
0x206322	NOTYPE	..lin.ffb3d5a6..bd53f4ae.0_771	0
0x206327	NOTYPE	..lin.ffb3d5a6..bd53f4ae.0_772	0
0x206330	NOTYPE	..lin.ffb3d5a6..bd53f4ae.0_773	0
0x206344	NOTYPE	..lin.ffb3d5a6..bd53f4ae.0_774	0
0x206346	NOTYPE	..lin.ffb3d5a6..bd53f4ae.0_775	0
0x20634b	NOTYPE	..lin.ffb3d5a6..bd53f4ae.0_776	0
0x206353	NOTYPE	..lin.ffb3d5a6..bd53f4ae.0_777	0
0x206355	NOTYPE	..lin.ffb3d5a6..bd53f4ae.0_778	0
0x20635c	NOTYPE	..lin.ffb3d5a6..bd53f4ae.0_779	0
0x206363	NOTYPE	..lin.ffb3d5a6..bd53f4ae.0_780	0
0x20636c	NOTYPE	..lin.ffb3d5a6..bd53f4ae.0_781	0
0x206373	NOTYPE	..lin.ffb3d5a6..bd53f4ae.0_782	0
0x20637a	NOTYPE	..lin.ffb3d5a6..bd53f4ae.0_783	0
0x206388	NOTYPE	..lin.ffb3d5a6..bd53f4ae.0_784	0
0x206392	NOTYPE	..lin.ffb3d5a6..bd53f4ae.0_785	0
0x20639e	NOTYPE	..lin.ffb3d5a6..bd53f4ae.0_786	0
0x2063a5	NOTYPE	..lin.ffb3d5a6..bd53f4ae.0_787	0
0x2063d3	NOTYPE	..lin.ffb3d5a6..bd53f4ae.0_788	0
0x2063da	NOTYPE	..lin.ffb3d5a6..bd53f4ae.0_789	0
0x2063df	NOTYPE	..lin.ffb3d5a6..bd53f4ae.0_790	0
0x2063ee	NOTYPE	..lin.ffb3d5a6..bd53f4ae.0_791	0
0x20641c	NOTYPE	..lin.ffb3d5a6..bd53f4ae.0_792	0
0x206426	NOTYPE	..lin.ffb3d5a6..bd53f4ae.0_793	0
0x20642b	NOTYPE	..lin.ffb3d5a6..bd53f4ae.0_794	0
0x206434	NOTYPE	..lin.ffb3d5a6..bd53f4ae.0_795	0
0x20644e	NOTYPE	..lin.ffb3d5a6..bd53f4ae.0_796	0
0x20645d	NOTYPE	..lin.ffb3d5a6..bd53f4ae.0_797	0
0x20646a	NOTYPE	..lin.ffb3d5a6..bd53f4ae.0_798	0
0x206470	NOTYPE	..lin.ffb3d5a6..bd53f4ae.0_799	0
0x20647d	NOTYPE	..lin.ffb3d5a6..bd53f4ae.0_800	0
0x206486	NOTYPE	..lin.ffb3d5a6..bd53f4ae.0_801	0
0x2064a4	NOTYPE	..lin.ffb3d5a6..bd53f4ae.0_802	0
0x2064b2	NOTYPE	..lin.ffb3d5a6..bd53f4ae.0_803	0
0x2064b9	NOTYPE	..lin.ffb3d5a6..bd53f4ae.0_804	0
0x2064ce	NOTYPE	..lin.ffb3d5a6..bd53f4ae.0_805	0
0x2064d3	NOTYPE	..lin.ffb3d5a6..bd53f4ae.0_806	0
0x2064dc	NOTYPE	..lin.ffb3d5a6..bd53f4ae.0_807	0
0x2064e5	NOTYPE	..lin.ffb3d5a6..bd53f4ae.0_808	0
0x2064ee	NOTYPE	..lin.ffb3d5a6..bd53f4ae.0_809	0
0x2064fe	NOTYPE	..lin.ffb3d5a6..bd53f4ae.0_810	0
0x206517	NOTYPE	..lin.ffb3d5a6..bd53f4ae.0_811	0
0x206527	NOTYPE	..lin.ffb3d5a6..bd53f4ae.0_812	0
0x206537	NOTYPE	..lin.ffb3d5a6..bd53f4ae.0_813	0
0x206541	NOTYPE	..lin.ffb3d5a6..bd53f4ae.0_814	0
0x206552	NOTYPE	..lin.ffb3d5a6..bd53f4ae.0_815	0
0x206564	NOTYPE	..lin.ffb3d5a6..bd53f4ae.0_816	0
0x20656e	NOTYPE	..lin.ffb3d5a6..bd53f4ae.0_817	0
0x20658c	NOTYPE	..lin.ffb3d5a6..bd53f4ae.0_818	0
0x206598	NOTYPE	..lin.ffb3d5a6..bd53f4ae.0_819	0
0x2065a4	NOTYPE	..lin.ffb3d5a6..bd53f4ae.0_820	0
0x2065b1	NOTYPE	..lin.ffb3d5a6..bd53f4ae.0_821	0
0x2065be	NOTYPE	..lin.ffb3d5a6..bd53f4ae.0_822	0
0x2065c0	NOTYPE	..lin.ffb3d5a6..bd53f4ae.0_823	0
0x2065d2	NOTYPE	..lin.ffb3d5a6..bd53f4ae.0_824	0
0x2065d4	NOTYPE	..lin.ffb3d5a6..bd53f4ae.0_825	0
0x2065d9	NOTYPE	..lin.ffb3d5a6..bd53f4ae.0_826	0
0x20660a	NOTYPE	..lin.ffb3d5a6..bd53f4ae.0_827	0
0x206621	NOTYPE	..lin.ffb3d5a6..bd53f4ae.0_828	0
0x206628	NOTYPE	..lin.ffb3d5a6..bd53f4ae.0_829	0
0x20662d	NOTYPE	..lin.ffb3d5a6..bd53f4ae.0_830	0
0x206632	NOTYPE	..lin.ffb3d5a6..bd53f4ae.0_831	0
0x20663e	FUNC	ReadCommonRegs...2Fhome.2Fmal.2Fgm_release.2FMY22.2D026.2Ffinal.2Fiot.2Frtos.2Flibs.2Fgm.2Di35.2Frel.2Fwork.2Flibkernel.2Flibkernel.2F86_x64_vmx.	365
0x206655	NOTYPE	..lin.ffb3d5a6..f612b31b.0_832	0
0x206664	NOTYPE	..lin.ffb3d5a6..f612b31b.0_833	0
0x206673	NOTYPE	..lin.ffb3d5a6..f612b31b.0_834	0
0x206682	NOTYPE	..lin.ffb3d5a6..f612b31b.0_835	0
0x206691	NOTYPE	..lin.ffb3d5a6..f612b31b.0_836	0
0x2066a0	NOTYPE	..lin.ffb3d5a6..f612b31b.0_837	0
0x2066af	NOTYPE	..lin.ffb3d5a6..f612b31b.0_838	0
0x2066f3	NOTYPE	..lin.ffb3d5a6..f612b31b.0_839	0
0x206702	NOTYPE	..lin.ffb3d5a6..f612b31b.0_840	0
0x206746	NOTYPE	..lin.ffb3d5a6..f612b31b.0_841	0
0x206755	NOTYPE	..lin.ffb3d5a6..f612b31b.0_842	0
0x20676a	NOTYPE	..lin.ffb3d5a6..f612b31b.0_843	0
0x20677f	NOTYPE	..lin.ffb3d5a6..f612b31b.0_844	0
0x206794	NOTYPE	..lin.ffb3d5a6..f612b31b.0_845	0
0x2067a9	NOTYPE	..lin.ffb3d5a6..f612b31b.0_846	0
0x2067ab	FUNC	DetermineVaddrType...2Fhome.2Fmal.2Fgm_release.2FMY22.2D026.2Ffinal.2Fiot.2Frtos.2Flibs.2Fgm.2Di35.2Frel.2Fwork.2Flibkernel.2Flibkernel.2F86_x64_vmx.	112
0x2067ed	NOTYPE	..lin.ffb3d5a6..51a77195.0_847	0
0x2067f2	NOTYPE	..lin.ffb3d5a6..51a77195.0_848	0
0x2067fd	NOTYPE	..lin.ffb3d5a6..51a77195.0_849	0
0x206806	NOTYPE	..lin.ffb3d5a6..51a77195.0_850	0
0x20680a	NOTYPE	..lin.ffb3d5a6..51a77195.0_851	0
0x206813	NOTYPE	..lin.ffb3d5a6..51a77195.0_852	0
0x206817	NOTYPE	..lin.ffb3d5a6..51a77195.0_853	0
0x20681b	FUNC	TranslateAddr_PML4...2Fhome.2Fmal.2Fgm_release.2FMY22.2D026.2Ffinal.2Fiot.2Frtos.2Flibs.2Fgm.2Di35.2Frel.2Fwork.2Flibkernel.2Flibkernel.2F86_x64_vmx.	1210
0x206850	NOTYPE	..lin.ffb3d5a6..57fb4daa.0_854	0
0x20685b	NOTYPE	..lin.ffb3d5a6..57fb4daa.0_855	0
0x206913	NOTYPE	..lin.ffb3d5a6..57fb4daa.0_856	0
0x20691b	NOTYPE	..lin.ffb3d5a6..57fb4daa.0_857	0
0x206927	NOTYPE	..lin.ffb3d5a6..57fb4daa.0_858	0
0x206935	NOTYPE	..lin.ffb3d5a6..57fb4daa.0_859	0
0x20693e	NOTYPE	..lin.ffb3d5a6..57fb4daa.0_860	0
0x206949	NOTYPE	..lin.ffb3d5a6..57fb4daa.0_861	0
0x20695b	NOTYPE	..lin.ffb3d5a6..57fb4daa.0_862	0
0x20695d	NOTYPE	..lin.ffb3d5a6..57fb4daa.0_863	0
0x206a14	NOTYPE	..lin.ffb3d5a6..57fb4daa.0_864	0
0x206a1c	NOTYPE	..lin.ffb3d5a6..57fb4daa.0_865	0
0x206a28	NOTYPE	..lin.ffb3d5a6..57fb4daa.0_866	0
0x206a3a	NOTYPE	..lin.ffb3d5a6..57fb4daa.0_867	0
0x206a3f	NOTYPE	..lin.ffb3d5a6..57fb4daa.0_868	0
0x206a4a	NOTYPE	..lin.ffb3d5a6..57fb4daa.0_869	0
0x206a60	NOTYPE	..lin.ffb3d5a6..57fb4daa.0_870	0
0x206a65	NOTYPE	..lin.ffb3d5a6..57fb4daa.0_871	0
0x206a6d	NOTYPE	..lin.ffb3d5a6..57fb4daa.0_872	0
0x206a86	NOTYPE	..lin.ffb3d5a6..57fb4daa.0_873	0
0x206b3a	NOTYPE	..lin.ffb3d5a6..57fb4daa.0_874	0
0x206b42	NOTYPE	..lin.ffb3d5a6..57fb4daa.0_875	0
0x206b4e	NOTYPE	..lin.ffb3d5a6..57fb4daa.0_876	0
0x206b60	NOTYPE	..lin.ffb3d5a6..57fb4daa.0_877	0
0x206b65	NOTYPE	..lin.ffb3d5a6..57fb4daa.0_878	0
0x206b70	NOTYPE	..lin.ffb3d5a6..57fb4daa.0_879	0
0x206b86	NOTYPE	..lin.ffb3d5a6..57fb4daa.0_880	0
0x206b8b	NOTYPE	..lin.ffb3d5a6..57fb4daa.0_881	0
0x206b93	NOTYPE	..lin.ffb3d5a6..57fb4daa.0_882	0
0x206bac	NOTYPE	..lin.ffb3d5a6..57fb4daa.0_883	0
0x206c60	NOTYPE	..lin.ffb3d5a6..57fb4daa.0_884	0
0x206c64	NOTYPE	..lin.ffb3d5a6..57fb4daa.0_885	0
0x206c70	NOTYPE	..lin.ffb3d5a6..57fb4daa.0_886	0
0x206c82	NOTYPE	..lin.ffb3d5a6..57fb4daa.0_887	0
0x206c87	NOTYPE	..lin.ffb3d5a6..57fb4daa.0_888	0
0x206c92	NOTYPE	..lin.ffb3d5a6..57fb4daa.0_889	0
0x206ca8	NOTYPE	..lin.ffb3d5a6..57fb4daa.0_890	0
0x206cad	NOTYPE	..lin.ffb3d5a6..57fb4daa.0_891	0
0x206cd5	FUNC	TranslateAddr_PAE...2Fhome.2Fmal.2Fgm_release.2FMY22.2D026.2Ffinal.2Fiot.2Frtos.2Flibs.2Fgm.2Di35.2Frel.2Fwork.2Flibkernel.2Flibkernel.2F86_x64_vmx.	859
0x206d06	NOTYPE	..lin.ffb3d5a6..a6c7523.0_892	0
0x206d11	NOTYPE	..lin.ffb3d5a6..a6c7523.0_893	0
0x206dbd	NOTYPE	..lin.ffb3d5a6..a6c7523.0_894	0
0x206dc5	NOTYPE	..lin.ffb3d5a6..a6c7523.0_895	0
0x206dd2	NOTYPE	..lin.ffb3d5a6..a6c7523.0_896	0
0x206dd9	NOTYPE	..lin.ffb3d5a6..a6c7523.0_897	0
0x206de9	NOTYPE	..lin.ffb3d5a6..a6c7523.0_898	0
0x206e99	NOTYPE	..lin.ffb3d5a6..a6c7523.0_899	0
0x206ea1	NOTYPE	..lin.ffb3d5a6..a6c7523.0_900	0
0x206ead	NOTYPE	..lin.ffb3d5a6..a6c7523.0_901	0
0x206ebf	NOTYPE	..lin.ffb3d5a6..a6c7523.0_902	0
0x206ec4	NOTYPE	..lin.ffb3d5a6..a6c7523.0_903	0
0x206ecf	NOTYPE	..lin.ffb3d5a6..a6c7523.0_904	0
0x206ee5	NOTYPE	..lin.ffb3d5a6..a6c7523.0_905	0
0x206eea	NOTYPE	..lin.ffb3d5a6..a6c7523.0_906	0
0x206ef2	NOTYPE	..lin.ffb3d5a6..a6c7523.0_907	0
0x206f0b	NOTYPE	..lin.ffb3d5a6..a6c7523.0_908	0
0x206fbb	NOTYPE	..lin.ffb3d5a6..a6c7523.0_909	0
0x206fbf	NOTYPE	..lin.ffb3d5a6..a6c7523.0_910	0
0x206fcb	NOTYPE	..lin.ffb3d5a6..a6c7523.0_911	0
0x206fdd	NOTYPE	..lin.ffb3d5a6..a6c7523.0_912	0
0x206fe2	NOTYPE	..lin.ffb3d5a6..a6c7523.0_913	0
0x206fed	NOTYPE	..lin.ffb3d5a6..a6c7523.0_914	0
0x207003	NOTYPE	..lin.ffb3d5a6..a6c7523.0_915	0
0x207008	NOTYPE	..lin.ffb3d5a6..a6c7523.0_916	0
0x207023	NOTYPE	..lin.ffb3d5a6..a6c7523.0_917	0
0x207030	FUNC	TranslateAddr_32Bit...2Fhome.2Fmal.2Fgm_release.2FMY22.2D026.2Ffinal.2Fiot.2Frtos.2Flibs.2Fgm.2Di35.2Frel.2Fwork.2Flibkernel.2Flibkernel.2F86_x64_vmx.	616
0x207063	NOTYPE	..lin.ffb3d5a6..55494ad1.0_918	0
0x207072	NOTYPE	..lin.ffb3d5a6..55494ad1.0_919	0
0x207122	NOTYPE	..lin.ffb3d5a6..55494ad1.0_920	0
0x20712a	NOTYPE	..lin.ffb3d5a6..55494ad1.0_921	0
0x207134	NOTYPE	..lin.ffb3d5a6..55494ad1.0_922	0
0x207142	NOTYPE	..lin.ffb3d5a6..55494ad1.0_923	0
0x20714b	NOTYPE	..lin.ffb3d5a6..55494ad1.0_924	0
0x207155	NOTYPE	..lin.ffb3d5a6..55494ad1.0_925	0
0x207167	NOTYPE	..lin.ffb3d5a6..55494ad1.0_926	0
0x207169	NOTYPE	..lin.ffb3d5a6..55494ad1.0_927	0
0x207176	NOTYPE	..lin.ffb3d5a6..55494ad1.0_928	0
0x207187	NOTYPE	..lin.ffb3d5a6..55494ad1.0_929	0
0x20722e	NOTYPE	..lin.ffb3d5a6..55494ad1.0_930	0
0x207232	NOTYPE	..lin.ffb3d5a6..55494ad1.0_931	0
0x20723c	NOTYPE	..lin.ffb3d5a6..55494ad1.0_932	0
0x20724e	NOTYPE	..lin.ffb3d5a6..55494ad1.0_933	0
0x207253	NOTYPE	..lin.ffb3d5a6..55494ad1.0_934	0
0x20725d	NOTYPE	..lin.ffb3d5a6..55494ad1.0_935	0
0x207273	NOTYPE	..lin.ffb3d5a6..55494ad1.0_936	0
0x207278	NOTYPE	..lin.ffb3d5a6..55494ad1.0_937	0
0x20728b	NOTYPE	..lin.ffb3d5a6..55494ad1.0_938	0
0x207298	FUNC	ASP_TranslateGuestVaddr	160
0x2072bf	NOTYPE	..lin.ffb3d5a6..ae6832ef.0_939	0
0x2072c5	NOTYPE	..lin.ffb3d5a6..ae6832ef.0_940	0
0x2072e2	NOTYPE	..lin.ffb3d5a6..ae6832ef.0_941	0
0x2072ff	NOTYPE	..lin.ffb3d5a6..ae6832ef.0_942	0
0x207333	NOTYPE	..lin.ffb3d5a6..ae6832ef.0_943	0
0x207338	FUNC	ReadGuestVirtualAddress...2Fhome.2Fmal.2Fgm_release.2FMY22.2D026.2Ffinal.2Fiot.2Frtos.2Flibs.2Fgm.2Di35.2Frel.2Fwork.2Flibkernel.2Flibkernel.2F86_x64_vmx.	439
0x20735a	NOTYPE	..lin.ffb3d5a6..1e6305f6.0_944	0
0x207371	NOTYPE	..lin.ffb3d5a6..1e6305f6.0_945	0
0x20737a	NOTYPE	..lin.ffb3d5a6..1e6305f6.0_946	0
0x20738a	NOTYPE	..lin.ffb3d5a6..1e6305f6.0_947	0
0x2073fa	NOTYPE	..lin.ffb3d5a6..1e6305f6.0_948	0
0x207402	NOTYPE	..lin.ffb3d5a6..1e6305f6.0_949	0
0x20741c	NOTYPE	..lin.ffb3d5a6..1e6305f6.0_950	0
0x2074c8	NOTYPE	..lin.ffb3d5a6..1e6305f6.0_951	0
0x2074cc	NOTYPE	..lin.ffb3d5a6..1e6305f6.0_952	0
0x2074e2	NOTYPE	..lin.ffb3d5a6..1e6305f6.0_953	0
0x2074ef	FUNC	ReadGuestInstructionAtPc...2Fhome.2Fmal.2Fgm_release.2FMY22.2D026.2Ffinal.2Fiot.2Frtos.2Flibs.2Fgm.2Di35.2Frel.2Fwork.2Flibkernel.2Flibkernel.2F86_x64_vmx.	239
0x20755c	NOTYPE	..lin.ffb3d5a6..6b6dd153.0_954	0
0x207561	NOTYPE	..lin.ffb3d5a6..6b6dd153.0_955	0
0x207566	NOTYPE	..lin.ffb3d5a6..6b6dd153.0_956	0
0x207579	NOTYPE	..lin.ffb3d5a6..6b6dd153.0_957	0
0x20757e	NOTYPE	..lin.ffb3d5a6..6b6dd153.0_958	0
0x2075dc	NOTYPE	..lin.ffb3d5a6..6b6dd153.0_959	0
0x2075de	FUNC	ASP_VMX_RestoreConstantHostState...2Fhome.2Fmal.2Fgm_release.2FMY22.2D026.2Ffinal.2Fiot.2Frtos.2Flibs.2Fgm.2Di35.2Frel.2Fwork.2Flibkernel.2Flibkernel.2F86_x64_vmx.	79
0x2075f8	NOTYPE	..lin.ffb3d5a6..47a082f.0_960	0
0x207612	NOTYPE	..lin.ffb3d5a6..47a082f.0_961	0
0x20762c	NOTYPE	..lin.ffb3d5a6..47a082f.0_962	0
0x20762d	FUNC	ASP_RunGuestVM	1103
0x20768c	NOTYPE	..lin.ffb3d5a6..1b3bdb08.0_963	0
0x2076a8	NOTYPE	..lin.ffb3d5a6..1b3bdb08.0_964	0
0x2076c0	NOTYPE	..lin.ffb3d5a6..1b3bdb08.0_965	0
0x2076cc	NOTYPE	..lin.ffb3d5a6..1b3bdb08.0_966	0
0x2076db	NOTYPE	..lin.ffb3d5a6..1b3bdb08.0_967	0
0x2076ea	NOTYPE	..lin.ffb3d5a6..1b3bdb08.0_968	0
0x2076eb	NOTYPE	..lin.ffb3d5a6..1b3bdb08.0_969	0
0x2076f0	NOTYPE	..lin.ffb3d5a6..1b3bdb08.0_970	0
0x2076f9	NOTYPE	..lin.ffb3d5a6..1b3bdb08.0_971	0
0x207703	NOTYPE	..lin.ffb3d5a6..1b3bdb08.0_972	0
0x20770f	NOTYPE	..lin.ffb3d5a6..1b3bdb08.0_973	0
0x20771b	NOTYPE	..lin.ffb3d5a6..1b3bdb08.0_974	0
0x20772e	NOTYPE	..lin.ffb3d5a6..1b3bdb08.0_975	0
0x207733	NOTYPE	..lin.ffb3d5a6..1b3bdb08.0_976	0
0x20773b	NOTYPE	..lin.ffb3d5a6..1b3bdb08.0_977	0
0x207745	NOTYPE	..lin.ffb3d5a6..1b3bdb08.0_978	0
0x20774b	NOTYPE	..lin.ffb3d5a6..1b3bdb08.0_979	0
0x20774f	NOTYPE	..lin.ffb3d5a6..1b3bdb08.0_980	0
0x207757	NOTYPE	..lin.ffb3d5a6..1b3bdb08.0_981	0
0x20775c	NOTYPE	..lin.ffb3d5a6..1b3bdb08.0_982	0
0x20776d	NOTYPE	..lin.ffb3d5a6..1b3bdb08.0_983	0
0x207783	NOTYPE	..lin.ffb3d5a6..1b3bdb08.0_984	0
0x207785	NOTYPE	..lin.ffb3d5a6..1b3bdb08.0_985	0
0x20779a	NOTYPE	..lin.ffb3d5a6..1b3bdb08.0_986	0
0x2077b6	NOTYPE	..lin.ffb3d5a6..1b3bdb08.0_987	0
0x2077cf	NOTYPE	..lin.ffb3d5a6..1b3bdb08.0_988	0
0x2077e8	NOTYPE	..lin.ffb3d5a6..1b3bdb08.0_989	0
0x2077f4	NOTYPE	..lin.ffb3d5a6..1b3bdb08.0_990	0
0x20780b	NOTYPE	..lin.ffb3d5a6..1b3bdb08.0_991	0
0x207816	NOTYPE	..lin.ffb3d5a6..1b3bdb08.0_992	0
0x207826	NOTYPE	..lin.ffb3d5a6..1b3bdb08.0_993	0
0x207839	NOTYPE	..lin.ffb3d5a6..1b3bdb08.0_994	0
0x207844	NOTYPE	..lin.ffb3d5a6..1b3bdb08.0_995	0
0x207861	NOTYPE	..lin.ffb3d5a6..1b3bdb08.0_996	0
0x20787b	NOTYPE	..lin.ffb3d5a6..1b3bdb08.0_997	0
0x207885	NOTYPE	..lin.ffb3d5a6..1b3bdb08.0_998	0
0x207890	NOTYPE	..lin.ffb3d5a6..1b3bdb08.0_999	0
0x20789f	NOTYPE	..lin.ffb3d5a6..1b3bdb08.0_1000	0
0x2078bc	NOTYPE	..lin.ffb3d5a6..1b3bdb08.0_1001	0
0x2078c8	NOTYPE	..lin.ffb3d5a6..1b3bdb08.0_1002	0
0x2078dd	NOTYPE	..lin.ffb3d5a6..1b3bdb08.0_1003	0
0x207921	NOTYPE	..lin.ffb3d5a6..1b3bdb08.0_1004	0
0x20792e	NOTYPE	..lin.ffb3d5a6..1b3bdb08.0_1005	0
0x20793c	NOTYPE	..lin.ffb3d5a6..1b3bdb08.0_1006	0
0x207940	NOTYPE	..lin.ffb3d5a6..1b3bdb08.0_1007	0
0x20794f	NOTYPE	..lin.ffb3d5a6..1b3bdb08.0_1008	0
0x20795c	NOTYPE	..lin.ffb3d5a6..1b3bdb08.0_1009	0
0x20796b	NOTYPE	..lin.ffb3d5a6..1b3bdb08.0_1010	0
0x207970	NOTYPE	..lin.ffb3d5a6..1b3bdb08.0_1011	0
0x207988	NOTYPE	..lin.ffb3d5a6..1b3bdb08.0_1012	0
0x207995	NOTYPE	..lin.ffb3d5a6..1b3bdb08.0_1013	0
0x2079a4	NOTYPE	..lin.ffb3d5a6..1b3bdb08.0_1014	0
0x2079af	NOTYPE	..lin.ffb3d5a6..1b3bdb08.0_1015	0
0x2079bd	NOTYPE	..lin.ffb3d5a6..1b3bdb08.0_1016	0
0x2079d7	NOTYPE	..lin.ffb3d5a6..1b3bdb08.0_1017	0
0x2079e4	NOTYPE	..lin.ffb3d5a6..1b3bdb08.0_1018	0
0x2079e9	NOTYPE	..lin.ffb3d5a6..1b3bdb08.0_1019	0
0x2079f7	NOTYPE	..lin.ffb3d5a6..1b3bdb08.0_1020	0
0x2079ff	NOTYPE	..lin.ffb3d5a6..1b3bdb08.0_1021	0
0x207a12	NOTYPE	..lin.ffb3d5a6..1b3bdb08.0_1022	0
0x207a19	NOTYPE	..lin.ffb3d5a6..1b3bdb08.0_1023	0
0x207a24	NOTYPE	..lin.ffb3d5a6..1b3bdb08.0_1024	0
0x207a34	NOTYPE	..lin.ffb3d5a6..1b3bdb08.0_1025	0
0x207a39	NOTYPE	..lin.ffb3d5a6..1b3bdb08.0_1026	0
0x207a43	NOTYPE	..lin.ffb3d5a6..1b3bdb08.0_1027	0
0x207a4b	NOTYPE	..lin.ffb3d5a6..1b3bdb08.0_1028	0
0x207a54	NOTYPE	..lin.ffb3d5a6..1b3bdb08.0_1029	0
0x207a5f	NOTYPE	..lin.ffb3d5a6..1b3bdb08.0_1030	0
0x207a6e	NOTYPE	..lin.ffb3d5a6..1b3bdb08.0_1031	0
0x207a7c	FUNC	ASP_InjectInterruptInVCpu	15
0x207a87	NOTYPE	..lin.ffb3d5a6..a5522967.0_1032	0
0x207a8b	FUNC	ASP_GetTaskTokenFromTaskLink	51
0x207aae	NOTYPE	..lin.ffb3d5a6..e1692371.0_1033	0
0x207ab4	NOTYPE	..lin.ffb3d5a6..e1692371.0_1034	0
0x207ab8	NOTYPE	..lin.ffb3d5a6..e1692371.0_1035	0
0x207abe	FUNC	ASP_VMX_PostInterrupt	69
0x207ac5	NOTYPE	..lin.ffb3d5a6..373dadb5.0_1036	0
0x207ac9	NOTYPE	..lin.ffb3d5a6..373dadb5.0_1037	0
0x207aeb	NOTYPE	..lin.ffb3d5a6..373dadb5.0_1038	0
0x207b01	NOTYPE	..lin.ffb3d5a6..373dadb5.0_1039	0
0x207b03	FUNC	VMM_PMIHandler	127
0x207b0d	NOTYPE	..lin.ffb3d5a6..464f4838.0_1040	0
0x207b28	NOTYPE	..lin.ffb3d5a6..464f4838.0_1041	0
0x207b5d	NOTYPE	..lin.ffb3d5a6..464f4838.0_1042	0
0x207b65	NOTYPE	..lin.ffb3d5a6..464f4838.0_1043	0
0x207b71	NOTYPE	..lin.ffb3d5a6..464f4838.0_1044	0
0x207b79	NOTYPE	..lin.ffb3d5a6..464f4838.0_1045	0
0x207b7e	NOTYPE	..lin.ffb3d5a6..464f4838.0_1046	0
0x207b82	FUNC	VMM_IpiHandler	46
0x207b8c	NOTYPE	..lin.ffb3d5a6..9f435f94.0_1047	0
0x207bac	NOTYPE	..lin.ffb3d5a6..9f435f94.0_1048	0
0x207bb0	FUNC	VMX_FatalConfigError...2Fhome.2Fmal.2Fgm_release.2FMY22.2D026.2Ffinal.2Fiot.2Frtos.2Flibs.2Fgm.2Di35.2Frel.2Fwork.2Flibkernel.2Flibkernel.2F86_x64_vmx.	5
0x207bb5	NOTYPE	..lin.ffb3d5a6..ea1289c7.0_1049	0
0x207bb5	FUNC	IsVMXSupported...2Fhome.2Fmal.2Fgm_release.2FMY22.2D026.2Ffinal.2Fiot.2Frtos.2Flibs.2Fgm.2Di35.2Frel.2Fwork.2Flibkernel.2Flibkernel.2F86_x64_vmx.	32
0x207bcc	NOTYPE	..lin.ffb3d5a6..4f1db22.0_1050	0
0x207bd0	NOTYPE	..lin.ffb3d5a6..4f1db22.0_1051	0
0x207bd5	FUNC	ASP_VMX_InitializeOnBootCpu	323
0x207be7	NOTYPE	..lin.ffb3d5a6..7d6c974d.0_1052	0
0x207bf6	NOTYPE	..lin.ffb3d5a6..7d6c974d.0_1053	0
0x207bfb	NOTYPE	..lin.ffb3d5a6..7d6c974d.0_1054	0
0x207c18	NOTYPE	..lin.ffb3d5a6..7d6c974d.0_1055	0
0x207c2d	NOTYPE	..lin.ffb3d5a6..7d6c974d.0_1056	0
0x207c3c	NOTYPE	..lin.ffb3d5a6..7d6c974d.0_1057	0
0x207c4a	NOTYPE	..lin.ffb3d5a6..7d6c974d.0_1058	0
0x207c59	NOTYPE	..lin.ffb3d5a6..7d6c974d.0_1059	0
0x207c67	NOTYPE	..lin.ffb3d5a6..7d6c974d.0_1060	0
0x207c80	NOTYPE	..lin.ffb3d5a6..7d6c974d.0_1061	0
0x207c8f	NOTYPE	..lin.ffb3d5a6..7d6c974d.0_1062	0
0x207ca5	NOTYPE	..lin.ffb3d5a6..7d6c974d.0_1063	0
0x207cc0	NOTYPE	..lin.ffb3d5a6..7d6c974d.0_1064	0
0x207cca	NOTYPE	..lin.ffb3d5a6..7d6c974d.0_1065	0
0x207ce5	NOTYPE	..lin.ffb3d5a6..7d6c974d.0_1066	0
0x207cf7	NOTYPE	..lin.ffb3d5a6..7d6c974d.0_1067	0
0x207d15	NOTYPE	..lin.ffb3d5a6..7d6c974d.0_1068	0
0x207d18	FUNC	ASP_VMX_ConcurrentEnable	115
0x207d3a	NOTYPE	..lin.ffb3d5a6..8d1479ac.0_1069	0
0x207d42	NOTYPE	..lin.ffb3d5a6..8d1479ac.0_1070	0
0x207d53	NOTYPE	..lin.ffb3d5a6..8d1479ac.0_1071	0
0x207d7a	NOTYPE	..lin.ffb3d5a6..8d1479ac.0_1072	0
0x207d89	NOTYPE	..lin.ffb3d5a6..8d1479ac.0_1073	0
0x207d8b	FUNC	ASP_GetClockForVCpuTask	47
0x207d9f	NOTYPE	..lin.ffb3d5a6..6671d9ac.0_1074	0
0x207da3	NOTYPE	..lin.ffb3d5a6..6671d9ac.0_1075	0
0x207db9	NOTYPE	..lin.ffb3d5a6..6671d9ac.0_1076	0
0x207dba	FUNC	ASP_ResetVCpu	173
0x207df6	NOTYPE	..lin.ffb3d5a6..ae237529.0_1077	0
0x207e02	NOTYPE	..lin.ffb3d5a6..ae237529.0_1078	0
0x207e0e	NOTYPE	..lin.ffb3d5a6..ae237529.0_1079	0
0x207e17	NOTYPE	..lin.ffb3d5a6..ae237529.0_1080	0
0x207e1f	NOTYPE	..lin.ffb3d5a6..ae237529.0_1081	0
0x207e29	NOTYPE	..lin.ffb3d5a6..ae237529.0_1082	0
0x207e35	NOTYPE	..lin.ffb3d5a6..ae237529.0_1083	0
0x207e3f	NOTYPE	..lin.ffb3d5a6..ae237529.0_1084	0
0x207e49	NOTYPE	..lin.ffb3d5a6..ae237529.0_1085	0
0x207e56	NOTYPE	..lin.ffb3d5a6..ae237529.0_1086	0
0x207e62	NOTYPE	..lin.ffb3d5a6..ae237529.0_1087	0
0x207e67	FUNC	ASP_GetVCpuNumberFromTaskContext	7
0x207e6e	FUNC	ASP_VMM_DoVMExitReads	704
0x207eb9	NOTYPE	..lin.ffb3d5a6..fc2daa36.0_1088	0
0x207ef9	NOTYPE	..lin.ffb3d5a6..fc2daa36.0_1089	0
0x207f01	NOTYPE	..lin.ffb3d5a6..fc2daa36.0_1090	0
0x207f0f	NOTYPE	..lin.ffb3d5a6..fc2daa36.0_1091	0
0x207f17	NOTYPE	..lin.ffb3d5a6..fc2daa36.0_1092	0
0x207f1f	NOTYPE	..lin.ffb3d5a6..fc2daa36.0_1093	0
0x207f27	NOTYPE	..lin.ffb3d5a6..fc2daa36.0_1094	0
0x207f2f	NOTYPE	..lin.ffb3d5a6..fc2daa36.0_1095	0
0x207f43	NOTYPE	..lin.ffb3d5a6..fc2daa36.0_1096	0
0x207f4f	NOTYPE	..lin.ffb3d5a6..fc2daa36.0_1097	0
0x207f5b	NOTYPE	..lin.ffb3d5a6..fc2daa36.0_1098	0
0x207f67	NOTYPE	..lin.ffb3d5a6..fc2daa36.0_1099	0
0x207f73	NOTYPE	..lin.ffb3d5a6..fc2daa36.0_1100	0
0x207f7c	NOTYPE	..lin.ffb3d5a6..fc2daa36.0_1101	0
0x207f88	NOTYPE	..lin.ffb3d5a6..fc2daa36.0_1102	0
0x207f91	NOTYPE	..lin.ffb3d5a6..fc2daa36.0_1103	0
0x207f9d	NOTYPE	..lin.ffb3d5a6..fc2daa36.0_1104	0
0x207fa6	NOTYPE	..lin.ffb3d5a6..fc2daa36.0_1105	0
0x207faf	NOTYPE	..lin.ffb3d5a6..fc2daa36.0_1106	0
0x207fb8	NOTYPE	..lin.ffb3d5a6..fc2daa36.0_1107	0
0x207fc1	NOTYPE	..lin.ffb3d5a6..fc2daa36.0_1108	0
0x207fc9	NOTYPE	..lin.ffb3d5a6..fc2daa36.0_1109	0
0x207fd2	NOTYPE	..lin.ffb3d5a6..fc2daa36.0_1110	0
0x207fde	NOTYPE	..lin.ffb3d5a6..fc2daa36.0_1111	0
0x207fea	NOTYPE	..lin.ffb3d5a6..fc2daa36.0_1112	0
0x207ff8	NOTYPE	..lin.ffb3d5a6..fc2daa36.0_1113	0
0x208005	NOTYPE	..lin.ffb3d5a6..fc2daa36.0_1114	0
0x208014	NOTYPE	..lin.ffb3d5a6..fc2daa36.0_1115	0
0x208022	NOTYPE	..lin.ffb3d5a6..fc2daa36.0_1116	0
0x208031	NOTYPE	..lin.ffb3d5a6..fc2daa36.0_1117	0
0x208040	NOTYPE	..lin.ffb3d5a6..fc2daa36.0_1118	0
0x20804c	NOTYPE	..lin.ffb3d5a6..fc2daa36.0_1119	0
0x208058	NOTYPE	..lin.ffb3d5a6..fc2daa36.0_1120	0
0x208064	NOTYPE	..lin.ffb3d5a6..fc2daa36.0_1121	0
0x208070	NOTYPE	..lin.ffb3d5a6..fc2daa36.0_1122	0
0x20807c	NOTYPE	..lin.ffb3d5a6..fc2daa36.0_1123	0
0x208088	NOTYPE	..lin.ffb3d5a6..fc2daa36.0_1124	0
0x208094	NOTYPE	..lin.ffb3d5a6..fc2daa36.0_1125	0
0x2080a0	NOTYPE	..lin.ffb3d5a6..fc2daa36.0_1126	0
0x2080ac	NOTYPE	..lin.ffb3d5a6..fc2daa36.0_1127	0
0x2080b5	NOTYPE	..lin.ffb3d5a6..fc2daa36.0_1128	0
0x2080cb	NOTYPE	..lin.ffb3d5a6..fc2daa36.0_1129	0
0x2080dc	NOTYPE	..lin.ffb3d5a6..fc2daa36.0_1130	0
0x2080e5	NOTYPE	..lin.ffb3d5a6..fc2daa36.0_1131	0
0x2080f3	NOTYPE	..lin.ffb3d5a6..fc2daa36.0_1132	0
0x208101	NOTYPE	..lin.ffb3d5a6..fc2daa36.0_1133	0
0x20810a	NOTYPE	..lin.ffb3d5a6..fc2daa36.0_1134	0
0x208119	NOTYPE	..lin.ffb3d5a6..fc2daa36.0_1135	0
0x208128	NOTYPE	..lin.ffb3d5a6..fc2daa36.0_1136	0
0x208130	FUNC	CpuInvalidateEpt	48
0x208160	FUNC	CpuInvalidateVpid	55
0x2081a0	FUNC	CpuClearVMCS	15
0x2081b0	FUNC	CpuVMXOn	15
0x2081c0	FUNC	CpuVMXOff	4
0x2081d0	FUNC	CpuLoadVMCS	14
0x2081e0	FUNC	CpuGetVMXHostSelectors	72
0x208230	FUNC	CpuSaveVMXHostState	123
0x2082b0	FUNC	CpuRestoreVMXHostState	84
0x208310	FUNC	CpuSaveVMXGuestState	64
0x208350	FUNC	CpuRestoreVMXGuestState	192
0x208410	FUNC	CpuEnterVM	193
0x208478	NOTYPE	vmx_return_addr	0
0x2084e0	FUNC	CpuHaltForVMX	3
0x2084e4	FUNC	VMM_GetObject	45
0x208500	NOTYPE	..lin.db4ae8ad..923a9e0b.0_1	0
0x20850c	NOTYPE	..lin.db4ae8ad..923a9e0b.0_2	0
0x208511	FUNC	VMM_InitKernelAlias...2Fhome.2Fmal.2Fgm_release.2FMY22.2D026.2Ffinal.2Fiot.2Frtos.2Flibs.2Fgm.2Di35.2Frel.2Fwork.2Flibkernel.2Flibkernel.2Fvmm.	141
0x20853f	NOTYPE	..lin.db4ae8ad..1b974913.0_3	0
0x208545	NOTYPE	..lin.db4ae8ad..1b974913.0_4	0
0x20854a	NOTYPE	..lin.db4ae8ad..1b974913.0_5	0
0x208573	NOTYPE	..lin.db4ae8ad..1b974913.0_6	0
0x208577	NOTYPE	..lin.db4ae8ad..1b974913.0_7	0
0x20857f	NOTYPE	..lin.db4ae8ad..1b974913.0_8	0
0x208587	NOTYPE	..lin.db4ae8ad..1b974913.0_9	0
0x208593	NOTYPE	..lin.db4ae8ad..1b974913.0_10	0
0x20859e	FUNC	VMM_InitVMDomain	59
0x2085aa	NOTYPE	..lin.db4ae8ad..1ac2f9c3.0_11	0
0x2085b0	NOTYPE	..lin.db4ae8ad..1ac2f9c3.0_12	0
0x2085b6	NOTYPE	..lin.db4ae8ad..1ac2f9c3.0_13	0
0x2085d7	NOTYPE	..lin.db4ae8ad..1ac2f9c3.0_14	0
0x2085d9	FUNC	VMM_RecordMapping	149
0x2085ec	NOTYPE	..lin.db4ae8ad..dc7313ff.0_15	0
0x20860a	NOTYPE	..lin.db4ae8ad..dc7313ff.0_16	0
0x20860f	NOTYPE	..lin.db4ae8ad..dc7313ff.0_17	0
0x208613	NOTYPE	..lin.db4ae8ad..dc7313ff.0_18	0
0x208625	NOTYPE	..lin.db4ae8ad..dc7313ff.0_19	0
0x208635	NOTYPE	..lin.db4ae8ad..dc7313ff.0_20	0
0x20863a	NOTYPE	..lin.db4ae8ad..dc7313ff.0_21	0
0x208659	NOTYPE	..lin.db4ae8ad..dc7313ff.0_22	0
0x20866e	FUNC	VMM_InitVCpu	19
0x208681	FUNC	VMM_CreateVCpuClock	195
0x2086a4	NOTYPE	..lin.db4ae8ad..a870c712.0_23	0
0x2086c5	NOTYPE	..lin.db4ae8ad..a870c712.0_24	0
0x2086e4	NOTYPE	..lin.db4ae8ad..a870c712.0_25	0
0x2086fd	NOTYPE	..lin.db4ae8ad..a870c712.0_26	0
0x208710	NOTYPE	..lin.db4ae8ad..a870c712.0_27	0
0x208723	NOTYPE	..lin.db4ae8ad..a870c712.0_28	0
0x208727	NOTYPE	..lin.db4ae8ad..a870c712.0_29	0
0x20872b	NOTYPE	..lin.db4ae8ad..a870c712.0_30	0
0x208741	NOTYPE	..lin.db4ae8ad..a870c712.0_31	0
0x208744	FUNC	VMM_AllocateContiguousMemory	94
0x208766	NOTYPE	..lin.db4ae8ad..57337d02.0_32	0
0x20876b	NOTYPE	..lin.db4ae8ad..57337d02.0_33	0
0x208773	NOTYPE	..lin.db4ae8ad..57337d02.0_34	0
0x208785	NOTYPE	..lin.db4ae8ad..57337d02.0_35	0
0x20878a	NOTYPE	..lin.db4ae8ad..57337d02.0_36	0
0x208796	NOTYPE	..lin.db4ae8ad..57337d02.0_37	0
0x2087a2	FUNC	VMM_UnpendVCpu...2Fhome.2Fmal.2Fgm_release.2FMY22.2D026.2Ffinal.2Fiot.2Frtos.2Flibs.2Fgm.2Di35.2Frel.2Fwork.2Flibkernel.2Flibkernel.2Fvmm.	25
0x2087a8	NOTYPE	..lin.db4ae8ad..3284bffc.0_38	0
0x2087b2	NOTYPE	..lin.db4ae8ad..3284bffc.0_39	0
0x2087b9	NOTYPE	..lin.db4ae8ad..3284bffc.0_40	0
0x2087bb	FUNC	ReadGuestMemory...2Fhome.2Fmal.2Fgm_release.2FMY22.2D026.2Ffinal.2Fiot.2Frtos.2Flibs.2Fgm.2Di35.2Frel.2Fwork.2Flibkernel.2Flibkernel.2Fvmm.	442
0x2087e1	NOTYPE	..lin.db4ae8ad..1081182.0_41	0
0x2087ea	NOTYPE	..lin.db4ae8ad..1081182.0_42	0
0x20880f	NOTYPE	..lin.db4ae8ad..1081182.0_43	0
0x208818	NOTYPE	..lin.db4ae8ad..1081182.0_44	0
0x208821	NOTYPE	..lin.db4ae8ad..1081182.0_45	0
0x20882b	NOTYPE	..lin.db4ae8ad..1081182.0_46	0
0x20883f	NOTYPE	..lin.db4ae8ad..1081182.0_47	0
0x20885b	NOTYPE	..lin.db4ae8ad..1081182.0_48	0
0x208863	NOTYPE	..lin.db4ae8ad..1081182.0_49	0
0x20886d	NOTYPE	..lin.db4ae8ad..1081182.0_50	0
0x208883	NOTYPE	..lin.db4ae8ad..1081182.0_51	0
0x2088c0	NOTYPE	..lin.db4ae8ad..1081182.0_52	0
0x2088c5	NOTYPE	..lin.db4ae8ad..1081182.0_53	0
0x2088cc	NOTYPE	..lin.db4ae8ad..1081182.0_54	0
0x2088d2	NOTYPE	..lin.db4ae8ad..1081182.0_55	0
0x2088d7	NOTYPE	..lin.db4ae8ad..1081182.0_56	0
0x2088e0	NOTYPE	..lin.db4ae8ad..1081182.0_57	0
0x20895d	NOTYPE	..lin.db4ae8ad..1081182.0_58	0
0x208962	NOTYPE	..lin.db4ae8ad..1081182.0_59	0
0x208975	FUNC	WriteGuestMemory...2Fhome.2Fmal.2Fgm_release.2FMY22.2D026.2Ffinal.2Fiot.2Frtos.2Flibs.2Fgm.2Di35.2Frel.2Fwork.2Flibkernel.2Flibkernel.2Fvmm.	401
0x208995	NOTYPE	..lin.db4ae8ad..b6adee31.0_60	0
0x20899e	NOTYPE	..lin.db4ae8ad..b6adee31.0_61	0
0x2089c0	NOTYPE	..lin.db4ae8ad..b6adee31.0_62	0
0x2089c9	NOTYPE	..lin.db4ae8ad..b6adee31.0_63	0
0x2089d2	NOTYPE	..lin.db4ae8ad..b6adee31.0_64	0
0x2089d8	NOTYPE	..lin.db4ae8ad..b6adee31.0_65	0
0x2089e4	NOTYPE	..lin.db4ae8ad..b6adee31.0_66	0
0x208a18	NOTYPE	..lin.db4ae8ad..b6adee31.0_67	0
0x208a20	NOTYPE	..lin.db4ae8ad..b6adee31.0_68	0
0x208a2d	NOTYPE	..lin.db4ae8ad..b6adee31.0_69	0
0x208a39	NOTYPE	..lin.db4ae8ad..b6adee31.0_70	0
0x208a3e	NOTYPE	..lin.db4ae8ad..b6adee31.0_71	0
0x208a47	NOTYPE	..lin.db4ae8ad..b6adee31.0_72	0
0x208a4d	NOTYPE	..lin.db4ae8ad..b6adee31.0_73	0
0x208a64	NOTYPE	..lin.db4ae8ad..b6adee31.0_74	0
0x208a83	NOTYPE	..lin.db4ae8ad..b6adee31.0_75	0
0x208af4	NOTYPE	..lin.db4ae8ad..b6adee31.0_76	0
0x208af9	NOTYPE	..lin.db4ae8ad..b6adee31.0_77	0
0x208b06	FUNC	VMM_FlushCache...2Fhome.2Fmal.2Fgm_release.2FMY22.2D026.2Ffinal.2Fiot.2Frtos.2Flibs.2Fgm.2Di35.2Frel.2Fwork.2Flibkernel.2Flibkernel.2Fvmm.	99
0x208b2c	NOTYPE	..lin.db4ae8ad..cf984aca.0_78	0
0x208b35	NOTYPE	..lin.db4ae8ad..cf984aca.0_79	0
0x208b3b	NOTYPE	..lin.db4ae8ad..cf984aca.0_80	0
0x208b40	NOTYPE	..lin.db4ae8ad..cf984aca.0_81	0
0x208b47	NOTYPE	..lin.db4ae8ad..cf984aca.0_82	0
0x208b64	NOTYPE	..lin.db4ae8ad..cf984aca.0_83	0
0x208b69	FUNC	CachedTranslatedAddress	116
0x208b95	NOTYPE	..lin.db4ae8ad..726854b5.0_84	0
0x208b9b	NOTYPE	..lin.db4ae8ad..726854b5.0_85	0
0x208bb8	NOTYPE	..lin.db4ae8ad..726854b5.0_86	0
0x208bbc	NOTYPE	..lin.db4ae8ad..726854b5.0_87	0
0x208bc2	NOTYPE	..lin.db4ae8ad..726854b5.0_88	0
0x208bc8	NOTYPE	..lin.db4ae8ad..726854b5.0_89	0
0x208bdd	FUNC	VMM_SetVirtioBufferAddr	27
0x208bf8	NOTYPE	..lin.db4ae8ad..410620b2.0_90	0
0x208bf8	FUNC	HandleGuestVaddrCmd...2Fhome.2Fmal.2Fgm_release.2FMY22.2D026.2Ffinal.2Fiot.2Frtos.2Flibs.2Fgm.2Di35.2Frel.2Fwork.2Flibkernel.2Flibkernel.2Fvmm.	296
0x208c25	NOTYPE	..lin.db4ae8ad..5b0b619e.0_91	0
0x208c2d	NOTYPE	..lin.db4ae8ad..5b0b619e.0_92	0
0x208c45	NOTYPE	..lin.db4ae8ad..5b0b619e.0_93	0
0x208c50	NOTYPE	..lin.db4ae8ad..5b0b619e.0_94	0
0x208c5a	NOTYPE	..lin.db4ae8ad..5b0b619e.0_95	0
0x208c63	NOTYPE	..lin.db4ae8ad..5b0b619e.0_96	0
0x208c68	NOTYPE	..lin.db4ae8ad..5b0b619e.0_97	0
0x208c80	NOTYPE	..lin.db4ae8ad..5b0b619e.0_98	0
0x208c99	NOTYPE	..lin.db4ae8ad..5b0b619e.0_99	0
0x208ca4	NOTYPE	..lin.db4ae8ad..5b0b619e.0_100	0
0x208cb1	NOTYPE	..lin.db4ae8ad..5b0b619e.0_101	0
0x208cc6	NOTYPE	..lin.db4ae8ad..5b0b619e.0_102	0
0x208ce3	NOTYPE	..lin.db4ae8ad..5b0b619e.0_103	0
0x208ce8	NOTYPE	..lin.db4ae8ad..5b0b619e.0_104	0
0x208d17	NOTYPE	..lin.db4ae8ad..5b0b619e.0_105	0
0x208d20	FUNC	HandleBlkInOut...2Fhome.2Fmal.2Fgm_release.2FMY22.2D026.2Ffinal.2Fiot.2Frtos.2Flibs.2Fgm.2Di35.2Frel.2Fwork.2Flibkernel.2Flibkernel.2Fvmm.	725
0x208d61	NOTYPE	..lin.db4ae8ad..f558b219.0_106	0
0x208d73	NOTYPE	..lin.db4ae8ad..f558b219.0_107	0
0x208d79	NOTYPE	..lin.db4ae8ad..f558b219.0_108	0
0x208d81	NOTYPE	..lin.db4ae8ad..f558b219.0_109	0
0x208db9	NOTYPE	..lin.db4ae8ad..f558b219.0_110	0
0x208dd6	NOTYPE	..lin.db4ae8ad..f558b219.0_111	0
0x208df0	NOTYPE	..lin.db4ae8ad..f558b219.0_112	0
0x208dfc	NOTYPE	..lin.db4ae8ad..f558b219.0_113	0
0x208e08	NOTYPE	..lin.db4ae8ad..f558b219.0_114	0
0x208e12	NOTYPE	..lin.db4ae8ad..f558b219.0_115	0
0x208e22	NOTYPE	..lin.db4ae8ad..f558b219.0_116	0
0x208e39	NOTYPE	..lin.db4ae8ad..f558b219.0_117	0
0x208e3e	NOTYPE	..lin.db4ae8ad..f558b219.0_118	0
0x208e60	NOTYPE	..lin.db4ae8ad..f558b219.0_119	0
0x208e82	NOTYPE	..lin.db4ae8ad..f558b219.0_120	0
0x208e9c	NOTYPE	..lin.db4ae8ad..f558b219.0_121	0
0x208eac	NOTYPE	..lin.db4ae8ad..f558b219.0_122	0
0x208eb2	NOTYPE	..lin.db4ae8ad..f558b219.0_123	0
0x208eb7	NOTYPE	..lin.db4ae8ad..f558b219.0_124	0
0x208ece	NOTYPE	..lin.db4ae8ad..f558b219.0_125	0
0x208ed3	NOTYPE	..lin.db4ae8ad..f558b219.0_126	0
0x208efa	NOTYPE	..lin.db4ae8ad..f558b219.0_127	0
0x208f24	NOTYPE	..lin.db4ae8ad..f558b219.0_128	0
0x208f31	NOTYPE	..lin.db4ae8ad..f558b219.0_129	0
0x208f4d	NOTYPE	..lin.db4ae8ad..f558b219.0_130	0
0x208f57	NOTYPE	..lin.db4ae8ad..f558b219.0_131	0
0x208f67	NOTYPE	..lin.db4ae8ad..f558b219.0_132	0
0x208fab	NOTYPE	..lin.db4ae8ad..f558b219.0_133	0
0x208fb9	NOTYPE	..lin.db4ae8ad..f558b219.0_134	0
0x208fc0	NOTYPE	..lin.db4ae8ad..f558b219.0_135	0
0x208fce	NOTYPE	..lin.db4ae8ad..f558b219.0_136	0
0x208fe8	NOTYPE	..lin.db4ae8ad..f558b219.0_137	0
0x208ff5	FUNC	HandleBlkFlush...2Fhome.2Fmal.2Fgm_release.2FMY22.2D026.2Ffinal.2Fiot.2Frtos.2Flibs.2Fgm.2Di35.2Frel.2Fwork.2Flibkernel.2Flibkernel.2Fvmm.	136
0x209016	NOTYPE	..lin.db4ae8ad..f521f12c.0_138	0
0x20902f	NOTYPE	..lin.db4ae8ad..f521f12c.0_139	0
0x209035	NOTYPE	..lin.db4ae8ad..f521f12c.0_140	0
0x209041	NOTYPE	..lin.db4ae8ad..f521f12c.0_141	0
0x209054	NOTYPE	..lin.db4ae8ad..f521f12c.0_142	0
0x209056	NOTYPE	..lin.db4ae8ad..f521f12c.0_143	0
0x209078	NOTYPE	..lin.db4ae8ad..f521f12c.0_144	0
0x20907d	FUNC	HandleBlkDiscard...2Fhome.2Fmal.2Fgm_release.2FMY22.2D026.2Ffinal.2Fiot.2Frtos.2Flibs.2Fgm.2Di35.2Frel.2Fwork.2Flibkernel.2Flibkernel.2Fvmm.	522
0x2090ac	NOTYPE	..lin.db4ae8ad..2441f304.0_145	0
0x2090c9	NOTYPE	..lin.db4ae8ad..2441f304.0_146	0
0x2090d3	NOTYPE	..lin.db4ae8ad..2441f304.0_147	0
0x2090e6	NOTYPE	..lin.db4ae8ad..2441f304.0_148	0
0x2090eb	NOTYPE	..lin.db4ae8ad..2441f304.0_149	0
0x2090f1	NOTYPE	..lin.db4ae8ad..2441f304.0_150	0
0x2090fd	NOTYPE	..lin.db4ae8ad..2441f304.0_151	0
0x209106	NOTYPE	..lin.db4ae8ad..2441f304.0_152	0
0x20915b	NOTYPE	..lin.db4ae8ad..2441f304.0_153	0
0x209161	NOTYPE	..lin.db4ae8ad..2441f304.0_154	0
0x209188	NOTYPE	..lin.db4ae8ad..2441f304.0_155	0
0x209191	NOTYPE	..lin.db4ae8ad..2441f304.0_156	0
0x2091a5	NOTYPE	..lin.db4ae8ad..2441f304.0_157	0
0x2091b8	NOTYPE	..lin.db4ae8ad..2441f304.0_158	0
0x2091bd	NOTYPE	..lin.db4ae8ad..2441f304.0_159	0
0x2091db	NOTYPE	..lin.db4ae8ad..2441f304.0_160	0
0x2091e5	NOTYPE	..lin.db4ae8ad..2441f304.0_161	0
0x2091f5	NOTYPE	..lin.db4ae8ad..2441f304.0_162	0
0x20921f	NOTYPE	..lin.db4ae8ad..2441f304.0_163	0
0x209223	NOTYPE	..lin.db4ae8ad..2441f304.0_164	0
0x209230	NOTYPE	..lin.db4ae8ad..2441f304.0_165	0
0x209249	NOTYPE	..lin.db4ae8ad..2441f304.0_166	0
0x209255	NOTYPE	..lin.db4ae8ad..2441f304.0_167	0
0x20925a	NOTYPE	..lin.db4ae8ad..2441f304.0_168	0
0x20926b	NOTYPE	..lin.db4ae8ad..2441f304.0_169	0
0x20927a	NOTYPE	..lin.db4ae8ad..2441f304.0_170	0
0x209287	FUNC	HandleBlkTrim...2Fhome.2Fmal.2Fgm_release.2FMY22.2D026.2Ffinal.2Fiot.2Frtos.2Flibs.2Fgm.2Di35.2Frel.2Fwork.2Flibkernel.2Flibkernel.2Fvmm.	243
0x2092b6	NOTYPE	..lin.db4ae8ad..648cad86.0_171	0
0x2092cf	NOTYPE	..lin.db4ae8ad..648cad86.0_172	0
0x2092d7	NOTYPE	..lin.db4ae8ad..648cad86.0_173	0
0x2092f8	NOTYPE	..lin.db4ae8ad..648cad86.0_174	0
0x2092fe	NOTYPE	..lin.db4ae8ad..648cad86.0_175	0
0x20930a	NOTYPE	..lin.db4ae8ad..648cad86.0_176	0
0x20931d	NOTYPE	..lin.db4ae8ad..648cad86.0_177	0
0x20931f	NOTYPE	..lin.db4ae8ad..648cad86.0_178	0
0x20934a	NOTYPE	..lin.db4ae8ad..648cad86.0_179	0
0x20935e	NOTYPE	..lin.db4ae8ad..648cad86.0_180	0
0x20936d	NOTYPE	..lin.db4ae8ad..648cad86.0_181	0
0x20937a	FUNC	HandleBlkOp...2Fhome.2Fmal.2Fgm_release.2FMY22.2D026.2Ffinal.2Fiot.2Frtos.2Flibs.2Fgm.2Di35.2Frel.2Fwork.2Flibkernel.2Flibkernel.2Fvmm.	889
0x2093aa	NOTYPE	..lin.db4ae8ad..b6bf7ae9.0_182	0
0x2093bc	NOTYPE	..lin.db4ae8ad..b6bf7ae9.0_183	0
0x2093d2	NOTYPE	..lin.db4ae8ad..b6bf7ae9.0_184	0
0x2093db	NOTYPE	..lin.db4ae8ad..b6bf7ae9.0_185	0
0x20942b	NOTYPE	..lin.db4ae8ad..b6bf7ae9.0_186	0
0x209431	NOTYPE	..lin.db4ae8ad..b6bf7ae9.0_187	0
0x209443	NOTYPE	..lin.db4ae8ad..b6bf7ae9.0_188	0
0x209456	NOTYPE	..lin.db4ae8ad..b6bf7ae9.0_189	0
0x20945d	NOTYPE	..lin.db4ae8ad..b6bf7ae9.0_190	0
0x2094a5	NOTYPE	..lin.db4ae8ad..b6bf7ae9.0_191	0
0x2094ab	NOTYPE	..lin.db4ae8ad..b6bf7ae9.0_192	0
0x2094b7	NOTYPE	..lin.db4ae8ad..b6bf7ae9.0_193	0
0x2094c0	NOTYPE	..lin.db4ae8ad..b6bf7ae9.0_194	0
0x2094e5	NOTYPE	..lin.db4ae8ad..b6bf7ae9.0_195	0
0x2094fb	NOTYPE	..lin.db4ae8ad..b6bf7ae9.0_196	0
0x209515	NOTYPE	..lin.db4ae8ad..b6bf7ae9.0_197	0
0x20956a	NOTYPE	..lin.db4ae8ad..b6bf7ae9.0_198	0
0x209574	NOTYPE	..lin.db4ae8ad..b6bf7ae9.0_199	0
0x209594	NOTYPE	..lin.db4ae8ad..b6bf7ae9.0_200	0
0x20959a	NOTYPE	..lin.db4ae8ad..b6bf7ae9.0_201	0
0x2095a6	NOTYPE	..lin.db4ae8ad..b6bf7ae9.0_202	0
0x2095b8	NOTYPE	..lin.db4ae8ad..b6bf7ae9.0_203	0
0x2095bd	NOTYPE	..lin.db4ae8ad..b6bf7ae9.0_204	0
0x209601	NOTYPE	..lin.db4ae8ad..b6bf7ae9.0_205	0
0x209632	NOTYPE	..lin.db4ae8ad..b6bf7ae9.0_206	0
0x20964d	NOTYPE	..lin.db4ae8ad..b6bf7ae9.0_207	0
0x20965f	NOTYPE	..lin.db4ae8ad..b6bf7ae9.0_208	0
0x209664	NOTYPE	..lin.db4ae8ad..b6bf7ae9.0_209	0
0x209694	NOTYPE	..lin.db4ae8ad..b6bf7ae9.0_210	0
0x209696	NOTYPE	..lin.db4ae8ad..b6bf7ae9.0_211	0
0x2096b0	NOTYPE	..lin.db4ae8ad..b6bf7ae9.0_212	0
0x2096b2	NOTYPE	..lin.db4ae8ad..b6bf7ae9.0_213	0
0x2096cc	NOTYPE	..lin.db4ae8ad..b6bf7ae9.0_214	0
0x2096ce	NOTYPE	..lin.db4ae8ad..b6bf7ae9.0_215	0
0x2096e8	NOTYPE	..lin.db4ae8ad..b6bf7ae9.0_216	0
0x2096f3	FUNC	HandleFinish...2Fhome.2Fmal.2Fgm_release.2FMY22.2D026.2Ffinal.2Fiot.2Frtos.2Flibs.2Fgm.2Di35.2Frel.2Fwork.2Flibkernel.2Flibkernel.2Fvmm.	400
0x209717	NOTYPE	..lin.db4ae8ad..97cf4592.0_217	0
0x209720	NOTYPE	..lin.db4ae8ad..97cf4592.0_218	0
0x20976b	NOTYPE	..lin.db4ae8ad..97cf4592.0_219	0
0x209771	NOTYPE	..lin.db4ae8ad..97cf4592.0_220	0
0x2097c0	NOTYPE	..lin.db4ae8ad..97cf4592.0_221	0
0x2097c6	NOTYPE	..lin.db4ae8ad..97cf4592.0_222	0
0x2097ea	NOTYPE	..lin.db4ae8ad..97cf4592.0_223	0
0x2097f1	NOTYPE	..lin.db4ae8ad..97cf4592.0_224	0
0x2097fb	NOTYPE	..lin.db4ae8ad..97cf4592.0_225	0
0x209823	NOTYPE	..lin.db4ae8ad..97cf4592.0_226	0
0x209827	NOTYPE	..lin.db4ae8ad..97cf4592.0_227	0
0x20982e	NOTYPE	..lin.db4ae8ad..97cf4592.0_228	0
0x20983b	NOTYPE	..lin.db4ae8ad..97cf4592.0_229	0
0x209861	NOTYPE	..lin.db4ae8ad..97cf4592.0_230	0
0x209863	NOTYPE	..lin.db4ae8ad..97cf4592.0_231	0
0x209876	NOTYPE	..lin.db4ae8ad..97cf4592.0_232	0
0x209883	FUNC	HandleNet...2Fhome.2Fmal.2Fgm_release.2FMY22.2D026.2Ffinal.2Fiot.2Frtos.2Flibs.2Fgm.2Di35.2Frel.2Fwork.2Flibkernel.2Flibkernel.2Fvmm.	607
0x2098b8	NOTYPE	..lin.db4ae8ad..3eb307f8.0_233	0
0x2098d0	NOTYPE	..lin.db4ae8ad..3eb307f8.0_234	0
0x2098d9	NOTYPE	..lin.db4ae8ad..3eb307f8.0_235	0
0x209927	NOTYPE	..lin.db4ae8ad..3eb307f8.0_236	0
0x20992d	NOTYPE	..lin.db4ae8ad..3eb307f8.0_237	0
0x209936	NOTYPE	..lin.db4ae8ad..3eb307f8.0_238	0
0x20998e	NOTYPE	..lin.db4ae8ad..3eb307f8.0_239	0
0x209994	NOTYPE	..lin.db4ae8ad..3eb307f8.0_240	0
0x2099a0	NOTYPE	..lin.db4ae8ad..3eb307f8.0_241	0
0x2099a7	NOTYPE	..lin.db4ae8ad..3eb307f8.0_242	0
0x2099ed	NOTYPE	..lin.db4ae8ad..3eb307f8.0_243	0
0x2099f7	NOTYPE	..lin.db4ae8ad..3eb307f8.0_244	0
0x209a00	NOTYPE	..lin.db4ae8ad..3eb307f8.0_245	0
0x209a0f	NOTYPE	..lin.db4ae8ad..3eb307f8.0_246	0
0x209a23	NOTYPE	..lin.db4ae8ad..3eb307f8.0_247	0
0x209a33	NOTYPE	..lin.db4ae8ad..3eb307f8.0_248	0
0x209a38	NOTYPE	..lin.db4ae8ad..3eb307f8.0_249	0
0x209a44	NOTYPE	..lin.db4ae8ad..3eb307f8.0_250	0
0x209a55	NOTYPE	..lin.db4ae8ad..3eb307f8.0_251	0
0x209a5b	NOTYPE	..lin.db4ae8ad..3eb307f8.0_252	0
0x209a81	NOTYPE	..lin.db4ae8ad..3eb307f8.0_253	0
0x209ac0	NOTYPE	..lin.db4ae8ad..3eb307f8.0_254	0
0x209acf	NOTYPE	..lin.db4ae8ad..3eb307f8.0_255	0
0x209ad5	NOTYPE	..lin.db4ae8ad..3eb307f8.0_256	0
0x209ae2	FUNC	DirectCopyIntoVAS...2Fhome.2Fmal.2Fgm_release.2FMY22.2D026.2Ffinal.2Fiot.2Frtos.2Flibs.2Fgm.2Di35.2Frel.2Fwork.2Flibkernel.2Flibkernel.2Fvmm.	14
0x209af0	NOTYPE	..lin.db4ae8ad..b6e02ddf.0_257	0
0x209af0	FUNC	VirtIOHelper...2Fhome.2Fmal.2Fgm_release.2FMY22.2D026.2Ffinal.2Fiot.2Frtos.2Flibs.2Fgm.2Di35.2Frel.2Fwork.2Flibkernel.2Flibkernel.2Fvmm.	194
0x209b24	NOTYPE	..lin.db4ae8ad..e1d4fea2.0_258	0
0x209b3f	NOTYPE	..lin.db4ae8ad..e1d4fea2.0_259	0
0x209b4b	NOTYPE	..lin.db4ae8ad..e1d4fea2.0_260	0
0x209b4d	NOTYPE	..lin.db4ae8ad..e1d4fea2.0_261	0
0x209b59	NOTYPE	..lin.db4ae8ad..e1d4fea2.0_262	0
0x209b5b	NOTYPE	..lin.db4ae8ad..e1d4fea2.0_263	0
0x209b6a	NOTYPE	..lin.db4ae8ad..e1d4fea2.0_264	0
0x209ba4	NOTYPE	..lin.db4ae8ad..e1d4fea2.0_265	0
0x209bb2	FUNC	ASP_RunVm	806
0x209bdf	NOTYPE	..lin.db4ae8ad..10e83200.0_266	0
0x209bea	NOTYPE	..lin.db4ae8ad..10e83200.0_267	0
0x209bf6	NOTYPE	..lin.db4ae8ad..10e83200.0_268	0
0x209c06	NOTYPE	..lin.db4ae8ad..10e83200.0_269	0
0x209c33	NOTYPE	..lin.db4ae8ad..10e83200.0_270	0
0x209c9a	NOTYPE	..lin.db4ae8ad..10e83200.0_271	0
0x209ca0	NOTYPE	..lin.db4ae8ad..10e83200.0_272	0
0x209cab	NOTYPE	..lin.db4ae8ad..10e83200.0_273	0
0x209cc2	NOTYPE	..lin.db4ae8ad..10e83200.0_274	0
0x209cc7	NOTYPE	..lin.db4ae8ad..10e83200.0_275	0
0x209cd5	NOTYPE	..lin.db4ae8ad..10e83200.0_276	0
0x209cdb	NOTYPE	..lin.db4ae8ad..10e83200.0_277	0
0x209ce5	NOTYPE	..lin.db4ae8ad..10e83200.0_278	0
0x209cf1	NOTYPE	..lin.db4ae8ad..10e83200.0_279	0
0x209cf9	NOTYPE	..lin.db4ae8ad..10e83200.0_280	0
0x209d01	NOTYPE	..lin.db4ae8ad..10e83200.0_281	0
0x209d06	NOTYPE	..lin.db4ae8ad..10e83200.0_282	0
0x209d42	NOTYPE	..lin.db4ae8ad..10e83200.0_283	0
0x209d48	NOTYPE	..lin.db4ae8ad..10e83200.0_284	0
0x209d4e	NOTYPE	..lin.db4ae8ad..10e83200.0_285	0
0x209d74	NOTYPE	..lin.db4ae8ad..10e83200.0_286	0
0x209d7a	NOTYPE	..lin.db4ae8ad..10e83200.0_287	0
0x209d85	NOTYPE	..lin.db4ae8ad..10e83200.0_288	0
0x209d93	NOTYPE	..lin.db4ae8ad..10e83200.0_289	0
0x209d9c	NOTYPE	..lin.db4ae8ad..10e83200.0_290	0
0x209dad	NOTYPE	..lin.db4ae8ad..10e83200.0_291	0
0x209db6	NOTYPE	..lin.db4ae8ad..10e83200.0_292	0
0x209dc6	NOTYPE	..lin.db4ae8ad..10e83200.0_293	0
0x209dd8	NOTYPE	..lin.db4ae8ad..10e83200.0_294	0
0x209dde	NOTYPE	..lin.db4ae8ad..10e83200.0_295	0
0x209df9	NOTYPE	..lin.db4ae8ad..10e83200.0_296	0
0x209dfe	NOTYPE	..lin.db4ae8ad..10e83200.0_297	0
0x209e0d	NOTYPE	..lin.db4ae8ad..10e83200.0_298	0
0x209e12	NOTYPE	..lin.db4ae8ad..10e83200.0_299	0
0x209e1e	NOTYPE	..lin.db4ae8ad..10e83200.0_300	0
0x209e23	NOTYPE	..lin.db4ae8ad..10e83200.0_301	0
0x209e2f	NOTYPE	..lin.db4ae8ad..10e83200.0_302	0
0x209e34	NOTYPE	..lin.db4ae8ad..10e83200.0_303	0
0x209e43	NOTYPE	..lin.db4ae8ad..10e83200.0_304	0
0x209e46	NOTYPE	..lin.db4ae8ad..10e83200.0_305	0
0x209e48	NOTYPE	..lin.db4ae8ad..10e83200.0_306	0
0x209e60	NOTYPE	..lin.db4ae8ad..10e83200.0_307	0
0x209e65	NOTYPE	..lin.db4ae8ad..10e83200.0_308	0
0x209e71	NOTYPE	..lin.db4ae8ad..10e83200.0_309	0
0x209e76	NOTYPE	..lin.db4ae8ad..10e83200.0_310	0
0x209e82	NOTYPE	..lin.db4ae8ad..10e83200.0_311	0
0x209e87	NOTYPE	..lin.db4ae8ad..10e83200.0_312	0
0x209e92	NOTYPE	..lin.db4ae8ad..10e83200.0_313	0
0x209e97	NOTYPE	..lin.db4ae8ad..10e83200.0_314	0
0x209e9d	NOTYPE	..lin.db4ae8ad..10e83200.0_315	0
0x209eab	NOTYPE	..lin.db4ae8ad..10e83200.0_316	0
0x209eb8	NOTYPE	..lin.db4ae8ad..10e83200.0_317	0
0x209ebf	NOTYPE	..lin.db4ae8ad..10e83200.0_318	0
0x209ec7	NOTYPE	..lin.db4ae8ad..10e83200.0_319	0
0x209ed8	FUNC	VMM_ExitVMCallback	23
0x209ee2	NOTYPE	..lin.db4ae8ad..e09aabbe.0_320	0
0x209eee	NOTYPE	..lin.db4ae8ad..e09aabbe.0_321	0
0x209eef	FUNC	VMM_PendVCpu	18
0x209ef5	NOTYPE	..lin.db4ae8ad..93c81879.0_322	0
0x209eff	NOTYPE	..lin.db4ae8ad..93c81879.0_323	0
0x209f01	FUNC	VMM_StartUnpendVCpu	122
0x209f27	NOTYPE	..lin.db4ae8ad..2bdcbb8a.0_324	0
0x209f38	NOTYPE	..lin.db4ae8ad..2bdcbb8a.0_325	0
0x209f43	NOTYPE	..lin.db4ae8ad..2bdcbb8a.0_326	0
0x209f45	NOTYPE	..lin.db4ae8ad..2bdcbb8a.0_327	0
0x209f5f	NOTYPE	..lin.db4ae8ad..2bdcbb8a.0_328	0
0x209f72	NOTYPE	..lin.db4ae8ad..2bdcbb8a.0_329	0
0x209f7b	FUNC	VMM_UnpendIpiHandler	75
0x209f85	NOTYPE	..lin.db4ae8ad..b0fc669e.0_330	0
0x209fa7	NOTYPE	..lin.db4ae8ad..b0fc669e.0_331	0
0x209fa9	NOTYPE	..lin.db4ae8ad..b0fc669e.0_332	0
0x209fb9	NOTYPE	..lin.db4ae8ad..b0fc669e.0_333	0
0x209fc2	NOTYPE	..lin.db4ae8ad..b0fc669e.0_334	0
0x209fc6	FUNC	VMM_UnpendVMCallback	5
0x209fcb	NOTYPE	..lin.db4ae8ad..84afedae.0_335	0
0x209fcb	FUNC	VMM_SetClockAlarmForPendedVCpu	199
0x209fe7	NOTYPE	..lin.db4ae8ad..6afd9d0e.0_336	0
0x209ff9	NOTYPE	..lin.db4ae8ad..6afd9d0e.0_337	0
0x209fff	NOTYPE	..lin.db4ae8ad..6afd9d0e.0_338	0
0x20a00f	NOTYPE	..lin.db4ae8ad..6afd9d0e.0_339	0
0x20a01e	NOTYPE	..lin.db4ae8ad..6afd9d0e.0_340	0
0x20a035	NOTYPE	..lin.db4ae8ad..6afd9d0e.0_341	0
0x20a041	NOTYPE	..lin.db4ae8ad..6afd9d0e.0_342	0
0x20a051	NOTYPE	..lin.db4ae8ad..6afd9d0e.0_343	0
0x20a05f	NOTYPE	..lin.db4ae8ad..6afd9d0e.0_344	0
0x20a07b	NOTYPE	..lin.db4ae8ad..6afd9d0e.0_345	0
0x20a08b	NOTYPE	..lin.db4ae8ad..6afd9d0e.0_346	0
0x20a092	FUNC	VMM_GuestRamOffsetToHostPAddr	86
0x20a098	NOTYPE	..lin.db4ae8ad..298e430f.0_347	0
0x20a0b0	NOTYPE	..lin.db4ae8ad..298e430f.0_348	0
0x20a0bc	NOTYPE	..lin.db4ae8ad..298e430f.0_349	0
0x20a0da	NOTYPE	..lin.db4ae8ad..298e430f.0_350	0
0x20a0e2	NOTYPE	..lin.db4ae8ad..298e430f.0_351	0
0x20a0e8	FUNC	VMM_GetIODomainMap	272
0x20a12b	NOTYPE	..lin.db4ae8ad..f78b142.0_352	0
0x20a131	NOTYPE	..lin.db4ae8ad..f78b142.0_353	0
0x20a13a	NOTYPE	..lin.db4ae8ad..f78b142.0_354	0
0x20a140	NOTYPE	..lin.db4ae8ad..f78b142.0_355	0
0x20a149	NOTYPE	..lin.db4ae8ad..f78b142.0_356	0
0x20a161	NOTYPE	..lin.db4ae8ad..f78b142.0_357	0
0x20a16a	NOTYPE	..lin.db4ae8ad..f78b142.0_358	0
0x20a18f	NOTYPE	..lin.db4ae8ad..f78b142.0_359	0
0x20a193	NOTYPE	..lin.db4ae8ad..f78b142.0_360	0
0x20a19d	NOTYPE	..lin.db4ae8ad..f78b142.0_361	0
0x20a1a3	NOTYPE	..lin.db4ae8ad..f78b142.0_362	0
0x20a1af	NOTYPE	..lin.db4ae8ad..f78b142.0_363	0
0x20a1c5	NOTYPE	..lin.db4ae8ad..f78b142.0_364	0
0x20a1cb	NOTYPE	..lin.db4ae8ad..f78b142.0_365	0
0x20a1d4	NOTYPE	..lin.db4ae8ad..f78b142.0_366	0
0x20a1da	NOTYPE	..lin.db4ae8ad..f78b142.0_367	0
0x20a1f8	FUNC	VMM_SetCmdQueueAddr	27
0x20a213	NOTYPE	..lin.db4ae8ad..ad1a0e14.0_368	0
0x20a214	FUNC	InternalINTERRUPT_Panic	364
0x20a234	NOTYPE	..lin.d934b288..31fc3659.0_1	0
0x20a256	NOTYPE	..lin.d934b288..31fc3659.0_2	0
0x20a2cc	NOTYPE	..lin.d934b288..31fc3659.0_3	0
0x20a2d0	NOTYPE	..lin.d934b288..31fc3659.0_4	0
0x20a2e0	NOTYPE	..lin.d934b288..31fc3659.0_5	0
0x20a2fc	NOTYPE	..lin.d934b288..31fc3659.0_6	0
0x20a318	NOTYPE	..lin.d934b288..31fc3659.0_7	0
0x20a334	NOTYPE	..lin.d934b288..31fc3659.0_8	0
0x20a344	NOTYPE	..lin.d934b288..31fc3659.0_9	0
0x20a349	NOTYPE	..lin.d934b288..31fc3659.0_10	0
0x20a359	NOTYPE	..lin.d934b288..31fc3659.0_11	0
0x20a35e	NOTYPE	..lin.d934b288..31fc3659.0_12	0
0x20a362	NOTYPE	..lin.d934b288..31fc3659.0_13	0
0x20a367	NOTYPE	..lin.d934b288..31fc3659.0_14	0
0x20a36c	NOTYPE	..lin.d934b288..31fc3659.0_15	0
0x20a370	NOTYPE	..lin.d934b288..31fc3659.0_16	0
0x20a375	NOTYPE	..lin.d934b288..31fc3659.0_17	0
0x20a380	FUNC	ASP_INTERRUPT_Panic	551
0x20a3a0	NOTYPE	..lin.d934b288..3c470c7f.0_18	0
0x20a3ad	NOTYPE	..lin.d934b288..3c470c7f.0_19	0
0x20a3c0	NOTYPE	..lin.d934b288..3c470c7f.0_20	0
0x20a3c5	NOTYPE	..lin.d934b288..3c470c7f.0_21	0
0x20a3d5	NOTYPE	..lin.d934b288..3c470c7f.0_22	0
0x20a3e5	NOTYPE	..lin.d934b288..3c470c7f.0_23	0
0x20a3f5	NOTYPE	..lin.d934b288..3c470c7f.0_24	0
0x20a401	NOTYPE	..lin.d934b288..3c470c7f.0_25	0
0x20a411	NOTYPE	..lin.d934b288..3c470c7f.0_26	0
0x20a426	NOTYPE	..lin.d934b288..3c470c7f.0_27	0
0x20a43a	NOTYPE	..lin.d934b288..3c470c7f.0_28	0
0x20a44a	NOTYPE	..lin.d934b288..3c470c7f.0_29	0
0x20a458	NOTYPE	..lin.d934b288..3c470c7f.0_30	0
0x20a45d	NOTYPE	..lin.d934b288..3c470c7f.0_31	0
0x20a46d	NOTYPE	..lin.d934b288..3c470c7f.0_32	0
0x20a47c	NOTYPE	..lin.d934b288..3c470c7f.0_33	0
0x20a48c	NOTYPE	..lin.d934b288..3c470c7f.0_34	0
0x20a491	NOTYPE	..lin.d934b288..3c470c7f.0_35	0
0x20a4b9	NOTYPE	..lin.d934b288..3c470c7f.0_36	0
0x20a4c6	NOTYPE	..lin.d934b288..3c470c7f.0_37	0
0x20a4d3	NOTYPE	..lin.d934b288..3c470c7f.0_38	0
0x20a4e0	NOTYPE	..lin.d934b288..3c470c7f.0_39	0
0x20a4fa	NOTYPE	..lin.d934b288..3c470c7f.0_40	0
0x20a50a	NOTYPE	..lin.d934b288..3c470c7f.0_41	0
0x20a50e	NOTYPE	..lin.d934b288..3c470c7f.0_42	0
0x20a513	NOTYPE	..lin.d934b288..3c470c7f.0_43	0
0x20a520	NOTYPE	..lin.d934b288..3c470c7f.0_44	0
0x20a52a	NOTYPE	..lin.d934b288..3c470c7f.0_45	0
0x20a539	NOTYPE	..lin.d934b288..3c470c7f.0_46	0
0x20a540	NOTYPE	..lin.d934b288..3c470c7f.0_47	0
0x20a54a	NOTYPE	..lin.d934b288..3c470c7f.0_48	0
0x20a55a	NOTYPE	..lin.d934b288..3c470c7f.0_49	0
0x20a560	NOTYPE	..lin.d934b288..3c470c7f.0_50	0
0x20a56f	NOTYPE	..lin.d934b288..3c470c7f.0_51	0
0x20a576	NOTYPE	..lin.d934b288..3c470c7f.0_52	0
0x20a586	NOTYPE	..lin.d934b288..3c470c7f.0_53	0
0x20a58f	NOTYPE	..lin.d934b288..3c470c7f.0_54	0
0x20a59c	NOTYPE	..lin.d934b288..3c470c7f.0_55	0
0x20a5a7	FUNC	INTERRUPT_Panic	15
0x20a5b6	NOTYPE	..lin.d934b288..1d69abfc.0_56	0
0x20a5b6	FUNC	INTERRUPT_SystemIsFaulted	48
0x20a5c6	NOTYPE	..lin.d934b288..1ba53277.0_57	0
0x20a5dc	NOTYPE	..lin.d934b288..1ba53277.0_58	0
0x20a5e5	NOTYPE	..lin.d934b288..1ba53277.0_59	0
0x20a5e8	FUNC	ASP_TBtoTime	202
0x20a606	NOTYPE	..lin.9d7b1ca8..f5b3f150.0_1	0
0x20a613	NOTYPE	..lin.9d7b1ca8..f5b3f150.0_2	0
0x20a626	NOTYPE	..lin.9d7b1ca8..f5b3f150.0_3	0
0x20a63b	NOTYPE	..lin.9d7b1ca8..f5b3f150.0_4	0
0x20a64a	NOTYPE	..lin.9d7b1ca8..f5b3f150.0_5	0
0x20a661	NOTYPE	..lin.9d7b1ca8..f5b3f150.0_6	0
0x20a67b	NOTYPE	..lin.9d7b1ca8..f5b3f150.0_7	0
0x20a68e	NOTYPE	..lin.9d7b1ca8..f5b3f150.0_8	0
0x20a694	NOTYPE	..lin.9d7b1ca8..f5b3f150.0_9	0
0x20a698	NOTYPE	..lin.9d7b1ca8..f5b3f150.0_10	0
0x20a6b2	FUNC	ASP_TimetoTB	184
0x20a6d4	NOTYPE	..lin.9d7b1ca8..9edbc390.0_11	0
0x20a6e8	NOTYPE	..lin.9d7b1ca8..9edbc390.0_12	0
0x20a6f0	NOTYPE	..lin.9d7b1ca8..9edbc390.0_13	0
0x20a6f8	NOTYPE	..lin.9d7b1ca8..9edbc390.0_14	0
0x20a70d	NOTYPE	..lin.9d7b1ca8..9edbc390.0_15	0
0x20a719	NOTYPE	..lin.9d7b1ca8..9edbc390.0_16	0
0x20a736	NOTYPE	..lin.9d7b1ca8..9edbc390.0_17	0
0x20a749	NOTYPE	..lin.9d7b1ca8..9edbc390.0_18	0
0x20a76a	FUNC	HighResCalculateAddTickAdderParameters	79
0x20a77a	NOTYPE	..lin.9d7b1ca8..7e68fa25.0_19	0
0x20a781	NOTYPE	..lin.9d7b1ca8..7e68fa25.0_20	0
0x20a799	NOTYPE	..lin.9d7b1ca8..7e68fa25.0_21	0
0x20a7a3	NOTYPE	..lin.9d7b1ca8..7e68fa25.0_22	0
0x20a7ac	NOTYPE	..lin.9d7b1ca8..7e68fa25.0_23	0
0x20a7b9	FUNC	HighResCalculateSubTickAdderParameters	86
0x20a7c9	NOTYPE	..lin.9d7b1ca8..58147f46.0_24	0
0x20a7d0	NOTYPE	..lin.9d7b1ca8..58147f46.0_25	0
0x20a7d6	NOTYPE	..lin.9d7b1ca8..58147f46.0_26	0
0x20a7e7	NOTYPE	..lin.9d7b1ca8..58147f46.0_27	0
0x20a7e9	NOTYPE	..lin.9d7b1ca8..58147f46.0_28	0
0x20a7fb	NOTYPE	..lin.9d7b1ca8..58147f46.0_29	0
0x20a80f	FUNC	HighResInternalGetTime...2Fhome.2Fmal.2Fgm_release.2FMY22.2D026.2Ffinal.2Fiot.2Frtos.2Flibs.2Fgm.2Di35.2Frel.2Fwork.2Flibkernel.2Flibkernel.2Fhighrestimer.	73
0x20a821	NOTYPE	..lin.9d7b1ca8..171bc3b.0_30	0
0x20a849	NOTYPE	..lin.9d7b1ca8..171bc3b.0_31	0
0x20a855	NOTYPE	..lin.9d7b1ca8..171bc3b.0_32	0
0x20a858	FUNC	InternalHighResRecalculateInterrupt...2Fhome.2Fmal.2Fgm_release.2FMY22.2D026.2Ffinal.2Fiot.2Frtos.2Flibs.2Fgm.2Di35.2Frel.2Fwork.2Flibkernel.2Flibkernel.2Fhighrestimer.	95
0x20a866	NOTYPE	..lin.9d7b1ca8..ade5b77e.0_33	0
0x20a87c	NOTYPE	..lin.9d7b1ca8..ade5b77e.0_34	0
0x20a884	NOTYPE	..lin.9d7b1ca8..ade5b77e.0_35	0
0x20a888	NOTYPE	..lin.9d7b1ca8..ade5b77e.0_36	0
0x20a88e	NOTYPE	..lin.9d7b1ca8..ade5b77e.0_37	0
0x20a8b2	NOTYPE	..lin.9d7b1ca8..ade5b77e.0_38	0
0x20a8b7	FUNC	InternalGetGlobalDriftComp	11
0x20a8c1	NOTYPE	..lin.9d7b1ca8..292d995b.0_39	0
0x20a8c2	FUNC	HighResUpdateDriftComp	31
0x20a8d0	NOTYPE	..lin.9d7b1ca8..dee1c8da.0_40	0
0x20a8d5	NOTYPE	..lin.9d7b1ca8..dee1c8da.0_41	0
0x20a8db	NOTYPE	..lin.9d7b1ca8..dee1c8da.0_42	0
0x20a8e1	FUNC	InternalGetDriftCompForCpu	22
0x20a8f6	NOTYPE	..lin.9d7b1ca8..8e2b1459.0_43	0
0x20a8f7	FUNC	HighResRecalculateInterrupt...2Fhome.2Fmal.2Fgm_release.2FMY22.2D026.2Ffinal.2Fiot.2Frtos.2Flibs.2Fgm.2Di35.2Frel.2Fwork.2Flibkernel.2Flibkernel.2Fhighrestimer.	945
0x20a934	NOTYPE	..lin.9d7b1ca8..1dadb9a1.0_44	0
0x20a941	NOTYPE	..lin.9d7b1ca8..1dadb9a1.0_45	0
0x20a95b	NOTYPE	..lin.9d7b1ca8..1dadb9a1.0_46	0
0x20a960	NOTYPE	..lin.9d7b1ca8..1dadb9a1.0_47	0
0x20a981	NOTYPE	..lin.9d7b1ca8..1dadb9a1.0_48	0
0x20a983	NOTYPE	..lin.9d7b1ca8..1dadb9a1.0_49	0
0x20a98a	NOTYPE	..lin.9d7b1ca8..1dadb9a1.0_50	0
0x20a9a5	NOTYPE	..lin.9d7b1ca8..1dadb9a1.0_51	0
0x20a9bc	NOTYPE	..lin.9d7b1ca8..1dadb9a1.0_52	0
0x20a9c8	NOTYPE	..lin.9d7b1ca8..1dadb9a1.0_53	0
0x20a9dd	NOTYPE	..lin.9d7b1ca8..1dadb9a1.0_54	0
0x20a9fd	NOTYPE	..lin.9d7b1ca8..1dadb9a1.0_55	0
0x20aa0a	NOTYPE	..lin.9d7b1ca8..1dadb9a1.0_56	0
0x20aa14	NOTYPE	..lin.9d7b1ca8..1dadb9a1.0_57	0
0x20aa23	NOTYPE	..lin.9d7b1ca8..1dadb9a1.0_58	0
0x20aa33	NOTYPE	..lin.9d7b1ca8..1dadb9a1.0_59	0
0x20aa3c	NOTYPE	..lin.9d7b1ca8..1dadb9a1.0_60	0
0x20aa53	NOTYPE	..lin.9d7b1ca8..1dadb9a1.0_61	0
0x20aa66	NOTYPE	..lin.9d7b1ca8..1dadb9a1.0_62	0
0x20aa76	NOTYPE	..lin.9d7b1ca8..1dadb9a1.0_63	0
0x20aa7b	NOTYPE	..lin.9d7b1ca8..1dadb9a1.0_64	0
0x20aa9a	NOTYPE	..lin.9d7b1ca8..1dadb9a1.0_65	0
0x20aae4	NOTYPE	..lin.9d7b1ca8..1dadb9a1.0_66	0
0x20aaee	NOTYPE	..lin.9d7b1ca8..1dadb9a1.0_67	0
0x20aafb	NOTYPE	..lin.9d7b1ca8..1dadb9a1.0_68	0
0x20ab01	NOTYPE	..lin.9d7b1ca8..1dadb9a1.0_69	0
0x20ab12	NOTYPE	..lin.9d7b1ca8..1dadb9a1.0_70	0
0x20ab1e	NOTYPE	..lin.9d7b1ca8..1dadb9a1.0_71	0
0x20ab3e	NOTYPE	..lin.9d7b1ca8..1dadb9a1.0_72	0
0x20ab4a	NOTYPE	..lin.9d7b1ca8..1dadb9a1.0_73	0
0x20ab61	NOTYPE	..lin.9d7b1ca8..1dadb9a1.0_74	0
0x20ab6d	NOTYPE	..lin.9d7b1ca8..1dadb9a1.0_75	0
0x20ab7d	NOTYPE	..lin.9d7b1ca8..1dadb9a1.0_76	0
0x20ab8a	NOTYPE	..lin.9d7b1ca8..1dadb9a1.0_77	0
0x20ab9d	NOTYPE	..lin.9d7b1ca8..1dadb9a1.0_78	0
0x20aba9	NOTYPE	..lin.9d7b1ca8..1dadb9a1.0_79	0
0x20abcf	NOTYPE	..lin.9d7b1ca8..1dadb9a1.0_80	0
0x20abdb	NOTYPE	..lin.9d7b1ca8..1dadb9a1.0_81	0
0x20abe7	NOTYPE	..lin.9d7b1ca8..1dadb9a1.0_82	0
0x20abf4	NOTYPE	..lin.9d7b1ca8..1dadb9a1.0_83	0
0x20ac01	NOTYPE	..lin.9d7b1ca8..1dadb9a1.0_84	0
0x20ac2b	NOTYPE	..lin.9d7b1ca8..1dadb9a1.0_85	0
0x20ac4c	NOTYPE	..lin.9d7b1ca8..1dadb9a1.0_86	0
0x20ac54	NOTYPE	..lin.9d7b1ca8..1dadb9a1.0_87	0
0x20ac58	NOTYPE	..lin.9d7b1ca8..1dadb9a1.0_88	0
0x20ac60	NOTYPE	..lin.9d7b1ca8..1dadb9a1.0_89	0
0x20ac65	NOTYPE	..lin.9d7b1ca8..1dadb9a1.0_90	0
0x20ac6b	NOTYPE	..lin.9d7b1ca8..1dadb9a1.0_91	0
0x20ac7f	NOTYPE	..lin.9d7b1ca8..1dadb9a1.0_92	0
0x20ac92	NOTYPE	..lin.9d7b1ca8..1dadb9a1.0_93	0
0x20ac9d	NOTYPE	..lin.9d7b1ca8..1dadb9a1.0_94	0
0x20aca8	FUNC	ASP_GetTaskTimer	160
0x20acc5	NOTYPE	..lin.9d7b1ca8..1798e63c.0_95	0
0x20accf	NOTYPE	..lin.9d7b1ca8..1798e63c.0_96	0
0x20acd8	NOTYPE	..lin.9d7b1ca8..1798e63c.0_97	0
0x20ace0	NOTYPE	..lin.9d7b1ca8..1798e63c.0_98	0
0x20ace5	NOTYPE	..lin.9d7b1ca8..1798e63c.0_99	0
0x20acf2	NOTYPE	..lin.9d7b1ca8..1798e63c.0_100	0
0x20ad02	NOTYPE	..lin.9d7b1ca8..1798e63c.0_101	0
0x20ad07	NOTYPE	..lin.9d7b1ca8..1798e63c.0_102	0
0x20ad0d	NOTYPE	..lin.9d7b1ca8..1798e63c.0_103	0
0x20ad12	NOTYPE	..lin.9d7b1ca8..1798e63c.0_104	0
0x20ad18	NOTYPE	..lin.9d7b1ca8..1798e63c.0_105	0
0x20ad37	NOTYPE	..lin.9d7b1ca8..1798e63c.0_106	0
0x20ad48	FUNC	ApplyLastRunTime...2Fhome.2Fmal.2Fgm_release.2FMY22.2D026.2Ffinal.2Fiot.2Frtos.2Flibs.2Fgm.2Di35.2Frel.2Fwork.2Flibkernel.2Flibkernel.2Fhighrestimer.	68
0x20ad55	NOTYPE	..lin.9d7b1ca8..140def43.0_107	0
0x20ad73	NOTYPE	..lin.9d7b1ca8..140def43.0_108	0
0x20ad83	NOTYPE	..lin.9d7b1ca8..140def43.0_109	0
0x20ad89	NOTYPE	..lin.9d7b1ca8..140def43.0_110	0
0x20ad8c	FUNC	ASP_PendingTaskExecTimerExpiration	44
0x20ada6	NOTYPE	..lin.9d7b1ca8..ff72d149.0_111	0
0x20adaf	NOTYPE	..lin.9d7b1ca8..ff72d149.0_112	0
0x20adb5	NOTYPE	..lin.9d7b1ca8..ff72d149.0_113	0
0x20adb8	FUNC	ASP_SetTaskTimer	98
0x20add8	NOTYPE	..lin.9d7b1ca8..630146c8.0_114	0
0x20ade7	NOTYPE	..lin.9d7b1ca8..630146c8.0_115	0
0x20aded	NOTYPE	..lin.9d7b1ca8..630146c8.0_116	0
0x20adf5	NOTYPE	..lin.9d7b1ca8..630146c8.0_117	0
0x20ae01	NOTYPE	..lin.9d7b1ca8..630146c8.0_118	0
0x20ae0f	NOTYPE	..lin.9d7b1ca8..630146c8.0_119	0
0x20ae1a	FUNC	InternalASP_StartTaskTimer...2Fhome.2Fmal.2Fgm_release.2FMY22.2D026.2Ffinal.2Fiot.2Frtos.2Flibs.2Fgm.2Di35.2Frel.2Fwork.2Flibkernel.2Flibkernel.2Fhighrestimer.	72
0x20ae23	NOTYPE	..lin.9d7b1ca8..9587747.0_120	0
0x20ae45	NOTYPE	..lin.9d7b1ca8..9587747.0_121	0
0x20ae60	NOTYPE	..lin.9d7b1ca8..9587747.0_122	0
0x20ae62	FUNC	ASP_StartTaskTimer	88
0x20ae70	NOTYPE	..lin.9d7b1ca8..1a272e0a.0_123	0
0x20ae7a	NOTYPE	..lin.9d7b1ca8..1a272e0a.0_124	0
0x20ae82	NOTYPE	..lin.9d7b1ca8..1a272e0a.0_125	0
0x20ae92	NOTYPE	..lin.9d7b1ca8..1a272e0a.0_126	0
0x20ae96	NOTYPE	..lin.9d7b1ca8..1a272e0a.0_127	0
0x20aea2	NOTYPE	..lin.9d7b1ca8..1a272e0a.0_128	0
0x20aeaf	NOTYPE	..lin.9d7b1ca8..1a272e0a.0_129	0
0x20aeb4	NOTYPE	..lin.9d7b1ca8..1a272e0a.0_130	0
0x20aeba	FUNC	InternalASP_StopTaskTimer...2Fhome.2Fmal.2Fgm_release.2FMY22.2D026.2Ffinal.2Fiot.2Frtos.2Flibs.2Fgm.2Di35.2Frel.2Fwork.2Flibkernel.2Flibkernel.2Fhighrestimer.	70
0x20aec0	NOTYPE	..lin.9d7b1ca8..102b47bf.0_131	0
0x20aed8	NOTYPE	..lin.9d7b1ca8..102b47bf.0_132	0
0x20aede	NOTYPE	..lin.9d7b1ca8..102b47bf.0_133	0
0x20aefe	NOTYPE	..lin.9d7b1ca8..102b47bf.0_134	0
0x20af00	FUNC	ASP_StopTaskTimer	48
0x20af17	NOTYPE	..lin.9d7b1ca8..8cccb222.0_135	0
0x20af24	NOTYPE	..lin.9d7b1ca8..8cccb222.0_136	0
0x20af29	NOTYPE	..lin.9d7b1ca8..8cccb222.0_137	0
0x20af2e	NOTYPE	..lin.9d7b1ca8..8cccb222.0_138	0
0x20af30	FUNC	HighResSetPartitionSchedulerTimeForCpu	95
0x20af5f	NOTYPE	..lin.9d7b1ca8..3fb8ec52.0_139	0
0x20af82	NOTYPE	..lin.9d7b1ca8..3fb8ec52.0_140	0
0x20af8f	FUNC	HighResTBOfNextPartitionSchedulerEvent	31
0x20af9d	NOTYPE	..lin.9d7b1ca8..d2d8ed34.0_141	0
0x20afac	NOTYPE	..lin.9d7b1ca8..d2d8ed34.0_142	0
0x20afae	FUNC	HighResPschedEventPending	83
0x20afce	NOTYPE	..lin.9d7b1ca8..4dae050d.0_143	0
0x20affb	NOTYPE	..lin.9d7b1ca8..4dae050d.0_144	0
0x20b001	FUNC	HighResSetTime...2Fhome.2Fmal.2Fgm_release.2FMY22.2D026.2Ffinal.2Fiot.2Frtos.2Flibs.2Fgm.2Di35.2Frel.2Fwork.2Flibkernel.2Flibkernel.2Fhighrestimer.	5
0x20b006	FUNC	HighResGetTime...2Fhome.2Fmal.2Fgm_release.2FMY22.2D026.2Ffinal.2Fiot.2Frtos.2Flibs.2Fgm.2Di35.2Frel.2Fwork.2Flibkernel.2Flibkernel.2Fhighrestimer.	43
0x20b013	NOTYPE	..lin.9d7b1ca8..d375d4de.0_145	0
0x20b01b	NOTYPE	..lin.9d7b1ca8..d375d4de.0_146	0
0x20b02d	NOTYPE	..lin.9d7b1ca8..d375d4de.0_147	0
0x20b031	FUNC	INTERRUPT_TimeUntilNextPartitionSchedulerEvent	96
0x20b04e	NOTYPE	..lin.9d7b1ca8..10dd27c6.0_148	0
0x20b057	NOTYPE	..lin.9d7b1ca8..10dd27c6.0_149	0
0x20b087	NOTYPE	..lin.9d7b1ca8..10dd27c6.0_150	0
0x20b091	FUNC	HighResSetAlarm...2Fhome.2Fmal.2Fgm_release.2FMY22.2D026.2Ffinal.2Fiot.2Frtos.2Flibs.2Fgm.2Di35.2Frel.2Fwork.2Flibkernel.2Flibkernel.2Fhighrestimer.	110
0x20b0a2	NOTYPE	..lin.9d7b1ca8..53f00dc8.0_151	0
0x20b0a8	NOTYPE	..lin.9d7b1ca8..53f00dc8.0_152	0
0x20b0c8	NOTYPE	..lin.9d7b1ca8..53f00dc8.0_153	0
0x20b0ce	NOTYPE	..lin.9d7b1ca8..53f00dc8.0_154	0
0x20b0d2	NOTYPE	..lin.9d7b1ca8..53f00dc8.0_155	0
0x20b0ed	NOTYPE	..lin.9d7b1ca8..53f00dc8.0_156	0
0x20b0f9	NOTYPE	..lin.9d7b1ca8..53f00dc8.0_157	0
0x20b0ff	FUNC	HighResGetResolution...2Fhome.2Fmal.2Fgm_release.2FMY22.2D026.2Ffinal.2Fiot.2Frtos.2Flibs.2Fgm.2Di35.2Frel.2Fwork.2Flibkernel.2Flibkernel.2Fhighrestimer.	52
0x20b10d	NOTYPE	..lin.9d7b1ca8..8843ba23.0_158	0
0x20b131	NOTYPE	..lin.9d7b1ca8..8843ba23.0_159	0
0x20b133	FUNC	HighResAlarmHandler...2Fhome.2Fmal.2Fgm_release.2FMY22.2D026.2Ffinal.2Fiot.2Frtos.2Flibs.2Fgm.2Di35.2Frel.2Fwork.2Flibkernel.2Flibkernel.2Fhighrestimer.	43
0x20b141	NOTYPE	..lin.9d7b1ca8..393bec1a.0_160	0
0x20b155	NOTYPE	..lin.9d7b1ca8..393bec1a.0_161	0
0x20b15e	FUNC	HighResInitialize	680
0x20b177	NOTYPE	..lin.9d7b1ca8..28241d41.0_162	0
0x20b184	NOTYPE	..lin.9d7b1ca8..28241d41.0_163	0
0x20b199	NOTYPE	..lin.9d7b1ca8..28241d41.0_164	0
0x20b1ae	NOTYPE	..lin.9d7b1ca8..28241d41.0_165	0
0x20b1b9	NOTYPE	..lin.9d7b1ca8..28241d41.0_166	0
0x20b1c5	NOTYPE	..lin.9d7b1ca8..28241d41.0_167	0
0x20b1ce	NOTYPE	..lin.9d7b1ca8..28241d41.0_168	0
0x20b1d8	NOTYPE	..lin.9d7b1ca8..28241d41.0_169	0
0x20b1e7	NOTYPE	..lin.9d7b1ca8..28241d41.0_170	0
0x20b1f4	NOTYPE	..lin.9d7b1ca8..28241d41.0_171	0
0x20b21c	NOTYPE	..lin.9d7b1ca8..28241d41.0_172	0
0x20b228	NOTYPE	..lin.9d7b1ca8..28241d41.0_173	0
0x20b237	NOTYPE	..lin.9d7b1ca8..28241d41.0_174	0
0x20b242	NOTYPE	..lin.9d7b1ca8..28241d41.0_175	0
0x20b24c	NOTYPE	..lin.9d7b1ca8..28241d41.0_176	0
0x20b25b	NOTYPE	..lin.9d7b1ca8..28241d41.0_177	0
0x20b265	NOTYPE	..lin.9d7b1ca8..28241d41.0_178	0
0x20b283	NOTYPE	..lin.9d7b1ca8..28241d41.0_179	0
0x20b2a7	NOTYPE	..lin.9d7b1ca8..28241d41.0_180	0
0x20b2af	NOTYPE	..lin.9d7b1ca8..28241d41.0_181	0
0x20b2c4	NOTYPE	..lin.9d7b1ca8..28241d41.0_182	0
0x20b2e3	NOTYPE	..lin.9d7b1ca8..28241d41.0_183	0
0x20b2f7	NOTYPE	..lin.9d7b1ca8..28241d41.0_184	0
0x20b300	NOTYPE	..lin.9d7b1ca8..28241d41.0_185	0
0x20b305	NOTYPE	..lin.9d7b1ca8..28241d41.0_186	0
0x20b30a	NOTYPE	..lin.9d7b1ca8..28241d41.0_187	0
0x20b316	NOTYPE	..lin.9d7b1ca8..28241d41.0_188	0
0x20b32f	NOTYPE	..lin.9d7b1ca8..28241d41.0_189	0
0x20b338	NOTYPE	..lin.9d7b1ca8..28241d41.0_190	0
0x20b341	NOTYPE	..lin.9d7b1ca8..28241d41.0_191	0
0x20b34a	NOTYPE	..lin.9d7b1ca8..28241d41.0_192	0
0x20b350	NOTYPE	..lin.9d7b1ca8..28241d41.0_193	0
0x20b35a	NOTYPE	..lin.9d7b1ca8..28241d41.0_194	0
0x20b370	NOTYPE	..lin.9d7b1ca8..28241d41.0_195	0
0x20b375	NOTYPE	..lin.9d7b1ca8..28241d41.0_196	0
0x20b3de	NOTYPE	..lin.9d7b1ca8..28241d41.0_197	0
0x20b3e4	NOTYPE	..lin.9d7b1ca8..28241d41.0_198	0
0x20b3f0	NOTYPE	..lin.9d7b1ca8..28241d41.0_199	0
0x20b3f5	NOTYPE	..lin.9d7b1ca8..28241d41.0_200	0
0x20b3ff	NOTYPE	..lin.9d7b1ca8..28241d41.0_201	0
0x20b406	FUNC	INTERRUPT_HighResInterrupt	38
0x20b425	NOTYPE	..lin.9d7b1ca8..926587c8.0_202	0
0x20b42a	NOTYPE	..lin.9d7b1ca8..926587c8.0_203	0
0x20b42c	FUNC	INTERRUPT_GetHighResTime	45
0x20b444	NOTYPE	..lin.9d7b1ca8..f6fc8f8a.0_204	0
0x20b44a	NOTYPE	..lin.9d7b1ca8..f6fc8f8a.0_205	0
0x20b459	FUNC	ASP_SetDriftComp	138
0x20b46f	NOTYPE	..lin.9d7b1ca8..c057723c.0_206	0
0x20b47f	NOTYPE	..lin.9d7b1ca8..c057723c.0_207	0
0x20b485	NOTYPE	..lin.9d7b1ca8..c057723c.0_208	0
0x20b49a	NOTYPE	..lin.9d7b1ca8..c057723c.0_209	0
0x20b4a4	NOTYPE	..lin.9d7b1ca8..c057723c.0_210	0
0x20b4b1	NOTYPE	..lin.9d7b1ca8..c057723c.0_211	0
0x20b4c2	NOTYPE	..lin.9d7b1ca8..c057723c.0_212	0
0x20b4c7	NOTYPE	..lin.9d7b1ca8..c057723c.0_213	0
0x20b4d4	NOTYPE	..lin.9d7b1ca8..c057723c.0_214	0
0x20b4de	NOTYPE	..lin.9d7b1ca8..c057723c.0_215	0
0x20b4e3	FUNC	ASP_GetDriftComp	17
0x20b4f2	NOTYPE	..lin.9d7b1ca8..74ef11b0.0_216	0
0x20b4f4	FUNC	ASP_Delay	42
0x20b507	NOTYPE	..lin.9d7b1ca8..fe20dd7.0_217	0
0x20b50f	NOTYPE	..lin.9d7b1ca8..fe20dd7.0_218	0
0x20b519	NOTYPE	..lin.9d7b1ca8..fe20dd7.0_219	0
0x20b51e	FUNC	INTERRUPT_GetTB	102
0x20b53f	NOTYPE	..lin.9d7b1ca8..1cc917a7.0_220	0
0x20b546	NOTYPE	..lin.9d7b1ca8..1cc917a7.0_221	0
0x20b552	NOTYPE	..lin.9d7b1ca8..1cc917a7.0_222	0
0x20b561	NOTYPE	..lin.9d7b1ca8..1cc917a7.0_223	0
0x20b571	NOTYPE	..lin.9d7b1ca8..1cc917a7.0_224	0
0x20b584	FUNC	ASP_SchedulerSync	142
0x20b592	NOTYPE	..lin.9d7b1ca8..10ce6504.0_225	0
0x20b59c	NOTYPE	..lin.9d7b1ca8..10ce6504.0_226	0
0x20b5b0	NOTYPE	..lin.9d7b1ca8..10ce6504.0_227	0
0x20b5cb	NOTYPE	..lin.9d7b1ca8..10ce6504.0_228	0
0x20b610	NOTYPE	..lin.9d7b1ca8..10ce6504.0_229	0
0x20b614	FUNC	RangesOverlap...2Fhome.2Fmal.2Fgm_release.2FMY22.2D026.2Ffinal.2Fiot.2Frtos.2Flibs.2Fgm.2Di35.2Frel.2Fwork.2Flibkernel.2Flibkernel.2Fasp_common_kernel_mapping.	36
0x20b627	NOTYPE	..lin.d9cc3494..4641bf1e.0_1	0
0x20b636	NOTYPE	..lin.d9cc3494..4641bf1e.0_2	0
0x20b638	FUNC	ASP_RecordKernelMapping	249
0x20b662	NOTYPE	..lin.d9cc3494..3384e734.0_3	0
0x20b66c	NOTYPE	..lin.d9cc3494..3384e734.0_4	0
0x20b672	NOTYPE	..lin.d9cc3494..3384e734.0_5	0
0x20b67c	NOTYPE	..lin.d9cc3494..3384e734.0_6	0
0x20b68e	NOTYPE	..lin.d9cc3494..3384e734.0_7	0
0x20b698	NOTYPE	..lin.d9cc3494..3384e734.0_8	0
0x20b6a1	NOTYPE	..lin.d9cc3494..3384e734.0_9	0
0x20b6b4	NOTYPE	..lin.d9cc3494..3384e734.0_10	0
0x20b6ca	NOTYPE	..lin.d9cc3494..3384e734.0_11	0
0x20b6d4	NOTYPE	..lin.d9cc3494..3384e734.0_12	0
0x20b6eb	NOTYPE	..lin.d9cc3494..3384e734.0_13	0
0x20b6f5	NOTYPE	..lin.d9cc3494..3384e734.0_14	0
0x20b703	NOTYPE	..lin.d9cc3494..3384e734.0_15	0
0x20b715	NOTYPE	..lin.d9cc3494..3384e734.0_16	0
0x20b731	FUNC	ASP_TranslateKernelToPhysical	93
0x20b73a	NOTYPE	..lin.d9cc3494..1bdff557.0_17	0
0x20b73e	NOTYPE	..lin.d9cc3494..1bdff557.0_18	0
0x20b74f	NOTYPE	..lin.d9cc3494..1bdff557.0_19	0
0x20b767	NOTYPE	..lin.d9cc3494..1bdff557.0_20	0
0x20b775	NOTYPE	..lin.d9cc3494..1bdff557.0_21	0
0x20b788	NOTYPE	..lin.d9cc3494..1bdff557.0_22	0
0x20b78e	FUNC	ASP_TranslatePhysicalToKernel	93
0x20b797	NOTYPE	..lin.d9cc3494..b8955857.0_23	0
0x20b79b	NOTYPE	..lin.d9cc3494..b8955857.0_24	0
0x20b7ac	NOTYPE	..lin.d9cc3494..b8955857.0_25	0
0x20b7c5	NOTYPE	..lin.d9cc3494..b8955857.0_26	0
0x20b7d2	NOTYPE	..lin.d9cc3494..b8955857.0_27	0
0x20b7e5	NOTYPE	..lin.d9cc3494..b8955857.0_28	0
0x20b7f0	FUNC	_ap_start32	22
0x20b810	FUNC	_start32	342
0x20b970	FUNC	__DebuggerMmuEnabledIdentity	5
0x20b980	FUNC	__DebuggerMmuEnabled	5
0x20b990	FUNC	_start64	62
0x20b9d0	FUNC	_ap_kernel_start	94
0x20ba2e	NOTYPE	__ghs_eofn__ap_kernel_start	0
0x20ba30	FUNC	KernelSpace_CommonExceptionCode...2Fhome.2Fmal.2Fgm_release.2FMY22.2D026.2Ffinal.2Fiot.2Frtos.2Flibs.2Fgm.2Di35.2Frel.2Fwork.2Flibkernel.2Flibkernel.2Fcpu_x64.	91
0x20ba90	FUNC	SyscallEntry...2Fhome.2Fmal.2Fgm_release.2FMY22.2D026.2Ffinal.2Fiot.2Frtos.2Flibs.2Fgm.2Di35.2Frel.2Fwork.2Flibkernel.2Flibkernel.2Fcpu_x64.	188
0x20bb50	FUNC	ReturnToSchedulerFromEndCriticalSection	32
0x20bb70	FUNC	SavePreservedRegsAndReturnToScheduler...2Fhome.2Fmal.2Fgm_release.2FMY22.2D026.2Ffinal.2Fiot.2Frtos.2Flibs.2Fgm.2Di35.2Frel.2Fwork.2Flibkernel.2Flibkernel.2Fcpu_x64.	89
0x20bbd0	FUNC	ASP_SwitchToTaskContext	277
0x20bbd0	NOTYPE	SwitchToTaskContextWindowStart	0
0x20bc04	NOTYPE	SwitchToTaskContextWindowEnd	0
0x20bce8	FUNC	AddObjectsToDomain	47
0x20bd09	NOTYPE	..lin.fd85b154..7b7d7273.0_1	0
0x20bd17	FUNC	AtLeastTwoFreeObjects	77
0x20bd3b	NOTYPE	..lin.fd85b154..ae5699f9.0_2	0
0x20bd5c	NOTYPE	..lin.fd85b154..ae5699f9.0_3	0
0x20bd64	FUNC	MakeNewObject	164
0x20bd7f	NOTYPE	..lin.fd85b154..6a5905c4.0_4	0
0x20bd90	NOTYPE	..lin.fd85b154..6a5905c4.0_5	0
0x20bd95	NOTYPE	..lin.fd85b154..6a5905c4.0_6	0
0x20bd9c	NOTYPE	..lin.fd85b154..6a5905c4.0_7	0
0x20bdb4	NOTYPE	..lin.fd85b154..6a5905c4.0_8	0
0x20bdbb	NOTYPE	..lin.fd85b154..6a5905c4.0_9	0
0x20bdc9	NOTYPE	..lin.fd85b154..6a5905c4.0_10	0
0x20bddf	NOTYPE	..lin.fd85b154..6a5905c4.0_11	0
0x20bdef	NOTYPE	..lin.fd85b154..6a5905c4.0_12	0
0x20bdf5	NOTYPE	..lin.fd85b154..6a5905c4.0_13	0
0x20be08	FUNC	InconsistentError	37
0x20be17	NOTYPE	..lin.fd85b154..2d33df50.0_14	0
0x20be1d	NOTYPE	..lin.fd85b154..2d33df50.0_15	0
0x20be24	NOTYPE	..lin.fd85b154..2d33df50.0_16	0
0x20be2a	NOTYPE	..lin.fd85b154..2d33df50.0_17	0
0x20be2d	FUNC	ValidObject	110
0x20be37	NOTYPE	..lin.fd85b154..1d40276c.0_18	0
0x20be3f	NOTYPE	..lin.fd85b154..1d40276c.0_19	0
0x20be45	NOTYPE	..lin.fd85b154..1d40276c.0_20	0
0x20be53	NOTYPE	..lin.fd85b154..1d40276c.0_21	0
0x20be5b	NOTYPE	..lin.fd85b154..1d40276c.0_22	0
0x20be61	NOTYPE	..lin.fd85b154..1d40276c.0_23	0
0x20be71	NOTYPE	..lin.fd85b154..1d40276c.0_24	0
0x20be7b	NOTYPE	..lin.fd85b154..1d40276c.0_25	0
0x20be85	NOTYPE	..lin.fd85b154..1d40276c.0_26	0
0x20be87	NOTYPE	..lin.fd85b154..1d40276c.0_27	0
0x20be8e	NOTYPE	..lin.fd85b154..1d40276c.0_28	0
0x20be9b	FUNC	KernelStartClose	192
0x20beb5	NOTYPE	..lin.fd85b154..c4dcdf4a.0_29	0
0x20bed2	NOTYPE	..lin.fd85b154..c4dcdf4a.0_30	0
0x20bed8	NOTYPE	..lin.fd85b154..c4dcdf4a.0_31	0
0x20bede	NOTYPE	..lin.fd85b154..c4dcdf4a.0_32	0
0x20bef4	NOTYPE	..lin.fd85b154..c4dcdf4a.0_33	0
0x20befa	NOTYPE	..lin.fd85b154..c4dcdf4a.0_34	0
0x20bf09	NOTYPE	..lin.fd85b154..c4dcdf4a.0_35	0
0x20bf13	NOTYPE	..lin.fd85b154..c4dcdf4a.0_36	0
0x20bf1d	NOTYPE	..lin.fd85b154..c4dcdf4a.0_37	0
0x20bf23	NOTYPE	..lin.fd85b154..c4dcdf4a.0_38	0
0x20bf32	NOTYPE	..lin.fd85b154..c4dcdf4a.0_39	0
0x20bf3c	NOTYPE	..lin.fd85b154..c4dcdf4a.0_40	0
0x20bf42	NOTYPE	..lin.fd85b154..c4dcdf4a.0_41	0
0x20bf4c	NOTYPE	..lin.fd85b154..c4dcdf4a.0_42	0
0x20bf5b	FUNC	FreeObject	108
0x20bf80	NOTYPE	..lin.fd85b154..841f9bbe.0_43	0
0x20bfc2	NOTYPE	..lin.fd85b154..841f9bbe.0_44	0
0x20bfc7	FUNC	GenericClose	206
0x20bfd8	NOTYPE	..lin.fd85b154..ef341658.0_45	0
0x20bffa	NOTYPE	..lin.fd85b154..ef341658.0_46	0
0x20c013	NOTYPE	..lin.fd85b154..ef341658.0_47	0
0x20c01f	NOTYPE	..lin.fd85b154..ef341658.0_48	0
0x20c037	NOTYPE	..lin.fd85b154..ef341658.0_49	0
0x20c047	NOTYPE	..lin.fd85b154..ef341658.0_50	0
0x20c04d	NOTYPE	..lin.fd85b154..ef341658.0_51	0
0x20c056	NOTYPE	..lin.fd85b154..ef341658.0_52	0
0x20c060	NOTYPE	..lin.fd85b154..ef341658.0_53	0
0x20c078	NOTYPE	..lin.fd85b154..ef341658.0_54	0
0x20c07d	NOTYPE	..lin.fd85b154..ef341658.0_55	0
0x20c08e	NOTYPE	..lin.fd85b154..ef341658.0_56	0
0x20c095	FUNC	KernelFinishClose	182
0x20c0b4	NOTYPE	..lin.fd85b154..10bd9add.0_57	0
0x20c0d1	NOTYPE	..lin.fd85b154..10bd9add.0_58	0
0x20c0e5	NOTYPE	..lin.fd85b154..10bd9add.0_59	0
0x20c0eb	NOTYPE	..lin.fd85b154..10bd9add.0_60	0
0x20c0fa	NOTYPE	..lin.fd85b154..10bd9add.0_61	0
0x20c10c	NOTYPE	..lin.fd85b154..10bd9add.0_62	0
0x20c114	NOTYPE	..lin.fd85b154..10bd9add.0_63	0
0x20c121	NOTYPE	..lin.fd85b154..10bd9add.0_64	0
0x20c132	NOTYPE	..lin.fd85b154..10bd9add.0_65	0
0x20c138	NOTYPE	..lin.fd85b154..10bd9add.0_66	0
0x20c143	NOTYPE	..lin.fd85b154..10bd9add.0_67	0
0x20c14b	FUNC	KernelClearObjectMessageOverruns	156
0x20c15e	NOTYPE	..lin.fd85b154..4663610d.0_68	0
0x20c16f	NOTYPE	..lin.fd85b154..4663610d.0_69	0
0x20c17b	NOTYPE	..lin.fd85b154..4663610d.0_70	0
0x20c181	NOTYPE	..lin.fd85b154..4663610d.0_71	0
0x20c190	NOTYPE	..lin.fd85b154..4663610d.0_72	0
0x20c19a	NOTYPE	..lin.fd85b154..4663610d.0_73	0
0x20c1a3	NOTYPE	..lin.fd85b154..4663610d.0_74	0
0x20c1b2	NOTYPE	..lin.fd85b154..4663610d.0_75	0
0x20c1bc	NOTYPE	..lin.fd85b154..4663610d.0_76	0
0x20c1c2	NOTYPE	..lin.fd85b154..4663610d.0_77	0
0x20c1cc	NOTYPE	..lin.fd85b154..4663610d.0_78	0
0x20c1d5	NOTYPE	..lin.fd85b154..4663610d.0_79	0
0x20c1db	NOTYPE	..lin.fd85b154..4663610d.0_80	0
0x20c1e1	NOTYPE	..lin.fd85b154..4663610d.0_81	0
0x20c1e8	FUNC	PageCount...2Fhome.2Fmal.2Fgm_release.2FMY22.2D026.2Ffinal.2Fiot.2Frtos.2Flibs.2Fgm.2Di35.2Frel.2Fwork.2Flibkernel.2Flibkernel.2Fobjbtree.	73
0x20c1ee	NOTYPE	..lin.758a642a..c734458b.0_1	0
0x20c1f8	NOTYPE	..lin.758a642a..c734458b.0_2	0
0x20c20e	NOTYPE	..lin.758a642a..c734458b.0_3	0
0x20c230	NOTYPE	..lin.758a642a..c734458b.0_4	0
0x20c231	FUNC	ExtendObjectBTree	335
0x20c25c	NOTYPE	..lin.758a642a..58d79296.0_5	0
0x20c26f	NOTYPE	..lin.758a642a..58d79296.0_6	0
0x20c278	NOTYPE	..lin.758a642a..58d79296.0_7	0
0x20c281	NOTYPE	..lin.758a642a..58d79296.0_8	0
0x20c28a	NOTYPE	..lin.758a642a..58d79296.0_9	0
0x20c29f	NOTYPE	..lin.758a642a..58d79296.0_10	0
0x20c2aa	NOTYPE	..lin.758a642a..58d79296.0_11	0
0x20c2b2	NOTYPE	..lin.758a642a..58d79296.0_12	0
0x20c2b8	NOTYPE	..lin.758a642a..58d79296.0_13	0
0x20c2c3	NOTYPE	..lin.758a642a..58d79296.0_14	0
0x20c2c9	NOTYPE	..lin.758a642a..58d79296.0_15	0
0x20c2cf	NOTYPE	..lin.758a642a..58d79296.0_16	0
0x20c2da	NOTYPE	..lin.758a642a..58d79296.0_17	0
0x20c2e0	NOTYPE	..lin.758a642a..58d79296.0_18	0
0x20c2e7	NOTYPE	..lin.758a642a..58d79296.0_19	0
0x20c2eb	NOTYPE	..lin.758a642a..58d79296.0_20	0
0x20c2ef	NOTYPE	..lin.758a642a..58d79296.0_21	0
0x20c2f4	NOTYPE	..lin.758a642a..58d79296.0_22	0
0x20c2fe	NOTYPE	..lin.758a642a..58d79296.0_23	0
0x20c308	NOTYPE	..lin.758a642a..58d79296.0_24	0
0x20c326	NOTYPE	..lin.758a642a..58d79296.0_25	0
0x20c32c	NOTYPE	..lin.758a642a..58d79296.0_26	0
0x20c341	NOTYPE	..lin.758a642a..58d79296.0_27	0
0x20c351	NOTYPE	..lin.758a642a..58d79296.0_28	0
0x20c35f	NOTYPE	..lin.758a642a..58d79296.0_29	0
0x20c364	NOTYPE	..lin.758a642a..58d79296.0_30	0
0x20c373	NOTYPE	..lin.758a642a..58d79296.0_31	0
0x20c380	FUNC	ContractObjectBTree	298
0x20c3ab	NOTYPE	..lin.758a642a..6090e54c.0_32	0
0x20c3b0	NOTYPE	..lin.758a642a..6090e54c.0_33	0
0x20c3b6	NOTYPE	..lin.758a642a..6090e54c.0_34	0
0x20c3ce	NOTYPE	..lin.758a642a..6090e54c.0_35	0
0x20c3d2	NOTYPE	..lin.758a642a..6090e54c.0_36	0
0x20c3dd	NOTYPE	..lin.758a642a..6090e54c.0_37	0
0x20c3e5	NOTYPE	..lin.758a642a..6090e54c.0_38	0
0x20c3f4	NOTYPE	..lin.758a642a..6090e54c.0_39	0
0x20c3f6	NOTYPE	..lin.758a642a..6090e54c.0_40	0
0x20c3ff	NOTYPE	..lin.758a642a..6090e54c.0_41	0
0x20c419	NOTYPE	..lin.758a642a..6090e54c.0_42	0
0x20c422	NOTYPE	..lin.758a642a..6090e54c.0_43	0
0x20c42a	NOTYPE	..lin.758a642a..6090e54c.0_44	0
0x20c432	NOTYPE	..lin.758a642a..6090e54c.0_45	0
0x20c43a	NOTYPE	..lin.758a642a..6090e54c.0_46	0
0x20c440	NOTYPE	..lin.758a642a..6090e54c.0_47	0
0x20c44e	NOTYPE	..lin.758a642a..6090e54c.0_48	0
0x20c459	NOTYPE	..lin.758a642a..6090e54c.0_49	0
0x20c46a	NOTYPE	..lin.758a642a..6090e54c.0_50	0
0x20c474	NOTYPE	..lin.758a642a..6090e54c.0_51	0
0x20c47a	NOTYPE	..lin.758a642a..6090e54c.0_52	0
0x20c488	NOTYPE	..lin.758a642a..6090e54c.0_53	0
0x20c48c	NOTYPE	..lin.758a642a..6090e54c.0_54	0
0x20c49b	NOTYPE	..lin.758a642a..6090e54c.0_55	0
0x20c4aa	FUNC	IndexObjectBTree	65
0x20c4bc	NOTYPE	..lin.758a642a..c6aafd46.0_56	0
0x20c4cd	NOTYPE	..lin.758a642a..c6aafd46.0_57	0
0x20c4db	NOTYPE	..lin.758a642a..c6aafd46.0_58	0
0x20c4ec	FUNC	SemaphoreHeapFunction...2Fhome.2Fmal.2Fgm_release.2FMY22.2D026.2Ffinal.2Fiot.2Frtos.2Flibs.2Fgm.2Di35.2Frel.2Fwork.2Flibkernel.2Flibkernel.2Fsemaphore.	37
0x20c4f9	NOTYPE	..lin.a1da0881..1a31708d.0_1	0
0x20c500	NOTYPE	..lin.a1da0881..1a31708d.0_2	0
0x20c505	NOTYPE	..lin.a1da0881..1a31708d.0_3	0
0x20c50e	NOTYPE	..lin.a1da0881..1a31708d.0_4	0
0x20c511	FUNC	FreeBinarySemaphore	60
0x20c532	NOTYPE	..lin.a1da0881..5a706170.0_5	0
0x20c540	NOTYPE	..lin.a1da0881..5a706170.0_6	0
0x20c54d	FUNC	SemaphoreClose...2Fhome.2Fmal.2Fgm_release.2FMY22.2D026.2Ffinal.2Fiot.2Frtos.2Flibs.2Fgm.2Di35.2Frel.2Fwork.2Flibkernel.2Flibkernel.2Fsemaphore.	17
0x20c555	NOTYPE	..lin.a1da0881..b2312cbf.0_7	0
0x20c55a	NOTYPE	..lin.a1da0881..b2312cbf.0_8	0
0x20c55e	FUNC	ReleaseSemaphoreWaiter	131
0x20c56e	NOTYPE	..lin.a1da0881..775c6636.0_9	0
0x20c574	NOTYPE	..lin.a1da0881..775c6636.0_10	0
0x20c57a	NOTYPE	..lin.a1da0881..775c6636.0_11	0
0x20c595	NOTYPE	..lin.a1da0881..775c6636.0_12	0
0x20c5a0	NOTYPE	..lin.a1da0881..775c6636.0_13	0
0x20c5be	NOTYPE	..lin.a1da0881..775c6636.0_14	0
0x20c5c8	NOTYPE	..lin.a1da0881..775c6636.0_15	0
0x20c5ce	NOTYPE	..lin.a1da0881..775c6636.0_16	0
0x20c5db	NOTYPE	..lin.a1da0881..775c6636.0_17	0
0x20c5e1	FUNC	KernelCreateSemaphoreAtIndex	198
0x20c604	NOTYPE	..lin.a1da0881..aa728aeb.0_18	0
0x20c60c	NOTYPE	..lin.a1da0881..aa728aeb.0_19	0
0x20c612	NOTYPE	..lin.a1da0881..aa728aeb.0_20	0
0x20c62f	NOTYPE	..lin.a1da0881..aa728aeb.0_21	0
0x20c637	NOTYPE	..lin.a1da0881..aa728aeb.0_22	0
0x20c657	NOTYPE	..lin.a1da0881..aa728aeb.0_23	0
0x20c65f	NOTYPE	..lin.a1da0881..aa728aeb.0_24	0
0x20c676	NOTYPE	..lin.a1da0881..aa728aeb.0_25	0
0x20c695	NOTYPE	..lin.a1da0881..aa728aeb.0_26	0
0x20c69d	NOTYPE	..lin.a1da0881..aa728aeb.0_27	0
0x20c6a7	FUNC	KernelCreateHighestLockerSemaphoreWithOrderAtIndex	239
0x20c6cc	NOTYPE	..lin.a1da0881..1a33532f.0_28	0
0x20c6e9	NOTYPE	..lin.a1da0881..1a33532f.0_29	0
0x20c6f1	NOTYPE	..lin.a1da0881..1a33532f.0_30	0
0x20c6fa	NOTYPE	..lin.a1da0881..1a33532f.0_31	0
0x20c702	NOTYPE	..lin.a1da0881..1a33532f.0_32	0
0x20c708	NOTYPE	..lin.a1da0881..1a33532f.0_33	0
0x20c710	NOTYPE	..lin.a1da0881..1a33532f.0_34	0
0x20c72d	NOTYPE	..lin.a1da0881..1a33532f.0_35	0
0x20c735	NOTYPE	..lin.a1da0881..1a33532f.0_36	0
0x20c763	NOTYPE	..lin.a1da0881..1a33532f.0_37	0
0x20c782	NOTYPE	..lin.a1da0881..1a33532f.0_38	0
0x20c796	FUNC	InlineTryToObtainSemaphore...2Fhome.2Fmal.2Fgm_release.2FMY22.2D026.2Ffinal.2Fiot.2Frtos.2Flibs.2Fgm.2Di35.2Frel.2Fwork.2Flibkernel.2Flibkernel.2Fsemaphore.	381
0x20c7b2	NOTYPE	..lin.a1da0881..cd1e0627.0_39	0
0x20c7b8	NOTYPE	..lin.a1da0881..cd1e0627.0_40	0
0x20c7be	NOTYPE	..lin.a1da0881..cd1e0627.0_41	0
0x20c7ce	NOTYPE	..lin.a1da0881..cd1e0627.0_42	0
0x20c7d4	NOTYPE	..lin.a1da0881..cd1e0627.0_43	0
0x20c7e7	NOTYPE	..lin.a1da0881..cd1e0627.0_44	0
0x20c7f3	NOTYPE	..lin.a1da0881..cd1e0627.0_45	0
0x20c7fc	NOTYPE	..lin.a1da0881..cd1e0627.0_46	0
0x20c806	NOTYPE	..lin.a1da0881..cd1e0627.0_47	0
0x20c813	NOTYPE	..lin.a1da0881..cd1e0627.0_48	0
0x20c81c	NOTYPE	..lin.a1da0881..cd1e0627.0_49	0
0x20c826	NOTYPE	..lin.a1da0881..cd1e0627.0_50	0
0x20c82f	NOTYPE	..lin.a1da0881..cd1e0627.0_51	0
0x20c838	NOTYPE	..lin.a1da0881..cd1e0627.0_52	0
0x20c841	NOTYPE	..lin.a1da0881..cd1e0627.0_53	0
0x20c84a	NOTYPE	..lin.a1da0881..cd1e0627.0_54	0
0x20c855	NOTYPE	..lin.a1da0881..cd1e0627.0_55	0
0x20c85b	NOTYPE	..lin.a1da0881..cd1e0627.0_56	0
0x20c86f	NOTYPE	..lin.a1da0881..cd1e0627.0_57	0
0x20c876	NOTYPE	..lin.a1da0881..cd1e0627.0_58	0
0x20c89b	NOTYPE	..lin.a1da0881..cd1e0627.0_59	0
0x20c8a0	NOTYPE	..lin.a1da0881..cd1e0627.0_60	0
0x20c8b0	NOTYPE	..lin.a1da0881..cd1e0627.0_61	0
0x20c8d5	NOTYPE	..lin.a1da0881..cd1e0627.0_62	0
0x20c8d7	NOTYPE	..lin.a1da0881..cd1e0627.0_63	0
0x20c8dc	NOTYPE	..lin.a1da0881..cd1e0627.0_64	0
0x20c8f5	NOTYPE	..lin.a1da0881..cd1e0627.0_65	0
0x20c8ff	NOTYPE	..lin.a1da0881..cd1e0627.0_66	0
0x20c913	FUNC	KernelTryToObtainSemaphore	65
0x20c927	NOTYPE	..lin.a1da0881..10599e49.0_67	0
0x20c944	NOTYPE	..lin.a1da0881..10599e49.0_68	0
0x20c952	NOTYPE	..lin.a1da0881..10599e49.0_69	0
0x20c954	FUNC	KernelTryToClearSemaphore	109
0x20c96e	NOTYPE	..lin.a1da0881..ec1bf433.0_70	0
0x20c98d	NOTYPE	..lin.a1da0881..ec1bf433.0_71	0
0x20c993	NOTYPE	..lin.a1da0881..ec1bf433.0_72	0
0x20c999	NOTYPE	..lin.a1da0881..ec1bf433.0_73	0
0x20c9a3	NOTYPE	..lin.a1da0881..ec1bf433.0_74	0
0x20c9a9	NOTYPE	..lin.a1da0881..ec1bf433.0_75	0
0x20c9af	NOTYPE	..lin.a1da0881..ec1bf433.0_76	0
0x20c9b3	NOTYPE	..lin.a1da0881..ec1bf433.0_77	0
0x20c9c1	FUNC	GetSemaphore...2Fhome.2Fmal.2Fgm_release.2FMY22.2D026.2Ffinal.2Fiot.2Frtos.2Flibs.2Fgm.2Di35.2Frel.2Fwork.2Flibkernel.2Flibkernel.2Fsemaphore.	54
0x20c9d3	NOTYPE	..lin.a1da0881..9c67a69.0_78	0
0x20c9e1	NOTYPE	..lin.a1da0881..9c67a69.0_79	0
0x20c9e8	NOTYPE	..lin.a1da0881..9c67a69.0_80	0
0x20c9ee	NOTYPE	..lin.a1da0881..9c67a69.0_81	0
0x20c9f7	FUNC	DoKernelReleaseSemaphore...2Fhome.2Fmal.2Fgm_release.2FMY22.2D026.2Ffinal.2Fiot.2Frtos.2Flibs.2Fgm.2Di35.2Frel.2Fwork.2Flibkernel.2Flibkernel.2Fsemaphore.	114
0x20ca01	NOTYPE	..lin.a1da0881..d9304f7e.0_82	0
0x20ca17	NOTYPE	..lin.a1da0881..d9304f7e.0_83	0
0x20ca1d	NOTYPE	..lin.a1da0881..d9304f7e.0_84	0
0x20ca24	NOTYPE	..lin.a1da0881..d9304f7e.0_85	0
0x20ca2e	NOTYPE	..lin.a1da0881..d9304f7e.0_86	0
0x20ca38	NOTYPE	..lin.a1da0881..d9304f7e.0_87	0
0x20ca47	NOTYPE	..lin.a1da0881..d9304f7e.0_88	0
0x20ca50	NOTYPE	..lin.a1da0881..d9304f7e.0_89	0
0x20ca56	NOTYPE	..lin.a1da0881..d9304f7e.0_90	0
0x20ca65	NOTYPE	..lin.a1da0881..d9304f7e.0_91	0
0x20ca69	FUNC	KernelReleaseSemaphore	59
0x20ca7d	NOTYPE	..lin.a1da0881..7b620cb.0_92	0
0x20ca9a	NOTYPE	..lin.a1da0881..7b620cb.0_93	0
0x20caa2	NOTYPE	..lin.a1da0881..7b620cb.0_94	0
0x20caa4	FUNC	KernelGetSemaphoreValue	78
0x20cabe	NOTYPE	..lin.a1da0881..4dfd3f87.0_95	0
0x20cadd	NOTYPE	..lin.a1da0881..4dfd3f87.0_96	0
0x20cae3	NOTYPE	..lin.a1da0881..4dfd3f87.0_97	0
0x20caeb	NOTYPE	..lin.a1da0881..4dfd3f87.0_98	0
0x20caf2	FUNC	ReleaseSemaphoreInterruptHandler	48
0x20cb02	NOTYPE	..lin.a1da0881..db263775.0_99	0
0x20cb16	NOTYPE	..lin.a1da0881..db263775.0_100	0
0x20cb1c	NOTYPE	..lin.a1da0881..db263775.0_101	0
0x20cb21	NOTYPE	..lin.a1da0881..db263775.0_102	0
0x20cb22	FUNC	INTERRUPT_InitReleaseSemaphoreCall	25
0x20cb3b	NOTYPE	..lin.a1da0881..977f4d46.0_103	0
0x20cb3b	FUNC	INTERRUPT_ReleaseSemaphore	5
0x20cb40	NOTYPE	..lin.a1da0881..c4759dd6.0_104	0
0x20cb40	FUNC	InternalMutexCommonChecks...2Fhome.2Fmal.2Fgm_release.2FMY22.2D026.2Ffinal.2Fiot.2Frtos.2Flibs.2Fgm.2Di35.2Frel.2Fwork.2Flibkernel.2Flibkernel.2Fsemaphore.	128
0x20cb57	NOTYPE	..lin.a1da0881..67fc308f.0_105	0
0x20cb5d	NOTYPE	..lin.a1da0881..67fc308f.0_106	0
0x20cb66	NOTYPE	..lin.a1da0881..67fc308f.0_107	0
0x20cb6c	NOTYPE	..lin.a1da0881..67fc308f.0_108	0
0x20cb72	NOTYPE	..lin.a1da0881..67fc308f.0_109	0
0x20cb78	NOTYPE	..lin.a1da0881..67fc308f.0_110	0
0x20cb85	NOTYPE	..lin.a1da0881..67fc308f.0_111	0
0x20cb9d	NOTYPE	..lin.a1da0881..67fc308f.0_112	0
0x20cbab	NOTYPE	..lin.a1da0881..67fc308f.0_113	0
0x20cbb9	NOTYPE	..lin.a1da0881..67fc308f.0_114	0
0x20cbc0	FUNC	InternalMutexCheckOwner...2Fhome.2Fmal.2Fgm_release.2FMY22.2D026.2Ffinal.2Fiot.2Frtos.2Flibs.2Fgm.2Di35.2Frel.2Fwork.2Flibkernel.2Flibkernel.2Fsemaphore.	75
0x20cbca	NOTYPE	..lin.a1da0881..4983f9e.0_115	0
0x20cbda	NOTYPE	..lin.a1da0881..4983f9e.0_116	0
0x20cbe5	NOTYPE	..lin.a1da0881..4983f9e.0_117	0
0x20cbeb	NOTYPE	..lin.a1da0881..4983f9e.0_118	0
0x20cc01	NOTYPE	..lin.a1da0881..4983f9e.0_119	0
0x20cc07	NOTYPE	..lin.a1da0881..4983f9e.0_120	0
0x20cc0b	FUNC	KernelMutexWaitForSemaphore	541
0x20cc3c	NOTYPE	..lin.a1da0881..1c0c9119.0_121	0
0x20cc6c	NOTYPE	..lin.a1da0881..1c0c9119.0_122	0
0x20cc72	NOTYPE	..lin.a1da0881..1c0c9119.0_123	0
0x20cc7d	NOTYPE	..lin.a1da0881..1c0c9119.0_124	0
0x20cc86	NOTYPE	..lin.a1da0881..1c0c9119.0_125	0
0x20cc91	NOTYPE	..lin.a1da0881..1c0c9119.0_126	0
0x20cc98	NOTYPE	..lin.a1da0881..1c0c9119.0_127	0
0x20ccb0	NOTYPE	..lin.a1da0881..1c0c9119.0_128	0
0x20ccc1	NOTYPE	..lin.a1da0881..1c0c9119.0_129	0
0x20ccde	NOTYPE	..lin.a1da0881..1c0c9119.0_130	0
0x20cce3	NOTYPE	..lin.a1da0881..1c0c9119.0_131	0
0x20cd0e	NOTYPE	..lin.a1da0881..1c0c9119.0_132	0
0x20cd13	NOTYPE	..lin.a1da0881..1c0c9119.0_133	0
0x20cd1d	NOTYPE	..lin.a1da0881..1c0c9119.0_134	0
0x20cd2a	NOTYPE	..lin.a1da0881..1c0c9119.0_135	0
0x20cd30	NOTYPE	..lin.a1da0881..1c0c9119.0_136	0
0x20cd47	NOTYPE	..lin.a1da0881..1c0c9119.0_137	0
0x20cd50	NOTYPE	..lin.a1da0881..1c0c9119.0_138	0
0x20cd56	NOTYPE	..lin.a1da0881..1c0c9119.0_139	0
0x20cd5e	NOTYPE	..lin.a1da0881..1c0c9119.0_140	0
0x20cd7a	NOTYPE	..lin.a1da0881..1c0c9119.0_141	0
0x20cd81	NOTYPE	..lin.a1da0881..1c0c9119.0_142	0
0x20cd9c	NOTYPE	..lin.a1da0881..1c0c9119.0_143	0
0x20cda2	NOTYPE	..lin.a1da0881..1c0c9119.0_144	0
0x20cda7	NOTYPE	..lin.a1da0881..1c0c9119.0_145	0
0x20cdb1	NOTYPE	..lin.a1da0881..1c0c9119.0_146	0
0x20cdc7	NOTYPE	..lin.a1da0881..1c0c9119.0_147	0
0x20cdd4	NOTYPE	..lin.a1da0881..1c0c9119.0_148	0
0x20cddd	NOTYPE	..lin.a1da0881..1c0c9119.0_149	0
0x20cdea	NOTYPE	..lin.a1da0881..1c0c9119.0_150	0
0x20ce04	NOTYPE	..lin.a1da0881..1c0c9119.0_151	0
0x20ce09	NOTYPE	..lin.a1da0881..1c0c9119.0_152	0
0x20ce28	FUNC	KernelMutexReleaseSemaphore	210
0x20ce4b	NOTYPE	..lin.a1da0881..81e3f89e.0_153	0
0x20ce66	NOTYPE	..lin.a1da0881..81e3f89e.0_154	0
0x20ce77	NOTYPE	..lin.a1da0881..81e3f89e.0_155	0
0x20ce7f	NOTYPE	..lin.a1da0881..81e3f89e.0_156	0
0x20ce9f	NOTYPE	..lin.a1da0881..81e3f89e.0_157	0
0x20cea5	NOTYPE	..lin.a1da0881..81e3f89e.0_158	0
0x20ceaa	NOTYPE	..lin.a1da0881..81e3f89e.0_159	0
0x20ceb6	NOTYPE	..lin.a1da0881..81e3f89e.0_160	0
0x20ceb8	NOTYPE	..lin.a1da0881..81e3f89e.0_161	0
0x20cecb	NOTYPE	..lin.a1da0881..81e3f89e.0_162	0
0x20ced7	NOTYPE	..lin.a1da0881..81e3f89e.0_163	0
0x20cee7	NOTYPE	..lin.a1da0881..81e3f89e.0_164	0
0x20cefc	FUNC	LinkClose...2Fhome.2Fmal.2Fgm_release.2FMY22.2D026.2Ffinal.2Fiot.2Frtos.2Flibs.2Fgm.2Di35.2Frel.2Fwork.2Flibkernel.2Flibkernel.2Flink.	57
0x20cf10	NOTYPE	..lin.44a2720b..80260789.0_1	0
0x20cf26	NOTYPE	..lin.44a2720b..80260789.0_2	0
0x20cf35	FUNC	MakeLinkAtIndex...2Fhome.2Fmal.2Fgm_release.2FMY22.2D026.2Ffinal.2Fiot.2Frtos.2Flibs.2Fgm.2Di35.2Frel.2Fwork.2Flibkernel.2Flibkernel.2Flink.	76
0x20cf60	NOTYPE	..lin.44a2720b..5212953e.0_3	0
0x20cf64	NOTYPE	..lin.44a2720b..5212953e.0_4	0
0x20cf7b	NOTYPE	..lin.44a2720b..5212953e.0_5	0
0x20cf81	FUNC	KernelCreateLinkAtIndex	173
0x20cfc1	NOTYPE	..lin.44a2720b..cfc4fb15.0_6	0
0x20cfca	NOTYPE	..lin.44a2720b..cfc4fb15.0_7	0
0x20cfd9	NOTYPE	..lin.44a2720b..cfc4fb15.0_8	0
0x20cff0	NOTYPE	..lin.44a2720b..cfc4fb15.0_9	0
0x20d007	NOTYPE	..lin.44a2720b..cfc4fb15.0_10	0
0x20d024	NOTYPE	..lin.44a2720b..cfc4fb15.0_11	0
0x20d02e	FUNC	KernelRestoreLink	272
0x20d054	NOTYPE	..lin.44a2720b..93ee6e38.0_12	0
0x20d06f	NOTYPE	..lin.44a2720b..93ee6e38.0_13	0
0x20d07e	NOTYPE	..lin.44a2720b..93ee6e38.0_14	0
0x20d084	NOTYPE	..lin.44a2720b..93ee6e38.0_15	0
0x20d08d	NOTYPE	..lin.44a2720b..93ee6e38.0_16	0
0x20d0b6	NOTYPE	..lin.44a2720b..93ee6e38.0_17	0
0x20d0c6	NOTYPE	..lin.44a2720b..93ee6e38.0_18	0
0x20d0cf	NOTYPE	..lin.44a2720b..93ee6e38.0_19	0
0x20d0e2	NOTYPE	..lin.44a2720b..93ee6e38.0_20	0
0x20d0f2	NOTYPE	..lin.44a2720b..93ee6e38.0_21	0
0x20d10f	NOTYPE	..lin.44a2720b..93ee6e38.0_22	0
0x20d115	NOTYPE	..lin.44a2720b..93ee6e38.0_23	0
0x20d134	NOTYPE	..lin.44a2720b..93ee6e38.0_24	0
0x20d140	FUNC	CheckExcess...2Fhome.2Fmal.2Fgm_release.2FMY22.2D026.2Ffinal.2Fiot.2Frtos.2Flibs.2Fgm.2Di35.2Frel.2Fwork.2Flibkernel.2Flibkernel.2Ftask.	39
0x20d14a	NOTYPE	..lin.44a6b3b0..9fc4f0ae.0_1	0
0x20d15e	NOTYPE	..lin.44a6b3b0..9fc4f0ae.0_2	0
0x20d162	NOTYPE	..lin.44a6b3b0..9fc4f0ae.0_3	0
0x20d167	FUNC	StoppedTask	62
0x20d186	NOTYPE	..lin.44a6b3b0..7c595ad7.0_4	0
0x20d19c	NOTYPE	..lin.44a6b3b0..7c595ad7.0_5	0
0x20d1a0	NOTYPE	..lin.44a6b3b0..7c595ad7.0_6	0
0x20d1a5	FUNC	TaskStatusChange...2Fhome.2Fmal.2Fgm_release.2FMY22.2D026.2Ffinal.2Fiot.2Frtos.2Flibs.2Fgm.2Di35.2Frel.2Fwork.2Flibkernel.2Flibkernel.2Ftask.	272
0x20d1c3	NOTYPE	..lin.44a6b3b0..37873782.0_7	0
0x20d1d4	NOTYPE	..lin.44a6b3b0..37873782.0_8	0
0x20d1ee	NOTYPE	..lin.44a6b3b0..37873782.0_9	0
0x20d204	NOTYPE	..lin.44a6b3b0..37873782.0_10	0
0x20d224	NOTYPE	..lin.44a6b3b0..37873782.0_11	0
0x20d23a	NOTYPE	..lin.44a6b3b0..37873782.0_12	0
0x20d254	NOTYPE	..lin.44a6b3b0..37873782.0_13	0
0x20d263	NOTYPE	..lin.44a6b3b0..37873782.0_14	0
0x20d274	NOTYPE	..lin.44a6b3b0..37873782.0_15	0
0x20d284	NOTYPE	..lin.44a6b3b0..37873782.0_16	0
0x20d29a	NOTYPE	..lin.44a6b3b0..37873782.0_17	0
0x20d2a4	NOTYPE	..lin.44a6b3b0..37873782.0_18	0
0x20d2b5	FUNC	RunTaskContext	230
0x20d2c3	NOTYPE	..lin.44a6b3b0..e4438092.0_19	0
0x20d2d0	NOTYPE	..lin.44a6b3b0..e4438092.0_20	0
0x20d2f3	NOTYPE	..lin.44a6b3b0..e4438092.0_21	0
0x20d301	NOTYPE	..lin.44a6b3b0..e4438092.0_22	0
0x20d30f	NOTYPE	..lin.44a6b3b0..e4438092.0_23	0
0x20d31d	NOTYPE	..lin.44a6b3b0..e4438092.0_24	0
0x20d325	NOTYPE	..lin.44a6b3b0..e4438092.0_25	0
0x20d332	NOTYPE	..lin.44a6b3b0..e4438092.0_26	0
0x20d34e	NOTYPE	..lin.44a6b3b0..e4438092.0_27	0
0x20d35e	NOTYPE	..lin.44a6b3b0..e4438092.0_28	0
0x20d380	NOTYPE	..lin.44a6b3b0..e4438092.0_29	0
0x20d38a	NOTYPE	..lin.44a6b3b0..e4438092.0_30	0
0x20d397	NOTYPE	..lin.44a6b3b0..e4438092.0_31	0
0x20d39b	FUNC	SetStatus	102
0x20d3aa	NOTYPE	..lin.44a6b3b0..97d82695.0_32	0
0x20d3bd	NOTYPE	..lin.44a6b3b0..97d82695.0_33	0
0x20d3c7	NOTYPE	..lin.44a6b3b0..97d82695.0_34	0
0x20d3ef	NOTYPE	..lin.44a6b3b0..97d82695.0_35	0
0x20d3fc	NOTYPE	..lin.44a6b3b0..97d82695.0_36	0
0x20d401	FUNC	ImpairTaskContext	550
0x20d451	NOTYPE	..lin.44a6b3b0..5537e1df.0_37	0
0x20d463	NOTYPE	..lin.44a6b3b0..5537e1df.0_38	0
0x20d46d	NOTYPE	..lin.44a6b3b0..5537e1df.0_39	0
0x20d47a	NOTYPE	..lin.44a6b3b0..5537e1df.0_40	0
0x20d47f	NOTYPE	..lin.44a6b3b0..5537e1df.0_41	0
0x20d48d	NOTYPE	..lin.44a6b3b0..5537e1df.0_42	0
0x20d494	NOTYPE	..lin.44a6b3b0..5537e1df.0_43	0
0x20d4a3	NOTYPE	..lin.44a6b3b0..5537e1df.0_44	0
0x20d4a8	NOTYPE	..lin.44a6b3b0..5537e1df.0_45	0
0x20d4b6	NOTYPE	..lin.44a6b3b0..5537e1df.0_46	0
0x20d4c3	NOTYPE	..lin.44a6b3b0..5537e1df.0_47	0
0x20d4d0	NOTYPE	..lin.44a6b3b0..5537e1df.0_48	0
0x20d4d5	NOTYPE	..lin.44a6b3b0..5537e1df.0_49	0
0x20d4e3	NOTYPE	..lin.44a6b3b0..5537e1df.0_50	0
0x20d4e5	NOTYPE	..lin.44a6b3b0..5537e1df.0_51	0
0x20d4f5	NOTYPE	..lin.44a6b3b0..5537e1df.0_52	0
0x20d50a	NOTYPE	..lin.44a6b3b0..5537e1df.0_53	0
0x20d541	NOTYPE	..lin.44a6b3b0..5537e1df.0_54	0
0x20d54a	NOTYPE	..lin.44a6b3b0..5537e1df.0_55	0
0x20d57e	NOTYPE	..lin.44a6b3b0..5537e1df.0_56	0
0x20d583	NOTYPE	..lin.44a6b3b0..5537e1df.0_57	0
0x20d58d	NOTYPE	..lin.44a6b3b0..5537e1df.0_58	0
0x20d592	NOTYPE	..lin.44a6b3b0..5537e1df.0_59	0
0x20d599	NOTYPE	..lin.44a6b3b0..5537e1df.0_60	0
0x20d59e	NOTYPE	..lin.44a6b3b0..5537e1df.0_61	0
0x20d5a8	NOTYPE	..lin.44a6b3b0..5537e1df.0_62	0
0x20d5ad	NOTYPE	..lin.44a6b3b0..5537e1df.0_63	0
0x20d5b4	NOTYPE	..lin.44a6b3b0..5537e1df.0_64	0
0x20d5bb	NOTYPE	..lin.44a6b3b0..5537e1df.0_65	0
0x20d5c5	NOTYPE	..lin.44a6b3b0..5537e1df.0_66	0
0x20d5ca	NOTYPE	..lin.44a6b3b0..5537e1df.0_67	0
0x20d5d1	NOTYPE	..lin.44a6b3b0..5537e1df.0_68	0
0x20d5d9	NOTYPE	..lin.44a6b3b0..5537e1df.0_69	0
0x20d5de	NOTYPE	..lin.44a6b3b0..5537e1df.0_70	0
0x20d5e8	NOTYPE	..lin.44a6b3b0..5537e1df.0_71	0
0x20d5ef	NOTYPE	..lin.44a6b3b0..5537e1df.0_72	0
0x20d5f4	NOTYPE	..lin.44a6b3b0..5537e1df.0_73	0
0x20d618	NOTYPE	..lin.44a6b3b0..5537e1df.0_74	0
0x20d627	FUNC	TaskClose...2Fhome.2Fmal.2Fgm_release.2FMY22.2D026.2Ffinal.2Fiot.2Frtos.2Flibs.2Fgm.2Di35.2Frel.2Fwork.2Flibkernel.2Flibkernel.2Ftask.	29
0x20d63b	NOTYPE	..lin.44a6b3b0..42de184e.0_75	0
0x20d640	NOTYPE	..lin.44a6b3b0..42de184e.0_76	0
0x20d644	FUNC	InternalCreateTaskAtIndex	518
0x20d686	NOTYPE	..lin.44a6b3b0..fc415236.0_77	0
0x20d698	NOTYPE	..lin.44a6b3b0..fc415236.0_78	0
0x20d6bc	NOTYPE	..lin.44a6b3b0..fc415236.0_79	0
0x20d708	NOTYPE	..lin.44a6b3b0..fc415236.0_80	0
0x20d715	NOTYPE	..lin.44a6b3b0..fc415236.0_81	0
0x20d736	NOTYPE	..lin.44a6b3b0..fc415236.0_82	0
0x20d74a	NOTYPE	..lin.44a6b3b0..fc415236.0_83	0
0x20d75c	NOTYPE	..lin.44a6b3b0..fc415236.0_84	0
0x20d765	NOTYPE	..lin.44a6b3b0..fc415236.0_85	0
0x20d77e	NOTYPE	..lin.44a6b3b0..fc415236.0_86	0
0x20d788	NOTYPE	..lin.44a6b3b0..fc415236.0_87	0
0x20d79c	NOTYPE	..lin.44a6b3b0..fc415236.0_88	0
0x20d7f7	NOTYPE	..lin.44a6b3b0..fc415236.0_89	0
0x20d803	NOTYPE	..lin.44a6b3b0..fc415236.0_90	0
0x20d810	NOTYPE	..lin.44a6b3b0..fc415236.0_91	0
0x20d822	NOTYPE	..lin.44a6b3b0..fc415236.0_92	0
0x20d829	NOTYPE	..lin.44a6b3b0..fc415236.0_93	0
0x20d83b	NOTYPE	..lin.44a6b3b0..fc415236.0_94	0
0x20d84a	FUNC	KernelCreateTaskAtIndex	681
0x20d898	NOTYPE	..lin.44a6b3b0..20c4511a.0_95	0
0x20d8ac	NOTYPE	..lin.44a6b3b0..20c4511a.0_96	0
0x20d8b9	NOTYPE	..lin.44a6b3b0..20c4511a.0_97	0
0x20d8c5	NOTYPE	..lin.44a6b3b0..20c4511a.0_98	0
0x20d8d9	NOTYPE	..lin.44a6b3b0..20c4511a.0_99	0
0x20d8e5	NOTYPE	..lin.44a6b3b0..20c4511a.0_100	0
0x20d8fe	NOTYPE	..lin.44a6b3b0..20c4511a.0_101	0
0x20d90d	NOTYPE	..lin.44a6b3b0..20c4511a.0_102	0
0x20d91a	NOTYPE	..lin.44a6b3b0..20c4511a.0_103	0
0x20d927	NOTYPE	..lin.44a6b3b0..20c4511a.0_104	0
0x20d930	NOTYPE	..lin.44a6b3b0..20c4511a.0_105	0
0x20d941	NOTYPE	..lin.44a6b3b0..20c4511a.0_106	0
0x20d94e	NOTYPE	..lin.44a6b3b0..20c4511a.0_107	0
0x20d95a	NOTYPE	..lin.44a6b3b0..20c4511a.0_108	0
0x20d965	NOTYPE	..lin.44a6b3b0..20c4511a.0_109	0
0x20d980	NOTYPE	..lin.44a6b3b0..20c4511a.0_110	0
0x20d98c	NOTYPE	..lin.44a6b3b0..20c4511a.0_111	0
0x20d9a7	NOTYPE	..lin.44a6b3b0..20c4511a.0_112	0
0x20d9b0	NOTYPE	..lin.44a6b3b0..20c4511a.0_113	0
0x20d9b9	NOTYPE	..lin.44a6b3b0..20c4511a.0_114	0
0x20d9e3	NOTYPE	..lin.44a6b3b0..20c4511a.0_115	0
0x20d9ec	NOTYPE	..lin.44a6b3b0..20c4511a.0_116	0
0x20d9f2	NOTYPE	..lin.44a6b3b0..20c4511a.0_117	0
0x20d9fb	NOTYPE	..lin.44a6b3b0..20c4511a.0_118	0
0x20da0e	NOTYPE	..lin.44a6b3b0..20c4511a.0_119	0
0x20da1f	NOTYPE	..lin.44a6b3b0..20c4511a.0_120	0
0x20daa0	NOTYPE	..lin.44a6b3b0..20c4511a.0_121	0
0x20dab0	NOTYPE	..lin.44a6b3b0..20c4511a.0_122	0
0x20dacf	NOTYPE	..lin.44a6b3b0..20c4511a.0_123	0
0x20daf3	FUNC	RecomputeCurrentPriority	35
0x20db07	NOTYPE	..lin.44a6b3b0..c4cc76fe.0_124	0
0x20db16	NOTYPE	..lin.44a6b3b0..c4cc76fe.0_125	0
0x20db16	FUNC	KernelSetTaskIdentification	14
0x20db24	FUNC	KernelGetTaskIdentification	25
0x20db2c	NOTYPE	..lin.44a6b3b0..f9bf8bc3.0_126	0
0x20db3d	FUNC	KernelSetTaskInterruptVector	24
0x20db55	FUNC	KernelGetTaskStatusChangeOverruns	37
0x20db5b	NOTYPE	..lin.44a6b3b0..8334a387.0_127	0
0x20db6c	NOTYPE	..lin.44a6b3b0..8334a387.0_128	0
0x20db74	NOTYPE	..lin.44a6b3b0..8334a387.0_129	0
0x20db7a	FUNC	KernelSetTaskStatusNotificationMask	14
0x20db88	FUNC	KernelGetTaskStatusNotificationMask	25
0x20db90	NOTYPE	..lin.44a6b3b0..bbadbdf0.0_130	0
0x20dba1	FUNC	KernelGetMaximumPriorityAndWeight	43
0x20dba7	NOTYPE	..lin.44a6b3b0..c874b5e1.0_131	0
0x20dbbb	NOTYPE	..lin.44a6b3b0..c874b5e1.0_132	0
0x20dbcc	FUNC	KernelSetMaximumPriorityAndWeight	306
0x20dc02	NOTYPE	..lin.44a6b3b0..b221cced.0_133	0
0x20dc0b	NOTYPE	..lin.44a6b3b0..b221cced.0_134	0
0x20dc11	NOTYPE	..lin.44a6b3b0..b221cced.0_135	0
0x20dc1a	NOTYPE	..lin.44a6b3b0..b221cced.0_136	0
0x20dc23	NOTYPE	..lin.44a6b3b0..b221cced.0_137	0
0x20dc2d	NOTYPE	..lin.44a6b3b0..b221cced.0_138	0
0x20dc36	NOTYPE	..lin.44a6b3b0..b221cced.0_139	0
0x20dc3f	NOTYPE	..lin.44a6b3b0..b221cced.0_140	0
0x20dc4c	NOTYPE	..lin.44a6b3b0..b221cced.0_141	0
0x20dc59	NOTYPE	..lin.44a6b3b0..b221cced.0_142	0
0x20dc5e	NOTYPE	..lin.44a6b3b0..b221cced.0_143	0
0x20dc67	NOTYPE	..lin.44a6b3b0..b221cced.0_144	0
0x20dc73	NOTYPE	..lin.44a6b3b0..b221cced.0_145	0
0x20dc79	NOTYPE	..lin.44a6b3b0..b221cced.0_146	0
0x20dc86	NOTYPE	..lin.44a6b3b0..b221cced.0_147	0
0x20dc8c	NOTYPE	..lin.44a6b3b0..b221cced.0_148	0
0x20dcae	NOTYPE	..lin.44a6b3b0..b221cced.0_149	0
0x20dcb7	NOTYPE	..lin.44a6b3b0..b221cced.0_150	0
0x20dcc7	NOTYPE	..lin.44a6b3b0..b221cced.0_151	0
0x20dcd8	NOTYPE	..lin.44a6b3b0..b221cced.0_152	0
0x20dce1	NOTYPE	..lin.44a6b3b0..b221cced.0_153	0
0x20dcea	NOTYPE	..lin.44a6b3b0..b221cced.0_154	0
0x20dcfe	FUNC	KernelGetPriorityAndWeight	43
0x20dd04	NOTYPE	..lin.44a6b3b0..a2896e63.0_155	0
0x20dd18	NOTYPE	..lin.44a6b3b0..a2896e63.0_156	0
0x20dd29	FUNC	KernelSetPriorityAndWeight	197
0x20dd41	NOTYPE	..lin.44a6b3b0..345f9aef.0_157	0
0x20dd4a	NOTYPE	..lin.44a6b3b0..345f9aef.0_158	0
0x20dd53	NOTYPE	..lin.44a6b3b0..345f9aef.0_159	0
0x20dd5c	NOTYPE	..lin.44a6b3b0..345f9aef.0_160	0
0x20dd61	NOTYPE	..lin.44a6b3b0..345f9aef.0_161	0
0x20dd6b	NOTYPE	..lin.44a6b3b0..345f9aef.0_162	0
0x20dd71	NOTYPE	..lin.44a6b3b0..345f9aef.0_163	0
0x20dd8a	NOTYPE	..lin.44a6b3b0..345f9aef.0_164	0
0x20dda0	NOTYPE	..lin.44a6b3b0..345f9aef.0_165	0
0x20dda6	NOTYPE	..lin.44a6b3b0..345f9aef.0_166	0
0x20ddb1	NOTYPE	..lin.44a6b3b0..345f9aef.0_167	0
0x20ddbb	NOTYPE	..lin.44a6b3b0..345f9aef.0_168	0
0x20ddc1	NOTYPE	..lin.44a6b3b0..345f9aef.0_169	0
0x20ddc9	NOTYPE	..lin.44a6b3b0..345f9aef.0_170	0
0x20ddd4	NOTYPE	..lin.44a6b3b0..345f9aef.0_171	0
0x20dddc	NOTYPE	..lin.44a6b3b0..345f9aef.0_172	0
0x20dde7	NOTYPE	..lin.44a6b3b0..345f9aef.0_173	0
0x20ddee	FUNC	KernelGetActivePriority	26
0x20ddf8	NOTYPE	..lin.44a6b3b0..303bf024.0_174	0
0x20de04	NOTYPE	..lin.44a6b3b0..303bf024.0_175	0
0x20de08	FUNC	KernelGetTaskTimer	69
0x20de24	NOTYPE	..lin.44a6b3b0..dbb3eeba.0_176	0
0x20de2a	NOTYPE	..lin.44a6b3b0..dbb3eeba.0_177	0
0x20de30	NOTYPE	..lin.44a6b3b0..dbb3eeba.0_178	0
0x20de48	NOTYPE	..lin.44a6b3b0..dbb3eeba.0_179	0
0x20de4d	FUNC	KernelSetTaskTimer	404
0x20de7d	NOTYPE	..lin.44a6b3b0..271c4f46.0_180	0
0x20de8f	NOTYPE	..lin.44a6b3b0..271c4f46.0_181	0
0x20dea2	NOTYPE	..lin.44a6b3b0..271c4f46.0_182	0
0x20dec4	NOTYPE	..lin.44a6b3b0..271c4f46.0_183	0
0x20deca	NOTYPE	..lin.44a6b3b0..271c4f46.0_184	0
0x20ded3	NOTYPE	..lin.44a6b3b0..271c4f46.0_185	0
0x20ded9	NOTYPE	..lin.44a6b3b0..271c4f46.0_186	0
0x20dee3	NOTYPE	..lin.44a6b3b0..271c4f46.0_187	0
0x20def7	NOTYPE	..lin.44a6b3b0..271c4f46.0_188	0
0x20df14	NOTYPE	..lin.44a6b3b0..271c4f46.0_189	0
0x20df26	NOTYPE	..lin.44a6b3b0..271c4f46.0_190	0
0x20df2f	NOTYPE	..lin.44a6b3b0..271c4f46.0_191	0
0x20df35	NOTYPE	..lin.44a6b3b0..271c4f46.0_192	0
0x20df53	NOTYPE	..lin.44a6b3b0..271c4f46.0_193	0
0x20df65	NOTYPE	..lin.44a6b3b0..271c4f46.0_194	0
0x20df72	NOTYPE	..lin.44a6b3b0..271c4f46.0_195	0
0x20df93	NOTYPE	..lin.44a6b3b0..271c4f46.0_196	0
0x20dfa0	NOTYPE	..lin.44a6b3b0..271c4f46.0_197	0
0x20dfa4	NOTYPE	..lin.44a6b3b0..271c4f46.0_198	0
0x20dfbd	NOTYPE	..lin.44a6b3b0..271c4f46.0_199	0
0x20dfc3	NOTYPE	..lin.44a6b3b0..271c4f46.0_200	0
0x20dfc8	NOTYPE	..lin.44a6b3b0..271c4f46.0_201	0
0x20dfd4	NOTYPE	..lin.44a6b3b0..271c4f46.0_202	0
0x20dfe1	FUNC	KernelYieldTask	30
0x20dffb	NOTYPE	..lin.44a6b3b0..4a8231f0.0_203	0
0x20dfff	FUNC	HaltTaskContext	79
0x20e00d	NOTYPE	..lin.44a6b3b0..3139d2a6.0_204	0
0x20e01d	NOTYPE	..lin.44a6b3b0..3139d2a6.0_205	0
0x20e03f	NOTYPE	..lin.44a6b3b0..3139d2a6.0_206	0
0x20e04c	NOTYPE	..lin.44a6b3b0..3139d2a6.0_207	0
0x20e04e	FUNC	AddressSpaceInitialized	629
0x20e06b	NOTYPE	..lin.44a6b3b0..5eec22d.0_208	0
0x20e075	NOTYPE	..lin.44a6b3b0..5eec22d.0_209	0
0x20e07e	NOTYPE	..lin.44a6b3b0..5eec22d.0_210	0
0x20e082	NOTYPE	..lin.44a6b3b0..5eec22d.0_211	0
0x20e08b	NOTYPE	..lin.44a6b3b0..5eec22d.0_212	0
0x20e09c	NOTYPE	..lin.44a6b3b0..5eec22d.0_213	0
0x20e0b7	NOTYPE	..lin.44a6b3b0..5eec22d.0_214	0
0x20e0c8	NOTYPE	..lin.44a6b3b0..5eec22d.0_215	0
0x20e0dc	NOTYPE	..lin.44a6b3b0..5eec22d.0_216	0
0x20e0e5	NOTYPE	..lin.44a6b3b0..5eec22d.0_217	0
0x20e0f2	NOTYPE	..lin.44a6b3b0..5eec22d.0_218	0
0x20e0fe	NOTYPE	..lin.44a6b3b0..5eec22d.0_219	0
0x20e117	NOTYPE	..lin.44a6b3b0..5eec22d.0_220	0
0x20e128	NOTYPE	..lin.44a6b3b0..5eec22d.0_221	0
0x20e132	NOTYPE	..lin.44a6b3b0..5eec22d.0_222	0
0x20e13a	NOTYPE	..lin.44a6b3b0..5eec22d.0_223	0
0x20e148	NOTYPE	..lin.44a6b3b0..5eec22d.0_224	0
0x20e15b	NOTYPE	..lin.44a6b3b0..5eec22d.0_225	0
0x20e160	NOTYPE	..lin.44a6b3b0..5eec22d.0_226	0
0x20e181	NOTYPE	..lin.44a6b3b0..5eec22d.0_227	0
0x20e18f	NOTYPE	..lin.44a6b3b0..5eec22d.0_228	0
0x20e1a0	NOTYPE	..lin.44a6b3b0..5eec22d.0_229	0
0x20e1b4	NOTYPE	..lin.44a6b3b0..5eec22d.0_230	0
0x20e1bf	NOTYPE	..lin.44a6b3b0..5eec22d.0_231	0
0x20e1ce	NOTYPE	..lin.44a6b3b0..5eec22d.0_232	0
0x20e1e2	NOTYPE	..lin.44a6b3b0..5eec22d.0_233	0
0x20e1ea	NOTYPE	..lin.44a6b3b0..5eec22d.0_234	0
0x20e1f2	NOTYPE	..lin.44a6b3b0..5eec22d.0_235	0
0x20e200	NOTYPE	..lin.44a6b3b0..5eec22d.0_236	0
0x20e205	NOTYPE	..lin.44a6b3b0..5eec22d.0_237	0
0x20e20e	NOTYPE	..lin.44a6b3b0..5eec22d.0_238	0
0x20e21e	NOTYPE	..lin.44a6b3b0..5eec22d.0_239	0
0x20e22b	NOTYPE	..lin.44a6b3b0..5eec22d.0_240	0
0x20e236	NOTYPE	..lin.44a6b3b0..5eec22d.0_241	0
0x20e240	NOTYPE	..lin.44a6b3b0..5eec22d.0_242	0
0x20e249	NOTYPE	..lin.44a6b3b0..5eec22d.0_243	0
0x20e251	NOTYPE	..lin.44a6b3b0..5eec22d.0_244	0
0x20e263	NOTYPE	..lin.44a6b3b0..5eec22d.0_245	0
0x20e268	NOTYPE	..lin.44a6b3b0..5eec22d.0_246	0
0x20e271	NOTYPE	..lin.44a6b3b0..5eec22d.0_247	0
0x20e27e	NOTYPE	..lin.44a6b3b0..5eec22d.0_248	0
0x20e290	NOTYPE	..lin.44a6b3b0..5eec22d.0_249	0
0x20e2a1	NOTYPE	..lin.44a6b3b0..5eec22d.0_250	0
0x20e2c3	FUNC	VirtualTaskReady	137
0x20e2dc	NOTYPE	..lin.44a6b3b0..1738b2f4.0_251	0
0x20e2e5	NOTYPE	..lin.44a6b3b0..1738b2f4.0_252	0
0x20e2eb	NOTYPE	..lin.44a6b3b0..1738b2f4.0_253	0
0x20e2f8	NOTYPE	..lin.44a6b3b0..1738b2f4.0_254	0
0x20e30a	NOTYPE	..lin.44a6b3b0..1738b2f4.0_255	0
0x20e318	NOTYPE	..lin.44a6b3b0..1738b2f4.0_256	0
0x20e347	NOTYPE	..lin.44a6b3b0..1738b2f4.0_257	0
0x20e34c	FUNC	RecordException	281
0x20e36d	NOTYPE	..lin.44a6b3b0..5fd8f33.0_258	0
0x20e37d	NOTYPE	..lin.44a6b3b0..5fd8f33.0_259	0
0x20e398	NOTYPE	..lin.44a6b3b0..5fd8f33.0_260	0
0x20e3e1	NOTYPE	..lin.44a6b3b0..5fd8f33.0_261	0
0x20e3f1	NOTYPE	..lin.44a6b3b0..5fd8f33.0_262	0
0x20e40f	NOTYPE	..lin.44a6b3b0..5fd8f33.0_263	0
0x20e41f	NOTYPE	..lin.44a6b3b0..5fd8f33.0_264	0
0x20e441	NOTYPE	..lin.44a6b3b0..5fd8f33.0_265	0
0x20e45c	NOTYPE	..lin.44a6b3b0..5fd8f33.0_266	0
0x20e465	FUNC	KernelGetTaskStatus	101
0x20e483	NOTYPE	..lin.44a6b3b0..509d56fd.0_267	0
0x20e496	NOTYPE	..lin.44a6b3b0..509d56fd.0_268	0
0x20e49d	NOTYPE	..lin.44a6b3b0..509d56fd.0_269	0
0x20e4a3	NOTYPE	..lin.44a6b3b0..509d56fd.0_270	0
0x20e4b3	NOTYPE	..lin.44a6b3b0..509d56fd.0_271	0
0x20e4c3	NOTYPE	..lin.44a6b3b0..509d56fd.0_272	0
0x20e4ca	FUNC	PendTaskContext	97
0x20e4e8	NOTYPE	..lin.44a6b3b0..c7fe6424.0_273	0
0x20e50a	NOTYPE	..lin.44a6b3b0..c7fe6424.0_274	0
0x20e517	NOTYPE	..lin.44a6b3b0..c7fe6424.0_275	0
0x20e52b	FUNC	KernelHaltTask	96
0x20e53f	NOTYPE	..lin.44a6b3b0..313adfe2.0_276	0
0x20e562	NOTYPE	..lin.44a6b3b0..313adfe2.0_277	0
0x20e574	NOTYPE	..lin.44a6b3b0..313adfe2.0_278	0
0x20e57f	NOTYPE	..lin.44a6b3b0..313adfe2.0_279	0
0x20e587	NOTYPE	..lin.44a6b3b0..313adfe2.0_280	0
0x20e58b	FUNC	KernelExitTask	171
0x20e5a5	NOTYPE	..lin.44a6b3b0..4ff15cb3.0_281	0
0x20e5b5	NOTYPE	..lin.44a6b3b0..4ff15cb3.0_282	0
0x20e5ca	NOTYPE	..lin.44a6b3b0..4ff15cb3.0_283	0
0x20e5e2	NOTYPE	..lin.44a6b3b0..4ff15cb3.0_284	0
0x20e5e7	NOTYPE	..lin.44a6b3b0..4ff15cb3.0_285	0
0x20e5f7	NOTYPE	..lin.44a6b3b0..4ff15cb3.0_286	0
0x20e61a	NOTYPE	..lin.44a6b3b0..4ff15cb3.0_287	0
0x20e622	NOTYPE	..lin.44a6b3b0..4ff15cb3.0_288	0
0x20e62f	NOTYPE	..lin.44a6b3b0..4ff15cb3.0_289	0
0x20e636	FUNC	RunPendingTaskContext	107
0x20e656	NOTYPE	..lin.44a6b3b0..a764e897.0_290	0
0x20e666	NOTYPE	..lin.44a6b3b0..a764e897.0_291	0
0x20e688	NOTYPE	..lin.44a6b3b0..a764e897.0_292	0
0x20e692	NOTYPE	..lin.44a6b3b0..a764e897.0_293	0
0x20e69f	NOTYPE	..lin.44a6b3b0..a764e897.0_294	0
0x20e6a1	FUNC	KernelRunTask	98
0x20e6b5	NOTYPE	..lin.44a6b3b0..7f91b72e.0_295	0
0x20e6d8	NOTYPE	..lin.44a6b3b0..7f91b72e.0_296	0
0x20e6ea	NOTYPE	..lin.44a6b3b0..7f91b72e.0_297	0
0x20e6f7	NOTYPE	..lin.44a6b3b0..7f91b72e.0_298	0
0x20e701	NOTYPE	..lin.44a6b3b0..7f91b72e.0_299	0
0x20e703	FUNC	KernelGetTaskProgramCounter	59
0x20e720	NOTYPE	..lin.44a6b3b0..adc02d51.0_300	0
0x20e726	NOTYPE	..lin.44a6b3b0..adc02d51.0_301	0
0x20e72c	NOTYPE	..lin.44a6b3b0..adc02d51.0_302	0
0x20e737	NOTYPE	..lin.44a6b3b0..adc02d51.0_303	0
0x20e73e	FUNC	KernelSetTaskProgramCounter	53
0x20e75b	NOTYPE	..lin.44a6b3b0..7a5beb5d.0_304	0
0x20e761	NOTYPE	..lin.44a6b3b0..7a5beb5d.0_305	0
0x20e76c	NOTYPE	..lin.44a6b3b0..7a5beb5d.0_306	0
0x20e773	FUNC	KernelGetTaskStackPointer	61
0x20e790	NOTYPE	..lin.44a6b3b0..439eb7d0.0_307	0
0x20e796	NOTYPE	..lin.44a6b3b0..439eb7d0.0_308	0
0x20e79c	NOTYPE	..lin.44a6b3b0..439eb7d0.0_309	0
0x20e7a9	NOTYPE	..lin.44a6b3b0..439eb7d0.0_310	0
0x20e7b0	FUNC	KernelSetTaskStackPointer	53
0x20e7cd	NOTYPE	..lin.44a6b3b0..8ddb82dc.0_311	0
0x20e7d3	NOTYPE	..lin.44a6b3b0..8ddb82dc.0_312	0
0x20e7de	NOTYPE	..lin.44a6b3b0..8ddb82dc.0_313	0
0x20e7e5	FUNC	KernelSetTaskStackLimits	21
0x20e7fa	FUNC	KernelGetTaskStackLimits	43
0x20e800	NOTYPE	..lin.44a6b3b0..1f172a61.0_314	0
0x20e814	NOTYPE	..lin.44a6b3b0..1f172a61.0_315	0
0x20e825	FUNC	KernelGetTaskRegister	101
0x20e846	NOTYPE	..lin.44a6b3b0..8b9a853e.0_316	0
0x20e84c	NOTYPE	..lin.44a6b3b0..8b9a853e.0_317	0
0x20e852	NOTYPE	..lin.44a6b3b0..8b9a853e.0_318	0
0x20e856	NOTYPE	..lin.44a6b3b0..8b9a853e.0_319	0
0x20e884	NOTYPE	..lin.44a6b3b0..8b9a853e.0_320	0
0x20e88a	FUNC	KernelSetTaskRegister	59
0x20e8ab	NOTYPE	..lin.44a6b3b0..32f3aa4a.0_321	0
0x20e8b1	NOTYPE	..lin.44a6b3b0..32f3aa4a.0_322	0
0x20e8bf	NOTYPE	..lin.44a6b3b0..32f3aa4a.0_323	0
0x20e8c5	FUNC	KernelFillTask	156
0x20e901	NOTYPE	..lin.44a6b3b0..bff85820.0_324	0
0x20e910	NOTYPE	..lin.44a6b3b0..bff85820.0_325	0
0x20e91c	NOTYPE	..lin.44a6b3b0..bff85820.0_326	0
0x20e922	NOTYPE	..lin.44a6b3b0..bff85820.0_327	0
0x20e92e	NOTYPE	..lin.44a6b3b0..bff85820.0_328	0
0x20e934	NOTYPE	..lin.44a6b3b0..bff85820.0_329	0
0x20e947	NOTYPE	..lin.44a6b3b0..bff85820.0_330	0
0x20e956	NOTYPE	..lin.44a6b3b0..bff85820.0_331	0
0x20e961	FUNC	KernelMevControl	5
0x20e966	FUNC	KernelGetTaskCoreAffinity	23
0x20e96c	NOTYPE	..lin.44a6b3b0..8cfb8ddc.0_332	0
0x20e97d	FUNC	InternalSetTaskCoreAffinity	61
0x20e994	NOTYPE	..lin.44a6b3b0..85fa1104.0_333	0
0x20e999	NOTYPE	..lin.44a6b3b0..85fa1104.0_334	0
0x20e9ad	NOTYPE	..lin.44a6b3b0..85fa1104.0_335	0
0x20e9ba	FUNC	KernelSetTaskCoreAffinity	135
0x20e9dc	NOTYPE	..lin.44a6b3b0..d73858e8.0_336	0
0x20ea03	NOTYPE	..lin.44a6b3b0..d73858e8.0_337	0
0x20ea13	NOTYPE	..lin.44a6b3b0..d73858e8.0_338	0
0x20ea19	NOTYPE	..lin.44a6b3b0..d73858e8.0_339	0
0x20ea1f	NOTYPE	..lin.44a6b3b0..d73858e8.0_340	0
0x20ea25	NOTYPE	..lin.44a6b3b0..d73858e8.0_341	0
0x20ea2b	NOTYPE	..lin.44a6b3b0..d73858e8.0_342	0
0x20ea39	NOTYPE	..lin.44a6b3b0..d73858e8.0_343	0
0x20ea41	FUNC	KernelGetTaskCurrentCore	61
0x20ea5d	NOTYPE	..lin.44a6b3b0..e3977965.0_344	0
0x20ea66	NOTYPE	..lin.44a6b3b0..e3977965.0_345	0
0x20ea6e	NOTYPE	..lin.44a6b3b0..e3977965.0_346	0
0x20ea74	NOTYPE	..lin.44a6b3b0..e3977965.0_347	0
0x20ea7e	FUNC	KernelGetTaskLockPriority	23
0x20ea84	NOTYPE	..lin.44a6b3b0..3eda8c04.0_348	0
0x20ea95	FUNC	KernelSetTaskLockPriority	158
0x20eab3	NOTYPE	..lin.44a6b3b0..89175710.0_349	0
0x20eada	NOTYPE	..lin.44a6b3b0..89175710.0_350	0
0x20eaeb	NOTYPE	..lin.44a6b3b0..89175710.0_351	0
0x20eaf1	NOTYPE	..lin.44a6b3b0..89175710.0_352	0
0x20eaf7	NOTYPE	..lin.44a6b3b0..89175710.0_353	0
0x20eb05	NOTYPE	..lin.44a6b3b0..89175710.0_354	0
0x20eb0e	NOTYPE	..lin.44a6b3b0..89175710.0_355	0
0x20eb14	NOTYPE	..lin.44a6b3b0..89175710.0_356	0
0x20eb24	NOTYPE	..lin.44a6b3b0..89175710.0_357	0
0x20eb2c	NOTYPE	..lin.44a6b3b0..89175710.0_358	0
0x20eb33	FUNC	InternalRunTaskAndAsynchronousReceive	347
0x20eb65	NOTYPE	..lin.44a6b3b0..917f28c.0_359	0
0x20eb6e	NOTYPE	..lin.44a6b3b0..917f28c.0_360	0
0x20eb91	NOTYPE	..lin.44a6b3b0..917f28c.0_361	0
0x20eb97	NOTYPE	..lin.44a6b3b0..917f28c.0_362	0
0x20eb9f	NOTYPE	..lin.44a6b3b0..917f28c.0_363	0
0x20ebaf	NOTYPE	..lin.44a6b3b0..917f28c.0_364	0
0x20ebb8	NOTYPE	..lin.44a6b3b0..917f28c.0_365	0
0x20ebc6	NOTYPE	..lin.44a6b3b0..917f28c.0_366	0
0x20ebcf	NOTYPE	..lin.44a6b3b0..917f28c.0_367	0
0x20ebd6	NOTYPE	..lin.44a6b3b0..917f28c.0_368	0
0x20ebdf	NOTYPE	..lin.44a6b3b0..917f28c.0_369	0
0x20ebeb	NOTYPE	..lin.44a6b3b0..917f28c.0_370	0
0x20ebf4	NOTYPE	..lin.44a6b3b0..917f28c.0_371	0
0x20ec03	NOTYPE	..lin.44a6b3b0..917f28c.0_372	0
0x20ec28	NOTYPE	..lin.44a6b3b0..917f28c.0_373	0
0x20ec2c	NOTYPE	..lin.44a6b3b0..917f28c.0_374	0
0x20ec60	NOTYPE	..lin.44a6b3b0..917f28c.0_375	0
0x20ec7f	NOTYPE	..lin.44a6b3b0..917f28c.0_376	0
0x20ec90	FUNC	KernelSetTaskName	344
0x20eccb	NOTYPE	..lin.db770871..d2a05806.0_1	0
0x20ecda	NOTYPE	..lin.db770871..d2a05806.0_2	0
0x20ecf5	NOTYPE	..lin.db770871..d2a05806.0_3	0
0x20ecfb	NOTYPE	..lin.db770871..d2a05806.0_4	0
0x20ed04	NOTYPE	..lin.db770871..d2a05806.0_5	0
0x20ed14	NOTYPE	..lin.db770871..d2a05806.0_6	0
0x20ed1d	NOTYPE	..lin.db770871..d2a05806.0_7	0
0x20ed23	NOTYPE	..lin.db770871..d2a05806.0_8	0
0x20ed29	NOTYPE	..lin.db770871..d2a05806.0_9	0
0x20ed32	NOTYPE	..lin.db770871..d2a05806.0_10	0
0x20ed3a	NOTYPE	..lin.db770871..d2a05806.0_11	0
0x20ed3f	NOTYPE	..lin.db770871..d2a05806.0_12	0
0x20ed48	NOTYPE	..lin.db770871..d2a05806.0_13	0
0x20ed6a	NOTYPE	..lin.db770871..d2a05806.0_14	0
0x20ed84	NOTYPE	..lin.db770871..d2a05806.0_15	0
0x20ed89	NOTYPE	..lin.db770871..d2a05806.0_16	0
0x20edaa	NOTYPE	..lin.db770871..d2a05806.0_17	0
0x20edcf	NOTYPE	..lin.db770871..d2a05806.0_18	0
0x20ede8	FUNC	KernelSetTaskExecutableFile	248
0x20ee19	NOTYPE	..lin.db770871..b43b87e7.0_19	0
0x20ee30	NOTYPE	..lin.db770871..b43b87e7.0_20	0
0x20ee3f	NOTYPE	..lin.db770871..b43b87e7.0_21	0
0x20ee45	NOTYPE	..lin.db770871..b43b87e7.0_22	0
0x20ee4e	NOTYPE	..lin.db770871..b43b87e7.0_23	0
0x20ee5a	NOTYPE	..lin.db770871..b43b87e7.0_24	0
0x20ee60	NOTYPE	..lin.db770871..b43b87e7.0_25	0
0x20ee66	NOTYPE	..lin.db770871..b43b87e7.0_26	0
0x20ee6c	NOTYPE	..lin.db770871..b43b87e7.0_27	0
0x20ee72	NOTYPE	..lin.db770871..b43b87e7.0_28	0
0x20ee7a	NOTYPE	..lin.db770871..b43b87e7.0_29	0
0x20ee7f	NOTYPE	..lin.db770871..b43b87e7.0_30	0
0x20ee85	NOTYPE	..lin.db770871..b43b87e7.0_31	0
0x20eea9	NOTYPE	..lin.db770871..b43b87e7.0_32	0
0x20eec2	NOTYPE	..lin.db770871..b43b87e7.0_33	0
0x20eed5	NOTYPE	..lin.db770871..b43b87e7.0_34	0
0x20eee0	FUNC	KernelGetTaskExecutableFile	238
0x20ef11	NOTYPE	..lin.db770871..e79fc9db.0_35	0
0x20ef1d	NOTYPE	..lin.db770871..e79fc9db.0_36	0
0x20ef37	NOTYPE	..lin.db770871..e79fc9db.0_37	0
0x20ef3d	NOTYPE	..lin.db770871..e79fc9db.0_38	0
0x20ef4a	NOTYPE	..lin.db770871..e79fc9db.0_39	0
0x20ef50	NOTYPE	..lin.db770871..e79fc9db.0_40	0
0x20ef55	NOTYPE	..lin.db770871..e79fc9db.0_41	0
0x20ef5b	NOTYPE	..lin.db770871..e79fc9db.0_42	0
0x20ef61	NOTYPE	..lin.db770871..e79fc9db.0_43	0
0x20ef6a	NOTYPE	..lin.db770871..e79fc9db.0_44	0
0x20ef6f	NOTYPE	..lin.db770871..e79fc9db.0_45	0
0x20ef97	NOTYPE	..lin.db770871..e79fc9db.0_46	0
0x20efa9	NOTYPE	..lin.db770871..e79fc9db.0_47	0
0x20efbb	NOTYPE	..lin.db770871..e79fc9db.0_48	0
0x20efd0	FUNC	ValidDomain	34
0x20efe4	NOTYPE	..lin.37bfa4e0..4843bed.0_1	0
0x20efef	NOTYPE	..lin.37bfa4e0..4843bed.0_2	0
0x20eff2	FUNC	ClearPSchedLists...2Fhome.2Fmal.2Fgm_release.2FMY22.2D026.2Ffinal.2Fiot.2Frtos.2Flibs.2Fgm.2Di35.2Frel.2Fwork.2Flibkernel.2Flibkernel.2Fadrspace.	330
0x20f00f	NOTYPE	..lin.37bfa4e0..626c2c72.0_3	0
0x20f02b	NOTYPE	..lin.37bfa4e0..626c2c72.0_4	0
0x20f03d	NOTYPE	..lin.37bfa4e0..626c2c72.0_5	0
0x20f056	NOTYPE	..lin.37bfa4e0..626c2c72.0_6	0
0x20f066	NOTYPE	..lin.37bfa4e0..626c2c72.0_7	0
0x20f06c	NOTYPE	..lin.37bfa4e0..626c2c72.0_8	0
0x20f075	NOTYPE	..lin.37bfa4e0..626c2c72.0_9	0
0x20f08c	NOTYPE	..lin.37bfa4e0..626c2c72.0_10	0
0x20f09b	NOTYPE	..lin.37bfa4e0..626c2c72.0_11	0
0x20f0b7	NOTYPE	..lin.37bfa4e0..626c2c72.0_12	0
0x20f0c0	NOTYPE	..lin.37bfa4e0..626c2c72.0_13	0
0x20f0c6	NOTYPE	..lin.37bfa4e0..626c2c72.0_14	0
0x20f0d3	NOTYPE	..lin.37bfa4e0..626c2c72.0_15	0
0x20f103	NOTYPE	..lin.37bfa4e0..626c2c72.0_16	0
0x20f10d	NOTYPE	..lin.37bfa4e0..626c2c72.0_17	0
0x20f11b	NOTYPE	..lin.37bfa4e0..626c2c72.0_18	0
0x20f130	NOTYPE	..lin.37bfa4e0..626c2c72.0_19	0
0x20f13c	FUNC	IndexObjectTable	57
0x20f147	NOTYPE	..lin.37bfa4e0..c7f7941c.0_20	0
0x20f150	NOTYPE	..lin.37bfa4e0..c7f7941c.0_21	0
0x20f153	NOTYPE	..lin.37bfa4e0..c7f7941c.0_22	0
0x20f160	NOTYPE	..lin.37bfa4e0..c7f7941c.0_23	0
0x20f164	NOTYPE	..lin.37bfa4e0..c7f7941c.0_24	0
0x20f173	NOTYPE	..lin.37bfa4e0..c7f7941c.0_25	0
0x20f175	FUNC	KernelSetObjectCount	251
0x20f18b	NOTYPE	..lin.37bfa4e0..c01d2992.0_26	0
0x20f19e	NOTYPE	..lin.37bfa4e0..c01d2992.0_27	0
0x20f1a3	NOTYPE	..lin.37bfa4e0..c01d2992.0_28	0
0x20f1ae	NOTYPE	..lin.37bfa4e0..c01d2992.0_29	0
0x20f1b5	NOTYPE	..lin.37bfa4e0..c01d2992.0_30	0
0x20f1ba	NOTYPE	..lin.37bfa4e0..c01d2992.0_31	0
0x20f1c5	NOTYPE	..lin.37bfa4e0..c01d2992.0_32	0
0x20f1dc	NOTYPE	..lin.37bfa4e0..c01d2992.0_33	0
0x20f1e9	NOTYPE	..lin.37bfa4e0..c01d2992.0_34	0
0x20f1f7	NOTYPE	..lin.37bfa4e0..c01d2992.0_35	0
0x20f203	NOTYPE	..lin.37bfa4e0..c01d2992.0_36	0
0x20f20c	NOTYPE	..lin.37bfa4e0..c01d2992.0_37	0
0x20f214	NOTYPE	..lin.37bfa4e0..c01d2992.0_38	0
0x20f21d	NOTYPE	..lin.37bfa4e0..c01d2992.0_39	0
0x20f228	NOTYPE	..lin.37bfa4e0..c01d2992.0_40	0
0x20f236	NOTYPE	..lin.37bfa4e0..c01d2992.0_41	0
0x20f240	NOTYPE	..lin.37bfa4e0..c01d2992.0_42	0
0x20f24d	NOTYPE	..lin.37bfa4e0..c01d2992.0_43	0
0x20f251	NOTYPE	..lin.37bfa4e0..c01d2992.0_44	0
0x20f263	NOTYPE	..lin.37bfa4e0..c01d2992.0_45	0
0x20f270	FUNC	GivePageToDomain	76
0x20f289	NOTYPE	..lin.37bfa4e0..af443668.0_46	0
0x20f299	NOTYPE	..lin.37bfa4e0..af443668.0_47	0
0x20f2a6	NOTYPE	..lin.37bfa4e0..af443668.0_48	0
0x20f2ae	NOTYPE	..lin.37bfa4e0..af443668.0_49	0
0x20f2bc	FUNC	AddressSpaceClose...2Fhome.2Fmal.2Fgm_release.2FMY22.2D026.2Ffinal.2Fiot.2Frtos.2Flibs.2Fgm.2Di35.2Frel.2Fwork.2Flibkernel.2Flibkernel.2Fadrspace.	515
0x20f2d4	NOTYPE	..lin.37bfa4e0..66706d2d.0_50	0
0x20f2de	NOTYPE	..lin.37bfa4e0..66706d2d.0_51	0
0x20f2e7	NOTYPE	..lin.37bfa4e0..66706d2d.0_52	0
0x20f2ef	NOTYPE	..lin.37bfa4e0..66706d2d.0_53	0
0x20f2fd	NOTYPE	..lin.37bfa4e0..66706d2d.0_54	0
0x20f307	NOTYPE	..lin.37bfa4e0..66706d2d.0_55	0
0x20f317	NOTYPE	..lin.37bfa4e0..66706d2d.0_56	0
0x20f319	NOTYPE	..lin.37bfa4e0..66706d2d.0_57	0
0x20f324	NOTYPE	..lin.37bfa4e0..66706d2d.0_58	0
0x20f32b	NOTYPE	..lin.37bfa4e0..66706d2d.0_59	0
0x20f343	NOTYPE	..lin.37bfa4e0..66706d2d.0_60	0
0x20f359	NOTYPE	..lin.37bfa4e0..66706d2d.0_61	0
0x20f371	NOTYPE	..lin.37bfa4e0..66706d2d.0_62	0
0x20f380	NOTYPE	..lin.37bfa4e0..66706d2d.0_63	0
0x20f397	NOTYPE	..lin.37bfa4e0..66706d2d.0_64	0
0x20f3a5	NOTYPE	..lin.37bfa4e0..66706d2d.0_65	0
0x20f3af	NOTYPE	..lin.37bfa4e0..66706d2d.0_66	0
0x20f3b8	NOTYPE	..lin.37bfa4e0..66706d2d.0_67	0
0x20f3bd	NOTYPE	..lin.37bfa4e0..66706d2d.0_68	0
0x20f3c2	NOTYPE	..lin.37bfa4e0..66706d2d.0_69	0
0x20f3d4	NOTYPE	..lin.37bfa4e0..66706d2d.0_70	0
0x20f3e2	NOTYPE	..lin.37bfa4e0..66706d2d.0_71	0
0x20f3f5	NOTYPE	..lin.37bfa4e0..66706d2d.0_72	0
0x20f41f	NOTYPE	..lin.37bfa4e0..66706d2d.0_73	0
0x20f429	NOTYPE	..lin.37bfa4e0..66706d2d.0_74	0
0x20f44e	NOTYPE	..lin.37bfa4e0..66706d2d.0_75	0
0x20f456	NOTYPE	..lin.37bfa4e0..66706d2d.0_76	0
0x20f46f	NOTYPE	..lin.37bfa4e0..66706d2d.0_77	0
0x20f477	NOTYPE	..lin.37bfa4e0..66706d2d.0_78	0
0x20f4b3	NOTYPE	..lin.37bfa4e0..66706d2d.0_79	0
0x20f4bf	FUNC	GetPageFromDomain	29
0x20f4c9	NOTYPE	..lin.37bfa4e0..bdab73ce.0_80	0
0x20f4dc	FUNC	DomainSetupObjects	23
0x20f4e9	NOTYPE	..lin.37bfa4e0..5a5bb038.0_81	0
0x20f4f3	FUNC	KernelCreateVirtualAddressSpace	356
0x20f52a	NOTYPE	..lin.37bfa4e0..a8535913.0_82	0
0x20f54a	NOTYPE	..lin.37bfa4e0..a8535913.0_83	0
0x20f553	NOTYPE	..lin.37bfa4e0..a8535913.0_84	0
0x20f581	NOTYPE	..lin.37bfa4e0..a8535913.0_85	0
0x20f587	NOTYPE	..lin.37bfa4e0..a8535913.0_86	0
0x20f597	NOTYPE	..lin.37bfa4e0..a8535913.0_87	0
0x20f5b4	NOTYPE	..lin.37bfa4e0..a8535913.0_88	0
0x20f5bf	NOTYPE	..lin.37bfa4e0..a8535913.0_89	0
0x20f5cb	NOTYPE	..lin.37bfa4e0..a8535913.0_90	0
0x20f5da	NOTYPE	..lin.37bfa4e0..a8535913.0_91	0
0x20f60c	NOTYPE	..lin.37bfa4e0..a8535913.0_92	0
0x20f614	NOTYPE	..lin.37bfa4e0..a8535913.0_93	0
0x20f630	NOTYPE	..lin.37bfa4e0..a8535913.0_94	0
0x20f657	FUNC	KernelPutPageOnAddressSpaceFreeList	133
0x20f67f	NOTYPE	..lin.37bfa4e0..f7d55c89.0_95	0
0x20f684	NOTYPE	..lin.37bfa4e0..f7d55c89.0_96	0
0x20f696	NOTYPE	..lin.37bfa4e0..f7d55c89.0_97	0
0x20f6a4	NOTYPE	..lin.37bfa4e0..f7d55c89.0_98	0
0x20f6c0	NOTYPE	..lin.37bfa4e0..f7d55c89.0_99	0
0x20f6c5	NOTYPE	..lin.37bfa4e0..f7d55c89.0_100	0
0x20f6cb	NOTYPE	..lin.37bfa4e0..f7d55c89.0_101	0
0x20f6d3	NOTYPE	..lin.37bfa4e0..f7d55c89.0_102	0
0x20f6dc	FUNC	KernelGetPageFromAddressSpaceFreeList	145
0x20f6ff	NOTYPE	..lin.37bfa4e0..3ff8f8c7.0_103	0
0x20f705	NOTYPE	..lin.37bfa4e0..3ff8f8c7.0_104	0
0x20f74b	NOTYPE	..lin.37bfa4e0..3ff8f8c7.0_105	0
0x20f757	NOTYPE	..lin.37bfa4e0..3ff8f8c7.0_106	0
0x20f75d	NOTYPE	..lin.37bfa4e0..3ff8f8c7.0_107	0
0x20f76d	FUNC	KernelGetAddressSpaceUniqueId	23
0x20f773	NOTYPE	..lin.37bfa4e0..40e03ebc.0_108	0
0x20f784	FUNC	AssignRestartReaper...2Fhome.2Fmal.2Fgm_release.2FMY22.2D026.2Ffinal.2Fiot.2Frtos.2Flibs.2Fgm.2Di35.2Frel.2Fwork.2Flibkernel.2Flibkernel.2Fadrspace.	94
0x20f7d4	NOTYPE	..lin.37bfa4e0..aa5b23ae.0_109	0
0x20f7e0	NOTYPE	..lin.37bfa4e0..aa5b23ae.0_110	0
0x20f7e2	FUNC	InternalExitTasksInAddressSpace...2Fhome.2Fmal.2Fgm_release.2FMY22.2D026.2Ffinal.2Fiot.2Frtos.2Flibs.2Fgm.2Di35.2Frel.2Fwork.2Flibkernel.2Flibkernel.2Fadrspace.	296
0x20f7f6	NOTYPE	..lin.37bfa4e0..14f9a4ab.0_111	0
0x20f806	NOTYPE	..lin.37bfa4e0..14f9a4ab.0_112	0
0x20f80b	NOTYPE	..lin.37bfa4e0..14f9a4ab.0_113	0
0x20f81b	NOTYPE	..lin.37bfa4e0..14f9a4ab.0_114	0
0x20f820	NOTYPE	..lin.37bfa4e0..14f9a4ab.0_115	0
0x20f828	NOTYPE	..lin.37bfa4e0..14f9a4ab.0_116	0
0x20f831	NOTYPE	..lin.37bfa4e0..14f9a4ab.0_117	0
0x20f835	NOTYPE	..lin.37bfa4e0..14f9a4ab.0_118	0
0x20f84f	NOTYPE	..lin.37bfa4e0..14f9a4ab.0_119	0
0x20f854	NOTYPE	..lin.37bfa4e0..14f9a4ab.0_120	0
0x20f86a	NOTYPE	..lin.37bfa4e0..14f9a4ab.0_121	0
0x20f880	NOTYPE	..lin.37bfa4e0..14f9a4ab.0_122	0
0x20f887	NOTYPE	..lin.37bfa4e0..14f9a4ab.0_123	0
0x20f89d	NOTYPE	..lin.37bfa4e0..14f9a4ab.0_124	0
0x20f8b5	NOTYPE	..lin.37bfa4e0..14f9a4ab.0_125	0
0x20f8bb	NOTYPE	..lin.37bfa4e0..14f9a4ab.0_126	0
0x20f8c9	NOTYPE	..lin.37bfa4e0..14f9a4ab.0_127	0
0x20f8d4	NOTYPE	..lin.37bfa4e0..14f9a4ab.0_128	0
0x20f8ea	NOTYPE	..lin.37bfa4e0..14f9a4ab.0_129	0
0x20f8f2	NOTYPE	..lin.37bfa4e0..14f9a4ab.0_130	0
0x20f8f6	NOTYPE	..lin.37bfa4e0..14f9a4ab.0_131	0
0x20f901	NOTYPE	..lin.37bfa4e0..14f9a4ab.0_132	0
0x20f90a	FUNC	KernelExitTasksInAddressSpace	107
0x20f931	NOTYPE	..lin.37bfa4e0..ea213e8f.0_133	0
0x20f941	NOTYPE	..lin.37bfa4e0..ea213e8f.0_134	0
0x20f95b	NOTYPE	..lin.37bfa4e0..ea213e8f.0_135	0
0x20f962	NOTYPE	..lin.37bfa4e0..ea213e8f.0_136	0
0x20f968	NOTYPE	..lin.37bfa4e0..ea213e8f.0_137	0
0x20f970	NOTYPE	..lin.37bfa4e0..ea213e8f.0_138	0
0x20f975	FUNC	KernelRestartAddressSpace	422
0x20f9a3	NOTYPE	..lin.37bfa4e0..7cd8205d.0_139	0
0x20f9b3	NOTYPE	..lin.37bfa4e0..7cd8205d.0_140	0
0x20f9d0	NOTYPE	..lin.37bfa4e0..7cd8205d.0_141	0
0x20f9d7	NOTYPE	..lin.37bfa4e0..7cd8205d.0_142	0
0x20f9e0	NOTYPE	..lin.37bfa4e0..7cd8205d.0_143	0
0x20f9f0	NOTYPE	..lin.37bfa4e0..7cd8205d.0_144	0
0x20fa1d	NOTYPE	..lin.37bfa4e0..7cd8205d.0_145	0
0x20fa26	NOTYPE	..lin.37bfa4e0..7cd8205d.0_146	0
0x20fa50	NOTYPE	..lin.37bfa4e0..7cd8205d.0_147	0
0x20fa59	NOTYPE	..lin.37bfa4e0..7cd8205d.0_148	0
0x20fa64	NOTYPE	..lin.37bfa4e0..7cd8205d.0_149	0
0x20fa72	NOTYPE	..lin.37bfa4e0..7cd8205d.0_150	0
0x20fa7f	NOTYPE	..lin.37bfa4e0..7cd8205d.0_151	0
0x20fa8c	NOTYPE	..lin.37bfa4e0..7cd8205d.0_152	0
0x20fa98	NOTYPE	..lin.37bfa4e0..7cd8205d.0_153	0
0x20fab4	NOTYPE	..lin.37bfa4e0..7cd8205d.0_154	0
0x20fad5	NOTYPE	..lin.37bfa4e0..7cd8205d.0_155	0
0x20fafb	NOTYPE	..lin.37bfa4e0..7cd8205d.0_156	0
0x20fb08	NOTYPE	..lin.37bfa4e0..7cd8205d.0_157	0
0x20fb10	NOTYPE	..lin.37bfa4e0..7cd8205d.0_158	0
0x20fb1b	FUNC	KernelRestartComplete	559
0x20fb38	NOTYPE	..lin.37bfa4e0..ab72b824.0_159	0
0x20fb68	NOTYPE	..lin.37bfa4e0..ab72b824.0_160	0
0x20fb81	NOTYPE	..lin.37bfa4e0..ab72b824.0_161	0
0x20fb9c	NOTYPE	..lin.37bfa4e0..ab72b824.0_162	0
0x20fbb9	NOTYPE	..lin.37bfa4e0..ab72b824.0_163	0
0x20fbe1	NOTYPE	..lin.37bfa4e0..ab72b824.0_164	0
0x20fbe6	NOTYPE	..lin.37bfa4e0..ab72b824.0_165	0
0x20fbfc	NOTYPE	..lin.37bfa4e0..ab72b824.0_166	0
0x20fc05	NOTYPE	..lin.37bfa4e0..ab72b824.0_167	0
0x20fc13	NOTYPE	..lin.37bfa4e0..ab72b824.0_168	0
0x20fc1c	NOTYPE	..lin.37bfa4e0..ab72b824.0_169	0
0x20fc24	NOTYPE	..lin.37bfa4e0..ab72b824.0_170	0
0x20fc3e	NOTYPE	..lin.37bfa4e0..ab72b824.0_171	0
0x20fc43	NOTYPE	..lin.37bfa4e0..ab72b824.0_172	0
0x20fc60	NOTYPE	..lin.37bfa4e0..ab72b824.0_173	0
0x20fc6d	NOTYPE	..lin.37bfa4e0..ab72b824.0_174	0
0x20fc7b	NOTYPE	..lin.37bfa4e0..ab72b824.0_175	0
0x20fc95	NOTYPE	..lin.37bfa4e0..ab72b824.0_176	0
0x20fc9f	NOTYPE	..lin.37bfa4e0..ab72b824.0_177	0
0x20fcbd	NOTYPE	..lin.37bfa4e0..ab72b824.0_178	0
0x20fcc5	NOTYPE	..lin.37bfa4e0..ab72b824.0_179	0
0x20fcd5	NOTYPE	..lin.37bfa4e0..ab72b824.0_180	0
0x20fcf0	NOTYPE	..lin.37bfa4e0..ab72b824.0_181	0
0x20fd0d	NOTYPE	..lin.37bfa4e0..ab72b824.0_182	0
0x20fd17	NOTYPE	..lin.37bfa4e0..ab72b824.0_183	0
0x20fd21	NOTYPE	..lin.37bfa4e0..ab72b824.0_184	0
0x20fd38	NOTYPE	..lin.37bfa4e0..ab72b824.0_185	0
0x20fd3d	NOTYPE	..lin.37bfa4e0..ab72b824.0_186	0
0x20fd4a	FUNC	KernelRunVmAndWaitForActivity	62
0x20fd68	NOTYPE	..lin.37bfa4e0..20c6eeda.0_187	0
0x20fd6d	NOTYPE	..lin.37bfa4e0..20c6eeda.0_188	0
0x20fd72	NOTYPE	..lin.37bfa4e0..20c6eeda.0_189	0
0x20fd7d	NOTYPE	..lin.37bfa4e0..20c6eeda.0_190	0
0x20fd7f	NOTYPE	..lin.37bfa4e0..20c6eeda.0_191	0
0x20fd88	FUNC	PutMemoryRegionInDomain...2Fhome.2Fmal.2Fgm_release.2FMY22.2D026.2Ffinal.2Fiot.2Frtos.2Flibs.2Fgm.2Di35.2Frel.2Fwork.2Flibkernel.2Flibkernel.2Fmemreg.	26
0x20fda2	NOTYPE	..lin.f913863a..5207d60a.0_1	0
0x20fda2	FUNC	RemoveMemoryRegionFromDomain...2Fhome.2Fmal.2Fgm_release.2FMY22.2D026.2Ffinal.2Fiot.2Frtos.2Flibs.2Fgm.2Di35.2Frel.2Fwork.2Flibkernel.2Flibkernel.2Fmemreg.	39
0x20fdc0	NOTYPE	..lin.f913863a..a557263c.0_2	0
0x20fdc9	FUNC	ImpairMemoryRegion	20
0x20fdd7	NOTYPE	..lin.f913863a..942f2ec4.0_3	0
0x20fddd	FUNC	MemoryRegionClose...2Fhome.2Fmal.2Fgm_release.2FMY22.2D026.2Ffinal.2Fiot.2Frtos.2Flibs.2Fgm.2Di35.2Frel.2Fwork.2Flibkernel.2Flibkernel.2Fmemreg.	17
0x20fde5	NOTYPE	..lin.f913863a..a058d178.0_4	0
0x20fdea	NOTYPE	..lin.f913863a..a058d178.0_5	0
0x20fdee	FUNC	IsFreeKernelSpacePage	327
0x20fe2b	NOTYPE	..lin.f913863a..77b2e38d.0_6	0
0x20fe38	NOTYPE	..lin.f913863a..77b2e38d.0_7	0
0x20fe45	NOTYPE	..lin.f913863a..77b2e38d.0_8	0
0x20fe4d	NOTYPE	..lin.f913863a..77b2e38d.0_9	0
0x20fe5a	NOTYPE	..lin.f913863a..77b2e38d.0_10	0
0x20fe62	NOTYPE	..lin.f913863a..77b2e38d.0_11	0
0x20fe6b	NOTYPE	..lin.f913863a..77b2e38d.0_12	0
0x20fe73	NOTYPE	..lin.f913863a..77b2e38d.0_13	0
0x20fe8b	NOTYPE	..lin.f913863a..77b2e38d.0_14	0
0x20fe93	NOTYPE	..lin.f913863a..77b2e38d.0_15	0
0x20fe9d	NOTYPE	..lin.f913863a..77b2e38d.0_16	0
0x20fea5	NOTYPE	..lin.f913863a..77b2e38d.0_17	0
0x20fead	NOTYPE	..lin.f913863a..77b2e38d.0_18	0
0x20feb8	NOTYPE	..lin.f913863a..77b2e38d.0_19	0
0x20fec0	NOTYPE	..lin.f913863a..77b2e38d.0_20	0
0x20fecb	NOTYPE	..lin.f913863a..77b2e38d.0_21	0
0x20fed3	NOTYPE	..lin.f913863a..77b2e38d.0_22	0
0x20fede	NOTYPE	..lin.f913863a..77b2e38d.0_23	0
0x20fee6	NOTYPE	..lin.f913863a..77b2e38d.0_24	0
0x20fef1	NOTYPE	..lin.f913863a..77b2e38d.0_25	0
0x20fef7	NOTYPE	..lin.f913863a..77b2e38d.0_26	0
0x20ff02	NOTYPE	..lin.f913863a..77b2e38d.0_27	0
0x20ff27	NOTYPE	..lin.f913863a..77b2e38d.0_28	0
0x20ff2e	NOTYPE	..lin.f913863a..77b2e38d.0_29	0
0x20ff35	FUNC	MakeNewMemoryRegion	122
0x20ff6d	NOTYPE	..lin.f913863a..c26e6b0a.0_30	0
0x20ff72	NOTYPE	..lin.f913863a..c26e6b0a.0_31	0
0x20ff79	NOTYPE	..lin.f913863a..c26e6b0a.0_32	0
0x20ffa2	NOTYPE	..lin.f913863a..c26e6b0a.0_33	0
0x20ffaf	FUNC	KernelSetMemoryRegionAttributes	32
0x20ffba	NOTYPE	..lin.f913863a..6a927ff6.0_34	0
0x20ffbe	NOTYPE	..lin.f913863a..6a927ff6.0_35	0
0x20ffcf	FUNC	InternalMap...2Fhome.2Fmal.2Fgm_release.2FMY22.2D026.2Ffinal.2Fiot.2Frtos.2Flibs.2Fgm.2Di35.2Frel.2Fwork.2Flibkernel.2Flibkernel.2Fmemreg.	12
0x20ffdb	FUNC	KernelMapMemoryRegion	454
0x21000b	NOTYPE	..lin.f913863a..7c391c1.0_36	0
0x210012	NOTYPE	..lin.f913863a..7c391c1.0_37	0
0x21001b	NOTYPE	..lin.f913863a..7c391c1.0_38	0
0x21002d	NOTYPE	..lin.f913863a..7c391c1.0_39	0
0x210034	NOTYPE	..lin.f913863a..7c391c1.0_40	0
0x21003d	NOTYPE	..lin.f913863a..7c391c1.0_41	0
0x210046	NOTYPE	..lin.f913863a..7c391c1.0_42	0
0x21004d	NOTYPE	..lin.f913863a..7c391c1.0_43	0
0x210056	NOTYPE	..lin.f913863a..7c391c1.0_44	0
0x21005c	NOTYPE	..lin.f913863a..7c391c1.0_45	0
0x210065	NOTYPE	..lin.f913863a..7c391c1.0_46	0
0x21006c	NOTYPE	..lin.f913863a..7c391c1.0_47	0
0x210075	NOTYPE	..lin.f913863a..7c391c1.0_48	0
0x21009c	NOTYPE	..lin.f913863a..7c391c1.0_49	0
0x2100a5	NOTYPE	..lin.f913863a..7c391c1.0_50	0
0x2100ad	NOTYPE	..lin.f913863a..7c391c1.0_51	0
0x2100b6	NOTYPE	..lin.f913863a..7c391c1.0_52	0
0x2100bf	NOTYPE	..lin.f913863a..7c391c1.0_53	0
0x2100c7	NOTYPE	..lin.f913863a..7c391c1.0_54	0
0x2100d0	NOTYPE	..lin.f913863a..7c391c1.0_55	0
0x2100ec	NOTYPE	..lin.f913863a..7c391c1.0_56	0
0x2100f5	NOTYPE	..lin.f913863a..7c391c1.0_57	0
0x21010f	NOTYPE	..lin.f913863a..7c391c1.0_58	0
0x210118	NOTYPE	..lin.f913863a..7c391c1.0_59	0
0x210129	NOTYPE	..lin.f913863a..7c391c1.0_60	0
0x21013b	NOTYPE	..lin.f913863a..7c391c1.0_61	0
0x21013f	NOTYPE	..lin.f913863a..7c391c1.0_62	0
0x21014d	NOTYPE	..lin.f913863a..7c391c1.0_63	0
0x210152	NOTYPE	..lin.f913863a..7c391c1.0_64	0
0x210198	NOTYPE	..lin.f913863a..7c391c1.0_65	0
0x2101a1	FUNC	KernelSplitMemoryRegion	226
0x2101c0	NOTYPE	..lin.f913863a..2903e96f.0_66	0
0x2101c6	NOTYPE	..lin.f913863a..2903e96f.0_67	0
0x2101cf	NOTYPE	..lin.f913863a..2903e96f.0_68	0
0x2101d6	NOTYPE	..lin.f913863a..2903e96f.0_69	0
0x2101df	NOTYPE	..lin.f913863a..2903e96f.0_70	0
0x2101e5	NOTYPE	..lin.f913863a..2903e96f.0_71	0
0x2101ee	NOTYPE	..lin.f913863a..2903e96f.0_72	0
0x210200	NOTYPE	..lin.f913863a..2903e96f.0_73	0
0x210206	NOTYPE	..lin.f913863a..2903e96f.0_74	0
0x210246	NOTYPE	..lin.f913863a..2903e96f.0_75	0
0x21024c	NOTYPE	..lin.f913863a..2903e96f.0_76	0
0x21025b	NOTYPE	..lin.f913863a..2903e96f.0_77	0
0x210273	NOTYPE	..lin.f913863a..2903e96f.0_78	0
0x21027b	NOTYPE	..lin.f913863a..2903e96f.0_79	0
0x210283	FUNC	KernelGetMemoryRegionAddresses	29
0x210289	NOTYPE	..lin.f913863a..8dbd5481.0_80	0
0x210296	NOTYPE	..lin.f913863a..8dbd5481.0_81	0
0x2102a0	FUNC	KernelLog2PageSize	16
0x2102a6	NOTYPE	..lin.f913863a..36deec32.0_82	0
0x2102b0	FUNC	KernelFillMemoryRegion	106
0x2102cc	NOTYPE	..lin.f913863a..6518970a.0_83	0
0x2102d2	NOTYPE	..lin.f913863a..6518970a.0_84	0
0x2102de	NOTYPE	..lin.f913863a..6518970a.0_85	0
0x2102ef	NOTYPE	..lin.f913863a..6518970a.0_86	0
0x2102fa	NOTYPE	..lin.f913863a..6518970a.0_87	0
0x210300	NOTYPE	..lin.f913863a..6518970a.0_88	0
0x210306	NOTYPE	..lin.f913863a..6518970a.0_89	0
0x210318	NOTYPE	..lin.f913863a..6518970a.0_90	0
0x21031c	FUNC	CheckMemoryMap	147
0x210349	NOTYPE	..lin.5ac0d41f..714b915a.0_1	0
0x21034b	NOTYPE	..lin.5ac0d41f..714b915a.0_2	0
0x210351	NOTYPE	..lin.5ac0d41f..714b915a.0_3	0
0x210357	NOTYPE	..lin.5ac0d41f..714b915a.0_4	0
0x210365	NOTYPE	..lin.5ac0d41f..714b915a.0_5	0
0x21036a	NOTYPE	..lin.5ac0d41f..714b915a.0_6	0
0x210373	NOTYPE	..lin.5ac0d41f..714b915a.0_7	0
0x21037e	NOTYPE	..lin.5ac0d41f..714b915a.0_8	0
0x210384	NOTYPE	..lin.5ac0d41f..714b915a.0_9	0
0x21038a	NOTYPE	..lin.5ac0d41f..714b915a.0_10	0
0x2103a0	NOTYPE	..lin.5ac0d41f..714b915a.0_11	0
0x2103af	FUNC	VirtualFill	141
0x2103d2	NOTYPE	..lin.5ac0d41f..668fa9d3.0_12	0
0x2103ed	NOTYPE	..lin.5ac0d41f..668fa9d3.0_13	0
0x2103fb	NOTYPE	..lin.5ac0d41f..668fa9d3.0_14	0
0x210406	NOTYPE	..lin.5ac0d41f..668fa9d3.0_15	0
0x21040a	NOTYPE	..lin.5ac0d41f..668fa9d3.0_16	0
0x21041b	NOTYPE	..lin.5ac0d41f..668fa9d3.0_17	0
0x210420	NOTYPE	..lin.5ac0d41f..668fa9d3.0_18	0
0x21042a	NOTYPE	..lin.5ac0d41f..668fa9d3.0_19	0
0x21042e	NOTYPE	..lin.5ac0d41f..668fa9d3.0_20	0
0x210433	NOTYPE	..lin.5ac0d41f..668fa9d3.0_21	0
0x21043c	FUNC	VirtualCopy	301
0x210465	NOTYPE	..lin.5ac0d41f..668e1ec7.0_22	0
0x210474	NOTYPE	..lin.5ac0d41f..668e1ec7.0_23	0
0x21047b	NOTYPE	..lin.5ac0d41f..668e1ec7.0_24	0
0x21048a	NOTYPE	..lin.5ac0d41f..668e1ec7.0_25	0
0x210496	NOTYPE	..lin.5ac0d41f..668e1ec7.0_26	0
0x21049f	NOTYPE	..lin.5ac0d41f..668e1ec7.0_27	0
0x2104ba	NOTYPE	..lin.5ac0d41f..668e1ec7.0_28	0
0x2104c2	NOTYPE	..lin.5ac0d41f..668e1ec7.0_29	0
0x2104d6	NOTYPE	..lin.5ac0d41f..668e1ec7.0_30	0
0x2104e0	NOTYPE	..lin.5ac0d41f..668e1ec7.0_31	0
0x2104e7	NOTYPE	..lin.5ac0d41f..668e1ec7.0_32	0
0x2104f9	NOTYPE	..lin.5ac0d41f..668e1ec7.0_33	0
0x210504	NOTYPE	..lin.5ac0d41f..668e1ec7.0_34	0
0x210508	NOTYPE	..lin.5ac0d41f..668e1ec7.0_35	0
0x210564	NOTYPE	..lin.5ac0d41f..668e1ec7.0_36	0
0x210569	FUNC	SafeCopy	171
0x2105f6	NOTYPE	..lin.5ac0d41f..3514d39f.0_37	0
0x210609	NOTYPE	..lin.5ac0d41f..3514d39f.0_38	0
0x210614	FUNC	SafeRead	334
0x21063b	NOTYPE	..lin.5ac0d41f..351ce0c0.0_39	0
0x210643	NOTYPE	..lin.5ac0d41f..351ce0c0.0_40	0
0x210657	NOTYPE	..lin.5ac0d41f..351ce0c0.0_41	0
0x210660	NOTYPE	..lin.5ac0d41f..351ce0c0.0_42	0
0x210666	NOTYPE	..lin.5ac0d41f..351ce0c0.0_43	0
0x210689	NOTYPE	..lin.5ac0d41f..351ce0c0.0_44	0
0x21068e	NOTYPE	..lin.5ac0d41f..351ce0c0.0_45	0
0x2106a7	NOTYPE	..lin.5ac0d41f..351ce0c0.0_46	0
0x2106ae	NOTYPE	..lin.5ac0d41f..351ce0c0.0_47	0
0x2106ce	NOTYPE	..lin.5ac0d41f..351ce0c0.0_48	0
0x2106d5	NOTYPE	..lin.5ac0d41f..351ce0c0.0_49	0
0x2106ea	NOTYPE	..lin.5ac0d41f..351ce0c0.0_50	0
0x2106f1	NOTYPE	..lin.5ac0d41f..351ce0c0.0_51	0
0x210701	NOTYPE	..lin.5ac0d41f..351ce0c0.0_52	0
0x21070b	NOTYPE	..lin.5ac0d41f..351ce0c0.0_53	0
0x210710	NOTYPE	..lin.5ac0d41f..351ce0c0.0_54	0
0x210716	NOTYPE	..lin.5ac0d41f..351ce0c0.0_55	0
0x21071b	NOTYPE	..lin.5ac0d41f..351ce0c0.0_56	0
0x210721	NOTYPE	..lin.5ac0d41f..351ce0c0.0_57	0
0x210725	NOTYPE	..lin.5ac0d41f..351ce0c0.0_58	0
0x210730	NOTYPE	..lin.5ac0d41f..351ce0c0.0_59	0
0x21073f	NOTYPE	..lin.5ac0d41f..351ce0c0.0_60	0
0x210745	NOTYPE	..lin.5ac0d41f..351ce0c0.0_61	0
0x210755	NOTYPE	..lin.5ac0d41f..351ce0c0.0_62	0
0x210762	FUNC	SynchronizeKernelAddress	105
0x2107c9	NOTYPE	..lin.5ac0d41f..b69d4c08.0_63	0
0x2107cc	FUNC	PriorityListFunction...2Fhome.2Fmal.2Fgm_release.2FMY22.2D026.2Ffinal.2Fiot.2Frtos.2Flibs.2Fgm.2Di35.2Frel.2Fwork.2Flibkernel.2Flibkernel.2Fplist.	125
0x210805	NOTYPE	..lin.d93aa6c9..f075c4e9.0_1	0
0x21080c	NOTYPE	..lin.d93aa6c9..f075c4e9.0_2	0
0x210810	NOTYPE	..lin.d93aa6c9..f075c4e9.0_3	0
0x210819	NOTYPE	..lin.d93aa6c9..f075c4e9.0_4	0
0x210821	NOTYPE	..lin.d93aa6c9..f075c4e9.0_5	0
0x21082e	NOTYPE	..lin.d93aa6c9..f075c4e9.0_6	0
0x210833	NOTYPE	..lin.d93aa6c9..f075c4e9.0_7	0
0x210840	NOTYPE	..lin.d93aa6c9..f075c4e9.0_8	0
0x210845	NOTYPE	..lin.d93aa6c9..f075c4e9.0_9	0
0x210849	FUNC	InitializePriorityList	7
0x210850	FUNC	RemoveFirstFromPriorityList	49
0x21086f	NOTYPE	..lin.d93aa6c9..19d63ced.0_10	0
0x210875	NOTYPE	..lin.d93aa6c9..19d63ced.0_11	0
0x210881	FUNC	RemoveFirstFromMessageList	9
0x21088a	NOTYPE	..lin.d93aa6c9..86285670.0_12	0
0x21088a	FUNC	RemoveFromPriorityList	36
0x210897	NOTYPE	..lin.d93aa6c9..8f7685c5.0_13	0
0x2108ad	NOTYPE	..lin.d93aa6c9..8f7685c5.0_14	0
0x2108ae	FUNC	AddActivityToTaskPriorityList	69
0x2108c6	NOTYPE	..lin.d93aa6c9..58425c8f.0_15	0
0x2108ed	NOTYPE	..lin.d93aa6c9..58425c8f.0_16	0
0x2108f3	FUNC	AddActivityToMessageList	93
0x210911	NOTYPE	..lin.d93aa6c9..77dee4ff.0_17	0
0x210947	NOTYPE	..lin.d93aa6c9..77dee4ff.0_18	0
0x210950	FUNC	ConnectionClose...2Fhome.2Fmal.2Fgm_release.2FMY22.2D026.2Ffinal.2Fiot.2Frtos.2Flibs.2Fgm.2Di35.2Frel.2Fwork.2Flibkernel.2Flibkernel.2Fconnect.	113
0x210961	NOTYPE	..lin.31216b27..6c369beb.0_1	0
0x21096d	NOTYPE	..lin.31216b27..6c369beb.0_2	0
0x21096f	NOTYPE	..lin.31216b27..6c369beb.0_3	0
0x210989	NOTYPE	..lin.31216b27..6c369beb.0_4	0
0x210997	NOTYPE	..lin.31216b27..6c369beb.0_5	0
0x21099c	NOTYPE	..lin.31216b27..6c369beb.0_6	0
0x2109aa	NOTYPE	..lin.31216b27..6c369beb.0_7	0
0x2109ba	NOTYPE	..lin.31216b27..6c369beb.0_8	0
0x2109c1	FUNC	KernelCreateConnectionAtIndex	244
0x2109f1	NOTYPE	..lin.31216b27..23a84bb7.0_9	0
0x2109fd	NOTYPE	..lin.31216b27..23a84bb7.0_10	0
0x210a05	NOTYPE	..lin.31216b27..23a84bb7.0_11	0
0x210a21	NOTYPE	..lin.31216b27..23a84bb7.0_12	0
0x210a41	NOTYPE	..lin.31216b27..23a84bb7.0_13	0
0x210a4d	NOTYPE	..lin.31216b27..23a84bb7.0_14	0
0x210a55	NOTYPE	..lin.31216b27..23a84bb7.0_15	0
0x210a8c	NOTYPE	..lin.31216b27..23a84bb7.0_16	0
0x210aa8	NOTYPE	..lin.31216b27..23a84bb7.0_17	0
0x210ab5	FUNC	KernelRestoreConnectionAtIndex	326
0x210af8	NOTYPE	..lin.31216b27..618d3f27.0_18	0
0x210b04	NOTYPE	..lin.31216b27..618d3f27.0_19	0
0x210b14	NOTYPE	..lin.31216b27..618d3f27.0_20	0
0x210b1b	NOTYPE	..lin.31216b27..618d3f27.0_21	0
0x210b26	NOTYPE	..lin.31216b27..618d3f27.0_22	0
0x210b2b	NOTYPE	..lin.31216b27..618d3f27.0_23	0
0x210b3f	NOTYPE	..lin.31216b27..618d3f27.0_24	0
0x210b4b	NOTYPE	..lin.31216b27..618d3f27.0_25	0
0x210b54	NOTYPE	..lin.31216b27..618d3f27.0_26	0
0x210b68	NOTYPE	..lin.31216b27..618d3f27.0_27	0
0x210b6e	NOTYPE	..lin.31216b27..618d3f27.0_28	0
0x210b7b	NOTYPE	..lin.31216b27..618d3f27.0_29	0
0x210b98	NOTYPE	..lin.31216b27..618d3f27.0_30	0
0x210b9e	NOTYPE	..lin.31216b27..618d3f27.0_31	0
0x210ba7	NOTYPE	..lin.31216b27..618d3f27.0_32	0
0x210bce	NOTYPE	..lin.31216b27..618d3f27.0_33	0
0x210bed	NOTYPE	..lin.31216b27..618d3f27.0_34	0
0x210bfc	FUNC	InternalSuspendActivity	238
0x210c14	NOTYPE	..lin.eebe32ea..76e04ff1.0_1	0
0x210c2c	NOTYPE	..lin.eebe32ea..76e04ff1.0_2	0
0x210c3b	NOTYPE	..lin.eebe32ea..76e04ff1.0_3	0
0x210c43	NOTYPE	..lin.eebe32ea..76e04ff1.0_4	0
0x210c4b	NOTYPE	..lin.eebe32ea..76e04ff1.0_5	0
0x210c53	NOTYPE	..lin.eebe32ea..76e04ff1.0_6	0
0x210c63	NOTYPE	..lin.eebe32ea..76e04ff1.0_7	0
0x210c6f	NOTYPE	..lin.eebe32ea..76e04ff1.0_8	0
0x210c7f	NOTYPE	..lin.eebe32ea..76e04ff1.0_9	0
0x210c8b	NOTYPE	..lin.eebe32ea..76e04ff1.0_10	0
0x210c93	NOTYPE	..lin.eebe32ea..76e04ff1.0_11	0
0x210ca1	NOTYPE	..lin.eebe32ea..76e04ff1.0_12	0
0x210cac	NOTYPE	..lin.eebe32ea..76e04ff1.0_13	0
0x210cb9	NOTYPE	..lin.eebe32ea..76e04ff1.0_14	0
0x210cc6	NOTYPE	..lin.eebe32ea..76e04ff1.0_15	0
0x210cd0	NOTYPE	..lin.eebe32ea..76e04ff1.0_16	0
0x210cda	NOTYPE	..lin.eebe32ea..76e04ff1.0_17	0
0x210ce5	NOTYPE	..lin.eebe32ea..76e04ff1.0_18	0
0x210cea	FUNC	InternalContinueActivity	180
0x210d04	NOTYPE	..lin.eebe32ea..d68f83d4.0_19	0
0x210d0b	NOTYPE	..lin.eebe32ea..d68f83d4.0_20	0
0x210d0d	NOTYPE	..lin.eebe32ea..d68f83d4.0_21	0
0x210d14	NOTYPE	..lin.eebe32ea..d68f83d4.0_22	0
0x210d1a	NOTYPE	..lin.eebe32ea..d68f83d4.0_23	0
0x210d23	NOTYPE	..lin.eebe32ea..d68f83d4.0_24	0
0x210d2a	NOTYPE	..lin.eebe32ea..d68f83d4.0_25	0
0x210d3a	NOTYPE	..lin.eebe32ea..d68f83d4.0_26	0
0x210d49	NOTYPE	..lin.eebe32ea..d68f83d4.0_27	0
0x210d51	NOTYPE	..lin.eebe32ea..d68f83d4.0_28	0
0x210d61	NOTYPE	..lin.eebe32ea..d68f83d4.0_29	0
0x210d6b	NOTYPE	..lin.eebe32ea..d68f83d4.0_30	0
0x210d8a	NOTYPE	..lin.eebe32ea..d68f83d4.0_31	0
0x210d94	NOTYPE	..lin.eebe32ea..d68f83d4.0_32	0
0x210d99	NOTYPE	..lin.eebe32ea..d68f83d4.0_33	0
0x210d9e	FUNC	Notify	359
0x210dcd	NOTYPE	..lin.eebe32ea..c5eb6dfe.0_34	0
0x210dd8	NOTYPE	..lin.eebe32ea..c5eb6dfe.0_35	0
0x210de2	NOTYPE	..lin.eebe32ea..c5eb6dfe.0_36	0
0x210dec	NOTYPE	..lin.eebe32ea..c5eb6dfe.0_37	0
0x210df7	NOTYPE	..lin.eebe32ea..c5eb6dfe.0_38	0
0x210dfe	NOTYPE	..lin.eebe32ea..c5eb6dfe.0_39	0
0x210e09	NOTYPE	..lin.eebe32ea..c5eb6dfe.0_40	0
0x210e0e	NOTYPE	..lin.eebe32ea..c5eb6dfe.0_41	0
0x210e16	NOTYPE	..lin.eebe32ea..c5eb6dfe.0_42	0
0x210e1f	NOTYPE	..lin.eebe32ea..c5eb6dfe.0_43	0
0x210e2c	NOTYPE	..lin.eebe32ea..c5eb6dfe.0_44	0
0x210e41	NOTYPE	..lin.eebe32ea..c5eb6dfe.0_45	0
0x210e50	NOTYPE	..lin.eebe32ea..c5eb6dfe.0_46	0
0x210e73	NOTYPE	..lin.eebe32ea..c5eb6dfe.0_47	0
0x210e7d	NOTYPE	..lin.eebe32ea..c5eb6dfe.0_48	0
0x210e8a	NOTYPE	..lin.eebe32ea..c5eb6dfe.0_49	0
0x210e97	NOTYPE	..lin.eebe32ea..c5eb6dfe.0_50	0
0x210ea7	NOTYPE	..lin.eebe32ea..c5eb6dfe.0_51	0
0x210ec7	NOTYPE	..lin.eebe32ea..c5eb6dfe.0_52	0
0x210ed2	NOTYPE	..lin.eebe32ea..c5eb6dfe.0_53	0
0x210ee7	NOTYPE	..lin.eebe32ea..c5eb6dfe.0_54	0
0x210ef7	NOTYPE	..lin.eebe32ea..c5eb6dfe.0_55	0
0x210eff	NOTYPE	..lin.eebe32ea..c5eb6dfe.0_56	0
0x210f05	FUNC	KernelResetActivityAndReturnStatus	461
0x210f24	NOTYPE	..lin.eebe32ea..3270b4d.0_57	0
0x210f41	NOTYPE	..lin.eebe32ea..3270b4d.0_58	0
0x210f47	NOTYPE	..lin.eebe32ea..3270b4d.0_59	0
0x210f4f	NOTYPE	..lin.eebe32ea..3270b4d.0_60	0
0x210f55	NOTYPE	..lin.eebe32ea..3270b4d.0_61	0
0x210f5b	NOTYPE	..lin.eebe32ea..3270b4d.0_62	0
0x210f72	NOTYPE	..lin.eebe32ea..3270b4d.0_63	0
0x210f8e	NOTYPE	..lin.eebe32ea..3270b4d.0_64	0
0x210f96	NOTYPE	..lin.eebe32ea..3270b4d.0_65	0
0x210fa8	NOTYPE	..lin.eebe32ea..3270b4d.0_66	0
0x210fcb	NOTYPE	..lin.eebe32ea..3270b4d.0_67	0
0x210fd4	NOTYPE	..lin.eebe32ea..3270b4d.0_68	0
0x210fd9	NOTYPE	..lin.eebe32ea..3270b4d.0_69	0
0x210fde	NOTYPE	..lin.eebe32ea..3270b4d.0_70	0
0x210feb	NOTYPE	..lin.eebe32ea..3270b4d.0_71	0
0x210ff3	NOTYPE	..lin.eebe32ea..3270b4d.0_72	0
0x210ff9	NOTYPE	..lin.eebe32ea..3270b4d.0_73	0
0x211000	NOTYPE	..lin.eebe32ea..3270b4d.0_74	0
0x211008	NOTYPE	..lin.eebe32ea..3270b4d.0_75	0
0x211015	NOTYPE	..lin.eebe32ea..3270b4d.0_76	0
0x21101f	NOTYPE	..lin.eebe32ea..3270b4d.0_77	0
0x211031	NOTYPE	..lin.eebe32ea..3270b4d.0_78	0
0x211046	NOTYPE	..lin.eebe32ea..3270b4d.0_79	0
0x211050	NOTYPE	..lin.eebe32ea..3270b4d.0_80	0
0x21107d	NOTYPE	..lin.eebe32ea..3270b4d.0_81	0
0x211094	NOTYPE	..lin.eebe32ea..3270b4d.0_82	0
0x2110bf	NOTYPE	..lin.eebe32ea..3270b4d.0_83	0
0x2110d2	FUNC	ImpairActivity	118
0x2110ec	NOTYPE	..lin.eebe32ea..f485a14.0_84	0
0x2110f3	NOTYPE	..lin.eebe32ea..f485a14.0_85	0
0x21110b	NOTYPE	..lin.eebe32ea..f485a14.0_86	0
0x21111e	NOTYPE	..lin.eebe32ea..f485a14.0_87	0
0x211128	NOTYPE	..lin.eebe32ea..f485a14.0_88	0
0x211135	NOTYPE	..lin.eebe32ea..f485a14.0_89	0
0x211148	FUNC	ActivityClose...2Fhome.2Fmal.2Fgm_release.2FMY22.2D026.2Ffinal.2Fiot.2Frtos.2Flibs.2Fgm.2Di35.2Frel.2Fwork.2Flibkernel.2Flibkernel.2Factivity.	10
0x21114e	NOTYPE	..lin.eebe32ea..318b2fc8.0_90	0
0x211152	FUNC	InternalCreateActivityAtIndex	272
0x21119d	NOTYPE	..lin.eebe32ea..b4220b0.0_91	0
0x2111c1	NOTYPE	..lin.eebe32ea..b4220b0.0_92	0
0x2111c9	NOTYPE	..lin.eebe32ea..b4220b0.0_93	0
0x2111d0	NOTYPE	..lin.eebe32ea..b4220b0.0_94	0
0x2111d7	NOTYPE	..lin.eebe32ea..b4220b0.0_95	0
0x211239	NOTYPE	..lin.eebe32ea..b4220b0.0_96	0
0x211253	NOTYPE	..lin.eebe32ea..b4220b0.0_97	0
0x211262	FUNC	KernelCreateActivityAtIndex	270
0x211295	NOTYPE	..lin.eebe32ea..a531f194.0_98	0
0x2112a0	NOTYPE	..lin.eebe32ea..a531f194.0_99	0
0x2112a6	NOTYPE	..lin.eebe32ea..a531f194.0_100	0
0x2112c6	NOTYPE	..lin.eebe32ea..a531f194.0_101	0
0x2112ce	NOTYPE	..lin.eebe32ea..a531f194.0_102	0
0x2112d7	NOTYPE	..lin.eebe32ea..a531f194.0_103	0
0x2112df	NOTYPE	..lin.eebe32ea..a531f194.0_104	0
0x2112ec	NOTYPE	..lin.eebe32ea..a531f194.0_105	0
0x2112f4	NOTYPE	..lin.eebe32ea..a531f194.0_106	0
0x211326	NOTYPE	..lin.eebe32ea..a531f194.0_107	0
0x21133c	NOTYPE	..lin.eebe32ea..a531f194.0_108	0
0x21135b	NOTYPE	..lin.eebe32ea..a531f194.0_109	0
0x211370	FUNC	KernelGetActivityStatus	57
0x211384	NOTYPE	..lin.eebe32ea..23472637.0_110	0
0x2113a3	NOTYPE	..lin.eebe32ea..23472637.0_111	0
0x2113a9	FUNC	KernelAsynchronousReceive	630
0x2113da	NOTYPE	..lin.eebe32ea..adc6cb35.0_112	0
0x2113f6	NOTYPE	..lin.eebe32ea..adc6cb35.0_113	0
0x21140d	NOTYPE	..lin.eebe32ea..adc6cb35.0_114	0
0x21141d	NOTYPE	..lin.eebe32ea..adc6cb35.0_115	0
0x211424	NOTYPE	..lin.eebe32ea..adc6cb35.0_116	0
0x211434	NOTYPE	..lin.eebe32ea..adc6cb35.0_117	0
0x211452	NOTYPE	..lin.eebe32ea..adc6cb35.0_118	0
0x21145c	NOTYPE	..lin.eebe32ea..adc6cb35.0_119	0
0x211470	NOTYPE	..lin.eebe32ea..adc6cb35.0_120	0
0x21147d	NOTYPE	..lin.eebe32ea..adc6cb35.0_121	0
0x21148d	NOTYPE	..lin.eebe32ea..adc6cb35.0_122	0
0x2114af	NOTYPE	..lin.eebe32ea..adc6cb35.0_123	0
0x2114b9	NOTYPE	..lin.eebe32ea..adc6cb35.0_124	0
0x2114c8	NOTYPE	..lin.eebe32ea..adc6cb35.0_125	0
0x2114d0	NOTYPE	..lin.eebe32ea..adc6cb35.0_126	0
0x2114dd	NOTYPE	..lin.eebe32ea..adc6cb35.0_127	0
0x2114e7	NOTYPE	..lin.eebe32ea..adc6cb35.0_128	0
0x211500	NOTYPE	..lin.eebe32ea..adc6cb35.0_129	0
0x211507	NOTYPE	..lin.eebe32ea..adc6cb35.0_130	0
0x211511	NOTYPE	..lin.eebe32ea..adc6cb35.0_131	0
0x21151d	NOTYPE	..lin.eebe32ea..adc6cb35.0_132	0
0x211527	NOTYPE	..lin.eebe32ea..adc6cb35.0_133	0
0x211530	NOTYPE	..lin.eebe32ea..adc6cb35.0_134	0
0x21153a	NOTYPE	..lin.eebe32ea..adc6cb35.0_135	0
0x211552	NOTYPE	..lin.eebe32ea..adc6cb35.0_136	0
0x21155f	NOTYPE	..lin.eebe32ea..adc6cb35.0_137	0
0x211568	NOTYPE	..lin.eebe32ea..adc6cb35.0_138	0
0x211572	NOTYPE	..lin.eebe32ea..adc6cb35.0_139	0
0x21158c	NOTYPE	..lin.eebe32ea..adc6cb35.0_140	0
0x211590	NOTYPE	..lin.eebe32ea..adc6cb35.0_141	0
0x21159b	NOTYPE	..lin.eebe32ea..adc6cb35.0_142	0
0x2115a0	NOTYPE	..lin.eebe32ea..adc6cb35.0_143	0
0x2115a8	NOTYPE	..lin.eebe32ea..adc6cb35.0_144	0
0x2115b3	NOTYPE	..lin.eebe32ea..adc6cb35.0_145	0
0x2115cb	NOTYPE	..lin.eebe32ea..adc6cb35.0_146	0
0x2115d3	NOTYPE	..lin.eebe32ea..adc6cb35.0_147	0
0x2115d5	NOTYPE	..lin.eebe32ea..adc6cb35.0_148	0
0x2115e2	NOTYPE	..lin.eebe32ea..adc6cb35.0_149	0
0x2115ea	NOTYPE	..lin.eebe32ea..adc6cb35.0_150	0
0x2115fa	NOTYPE	..lin.eebe32ea..adc6cb35.0_151	0
0x21160a	NOTYPE	..lin.eebe32ea..adc6cb35.0_152	0
0x211610	NOTYPE	..lin.eebe32ea..adc6cb35.0_153	0
0x21161f	FUNC	KernelAsynchronousSend	570
0x21165d	NOTYPE	..lin.eebe32ea..a2d8485c.0_154	0
0x21166d	NOTYPE	..lin.eebe32ea..a2d8485c.0_155	0
0x21168b	NOTYPE	..lin.eebe32ea..a2d8485c.0_156	0
0x211691	NOTYPE	..lin.eebe32ea..a2d8485c.0_157	0
0x211699	NOTYPE	..lin.eebe32ea..a2d8485c.0_158	0
0x21169e	NOTYPE	..lin.eebe32ea..a2d8485c.0_159	0
0x2116b3	NOTYPE	..lin.eebe32ea..a2d8485c.0_160	0
0x2116be	NOTYPE	..lin.eebe32ea..a2d8485c.0_161	0
0x2116ce	NOTYPE	..lin.eebe32ea..a2d8485c.0_162	0
0x2116d5	NOTYPE	..lin.eebe32ea..a2d8485c.0_163	0
0x2116e5	NOTYPE	..lin.eebe32ea..a2d8485c.0_164	0
0x211711	NOTYPE	..lin.eebe32ea..a2d8485c.0_165	0
0x211721	NOTYPE	..lin.eebe32ea..a2d8485c.0_166	0
0x211743	NOTYPE	..lin.eebe32ea..a2d8485c.0_167	0
0x21174c	NOTYPE	..lin.eebe32ea..a2d8485c.0_168	0
0x211765	NOTYPE	..lin.eebe32ea..a2d8485c.0_169	0
0x21176c	NOTYPE	..lin.eebe32ea..a2d8485c.0_170	0
0x211775	NOTYPE	..lin.eebe32ea..a2d8485c.0_171	0
0x211780	NOTYPE	..lin.eebe32ea..a2d8485c.0_172	0
0x211789	NOTYPE	..lin.eebe32ea..a2d8485c.0_173	0
0x211792	NOTYPE	..lin.eebe32ea..a2d8485c.0_174	0
0x21179b	NOTYPE	..lin.eebe32ea..a2d8485c.0_175	0
0x2117ba	NOTYPE	..lin.eebe32ea..a2d8485c.0_176	0
0x2117cb	NOTYPE	..lin.eebe32ea..a2d8485c.0_177	0
0x2117d0	NOTYPE	..lin.eebe32ea..a2d8485c.0_178	0
0x2117dc	NOTYPE	..lin.eebe32ea..a2d8485c.0_179	0
0x2117e2	NOTYPE	..lin.eebe32ea..a2d8485c.0_180	0
0x2117ed	NOTYPE	..lin.eebe32ea..a2d8485c.0_181	0
0x2117f7	NOTYPE	..lin.eebe32ea..a2d8485c.0_182	0
0x211813	NOTYPE	..lin.eebe32ea..a2d8485c.0_183	0
0x21181d	NOTYPE	..lin.eebe32ea..a2d8485c.0_184	0
0x21182a	NOTYPE	..lin.eebe32ea..a2d8485c.0_185	0
0x211849	NOTYPE	..lin.eebe32ea..a2d8485c.0_186	0
0x211859	FUNC	ValidUnusedTaskActivity	141
0x21187d	NOTYPE	..lin.eebe32ea..4fc5cdc9.0_187	0
0x211883	NOTYPE	..lin.eebe32ea..4fc5cdc9.0_188	0
0x211888	NOTYPE	..lin.eebe32ea..4fc5cdc9.0_189	0
0x211898	NOTYPE	..lin.eebe32ea..4fc5cdc9.0_190	0
0x21189e	NOTYPE	..lin.eebe32ea..4fc5cdc9.0_191	0
0x2118ab	NOTYPE	..lin.eebe32ea..4fc5cdc9.0_192	0
0x2118b1	NOTYPE	..lin.eebe32ea..4fc5cdc9.0_193	0
0x2118bf	NOTYPE	..lin.eebe32ea..4fc5cdc9.0_194	0
0x2118c3	NOTYPE	..lin.eebe32ea..4fc5cdc9.0_195	0
0x2118ca	NOTYPE	..lin.eebe32ea..4fc5cdc9.0_196	0
0x2118d0	NOTYPE	..lin.eebe32ea..4fc5cdc9.0_197	0
0x2118d6	NOTYPE	..lin.eebe32ea..4fc5cdc9.0_198	0
0x2118dc	NOTYPE	..lin.eebe32ea..4fc5cdc9.0_199	0
0x2118e6	FUNC	KernelSynchronousSend	544
0x211907	NOTYPE	..lin.eebe32ea..43b59d5b.0_200	0
0x21190d	NOTYPE	..lin.eebe32ea..43b59d5b.0_201	0
0x211914	NOTYPE	..lin.eebe32ea..43b59d5b.0_202	0
0x21191a	NOTYPE	..lin.eebe32ea..43b59d5b.0_203	0
0x211937	NOTYPE	..lin.eebe32ea..43b59d5b.0_204	0
0x21194f	NOTYPE	..lin.eebe32ea..43b59d5b.0_205	0
0x21195a	NOTYPE	..lin.eebe32ea..43b59d5b.0_206	0
0x211964	NOTYPE	..lin.eebe32ea..43b59d5b.0_207	0
0x211974	NOTYPE	..lin.eebe32ea..43b59d5b.0_208	0
0x21199f	NOTYPE	..lin.eebe32ea..43b59d5b.0_209	0
0x2119af	NOTYPE	..lin.eebe32ea..43b59d5b.0_210	0
0x2119d0	NOTYPE	..lin.eebe32ea..43b59d5b.0_211	0
0x2119d9	NOTYPE	..lin.eebe32ea..43b59d5b.0_212	0
0x2119f0	NOTYPE	..lin.eebe32ea..43b59d5b.0_213	0
0x2119f7	NOTYPE	..lin.eebe32ea..43b59d5b.0_214	0
0x211a00	NOTYPE	..lin.eebe32ea..43b59d5b.0_215	0
0x211a09	NOTYPE	..lin.eebe32ea..43b59d5b.0_216	0
0x211a12	NOTYPE	..lin.eebe32ea..43b59d5b.0_217	0
0x211a22	NOTYPE	..lin.eebe32ea..43b59d5b.0_218	0
0x211a2b	NOTYPE	..lin.eebe32ea..43b59d5b.0_219	0
0x211a48	NOTYPE	..lin.eebe32ea..43b59d5b.0_220	0
0x211a4f	NOTYPE	..lin.eebe32ea..43b59d5b.0_221	0
0x211a5f	NOTYPE	..lin.eebe32ea..43b59d5b.0_222	0
0x211a69	NOTYPE	..lin.eebe32ea..43b59d5b.0_223	0
0x211a6e	NOTYPE	..lin.eebe32ea..43b59d5b.0_224	0
0x211a7e	NOTYPE	..lin.eebe32ea..43b59d5b.0_225	0
0x211a8b	NOTYPE	..lin.eebe32ea..43b59d5b.0_226	0
0x211aaa	NOTYPE	..lin.eebe32ea..43b59d5b.0_227	0
0x211ab5	NOTYPE	..lin.eebe32ea..43b59d5b.0_228	0
0x211ad2	NOTYPE	..lin.eebe32ea..43b59d5b.0_229	0
0x211ada	NOTYPE	..lin.eebe32ea..43b59d5b.0_230	0
0x211adf	NOTYPE	..lin.eebe32ea..43b59d5b.0_231	0
0x211aeb	NOTYPE	..lin.eebe32ea..43b59d5b.0_232	0
0x211af1	NOTYPE	..lin.eebe32ea..43b59d5b.0_233	0
0x211b06	FUNC	KernelSynchronousReceive	523
0x211b2d	NOTYPE	..lin.eebe32ea..ac1f73d4.0_234	0
0x211b3d	NOTYPE	..lin.eebe32ea..ac1f73d4.0_235	0
0x211b44	NOTYPE	..lin.eebe32ea..ac1f73d4.0_236	0
0x211b5d	NOTYPE	..lin.eebe32ea..ac1f73d4.0_237	0
0x211b63	NOTYPE	..lin.eebe32ea..ac1f73d4.0_238	0
0x211b6a	NOTYPE	..lin.eebe32ea..ac1f73d4.0_239	0
0x211b70	NOTYPE	..lin.eebe32ea..ac1f73d4.0_240	0
0x211b8d	NOTYPE	..lin.eebe32ea..ac1f73d4.0_241	0
0x211b9d	NOTYPE	..lin.eebe32ea..ac1f73d4.0_242	0
0x211ba7	NOTYPE	..lin.eebe32ea..ac1f73d4.0_243	0
0x211bb7	NOTYPE	..lin.eebe32ea..ac1f73d4.0_244	0
0x211bd8	NOTYPE	..lin.eebe32ea..ac1f73d4.0_245	0
0x211be1	NOTYPE	..lin.eebe32ea..ac1f73d4.0_246	0
0x211beb	NOTYPE	..lin.eebe32ea..ac1f73d4.0_247	0
0x211c03	NOTYPE	..lin.eebe32ea..ac1f73d4.0_248	0
0x211c1a	NOTYPE	..lin.eebe32ea..ac1f73d4.0_249	0
0x211c21	NOTYPE	..lin.eebe32ea..ac1f73d4.0_250	0
0x211c2a	NOTYPE	..lin.eebe32ea..ac1f73d4.0_251	0
0x211c33	NOTYPE	..lin.eebe32ea..ac1f73d4.0_252	0
0x211c3c	NOTYPE	..lin.eebe32ea..ac1f73d4.0_253	0
0x211c61	NOTYPE	..lin.eebe32ea..ac1f73d4.0_254	0
0x211c6e	NOTYPE	..lin.eebe32ea..ac1f73d4.0_255	0
0x211c75	NOTYPE	..lin.eebe32ea..ac1f73d4.0_256	0
0x211c7b	NOTYPE	..lin.eebe32ea..ac1f73d4.0_257	0
0x211c85	NOTYPE	..lin.eebe32ea..ac1f73d4.0_258	0
0x211c92	NOTYPE	..lin.eebe32ea..ac1f73d4.0_259	0
0x211c98	NOTYPE	..lin.eebe32ea..ac1f73d4.0_260	0
0x211ca8	NOTYPE	..lin.eebe32ea..ac1f73d4.0_261	0
0x211cb7	NOTYPE	..lin.eebe32ea..ac1f73d4.0_262	0
0x211cc1	NOTYPE	..lin.eebe32ea..ac1f73d4.0_263	0
0x211cde	NOTYPE	..lin.eebe32ea..ac1f73d4.0_264	0
0x211ce6	NOTYPE	..lin.eebe32ea..ac1f73d4.0_265	0
0x211ceb	NOTYPE	..lin.eebe32ea..ac1f73d4.0_266	0
0x211cf7	NOTYPE	..lin.eebe32ea..ac1f73d4.0_267	0
0x211cfd	NOTYPE	..lin.eebe32ea..ac1f73d4.0_268	0
0x211d11	FUNC	KernelContinueActivity	213
0x211d30	NOTYPE	..lin.eebe32ea..1d7c3638.0_269	0
0x211d4d	NOTYPE	..lin.eebe32ea..1d7c3638.0_270	0
0x211d53	NOTYPE	..lin.eebe32ea..1d7c3638.0_271	0
0x211d5c	NOTYPE	..lin.eebe32ea..1d7c3638.0_272	0
0x211d72	NOTYPE	..lin.eebe32ea..1d7c3638.0_273	0
0x211d7c	NOTYPE	..lin.eebe32ea..1d7c3638.0_274	0
0x211d81	NOTYPE	..lin.eebe32ea..1d7c3638.0_275	0
0x211d87	NOTYPE	..lin.eebe32ea..1d7c3638.0_276	0
0x211d8d	NOTYPE	..lin.eebe32ea..1d7c3638.0_277	0
0x211d93	NOTYPE	..lin.eebe32ea..1d7c3638.0_278	0
0x211d99	NOTYPE	..lin.eebe32ea..1d7c3638.0_279	0
0x211d9f	NOTYPE	..lin.eebe32ea..1d7c3638.0_280	0
0x211da5	NOTYPE	..lin.eebe32ea..1d7c3638.0_281	0
0x211db0	NOTYPE	..lin.eebe32ea..1d7c3638.0_282	0
0x211dbb	NOTYPE	..lin.eebe32ea..1d7c3638.0_283	0
0x211dc2	NOTYPE	..lin.eebe32ea..1d7c3638.0_284	0
0x211dca	NOTYPE	..lin.eebe32ea..1d7c3638.0_285	0
0x211dd2	NOTYPE	..lin.eebe32ea..1d7c3638.0_286	0
0x211dd7	NOTYPE	..lin.eebe32ea..1d7c3638.0_287	0
0x211de6	FUNC	CurrentActivity	26
0x211df0	NOTYPE	..lin.eebe32ea..8825aad5.0_288	0
0x211e00	FUNC	KernelGetCurrentActivity	176
0x211e1d	NOTYPE	..lin.eebe32ea..71eabcd6.0_289	0
0x211e2d	NOTYPE	..lin.eebe32ea..71eabcd6.0_290	0
0x211e49	NOTYPE	..lin.eebe32ea..71eabcd6.0_291	0
0x211e4f	NOTYPE	..lin.eebe32ea..71eabcd6.0_292	0
0x211e57	NOTYPE	..lin.eebe32ea..71eabcd6.0_293	0
0x211e74	NOTYPE	..lin.eebe32ea..71eabcd6.0_294	0
0x211e79	NOTYPE	..lin.eebe32ea..71eabcd6.0_295	0
0x211e89	NOTYPE	..lin.eebe32ea..71eabcd6.0_296	0
0x211ea6	NOTYPE	..lin.eebe32ea..71eabcd6.0_297	0
0x211eb0	FUNC	KernelTaskCheckForActivity	341
0x211edb	NOTYPE	..lin.eebe32ea..f1f3514b.0_298	0
0x211ee1	NOTYPE	..lin.eebe32ea..f1f3514b.0_299	0
0x211ee8	NOTYPE	..lin.eebe32ea..f1f3514b.0_300	0
0x211eee	NOTYPE	..lin.eebe32ea..f1f3514b.0_301	0
0x211f0b	NOTYPE	..lin.eebe32ea..f1f3514b.0_302	0
0x211f1d	NOTYPE	..lin.eebe32ea..f1f3514b.0_303	0
0x211f26	NOTYPE	..lin.eebe32ea..f1f3514b.0_304	0
0x211f3e	NOTYPE	..lin.eebe32ea..f1f3514b.0_305	0
0x211f4e	NOTYPE	..lin.eebe32ea..f1f3514b.0_306	0
0x211f6c	NOTYPE	..lin.eebe32ea..f1f3514b.0_307	0
0x211f73	NOTYPE	..lin.eebe32ea..f1f3514b.0_308	0
0x211f82	NOTYPE	..lin.eebe32ea..f1f3514b.0_309	0
0x211f86	NOTYPE	..lin.eebe32ea..f1f3514b.0_310	0
0x211f98	NOTYPE	..lin.eebe32ea..f1f3514b.0_311	0
0x211fa5	NOTYPE	..lin.eebe32ea..f1f3514b.0_312	0
0x211fb5	NOTYPE	..lin.eebe32ea..f1f3514b.0_313	0
0x211fba	NOTYPE	..lin.eebe32ea..f1f3514b.0_314	0
0x211fc0	NOTYPE	..lin.eebe32ea..f1f3514b.0_315	0
0x211fc8	NOTYPE	..lin.eebe32ea..f1f3514b.0_316	0
0x211fd4	NOTYPE	..lin.eebe32ea..f1f3514b.0_317	0
0x211fe9	NOTYPE	..lin.eebe32ea..f1f3514b.0_318	0
0x211ff8	NOTYPE	..lin.eebe32ea..f1f3514b.0_319	0
0x212005	FUNC	InternalVirtualTaskWaitForActivity	207
0x212023	NOTYPE	..lin.eebe32ea..918832c5.0_320	0
0x212037	NOTYPE	..lin.eebe32ea..918832c5.0_321	0
0x212047	NOTYPE	..lin.eebe32ea..918832c5.0_322	0
0x212065	NOTYPE	..lin.eebe32ea..918832c5.0_323	0
0x21206b	NOTYPE	..lin.eebe32ea..918832c5.0_324	0
0x212077	NOTYPE	..lin.eebe32ea..918832c5.0_325	0
0x212084	NOTYPE	..lin.eebe32ea..918832c5.0_326	0
0x212092	NOTYPE	..lin.eebe32ea..918832c5.0_327	0
0x21209a	NOTYPE	..lin.eebe32ea..918832c5.0_328	0
0x2120ae	NOTYPE	..lin.eebe32ea..918832c5.0_329	0
0x2120ba	NOTYPE	..lin.eebe32ea..918832c5.0_330	0
0x2120c9	NOTYPE	..lin.eebe32ea..918832c5.0_331	0
0x2120d4	FUNC	PushOnInterruptStack	119
0x212100	NOTYPE	..lin.eebe32ea..3cf7c05.0_332	0
0x212119	NOTYPE	..lin.eebe32ea..3cf7c05.0_333	0
0x212128	NOTYPE	..lin.eebe32ea..3cf7c05.0_334	0
0x21213b	NOTYPE	..lin.eebe32ea..3cf7c05.0_335	0
0x212141	NOTYPE	..lin.eebe32ea..3cf7c05.0_336	0
0x21214b	FUNC	PopInterruptStack	190
0x21216f	NOTYPE	..lin.eebe32ea..4a033ad7.0_337	0
0x21217a	NOTYPE	..lin.eebe32ea..4a033ad7.0_338	0
0x212193	NOTYPE	..lin.eebe32ea..4a033ad7.0_339	0
0x2121a0	NOTYPE	..lin.eebe32ea..4a033ad7.0_340	0
0x2121bb	NOTYPE	..lin.eebe32ea..4a033ad7.0_341	0
0x2121cb	NOTYPE	..lin.eebe32ea..4a033ad7.0_342	0
0x2121e9	NOTYPE	..lin.eebe32ea..4a033ad7.0_343	0
0x2121f5	NOTYPE	..lin.eebe32ea..4a033ad7.0_344	0
0x2121fd	NOTYPE	..lin.eebe32ea..4a033ad7.0_345	0
0x212209	FUNC	ReturnFromInterrupt	44
0x21220f	NOTYPE	..lin.eebe32ea..afceaf06.0_346	0
0x212216	NOTYPE	..lin.eebe32ea..afceaf06.0_347	0
0x21221c	NOTYPE	..lin.eebe32ea..afceaf06.0_348	0
0x212231	NOTYPE	..lin.eebe32ea..afceaf06.0_349	0
0x212235	FUNC	KernelAsynchronousReceiveAndWaitForActivity	35
0x212244	NOTYPE	..lin.eebe32ea..bd8af591.0_350	0
0x212248	NOTYPE	..lin.eebe32ea..bd8af591.0_351	0
0x212253	NOTYPE	..lin.eebe32ea..bd8af591.0_352	0
0x212258	FUNC	KernelAsynchronousSendAndWaitForActivity	35
0x212267	NOTYPE	..lin.eebe32ea..520f4678.0_353	0
0x21226b	NOTYPE	..lin.eebe32ea..520f4678.0_354	0
0x212276	NOTYPE	..lin.eebe32ea..520f4678.0_355	0
0x21227b	FUNC	KernelReplyAndWaitForActivity	169
0x21229c	NOTYPE	..lin.eebe32ea..6db7012e.0_356	0
0x2122b4	NOTYPE	..lin.eebe32ea..6db7012e.0_357	0
0x2122be	NOTYPE	..lin.eebe32ea..6db7012e.0_358	0
0x2122c4	NOTYPE	..lin.eebe32ea..6db7012e.0_359	0
0x2122ca	NOTYPE	..lin.eebe32ea..6db7012e.0_360	0
0x2122d0	NOTYPE	..lin.eebe32ea..6db7012e.0_361	0
0x2122d9	NOTYPE	..lin.eebe32ea..6db7012e.0_362	0
0x2122e8	NOTYPE	..lin.eebe32ea..6db7012e.0_363	0
0x2122f7	NOTYPE	..lin.eebe32ea..6db7012e.0_364	0
0x2122ff	NOTYPE	..lin.eebe32ea..6db7012e.0_365	0
0x21230a	NOTYPE	..lin.eebe32ea..6db7012e.0_366	0
0x212310	NOTYPE	..lin.eebe32ea..6db7012e.0_367	0
0x21231b	NOTYPE	..lin.eebe32ea..6db7012e.0_368	0
0x212324	FUNC	GetSendReceiveActivities...2Fhome.2Fmal.2Fgm_release.2FMY22.2D026.2Ffinal.2Fiot.2Frtos.2Flibs.2Fgm.2Di35.2Frel.2Fwork.2Flibkernel.2Flibkernel.2Ftransfer.	25
0x21232a	NOTYPE	..lin.ce5151a2..6c11fd07.0_1	0
0x21232f	NOTYPE	..lin.ce5151a2..6c11fd07.0_2	0
0x21233d	FUNC	SetActivityStatus...2Fhome.2Fmal.2Fgm_release.2FMY22.2D026.2Ffinal.2Fiot.2Frtos.2Flibs.2Fgm.2Di35.2Frel.2Fwork.2Flibkernel.2Flibkernel.2Ftransfer.	52
0x212342	NOTYPE	..lin.ce5151a2..5d9c29c2.0_3	0
0x212348	NOTYPE	..lin.ce5151a2..5d9c29c2.0_4	0
0x21234e	NOTYPE	..lin.ce5151a2..5d9c29c2.0_5	0
0x212359	NOTYPE	..lin.ce5151a2..5d9c29c2.0_6	0
0x21235f	NOTYPE	..lin.ce5151a2..5d9c29c2.0_7	0
0x212365	NOTYPE	..lin.ce5151a2..5d9c29c2.0_8	0
0x21236a	NOTYPE	..lin.ce5151a2..5d9c29c2.0_9	0
0x212371	FUNC	DoNotify...2Fhome.2Fmal.2Fgm_release.2FMY22.2D026.2Ffinal.2Fiot.2Frtos.2Flibs.2Fgm.2Di35.2Frel.2Fwork.2Flibkernel.2Flibkernel.2Ftransfer.	164
0x21238c	NOTYPE	..lin.ce5151a2..5bbc96b1.0_10	0
0x212391	NOTYPE	..lin.ce5151a2..5bbc96b1.0_11	0
0x21239f	NOTYPE	..lin.ce5151a2..5bbc96b1.0_12	0
0x2123a6	NOTYPE	..lin.ce5151a2..5bbc96b1.0_13	0
0x2123b1	NOTYPE	..lin.ce5151a2..5bbc96b1.0_14	0
0x2123bc	NOTYPE	..lin.ce5151a2..5bbc96b1.0_15	0
0x2123c5	NOTYPE	..lin.ce5151a2..5bbc96b1.0_16	0
0x2123d2	NOTYPE	..lin.ce5151a2..5bbc96b1.0_17	0
0x2123d9	NOTYPE	..lin.ce5151a2..5bbc96b1.0_18	0
0x2123de	NOTYPE	..lin.ce5151a2..5bbc96b1.0_19	0
0x2123e9	NOTYPE	..lin.ce5151a2..5bbc96b1.0_20	0
0x2123f4	NOTYPE	..lin.ce5151a2..5bbc96b1.0_21	0
0x2123f9	NOTYPE	..lin.ce5151a2..5bbc96b1.0_22	0
0x212406	NOTYPE	..lin.ce5151a2..5bbc96b1.0_23	0
0x212415	FUNC	TransferCopy	325
0x212435	NOTYPE	..lin.ce5151a2..225516a5.0_24	0
0x2124cb	NOTYPE	..lin.ce5151a2..225516a5.0_25	0
0x2124e5	NOTYPE	..lin.ce5151a2..225516a5.0_26	0
0x2124ff	NOTYPE	..lin.ce5151a2..225516a5.0_27	0
0x212515	NOTYPE	..lin.ce5151a2..225516a5.0_28	0
0x212529	NOTYPE	..lin.ce5151a2..225516a5.0_29	0
0x212532	NOTYPE	..lin.ce5151a2..225516a5.0_30	0
0x212550	NOTYPE	..lin.ce5151a2..225516a5.0_31	0
0x21255a	FUNC	Transfer...2Fhome.2Fmal.2Fgm_release.2FMY22.2D026.2Ffinal.2Fiot.2Frtos.2Flibs.2Fgm.2Di35.2Frel.2Fwork.2Flibkernel.2Flibkernel.2Ftransfer.	608
0x212584	NOTYPE	..lin.ce5151a2..3307ed2a.0_32	0
0x2125a1	NOTYPE	..lin.ce5151a2..3307ed2a.0_33	0
0x2125ba	NOTYPE	..lin.ce5151a2..3307ed2a.0_34	0
0x2125c0	NOTYPE	..lin.ce5151a2..3307ed2a.0_35	0
0x2125e3	NOTYPE	..lin.ce5151a2..3307ed2a.0_36	0
0x212600	NOTYPE	..lin.ce5151a2..3307ed2a.0_37	0
0x212607	NOTYPE	..lin.ce5151a2..3307ed2a.0_38	0
0x21261d	NOTYPE	..lin.ce5151a2..3307ed2a.0_39	0
0x212623	NOTYPE	..lin.ce5151a2..3307ed2a.0_40	0
0x212636	NOTYPE	..lin.ce5151a2..3307ed2a.0_41	0
0x212640	NOTYPE	..lin.ce5151a2..3307ed2a.0_42	0
0x212668	NOTYPE	..lin.ce5151a2..3307ed2a.0_43	0
0x212672	NOTYPE	..lin.ce5151a2..3307ed2a.0_44	0
0x21268f	NOTYPE	..lin.ce5151a2..3307ed2a.0_45	0
0x2126a2	NOTYPE	..lin.ce5151a2..3307ed2a.0_46	0
0x2126ba	NOTYPE	..lin.ce5151a2..3307ed2a.0_47	0
0x2126c7	NOTYPE	..lin.ce5151a2..3307ed2a.0_48	0
0x2126c9	NOTYPE	..lin.ce5151a2..3307ed2a.0_49	0
0x2126dc	NOTYPE	..lin.ce5151a2..3307ed2a.0_50	0
0x2126f4	NOTYPE	..lin.ce5151a2..3307ed2a.0_51	0
0x2126f9	NOTYPE	..lin.ce5151a2..3307ed2a.0_52	0
0x21270f	NOTYPE	..lin.ce5151a2..3307ed2a.0_53	0
0x21271b	NOTYPE	..lin.ce5151a2..3307ed2a.0_54	0
0x212723	NOTYPE	..lin.ce5151a2..3307ed2a.0_55	0
0x212730	NOTYPE	..lin.ce5151a2..3307ed2a.0_56	0
0x212746	NOTYPE	..lin.ce5151a2..3307ed2a.0_57	0
0x212753	NOTYPE	..lin.ce5151a2..3307ed2a.0_58	0
0x212760	NOTYPE	..lin.ce5151a2..3307ed2a.0_59	0
0x212767	NOTYPE	..lin.ce5151a2..3307ed2a.0_60	0
0x212771	NOTYPE	..lin.ce5151a2..3307ed2a.0_61	0
0x21277a	NOTYPE	..lin.ce5151a2..3307ed2a.0_62	0
0x21278d	NOTYPE	..lin.ce5151a2..3307ed2a.0_63	0
0x2127a3	NOTYPE	..lin.ce5151a2..3307ed2a.0_64	0
0x2127ad	NOTYPE	..lin.ce5151a2..3307ed2a.0_65	0
0x2127ba	FUNC	GetBuffer...2Fhome.2Fmal.2Fgm_release.2FMY22.2D026.2Ffinal.2Fiot.2Frtos.2Flibs.2Fgm.2Di35.2Frel.2Fwork.2Flibkernel.2Flibkernel.2Ftransfer.	88
0x2127d5	NOTYPE	..lin.ce5151a2..fa6fc09f.0_66	0
0x212808	NOTYPE	..lin.ce5151a2..fa6fc09f.0_67	0
0x21280e	NOTYPE	..lin.ce5151a2..fa6fc09f.0_68	0
0x212812	FUNC	Disconnect...2Fhome.2Fmal.2Fgm_release.2FMY22.2D026.2Ffinal.2Fiot.2Frtos.2Flibs.2Fgm.2Di35.2Frel.2Fwork.2Flibkernel.2Flibkernel.2Ftransfer.	163
0x212823	NOTYPE	..lin.ce5151a2..d016ef.0_69	0
0x212829	NOTYPE	..lin.ce5151a2..d016ef.0_70	0
0x212833	NOTYPE	..lin.ce5151a2..d016ef.0_71	0
0x21283a	NOTYPE	..lin.ce5151a2..d016ef.0_72	0
0x212840	NOTYPE	..lin.ce5151a2..d016ef.0_73	0
0x21284a	NOTYPE	..lin.ce5151a2..d016ef.0_74	0
0x212857	NOTYPE	..lin.ce5151a2..d016ef.0_75	0
0x212879	NOTYPE	..lin.ce5151a2..d016ef.0_76	0
0x212891	NOTYPE	..lin.ce5151a2..d016ef.0_77	0
0x2128a8	NOTYPE	..lin.ce5151a2..d016ef.0_78	0
0x2128b5	FUNC	SendEmptyMessage...2Fhome.2Fmal.2Fgm_release.2FMY22.2D026.2Ffinal.2Fiot.2Frtos.2Flibs.2Fgm.2Di35.2Frel.2Fwork.2Flibkernel.2Flibkernel.2Ftransfer.	77
0x2128c5	NOTYPE	..lin.ce5151a2..e25e4023.0_79	0
0x2128cb	NOTYPE	..lin.ce5151a2..e25e4023.0_80	0
0x2128d5	NOTYPE	..lin.ce5151a2..e25e4023.0_81	0
0x2128df	NOTYPE	..lin.ce5151a2..e25e4023.0_82	0
0x2128e9	NOTYPE	..lin.ce5151a2..e25e4023.0_83	0
0x2128fb	NOTYPE	..lin.ce5151a2..e25e4023.0_84	0
0x212902	FUNC	DoTransfer	699
0x212921	NOTYPE	..lin.ce5151a2..81c60e9d.0_85	0
0x21292c	NOTYPE	..lin.ce5151a2..81c60e9d.0_86	0
0x212935	NOTYPE	..lin.ce5151a2..81c60e9d.0_87	0
0x212947	NOTYPE	..lin.ce5151a2..81c60e9d.0_88	0
0x212953	NOTYPE	..lin.ce5151a2..81c60e9d.0_89	0
0x21297c	NOTYPE	..lin.ce5151a2..81c60e9d.0_90	0
0x212983	NOTYPE	..lin.ce5151a2..81c60e9d.0_91	0
0x21298f	NOTYPE	..lin.ce5151a2..81c60e9d.0_92	0
0x2129b1	NOTYPE	..lin.ce5151a2..81c60e9d.0_93	0
0x2129bc	NOTYPE	..lin.ce5151a2..81c60e9d.0_94	0
0x2129c8	NOTYPE	..lin.ce5151a2..81c60e9d.0_95	0
0x2129d7	NOTYPE	..lin.ce5151a2..81c60e9d.0_96	0
0x2129e1	NOTYPE	..lin.ce5151a2..81c60e9d.0_97	0
0x2129ec	NOTYPE	..lin.ce5151a2..81c60e9d.0_98	0
0x212a08	NOTYPE	..lin.ce5151a2..81c60e9d.0_99	0
0x212a15	NOTYPE	..lin.ce5151a2..81c60e9d.0_100	0
0x212a1b	NOTYPE	..lin.ce5151a2..81c60e9d.0_101	0
0x212a27	NOTYPE	..lin.ce5151a2..81c60e9d.0_102	0
0x212a47	NOTYPE	..lin.ce5151a2..81c60e9d.0_103	0
0x212a56	NOTYPE	..lin.ce5151a2..81c60e9d.0_104	0
0x212a5c	NOTYPE	..lin.ce5151a2..81c60e9d.0_105	0
0x212a62	NOTYPE	..lin.ce5151a2..81c60e9d.0_106	0
0x212a6e	NOTYPE	..lin.ce5151a2..81c60e9d.0_107	0
0x212a73	NOTYPE	..lin.ce5151a2..81c60e9d.0_108	0
0x212a7f	NOTYPE	..lin.ce5151a2..81c60e9d.0_109	0
0x212ac2	NOTYPE	..lin.ce5151a2..81c60e9d.0_110	0
0x212aee	NOTYPE	..lin.ce5151a2..81c60e9d.0_111	0
0x212afe	NOTYPE	..lin.ce5151a2..81c60e9d.0_112	0
0x212b06	NOTYPE	..lin.ce5151a2..81c60e9d.0_113	0
0x212b0c	NOTYPE	..lin.ce5151a2..81c60e9d.0_114	0
0x212b1d	NOTYPE	..lin.ce5151a2..81c60e9d.0_115	0
0x212b26	NOTYPE	..lin.ce5151a2..81c60e9d.0_116	0
0x212b39	NOTYPE	..lin.ce5151a2..81c60e9d.0_117	0
0x212b45	NOTYPE	..lin.ce5151a2..81c60e9d.0_118	0
0x212b53	NOTYPE	..lin.ce5151a2..81c60e9d.0_119	0
0x212b59	NOTYPE	..lin.ce5151a2..81c60e9d.0_120	0
0x212b63	NOTYPE	..lin.ce5151a2..81c60e9d.0_121	0
0x212b78	NOTYPE	..lin.ce5151a2..81c60e9d.0_122	0
0x212b8d	NOTYPE	..lin.ce5151a2..81c60e9d.0_123	0
0x212b9e	NOTYPE	..lin.ce5151a2..81c60e9d.0_124	0
0x212bb2	NOTYPE	..lin.ce5151a2..81c60e9d.0_125	0
0x212bc0	FUNC	SetAlarm...2Fhome.2Fmal.2Fgm_release.2FMY22.2D026.2Ffinal.2Fiot.2Frtos.2Flibs.2Fgm.2Di35.2Frel.2Fwork.2Flibkernel.2Flibkernel.2Fclock.	171
0x212bde	NOTYPE	..lin.d84f7fa9..8730cd7e.0_1	0
0x212c13	NOTYPE	..lin.d84f7fa9..8730cd7e.0_2	0
0x212c39	NOTYPE	..lin.d84f7fa9..8730cd7e.0_3	0
0x212c49	NOTYPE	..lin.d84f7fa9..8730cd7e.0_4	0
0x212c66	NOTYPE	..lin.d84f7fa9..8730cd7e.0_5	0
0x212c6b	FUNC	ClearAlarm	113
0x212c75	NOTYPE	..lin.d84f7fa9..d87cbe59.0_6	0
0x212cb2	NOTYPE	..lin.d84f7fa9..d87cbe59.0_7	0
0x212cdc	FUNC	PutClockInTimerDriver	5
0x212ce1	FUNC	RemoveClockFromTimerDriver...2Fhome.2Fmal.2Fgm_release.2FMY22.2D026.2Ffinal.2Fiot.2Frtos.2Flibs.2Fgm.2Di35.2Frel.2Fwork.2Flibkernel.2Flibkernel.2Fclock.	26
0x212cf2	NOTYPE	..lin.d84f7fa9..a9a6e780.0_8	0
0x212cfb	FUNC	ProgramTheInterrupt	269
0x212d0d	NOTYPE	..lin.d84f7fa9..6ee5382b.0_9	0
0x212d1d	NOTYPE	..lin.d84f7fa9..6ee5382b.0_10	0
0x212d33	NOTYPE	..lin.d84f7fa9..6ee5382b.0_11	0
0x212d3f	NOTYPE	..lin.d84f7fa9..6ee5382b.0_12	0
0x212d47	NOTYPE	..lin.d84f7fa9..6ee5382b.0_13	0
0x212d50	NOTYPE	..lin.d84f7fa9..6ee5382b.0_14	0
0x212d5d	NOTYPE	..lin.d84f7fa9..6ee5382b.0_15	0
0x212d67	NOTYPE	..lin.d84f7fa9..6ee5382b.0_16	0
0x212d77	NOTYPE	..lin.d84f7fa9..6ee5382b.0_17	0
0x212d80	NOTYPE	..lin.d84f7fa9..6ee5382b.0_18	0
0x212d8b	NOTYPE	..lin.d84f7fa9..6ee5382b.0_19	0
0x212da4	NOTYPE	..lin.d84f7fa9..6ee5382b.0_20	0
0x212dae	NOTYPE	..lin.d84f7fa9..6ee5382b.0_21	0
0x212db4	NOTYPE	..lin.d84f7fa9..6ee5382b.0_22	0
0x212dbf	NOTYPE	..lin.d84f7fa9..6ee5382b.0_23	0
0x212dc5	NOTYPE	..lin.d84f7fa9..6ee5382b.0_24	0
0x212dcf	NOTYPE	..lin.d84f7fa9..6ee5382b.0_25	0
0x212dd4	NOTYPE	..lin.d84f7fa9..6ee5382b.0_26	0
0x212ddb	NOTYPE	..lin.d84f7fa9..6ee5382b.0_27	0
0x212df5	NOTYPE	..lin.d84f7fa9..6ee5382b.0_28	0
0x212e08	FUNC	ClockClose...2Fhome.2Fmal.2Fgm_release.2FMY22.2D026.2Ffinal.2Fiot.2Frtos.2Flibs.2Fgm.2Di35.2Frel.2Fwork.2Flibkernel.2Flibkernel.2Fclock.	78
0x212e24	NOTYPE	..lin.d84f7fa9..9cd3d8e7.0_29	0
0x212e2f	NOTYPE	..lin.d84f7fa9..9cd3d8e7.0_30	0
0x212e37	NOTYPE	..lin.d84f7fa9..9cd3d8e7.0_31	0
0x212e44	NOTYPE	..lin.d84f7fa9..9cd3d8e7.0_32	0
0x212e4e	NOTYPE	..lin.d84f7fa9..9cd3d8e7.0_33	0
0x212e56	FUNC	KernelCreateVirtualClockAtIndex	199
0x212e8b	NOTYPE	..lin.d84f7fa9..1093a2ba.0_34	0
0x212e93	NOTYPE	..lin.d84f7fa9..1093a2ba.0_35	0
0x212eb3	NOTYPE	..lin.d84f7fa9..1093a2ba.0_36	0
0x212ebb	NOTYPE	..lin.d84f7fa9..1093a2ba.0_37	0
0x212ed8	NOTYPE	..lin.d84f7fa9..1093a2ba.0_38	0
0x212ee8	NOTYPE	..lin.d84f7fa9..1093a2ba.0_39	0
0x212f07	NOTYPE	..lin.d84f7fa9..1093a2ba.0_40	0
0x212f1d	FUNC	KernelSetClockTime	277
0x212f39	NOTYPE	..lin.d84f7fa9..4caf5b6d.0_41	0
0x212f54	NOTYPE	..lin.d84f7fa9..4caf5b6d.0_42	0
0x212f71	NOTYPE	..lin.d84f7fa9..4caf5b6d.0_43	0
0x212f77	NOTYPE	..lin.d84f7fa9..4caf5b6d.0_44	0
0x212f87	NOTYPE	..lin.d84f7fa9..4caf5b6d.0_45	0
0x212f91	NOTYPE	..lin.d84f7fa9..4caf5b6d.0_46	0
0x212f9a	NOTYPE	..lin.d84f7fa9..4caf5b6d.0_47	0
0x212fa6	NOTYPE	..lin.d84f7fa9..4caf5b6d.0_48	0
0x212fb0	NOTYPE	..lin.d84f7fa9..4caf5b6d.0_49	0
0x212fb6	NOTYPE	..lin.d84f7fa9..4caf5b6d.0_50	0
0x212fc0	NOTYPE	..lin.d84f7fa9..4caf5b6d.0_51	0
0x212fe9	NOTYPE	..lin.d84f7fa9..4caf5b6d.0_52	0
0x212fef	NOTYPE	..lin.d84f7fa9..4caf5b6d.0_53	0
0x213001	NOTYPE	..lin.d84f7fa9..4caf5b6d.0_54	0
0x21300b	NOTYPE	..lin.d84f7fa9..4caf5b6d.0_55	0
0x213019	NOTYPE	..lin.d84f7fa9..4caf5b6d.0_56	0
0x213029	NOTYPE	..lin.d84f7fa9..4caf5b6d.0_57	0
0x213032	FUNC	KernelGetClockTime	68
0x213047	NOTYPE	..lin.d84f7fa9..146fae1.0_58	0
0x213052	NOTYPE	..lin.d84f7fa9..146fae1.0_59	0
0x213058	NOTYPE	..lin.d84f7fa9..146fae1.0_60	0
0x21305e	NOTYPE	..lin.d84f7fa9..146fae1.0_61	0
0x21306c	NOTYPE	..lin.d84f7fa9..146fae1.0_62	0
0x213072	NOTYPE	..lin.d84f7fa9..146fae1.0_63	0
0x213076	FUNC	KernelSetClockAlarm	620
0x2130a7	NOTYPE	..lin.d84f7fa9..e1446bab.0_64	0
0x2130b8	NOTYPE	..lin.d84f7fa9..e1446bab.0_65	0
0x2130c1	NOTYPE	..lin.d84f7fa9..e1446bab.0_66	0
0x2130d3	NOTYPE	..lin.d84f7fa9..e1446bab.0_67	0
0x2130db	NOTYPE	..lin.d84f7fa9..e1446bab.0_68	0
0x2130e4	NOTYPE	..lin.d84f7fa9..e1446bab.0_69	0
0x2130f8	NOTYPE	..lin.d84f7fa9..e1446bab.0_70	0
0x213105	NOTYPE	..lin.d84f7fa9..e1446bab.0_71	0
0x21310e	NOTYPE	..lin.d84f7fa9..e1446bab.0_72	0
0x213118	NOTYPE	..lin.d84f7fa9..e1446bab.0_73	0
0x213141	NOTYPE	..lin.d84f7fa9..e1446bab.0_74	0
0x21314a	NOTYPE	..lin.d84f7fa9..e1446bab.0_75	0
0x21315a	NOTYPE	..lin.d84f7fa9..e1446bab.0_76	0
0x21318a	NOTYPE	..lin.d84f7fa9..e1446bab.0_77	0
0x213193	NOTYPE	..lin.d84f7fa9..e1446bab.0_78	0
0x2131a6	NOTYPE	..lin.d84f7fa9..e1446bab.0_79	0
0x2131c7	NOTYPE	..lin.d84f7fa9..e1446bab.0_80	0
0x2131d0	NOTYPE	..lin.d84f7fa9..e1446bab.0_81	0
0x2131e7	NOTYPE	..lin.d84f7fa9..e1446bab.0_82	0
0x2131f4	NOTYPE	..lin.d84f7fa9..e1446bab.0_83	0
0x213201	NOTYPE	..lin.d84f7fa9..e1446bab.0_84	0
0x213209	NOTYPE	..lin.d84f7fa9..e1446bab.0_85	0
0x213227	NOTYPE	..lin.d84f7fa9..e1446bab.0_86	0
0x21322c	NOTYPE	..lin.d84f7fa9..e1446bab.0_87	0
0x21323e	NOTYPE	..lin.d84f7fa9..e1446bab.0_88	0
0x213246	NOTYPE	..lin.d84f7fa9..e1446bab.0_89	0
0x21324c	NOTYPE	..lin.d84f7fa9..e1446bab.0_90	0
0x21326e	NOTYPE	..lin.d84f7fa9..e1446bab.0_91	0
0x213274	NOTYPE	..lin.d84f7fa9..e1446bab.0_92	0
0x213285	NOTYPE	..lin.d84f7fa9..e1446bab.0_93	0
0x213296	NOTYPE	..lin.d84f7fa9..e1446bab.0_94	0
0x2132a2	NOTYPE	..lin.d84f7fa9..e1446bab.0_95	0
0x2132a7	NOTYPE	..lin.d84f7fa9..e1446bab.0_96	0
0x2132b4	NOTYPE	..lin.d84f7fa9..e1446bab.0_97	0
0x2132ba	NOTYPE	..lin.d84f7fa9..e1446bab.0_98	0
0x2132cf	NOTYPE	..lin.d84f7fa9..e1446bab.0_99	0
0x2132d5	NOTYPE	..lin.d84f7fa9..e1446bab.0_100	0
0x2132e2	FUNC	KernelGetClockAlarm	186
0x213311	NOTYPE	..lin.d84f7fa9..28cff99f.0_101	0
0x21331c	NOTYPE	..lin.d84f7fa9..28cff99f.0_102	0
0x213322	NOTYPE	..lin.d84f7fa9..28cff99f.0_103	0
0x213328	NOTYPE	..lin.d84f7fa9..28cff99f.0_104	0
0x21332e	NOTYPE	..lin.d84f7fa9..28cff99f.0_105	0
0x213334	NOTYPE	..lin.d84f7fa9..28cff99f.0_106	0
0x21333a	NOTYPE	..lin.d84f7fa9..28cff99f.0_107	0
0x213340	NOTYPE	..lin.d84f7fa9..28cff99f.0_108	0
0x213367	NOTYPE	..lin.d84f7fa9..28cff99f.0_109	0
0x213386	NOTYPE	..lin.d84f7fa9..28cff99f.0_110	0
0x21339c	FUNC	KernelGetClockAlarmOverruns	46
0x2133a6	NOTYPE	..lin.d84f7fa9..42944f83.0_111	0
0x2133ac	NOTYPE	..lin.d84f7fa9..42944f83.0_112	0
0x2133b2	NOTYPE	..lin.d84f7fa9..42944f83.0_113	0
0x2133bc	NOTYPE	..lin.d84f7fa9..42944f83.0_114	0
0x2133c4	NOTYPE	..lin.d84f7fa9..42944f83.0_115	0
0x2133ca	FUNC	KernelGetClockPermissions	18
0x2133d0	NOTYPE	..lin.d84f7fa9..30663e4e.0_116	0
0x2133dc	FUNC	KernelGetClockResolution	41
0x2133f1	NOTYPE	..lin.d84f7fa9..1ac81666.0_117	0
0x2133f7	NOTYPE	..lin.d84f7fa9..1ac81666.0_118	0
0x213405	FUNC	KernelGetClockName	250
0x21342b	NOTYPE	..lin.d84f7fa9..1438e93.0_119	0
0x21343f	NOTYPE	..lin.d84f7fa9..1438e93.0_120	0
0x21344b	NOTYPE	..lin.d84f7fa9..1438e93.0_121	0
0x213451	NOTYPE	..lin.d84f7fa9..1438e93.0_122	0
0x21345a	NOTYPE	..lin.d84f7fa9..1438e93.0_123	0
0x213468	NOTYPE	..lin.d84f7fa9..1438e93.0_124	0
0x213478	NOTYPE	..lin.d84f7fa9..1438e93.0_125	0
0x2134b2	NOTYPE	..lin.d84f7fa9..1438e93.0_126	0
0x2134b7	NOTYPE	..lin.d84f7fa9..1438e93.0_127	0
0x2134c8	NOTYPE	..lin.d84f7fa9..1438e93.0_128	0
0x2134d4	NOTYPE	..lin.d84f7fa9..1438e93.0_129	0
0x2134e1	NOTYPE	..lin.d84f7fa9..1438e93.0_130	0
0x2134f4	NOTYPE	..lin.d84f7fa9..1438e93.0_131	0
0x2134ff	FUNC	ClockInterruptHandler	384
0x21351a	NOTYPE	..lin.d84f7fa9..4395d53c.0_132	0
0x21352d	NOTYPE	..lin.d84f7fa9..4395d53c.0_133	0
0x213538	NOTYPE	..lin.d84f7fa9..4395d53c.0_134	0
0x21355b	NOTYPE	..lin.d84f7fa9..4395d53c.0_135	0
0x21356b	NOTYPE	..lin.d84f7fa9..4395d53c.0_136	0
0x213588	NOTYPE	..lin.d84f7fa9..4395d53c.0_137	0
0x213599	NOTYPE	..lin.d84f7fa9..4395d53c.0_138	0
0x2135a0	NOTYPE	..lin.d84f7fa9..4395d53c.0_139	0
0x2135b3	NOTYPE	..lin.d84f7fa9..4395d53c.0_140	0
0x2135c1	NOTYPE	..lin.d84f7fa9..4395d53c.0_141	0
0x2135d2	NOTYPE	..lin.d84f7fa9..4395d53c.0_142	0
0x2135e4	NOTYPE	..lin.d84f7fa9..4395d53c.0_143	0
0x2135f3	NOTYPE	..lin.d84f7fa9..4395d53c.0_144	0
0x2135fc	NOTYPE	..lin.d84f7fa9..4395d53c.0_145	0
0x213604	NOTYPE	..lin.d84f7fa9..4395d53c.0_146	0
0x213625	NOTYPE	..lin.d84f7fa9..4395d53c.0_147	0
0x213635	NOTYPE	..lin.d84f7fa9..4395d53c.0_148	0
0x213647	NOTYPE	..lin.d84f7fa9..4395d53c.0_149	0
0x213652	NOTYPE	..lin.d84f7fa9..4395d53c.0_150	0
0x213658	NOTYPE	..lin.d84f7fa9..4395d53c.0_151	0
0x21366c	NOTYPE	..lin.d84f7fa9..4395d53c.0_152	0
0x213679	NOTYPE	..lin.d84f7fa9..4395d53c.0_153	0
0x21367f	FUNC	CheckAlarm...2Fhome.2Fmal.2Fgm_release.2FMY22.2D026.2Ffinal.2Fiot.2Frtos.2Flibs.2Fgm.2Di35.2Frel.2Fwork.2Flibkernel.2Flibkernel.2Fclock.	23
0x21368d	NOTYPE	..lin.d84f7fa9..902b5770.0_154	0
0x213691	NOTYPE	..lin.d84f7fa9..902b5770.0_155	0
0x213696	FUNC	SchedulerProcessAlarms	307
0x2136af	NOTYPE	..lin.d84f7fa9..e55e5223.0_156	0
0x2136b7	NOTYPE	..lin.d84f7fa9..e55e5223.0_157	0
0x2136c9	NOTYPE	..lin.d84f7fa9..e55e5223.0_158	0
0x2136d4	NOTYPE	..lin.d84f7fa9..e55e5223.0_159	0
0x2136dc	NOTYPE	..lin.d84f7fa9..e55e5223.0_160	0
0x2136e6	NOTYPE	..lin.d84f7fa9..e55e5223.0_161	0
0x2136f8	NOTYPE	..lin.d84f7fa9..e55e5223.0_162	0
0x213702	NOTYPE	..lin.d84f7fa9..e55e5223.0_163	0
0x213720	NOTYPE	..lin.d84f7fa9..e55e5223.0_164	0
0x213729	NOTYPE	..lin.d84f7fa9..e55e5223.0_165	0
0x21374a	NOTYPE	..lin.d84f7fa9..e55e5223.0_166	0
0x213751	NOTYPE	..lin.d84f7fa9..e55e5223.0_167	0
0x21377a	NOTYPE	..lin.d84f7fa9..e55e5223.0_168	0
0x213795	NOTYPE	..lin.d84f7fa9..e55e5223.0_169	0
0x21379e	NOTYPE	..lin.d84f7fa9..e55e5223.0_170	0
0x2137ab	NOTYPE	..lin.d84f7fa9..e55e5223.0_171	0
0x2137c2	NOTYPE	..lin.d84f7fa9..e55e5223.0_172	0
0x2137c9	FUNC	FindCpuForClock...2Fhome.2Fmal.2Fgm_release.2FMY22.2D026.2Ffinal.2Fiot.2Frtos.2Flibs.2Fgm.2Di35.2Frel.2Fwork.2Flibkernel.2Flibkernel.2Fclock.	146
0x2137f7	NOTYPE	..lin.d84f7fa9..b8142861.0_173	0
0x2137fc	NOTYPE	..lin.d84f7fa9..b8142861.0_174	0
0x213809	NOTYPE	..lin.d84f7fa9..b8142861.0_175	0
0x21380e	NOTYPE	..lin.d84f7fa9..b8142861.0_176	0
0x21381d	NOTYPE	..lin.d84f7fa9..b8142861.0_177	0
0x21382b	NOTYPE	..lin.d84f7fa9..b8142861.0_178	0
0x21383c	NOTYPE	..lin.d84f7fa9..b8142861.0_179	0
0x213846	NOTYPE	..lin.d84f7fa9..b8142861.0_180	0
0x21385b	FUNC	RegisterTimerDriver	479
0x213884	NOTYPE	..lin.d84f7fa9..56d5bf97.0_181	0
0x213893	NOTYPE	..lin.d84f7fa9..56d5bf97.0_182	0
0x2138a6	NOTYPE	..lin.d84f7fa9..56d5bf97.0_183	0
0x2138af	NOTYPE	..lin.d84f7fa9..56d5bf97.0_184	0
0x2138c4	NOTYPE	..lin.d84f7fa9..56d5bf97.0_185	0
0x2138cd	NOTYPE	..lin.d84f7fa9..56d5bf97.0_186	0
0x2138df	NOTYPE	..lin.d84f7fa9..56d5bf97.0_187	0
0x2138e8	NOTYPE	..lin.d84f7fa9..56d5bf97.0_188	0
0x2138f6	NOTYPE	..lin.d84f7fa9..56d5bf97.0_189	0
0x2138fc	NOTYPE	..lin.d84f7fa9..56d5bf97.0_190	0
0x213906	NOTYPE	..lin.d84f7fa9..56d5bf97.0_191	0
0x213916	NOTYPE	..lin.d84f7fa9..56d5bf97.0_192	0
0x213927	NOTYPE	..lin.d84f7fa9..56d5bf97.0_193	0
0x213938	NOTYPE	..lin.d84f7fa9..56d5bf97.0_194	0
0x213959	NOTYPE	..lin.d84f7fa9..56d5bf97.0_195	0
0x21397b	NOTYPE	..lin.d84f7fa9..56d5bf97.0_196	0
0x213981	NOTYPE	..lin.d84f7fa9..56d5bf97.0_197	0
0x213992	NOTYPE	..lin.d84f7fa9..56d5bf97.0_198	0
0x213994	NOTYPE	..lin.d84f7fa9..56d5bf97.0_199	0
0x2139a0	NOTYPE	..lin.d84f7fa9..56d5bf97.0_200	0
0x2139a7	NOTYPE	..lin.d84f7fa9..56d5bf97.0_201	0
0x2139b1	NOTYPE	..lin.d84f7fa9..56d5bf97.0_202	0
0x2139f9	NOTYPE	..lin.d84f7fa9..56d5bf97.0_203	0
0x213a12	NOTYPE	..lin.d84f7fa9..56d5bf97.0_204	0
0x213a2d	NOTYPE	..lin.d84f7fa9..56d5bf97.0_205	0
0x213a3a	FUNC	INTERRUPT_TimerExpired	12
0x213a46	NOTYPE	..lin.d84f7fa9..275ec623.0_206	0
0x213a48	FUNC	AlarmHeapFunction...2Fhome.2Fmal.2Fgm_release.2FMY22.2D026.2Ffinal.2Fiot.2Frtos.2Flibs.2Fgm.2Di35.2Frel.2Fwork.2Flibkernel.2Flibkernel.2Falrmheap.	21
0x213a5b	NOTYPE	..lin.9f20a5a7..a3c98e96.0_1	0
0x213a5d	FUNC	FixClockInAlarmHeap	82
0x213a9b	NOTYPE	..lin.9f20a5a7..38cff8ba.0_2	0
0x213aad	NOTYPE	..lin.9f20a5a7..38cff8ba.0_3	0
0x213aaf	FUNC	GetFirstFromAlarmHeap	287
0x213ad3	NOTYPE	..lin.9f20a5a7..7cfe86c.0_4	0
0x213ae7	NOTYPE	..lin.9f20a5a7..7cfe86c.0_5	0
0x213af6	NOTYPE	..lin.9f20a5a7..7cfe86c.0_6	0
0x213b02	NOTYPE	..lin.9f20a5a7..7cfe86c.0_7	0
0x213b13	NOTYPE	..lin.9f20a5a7..7cfe86c.0_8	0
0x213b35	NOTYPE	..lin.9f20a5a7..7cfe86c.0_9	0
0x213b3e	NOTYPE	..lin.9f20a5a7..7cfe86c.0_10	0
0x213b46	NOTYPE	..lin.9f20a5a7..7cfe86c.0_11	0
0x213b54	NOTYPE	..lin.9f20a5a7..7cfe86c.0_12	0
0x213b71	NOTYPE	..lin.9f20a5a7..7cfe86c.0_13	0
0x213b80	NOTYPE	..lin.9f20a5a7..7cfe86c.0_14	0
0x213b86	NOTYPE	..lin.9f20a5a7..7cfe86c.0_15	0
0x213b8c	NOTYPE	..lin.9f20a5a7..7cfe86c.0_16	0
0x213b9d	NOTYPE	..lin.9f20a5a7..7cfe86c.0_17	0
0x213bab	NOTYPE	..lin.9f20a5a7..7cfe86c.0_18	0
0x213bc0	NOTYPE	..lin.9f20a5a7..7cfe86c.0_19	0
0x213bd0	FUNC	AppendToList	70
0x213bda	NOTYPE	..lin.44a272b9..3ab37dfc.0_1	0
0x213be4	NOTYPE	..lin.44a272b9..3ab37dfc.0_2	0
0x213bee	NOTYPE	..lin.44a272b9..3ab37dfc.0_3	0
0x213bf6	NOTYPE	..lin.44a272b9..3ab37dfc.0_4	0
0x213bfd	NOTYPE	..lin.44a272b9..3ab37dfc.0_5	0
0x213c05	NOTYPE	..lin.44a272b9..3ab37dfc.0_6	0
0x213c0c	NOTYPE	..lin.44a272b9..3ab37dfc.0_7	0
0x213c14	NOTYPE	..lin.44a272b9..3ab37dfc.0_8	0
0x213c16	FUNC	PrependToList	67
0x213c23	NOTYPE	..lin.44a272b9..c0581cb2.0_9	0
0x213c27	NOTYPE	..lin.44a272b9..c0581cb2.0_10	0
0x213c31	NOTYPE	..lin.44a272b9..c0581cb2.0_11	0
0x213c39	NOTYPE	..lin.44a272b9..c0581cb2.0_12	0
0x213c3d	NOTYPE	..lin.44a272b9..c0581cb2.0_13	0
0x213c45	NOTYPE	..lin.44a272b9..c0581cb2.0_14	0
0x213c4d	NOTYPE	..lin.44a272b9..c0581cb2.0_15	0
0x213c54	NOTYPE	..lin.44a272b9..c0581cb2.0_16	0
0x213c59	FUNC	RemoveFromList	78
0x213c61	NOTYPE	..lin.44a272b9..c07bce43.0_17	0
0x213c67	NOTYPE	..lin.44a272b9..c07bce43.0_18	0
0x213c6c	NOTYPE	..lin.44a272b9..c07bce43.0_19	0
0x213c74	NOTYPE	..lin.44a272b9..c07bce43.0_20	0
0x213c79	NOTYPE	..lin.44a272b9..c07bce43.0_21	0
0x213c84	NOTYPE	..lin.44a272b9..c07bce43.0_22	0
0x213c8b	NOTYPE	..lin.44a272b9..c07bce43.0_23	0
0x213c93	NOTYPE	..lin.44a272b9..c07bce43.0_24	0
0x213c9d	NOTYPE	..lin.44a272b9..c07bce43.0_25	0
0x213ca5	NOTYPE	..lin.44a272b9..c07bce43.0_26	0
0x213ca7	FUNC	RemoveFirstFromList	70
0x213cb1	NOTYPE	..lin.44a272b9..edcadd6b.0_27	0
0x213cb8	NOTYPE	..lin.44a272b9..edcadd6b.0_28	0
0x213cbd	NOTYPE	..lin.44a272b9..edcadd6b.0_29	0
0x213cc2	NOTYPE	..lin.44a272b9..edcadd6b.0_30	0
0x213cca	NOTYPE	..lin.44a272b9..edcadd6b.0_31	0
0x213cce	NOTYPE	..lin.44a272b9..edcadd6b.0_32	0
0x213cd6	NOTYPE	..lin.44a272b9..edcadd6b.0_33	0
0x213ce3	NOTYPE	..lin.44a272b9..edcadd6b.0_34	0
0x213ceb	NOTYPE	..lin.44a272b9..edcadd6b.0_35	0
0x213ced	FUNC	AtLeastTwoElementsInList	27
0x213cf6	NOTYPE	..lin.44a272b9..8048dabd.0_36	0
0x213cff	NOTYPE	..lin.44a272b9..8048dabd.0_37	0
0x213d05	NOTYPE	..lin.44a272b9..8048dabd.0_38	0
0x213d08	FUNC	SwapItemWithParent...2Fhome.2Fmal.2Fgm_release.2FMY22.2D026.2Ffinal.2Fiot.2Frtos.2Flibs.2Fgm.2Di35.2Frel.2Fwork.2Flibkernel.2Flibkernel.2Fheap.	157
0x213d11	NOTYPE	..lin.44a02ddb..13349e15.0_1	0
0x213d15	NOTYPE	..lin.44a02ddb..13349e15.0_2	0
0x213d19	NOTYPE	..lin.44a02ddb..13349e15.0_3	0
0x213d1e	NOTYPE	..lin.44a02ddb..13349e15.0_4	0
0x213d23	NOTYPE	..lin.44a02ddb..13349e15.0_5	0
0x213d2c	NOTYPE	..lin.44a02ddb..13349e15.0_6	0
0x213d34	NOTYPE	..lin.44a02ddb..13349e15.0_7	0
0x213d3b	NOTYPE	..lin.44a02ddb..13349e15.0_8	0
0x213d43	NOTYPE	..lin.44a02ddb..13349e15.0_9	0
0x213d49	NOTYPE	..lin.44a02ddb..13349e15.0_10	0
0x213d4d	NOTYPE	..lin.44a02ddb..13349e15.0_11	0
0x213d53	NOTYPE	..lin.44a02ddb..13349e15.0_12	0
0x213d57	NOTYPE	..lin.44a02ddb..13349e15.0_13	0
0x213d62	NOTYPE	..lin.44a02ddb..13349e15.0_14	0
0x213d6a	NOTYPE	..lin.44a02ddb..13349e15.0_15	0
0x213d70	NOTYPE	..lin.44a02ddb..13349e15.0_16	0
0x213d78	NOTYPE	..lin.44a02ddb..13349e15.0_17	0
0x213d7f	NOTYPE	..lin.44a02ddb..13349e15.0_18	0
0x213d85	NOTYPE	..lin.44a02ddb..13349e15.0_19	0
0x213d8d	NOTYPE	..lin.44a02ddb..13349e15.0_20	0
0x213d95	NOTYPE	..lin.44a02ddb..13349e15.0_21	0
0x213d9b	NOTYPE	..lin.44a02ddb..13349e15.0_22	0
0x213da3	NOTYPE	..lin.44a02ddb..13349e15.0_23	0
0x213da5	FUNC	FixInHeap	280
0x213dc8	NOTYPE	..lin.44a02ddb..7aa88ee1.0_24	0
0x213dcd	NOTYPE	..lin.44a02ddb..7aa88ee1.0_25	0
0x213de1	NOTYPE	..lin.44a02ddb..7aa88ee1.0_26	0
0x213de7	NOTYPE	..lin.44a02ddb..7aa88ee1.0_27	0
0x213dff	NOTYPE	..lin.44a02ddb..7aa88ee1.0_28	0
0x213e08	NOTYPE	..lin.44a02ddb..7aa88ee1.0_29	0
0x213e12	NOTYPE	..lin.44a02ddb..7aa88ee1.0_30	0
0x213e19	NOTYPE	..lin.44a02ddb..7aa88ee1.0_31	0
0x213e21	NOTYPE	..lin.44a02ddb..7aa88ee1.0_32	0
0x213e48	NOTYPE	..lin.44a02ddb..7aa88ee1.0_33	0
0x213e68	NOTYPE	..lin.44a02ddb..7aa88ee1.0_34	0
0x213e75	NOTYPE	..lin.44a02ddb..7aa88ee1.0_35	0
0x213e8e	NOTYPE	..lin.44a02ddb..7aa88ee1.0_36	0
0x213e99	NOTYPE	..lin.44a02ddb..7aa88ee1.0_37	0
0x213e9f	NOTYPE	..lin.44a02ddb..7aa88ee1.0_38	0
0x213ead	NOTYPE	..lin.44a02ddb..7aa88ee1.0_39	0
0x213eb2	NOTYPE	..lin.44a02ddb..7aa88ee1.0_40	0
0x213ebd	FUNC	AddToHeap	139
0x213ec7	NOTYPE	..lin.44a02ddb..ad1f49cf.0_41	0
0x213ed8	NOTYPE	..lin.44a02ddb..ad1f49cf.0_42	0
0x213ee9	NOTYPE	..lin.44a02ddb..ad1f49cf.0_43	0
0x213f01	NOTYPE	..lin.44a02ddb..ad1f49cf.0_44	0
0x213f03	NOTYPE	..lin.44a02ddb..ad1f49cf.0_45	0
0x213f08	NOTYPE	..lin.44a02ddb..ad1f49cf.0_46	0
0x213f0e	NOTYPE	..lin.44a02ddb..ad1f49cf.0_47	0
0x213f15	NOTYPE	..lin.44a02ddb..ad1f49cf.0_48	0
0x213f1e	NOTYPE	..lin.44a02ddb..ad1f49cf.0_49	0
0x213f26	NOTYPE	..lin.44a02ddb..ad1f49cf.0_50	0
0x213f2f	NOTYPE	..lin.44a02ddb..ad1f49cf.0_51	0
0x213f35	NOTYPE	..lin.44a02ddb..ad1f49cf.0_52	0
0x213f3c	NOTYPE	..lin.44a02ddb..ad1f49cf.0_53	0
0x213f46	NOTYPE	..lin.44a02ddb..ad1f49cf.0_54	0
0x213f48	FUNC	RemoveFromHeap	273
0x213f5c	NOTYPE	..lin.44a02ddb..c0798965.0_55	0
0x213f62	NOTYPE	..lin.44a02ddb..c0798965.0_56	0
0x213f6d	NOTYPE	..lin.44a02ddb..c0798965.0_57	0
0x213f86	NOTYPE	..lin.44a02ddb..c0798965.0_58	0
0x213f88	NOTYPE	..lin.44a02ddb..c0798965.0_59	0
0x213f8d	NOTYPE	..lin.44a02ddb..c0798965.0_60	0
0x213f93	NOTYPE	..lin.44a02ddb..c0798965.0_61	0
0x213f9a	NOTYPE	..lin.44a02ddb..c0798965.0_62	0
0x213fa3	NOTYPE	..lin.44a02ddb..c0798965.0_63	0
0x213fae	NOTYPE	..lin.44a02ddb..c0798965.0_64	0
0x213fb4	NOTYPE	..lin.44a02ddb..c0798965.0_65	0
0x213fbf	NOTYPE	..lin.44a02ddb..c0798965.0_66	0
0x213fca	NOTYPE	..lin.44a02ddb..c0798965.0_67	0
0x213fd3	NOTYPE	..lin.44a02ddb..c0798965.0_68	0
0x213fdb	NOTYPE	..lin.44a02ddb..c0798965.0_69	0
0x213fdf	NOTYPE	..lin.44a02ddb..c0798965.0_70	0
0x213fe4	NOTYPE	..lin.44a02ddb..c0798965.0_71	0
0x213fe9	NOTYPE	..lin.44a02ddb..c0798965.0_72	0
0x213ff2	NOTYPE	..lin.44a02ddb..c0798965.0_73	0
0x213ffa	NOTYPE	..lin.44a02ddb..c0798965.0_74	0
0x214005	NOTYPE	..lin.44a02ddb..c0798965.0_75	0
0x21400c	NOTYPE	..lin.44a02ddb..c0798965.0_76	0
0x214010	NOTYPE	..lin.44a02ddb..c0798965.0_77	0
0x214016	NOTYPE	..lin.44a02ddb..c0798965.0_78	0
0x21401e	NOTYPE	..lin.44a02ddb..c0798965.0_79	0
0x214028	NOTYPE	..lin.44a02ddb..c0798965.0_80	0
0x214030	NOTYPE	..lin.44a02ddb..c0798965.0_81	0
0x214034	NOTYPE	..lin.44a02ddb..c0798965.0_82	0
0x21403a	NOTYPE	..lin.44a02ddb..c0798965.0_83	0
0x214042	NOTYPE	..lin.44a02ddb..c0798965.0_84	0
0x21404d	NOTYPE	..lin.44a02ddb..c0798965.0_85	0
0x214057	NOTYPE	..lin.44a02ddb..c0798965.0_86	0
0x21405c	FUNC	RAMAllocate	78
0x21407f	NOTYPE	..lin.44a0e191..2d7f154a.0_1	0
0x214087	NOTYPE	..lin.44a0e191..2d7f154a.0_2	0
0x21408d	NOTYPE	..lin.44a0e191..2d7f154a.0_3	0
0x214095	NOTYPE	..lin.44a0e191..2d7f154a.0_4	0
0x2140a2	NOTYPE	..lin.44a0e191..2d7f154a.0_5	0
0x2140aa	FUNC	InitKernelSchedulerLists	95
0x2140c8	NOTYPE	..lin.44a0e191..e0b741e8.0_6	0
0x2140cd	NOTYPE	..lin.44a0e191..e0b741e8.0_7	0
0x2140e9	NOTYPE	..lin.44a0e191..e0b741e8.0_8	0
0x2140f3	NOTYPE	..lin.44a0e191..e0b741e8.0_9	0
0x214100	NOTYPE	..lin.44a0e191..e0b741e8.0_10	0
0x214109	FUNC	AllocateDomain...2Fhome.2Fmal.2Fgm_release.2FMY22.2D026.2Ffinal.2Fiot.2Frtos.2Flibs.2Fgm.2Di35.2Frel.2Fwork.2Flibkernel.2Flibkernel.2Finit.	53
0x214126	NOTYPE	..lin.44a0e191..d42ad402.0_11	0
0x214135	NOTYPE	..lin.44a0e191..d42ad402.0_12	0
0x21413e	FUNC	CreateClocks...2Fhome.2Fmal.2Fgm_release.2FMY22.2D026.2Ffinal.2Fiot.2Frtos.2Flibs.2Fgm.2Di35.2Frel.2Fwork.2Flibkernel.2Flibkernel.2Finit.	167
0x214160	NOTYPE	..lin.44a0e191..57a7f758.0_13	0
0x214162	NOTYPE	..lin.44a0e191..57a7f758.0_14	0
0x214188	NOTYPE	..lin.44a0e191..57a7f758.0_15	0
0x21418e	NOTYPE	..lin.44a0e191..57a7f758.0_16	0
0x214198	NOTYPE	..lin.44a0e191..57a7f758.0_17	0
0x2141ab	NOTYPE	..lin.44a0e191..57a7f758.0_18	0
0x2141b7	NOTYPE	..lin.44a0e191..57a7f758.0_19	0
0x2141c4	NOTYPE	..lin.44a0e191..57a7f758.0_20	0
0x2141dc	NOTYPE	..lin.44a0e191..57a7f758.0_21	0
0x2141e5	FUNC	CreateIODevices...2Fhome.2Fmal.2Fgm_release.2FMY22.2D026.2Ffinal.2Fiot.2Frtos.2Flibs.2Fgm.2Di35.2Frel.2Fwork.2Flibkernel.2Flibkernel.2Finit.	106
0x214202	NOTYPE	..lin.44a0e191..20c3c214.0_22	0
0x214207	NOTYPE	..lin.44a0e191..20c3c214.0_23	0
0x214229	NOTYPE	..lin.44a0e191..20c3c214.0_24	0
0x214235	NOTYPE	..lin.44a0e191..20c3c214.0_25	0
0x214248	NOTYPE	..lin.44a0e191..20c3c214.0_26	0
0x21424f	FUNC	ManifestTheKernelDomain...2Fhome.2Fmal.2Fgm_release.2FMY22.2D026.2Ffinal.2Fiot.2Frtos.2Flibs.2Fgm.2Di35.2Frel.2Fwork.2Flibkernel.2Flibkernel.2Finit.	495
0x214299	NOTYPE	..lin.44a0e191..6d670f96.0_27	0
0x2142a9	NOTYPE	..lin.44a0e191..6d670f96.0_28	0
0x2142b5	NOTYPE	..lin.44a0e191..6d670f96.0_29	0
0x2142bf	NOTYPE	..lin.44a0e191..6d670f96.0_30	0
0x2142c9	NOTYPE	..lin.44a0e191..6d670f96.0_31	0
0x2142d2	NOTYPE	..lin.44a0e191..6d670f96.0_32	0
0x2142dc	NOTYPE	..lin.44a0e191..6d670f96.0_33	0
0x2142e2	NOTYPE	..lin.44a0e191..6d670f96.0_34	0
0x2142e9	NOTYPE	..lin.44a0e191..6d670f96.0_35	0
0x2142f3	NOTYPE	..lin.44a0e191..6d670f96.0_36	0
0x2142f8	NOTYPE	..lin.44a0e191..6d670f96.0_37	0
0x214302	NOTYPE	..lin.44a0e191..6d670f96.0_38	0
0x214310	NOTYPE	..lin.44a0e191..6d670f96.0_39	0
0x21431d	NOTYPE	..lin.44a0e191..6d670f96.0_40	0
0x21432a	NOTYPE	..lin.44a0e191..6d670f96.0_41	0
0x214345	NOTYPE	..lin.44a0e191..6d670f96.0_42	0
0x21435e	NOTYPE	..lin.44a0e191..6d670f96.0_43	0
0x21436d	NOTYPE	..lin.44a0e191..6d670f96.0_44	0
0x214387	NOTYPE	..lin.44a0e191..6d670f96.0_45	0
0x2143a6	NOTYPE	..lin.44a0e191..6d670f96.0_46	0
0x2143a8	NOTYPE	..lin.44a0e191..6d670f96.0_47	0
0x2143af	NOTYPE	..lin.44a0e191..6d670f96.0_48	0
0x2143ca	NOTYPE	..lin.44a0e191..6d670f96.0_49	0
0x2143da	NOTYPE	..lin.44a0e191..6d670f96.0_50	0
0x2143de	NOTYPE	..lin.44a0e191..6d670f96.0_51	0
0x2143ec	NOTYPE	..lin.44a0e191..6d670f96.0_52	0
0x214403	NOTYPE	..lin.44a0e191..6d670f96.0_53	0
0x214433	NOTYPE	..lin.44a0e191..6d670f96.0_54	0
0x21443e	FUNC	CreateAddressSpacesAndMemoryRegions...2Fhome.2Fmal.2Fgm_release.2FMY22.2D026.2Ffinal.2Fiot.2Frtos.2Flibs.2Fgm.2Di35.2Frel.2Fwork.2Flibkernel.2Flibkernel.2Finit.	397
0x21448e	NOTYPE	..lin.44a0e191..829c1c1.0_55	0
0x2144a8	NOTYPE	..lin.44a0e191..829c1c1.0_56	0
0x2144b0	NOTYPE	..lin.44a0e191..829c1c1.0_57	0
0x2144bf	NOTYPE	..lin.44a0e191..829c1c1.0_58	0
0x2144f4	NOTYPE	..lin.44a0e191..829c1c1.0_59	0
0x2144fd	NOTYPE	..lin.44a0e191..829c1c1.0_60	0
0x214502	NOTYPE	..lin.44a0e191..829c1c1.0_61	0
0x214514	NOTYPE	..lin.44a0e191..829c1c1.0_62	0
0x21451a	NOTYPE	..lin.44a0e191..829c1c1.0_63	0
0x21454d	NOTYPE	..lin.44a0e191..829c1c1.0_64	0
0x214551	NOTYPE	..lin.44a0e191..829c1c1.0_65	0
0x214560	NOTYPE	..lin.44a0e191..829c1c1.0_66	0
0x21456d	NOTYPE	..lin.44a0e191..829c1c1.0_67	0
0x214577	NOTYPE	..lin.44a0e191..829c1c1.0_68	0
0x21457c	NOTYPE	..lin.44a0e191..829c1c1.0_69	0
0x214584	NOTYPE	..lin.44a0e191..829c1c1.0_70	0
0x21459a	NOTYPE	..lin.44a0e191..829c1c1.0_71	0
0x2145bc	NOTYPE	..lin.44a0e191..829c1c1.0_72	0
0x2145cb	FUNC	CreateTheInitialTask...2Fhome.2Fmal.2Fgm_release.2FMY22.2D026.2Ffinal.2Fiot.2Frtos.2Flibs.2Fgm.2Di35.2Frel.2Fwork.2Flibkernel.2Flibkernel.2Finit.	546
0x2145f9	NOTYPE	..lin.44a0e191..71229037.0_73	0
0x214601	NOTYPE	..lin.44a0e191..71229037.0_74	0
0x214610	NOTYPE	..lin.44a0e191..71229037.0_75	0
0x2146ab	NOTYPE	..lin.44a0e191..71229037.0_76	0
0x2146d5	NOTYPE	..lin.44a0e191..71229037.0_77	0
0x2146db	NOTYPE	..lin.44a0e191..71229037.0_78	0
0x2146ea	NOTYPE	..lin.44a0e191..71229037.0_79	0
0x214704	NOTYPE	..lin.44a0e191..71229037.0_80	0
0x214714	NOTYPE	..lin.44a0e191..71229037.0_81	0
0x214737	NOTYPE	..lin.44a0e191..71229037.0_82	0
0x214745	NOTYPE	..lin.44a0e191..71229037.0_83	0
0x214752	NOTYPE	..lin.44a0e191..71229037.0_84	0
0x214760	NOTYPE	..lin.44a0e191..71229037.0_85	0
0x21476f	NOTYPE	..lin.44a0e191..71229037.0_86	0
0x21477a	NOTYPE	..lin.44a0e191..71229037.0_87	0
0x214793	NOTYPE	..lin.44a0e191..71229037.0_88	0
0x2147a5	NOTYPE	..lin.44a0e191..71229037.0_89	0
0x2147ad	NOTYPE	..lin.44a0e191..71229037.0_90	0
0x2147b5	NOTYPE	..lin.44a0e191..71229037.0_91	0
0x2147cb	NOTYPE	..lin.44a0e191..71229037.0_92	0
0x2147d4	NOTYPE	..lin.44a0e191..71229037.0_93	0
0x2147e4	NOTYPE	..lin.44a0e191..71229037.0_94	0
0x2147ed	FUNC	BSP_UserInitialize	34
0x2147f8	NOTYPE	..lin.44a0e191..c554b0da.0_95	0
0x2147fa	NOTYPE	..lin.44a0e191..c554b0da.0_96	0
0x21480d	NOTYPE	..lin.44a0e191..c554b0da.0_97	0
0x21480f	FUNC	__ghs_ind_crt0_2	1043
0x214830	NOTYPE	..lin.44a0e191..ecd366c8.0_98	0
0x214832	NOTYPE	..lin.44a0e191..ecd366c8.0_99	0
0x214860	NOTYPE	..lin.44a0e191..ecd366c8.0_100	0
0x214870	NOTYPE	..lin.44a0e191..ecd366c8.0_101	0
0x214875	NOTYPE	..lin.44a0e191..ecd366c8.0_102	0
0x214897	NOTYPE	..lin.44a0e191..ecd366c8.0_103	0
0x2148b0	NOTYPE	..lin.44a0e191..ecd366c8.0_104	0
0x2148bf	NOTYPE	..lin.44a0e191..ecd366c8.0_105	0
0x2148c6	NOTYPE	..lin.44a0e191..ecd366c8.0_106	0
0x2148df	NOTYPE	..lin.44a0e191..ecd366c8.0_107	0
0x2148fc	NOTYPE	..lin.44a0e191..ecd366c8.0_108	0
0x21490f	NOTYPE	..lin.44a0e191..ecd366c8.0_109	0
0x214922	NOTYPE	..lin.44a0e191..ecd366c8.0_110	0
0x214926	NOTYPE	..lin.44a0e191..ecd366c8.0_111	0
0x21493f	NOTYPE	..lin.44a0e191..ecd366c8.0_112	0
0x214944	NOTYPE	..lin.44a0e191..ecd366c8.0_113	0
0x214949	NOTYPE	..lin.44a0e191..ecd366c8.0_114	0
0x21494e	NOTYPE	..lin.44a0e191..ecd366c8.0_115	0
0x214953	NOTYPE	..lin.44a0e191..ecd366c8.0_116	0
0x214958	NOTYPE	..lin.44a0e191..ecd366c8.0_117	0
0x21495c	NOTYPE	..lin.44a0e191..ecd366c8.0_118	0
0x21498a	NOTYPE	..lin.44a0e191..ecd366c8.0_119	0
0x21498f	NOTYPE	..lin.44a0e191..ecd366c8.0_120	0
0x214993	NOTYPE	..lin.44a0e191..ecd366c8.0_121	0
0x2149b4	NOTYPE	..lin.44a0e191..ecd366c8.0_122	0
0x2149b9	NOTYPE	..lin.44a0e191..ecd366c8.0_123	0
0x2149bd	NOTYPE	..lin.44a0e191..ecd366c8.0_124	0
0x2149eb	NOTYPE	..lin.44a0e191..ecd366c8.0_125	0
0x2149f0	NOTYPE	..lin.44a0e191..ecd366c8.0_126	0
0x2149f4	NOTYPE	..lin.44a0e191..ecd366c8.0_127	0
0x214a15	NOTYPE	..lin.44a0e191..ecd366c8.0_128	0
0x214a19	NOTYPE	..lin.44a0e191..ecd366c8.0_129	0
0x214a47	NOTYPE	..lin.44a0e191..ecd366c8.0_130	0
0x214a4c	NOTYPE	..lin.44a0e191..ecd366c8.0_131	0
0x214a50	NOTYPE	..lin.44a0e191..ecd366c8.0_132	0
0x214a71	NOTYPE	..lin.44a0e191..ecd366c8.0_133	0
0x214a76	NOTYPE	..lin.44a0e191..ecd366c8.0_134	0
0x214a7a	NOTYPE	..lin.44a0e191..ecd366c8.0_135	0
0x214a89	NOTYPE	..lin.44a0e191..ecd366c8.0_136	0
0x214ab7	NOTYPE	..lin.44a0e191..ecd366c8.0_137	0
0x214ac1	NOTYPE	..lin.44a0e191..ecd366c8.0_138	0
0x214acb	NOTYPE	..lin.44a0e191..ecd366c8.0_139	0
0x214aec	NOTYPE	..lin.44a0e191..ecd366c8.0_140	0
0x214afc	NOTYPE	..lin.44a0e191..ecd366c8.0_141	0
0x214b03	NOTYPE	..lin.44a0e191..ecd366c8.0_142	0
0x214b0d	NOTYPE	..lin.44a0e191..ecd366c8.0_143	0
0x214b17	NOTYPE	..lin.44a0e191..ecd366c8.0_144	0
0x214b21	NOTYPE	..lin.44a0e191..ecd366c8.0_145	0
0x214b41	NOTYPE	..lin.44a0e191..ecd366c8.0_146	0
0x214b48	NOTYPE	..lin.44a0e191..ecd366c8.0_147	0
0x214b52	NOTYPE	..lin.44a0e191..ecd366c8.0_148	0
0x214b59	NOTYPE	..lin.44a0e191..ecd366c8.0_149	0
0x214b63	NOTYPE	..lin.44a0e191..ecd366c8.0_150	0
0x214b6f	NOTYPE	..lin.44a0e191..ecd366c8.0_151	0
0x214b7f	NOTYPE	..lin.44a0e191..ecd366c8.0_152	0
0x214b86	NOTYPE	..lin.44a0e191..ecd366c8.0_153	0
0x214b8b	NOTYPE	..lin.44a0e191..ecd366c8.0_154	0
0x214ba3	NOTYPE	..lin.44a0e191..ecd366c8.0_155	0
0x214bac	NOTYPE	..lin.44a0e191..ecd366c8.0_156	0
0x214bb1	NOTYPE	..lin.44a0e191..ecd366c8.0_157	0
0x214bba	NOTYPE	..lin.44a0e191..ecd366c8.0_158	0
0x214bc3	NOTYPE	..lin.44a0e191..ecd366c8.0_159	0
0x214be5	NOTYPE	..lin.44a0e191..ecd366c8.0_160	0
0x214bef	NOTYPE	..lin.44a0e191..ecd366c8.0_161	0
0x214bf3	NOTYPE	..lin.44a0e191..ecd366c8.0_162	0
0x214c14	NOTYPE	..lin.44a0e191..ecd366c8.0_163	0
0x214c19	NOTYPE	..lin.44a0e191..ecd366c8.0_164	0
0x214c22	FUNC	__ghs_ind_crt0_1...2Fhome.2Fmal.2Fgm_release.2FMY22.2D026.2Ffinal.2Fiot.2Frtos.2Flibs.2Fgm.2Di35.2Frel.2Fwork.2Flibkernel.2Flibkernel.2Finit.	1021
0x214c35	NOTYPE	..lin.44a0e191..ecd366c7.0_165	0
0x214c59	NOTYPE	..lin.44a0e191..ecd366c7.0_166	0
0x214c6c	NOTYPE	..lin.44a0e191..ecd366c7.0_167	0
0x214c7f	NOTYPE	..lin.44a0e191..ecd366c7.0_168	0
0x214c8f	NOTYPE	..lin.44a0e191..ecd366c7.0_169	0
0x214ca8	NOTYPE	..lin.44a0e191..ecd366c7.0_170	0
0x214cad	NOTYPE	..lin.44a0e191..ecd366c7.0_171	0
0x214cc6	NOTYPE	..lin.44a0e191..ecd366c7.0_172	0
0x214ccb	NOTYPE	..lin.44a0e191..ecd366c7.0_173	0
0x214cdb	NOTYPE	..lin.44a0e191..ecd366c7.0_174	0
0x214cfd	NOTYPE	..lin.44a0e191..ecd366c7.0_175	0
0x214d0c	NOTYPE	..lin.44a0e191..ecd366c7.0_176	0
0x214d1b	NOTYPE	..lin.44a0e191..ecd366c7.0_177	0
0x214d25	NOTYPE	..lin.44a0e191..ecd366c7.0_178	0
0x214d56	NOTYPE	..lin.44a0e191..ecd366c7.0_179	0
0x214d63	NOTYPE	..lin.44a0e191..ecd366c7.0_180	0
0x214d8a	NOTYPE	..lin.44a0e191..ecd366c7.0_181	0
0x214d9d	NOTYPE	..lin.44a0e191..ecd366c7.0_182	0
0x214dbe	NOTYPE	..lin.44a0e191..ecd366c7.0_183	0
0x214dc4	NOTYPE	..lin.44a0e191..ecd366c7.0_184	0
0x214dd3	NOTYPE	..lin.44a0e191..ecd366c7.0_185	0
0x214dec	NOTYPE	..lin.44a0e191..ecd366c7.0_186	0
0x214e08	NOTYPE	..lin.44a0e191..ecd366c7.0_187	0
0x214e17	NOTYPE	..lin.44a0e191..ecd366c7.0_188	0
0x214e21	NOTYPE	..lin.44a0e191..ecd366c7.0_189	0
0x214e45	NOTYPE	..lin.44a0e191..ecd366c7.0_190	0
0x214e4d	NOTYPE	..lin.44a0e191..ecd366c7.0_191	0
0x214e9b	NOTYPE	..lin.44a0e191..ecd366c7.0_192	0
0x214eb4	NOTYPE	..lin.44a0e191..ecd366c7.0_193	0
0x214ec0	NOTYPE	..lin.44a0e191..ecd366c7.0_194	0
0x214ed9	NOTYPE	..lin.44a0e191..ecd366c7.0_195	0
0x214ee2	NOTYPE	..lin.44a0e191..ecd366c7.0_196	0
0x214ee9	NOTYPE	..lin.44a0e191..ecd366c7.0_197	0
0x214f06	NOTYPE	..lin.44a0e191..ecd366c7.0_198	0
0x214f1f	NOTYPE	..lin.44a0e191..ecd366c7.0_199	0
0x214f3c	NOTYPE	..lin.44a0e191..ecd366c7.0_200	0
0x214f5e	NOTYPE	..lin.44a0e191..ecd366c7.0_201	0
0x214f77	NOTYPE	..lin.44a0e191..ecd366c7.0_202	0
0x214f86	NOTYPE	..lin.44a0e191..ecd366c7.0_203	0
0x214f8d	NOTYPE	..lin.44a0e191..ecd366c7.0_204	0
0x214fa6	NOTYPE	..lin.44a0e191..ecd366c7.0_205	0
0x214fc3	NOTYPE	..lin.44a0e191..ecd366c7.0_206	0
0x215011	NOTYPE	..lin.44a0e191..ecd366c7.0_207	0
0x215016	NOTYPE	..lin.44a0e191..ecd366c7.0_208	0
0x21501f	FUNC	__ghs_ind_crt0	30
0x215029	NOTYPE	..lin.44a0e191..52bad897.0_209	0
0x21502f	NOTYPE	..lin.44a0e191..52bad897.0_210	0
0x215036	NOTYPE	..lin.44a0e191..52bad897.0_211	0
0x21503b	NOTYPE	..lin.44a0e191..52bad897.0_212	0
0x215040	FUNC	ShouldPreempt	282
0x21505f	NOTYPE	..lin.50f0dc9e..456318b1.0_1	0
0x215064	NOTYPE	..lin.50f0dc9e..456318b1.0_2	0
0x215071	NOTYPE	..lin.50f0dc9e..456318b1.0_3	0
0x215085	NOTYPE	..lin.50f0dc9e..456318b1.0_4	0
0x2150a9	NOTYPE	..lin.50f0dc9e..456318b1.0_5	0
0x2150bb	NOTYPE	..lin.50f0dc9e..456318b1.0_6	0
0x2150df	NOTYPE	..lin.50f0dc9e..456318b1.0_7	0
0x2150ec	NOTYPE	..lin.50f0dc9e..456318b1.0_8	0
0x2150fb	NOTYPE	..lin.50f0dc9e..456318b1.0_9	0
0x215103	NOTYPE	..lin.50f0dc9e..456318b1.0_10	0
0x215119	NOTYPE	..lin.50f0dc9e..456318b1.0_11	0
0x215128	NOTYPE	..lin.50f0dc9e..456318b1.0_12	0
0x215135	NOTYPE	..lin.50f0dc9e..456318b1.0_13	0
0x21513a	NOTYPE	..lin.50f0dc9e..456318b1.0_14	0
0x215150	NOTYPE	..lin.50f0dc9e..456318b1.0_15	0
0x21515a	FUNC	INTERRUPT_PlaceSynchronousCall	97
0x215175	NOTYPE	..lin.50f0dc9e..294050bd.0_16	0
0x21517b	NOTYPE	..lin.50f0dc9e..294050bd.0_17	0
0x2151a2	NOTYPE	..lin.50f0dc9e..294050bd.0_18	0
0x2151ae	NOTYPE	..lin.50f0dc9e..294050bd.0_19	0
0x2151b4	NOTYPE	..lin.50f0dc9e..294050bd.0_20	0
0x2151bb	FUNC	INTERRUPT_TimerTick	62
0x2151c8	NOTYPE	..lin.50f0dc9e..b10820fd.0_21	0
0x2151d9	NOTYPE	..lin.50f0dc9e..b10820fd.0_22	0
0x2151f7	NOTYPE	..lin.50f0dc9e..b10820fd.0_23	0
0x2151f9	FUNC	SetExceptionHandler	77
0x215217	NOTYPE	..lin.50f0dc9e..29ae40be.0_24	0
0x215221	NOTYPE	..lin.50f0dc9e..29ae40be.0_25	0
0x215235	NOTYPE	..lin.50f0dc9e..29ae40be.0_26	0
0x215246	FUNC	ExceptionHandler	293
0x21526e	NOTYPE	..lin.50f0dc9e..e3a2dc52.0_27	0
0x215283	NOTYPE	..lin.50f0dc9e..e3a2dc52.0_28	0
0x21528b	NOTYPE	..lin.50f0dc9e..e3a2dc52.0_29	0
0x21529b	NOTYPE	..lin.50f0dc9e..e3a2dc52.0_30	0
0x2152a3	NOTYPE	..lin.50f0dc9e..e3a2dc52.0_31	0
0x2152b3	NOTYPE	..lin.50f0dc9e..e3a2dc52.0_32	0
0x2152d3	NOTYPE	..lin.50f0dc9e..e3a2dc52.0_33	0
0x2152d9	NOTYPE	..lin.50f0dc9e..e3a2dc52.0_34	0
0x2152f8	NOTYPE	..lin.50f0dc9e..e3a2dc52.0_35	0
0x215307	NOTYPE	..lin.50f0dc9e..e3a2dc52.0_36	0
0x215318	NOTYPE	..lin.50f0dc9e..e3a2dc52.0_37	0
0x21532a	NOTYPE	..lin.50f0dc9e..e3a2dc52.0_38	0
0x21533c	NOTYPE	..lin.50f0dc9e..e3a2dc52.0_39	0
0x215341	NOTYPE	..lin.50f0dc9e..e3a2dc52.0_40	0
0x21534a	NOTYPE	..lin.50f0dc9e..e3a2dc52.0_41	0
0x21535a	NOTYPE	..lin.50f0dc9e..e3a2dc52.0_42	0
0x215362	NOTYPE	..lin.50f0dc9e..e3a2dc52.0_43	0
0x21536b	FUNC	DoDeliverInterrupt	307
0x215390	NOTYPE	..lin.50f0dc9e..ae7d270.0_44	0
0x21539c	NOTYPE	..lin.50f0dc9e..ae7d270.0_45	0
0x2153bf	NOTYPE	..lin.50f0dc9e..ae7d270.0_46	0
0x215433	NOTYPE	..lin.50f0dc9e..ae7d270.0_47	0
0x21543f	NOTYPE	..lin.50f0dc9e..ae7d270.0_48	0
0x21545f	NOTYPE	..lin.50f0dc9e..ae7d270.0_49	0
0x215463	NOTYPE	..lin.50f0dc9e..ae7d270.0_50	0
0x21546e	NOTYPE	..lin.50f0dc9e..ae7d270.0_51	0
0x21547e	NOTYPE	..lin.50f0dc9e..ae7d270.0_52	0
0x215493	NOTYPE	..lin.50f0dc9e..ae7d270.0_53	0
0x21549e	FUNC	DoDismissInterrupt	351
0x2154b8	NOTYPE	..lin.50f0dc9e..4703ffa1.0_54	0
0x215530	NOTYPE	..lin.50f0dc9e..4703ffa1.0_55	0
0x215535	NOTYPE	..lin.50f0dc9e..4703ffa1.0_56	0
0x215541	NOTYPE	..lin.50f0dc9e..4703ffa1.0_57	0
0x215562	NOTYPE	..lin.50f0dc9e..4703ffa1.0_58	0
0x215569	NOTYPE	..lin.50f0dc9e..4703ffa1.0_59	0
0x215575	NOTYPE	..lin.50f0dc9e..4703ffa1.0_60	0
0x215586	NOTYPE	..lin.50f0dc9e..4703ffa1.0_61	0
0x215591	NOTYPE	..lin.50f0dc9e..4703ffa1.0_62	0
0x215598	NOTYPE	..lin.50f0dc9e..4703ffa1.0_63	0
0x2155a0	NOTYPE	..lin.50f0dc9e..4703ffa1.0_64	0
0x2155ab	NOTYPE	..lin.50f0dc9e..4703ffa1.0_65	0
0x2155b1	NOTYPE	..lin.50f0dc9e..4703ffa1.0_66	0
0x2155b7	NOTYPE	..lin.50f0dc9e..4703ffa1.0_67	0
0x2155c8	NOTYPE	..lin.50f0dc9e..4703ffa1.0_68	0
0x2155cf	NOTYPE	..lin.50f0dc9e..4703ffa1.0_69	0
0x2155d4	NOTYPE	..lin.50f0dc9e..4703ffa1.0_70	0
0x2155df	NOTYPE	..lin.50f0dc9e..4703ffa1.0_71	0
0x2155f2	NOTYPE	..lin.50f0dc9e..4703ffa1.0_72	0
0x2155fd	FUNC	INTERRUPT_InitCall	23
0x215614	FUNC	INTERRUPT_GetCurrentTaskASIndex	43
0x215625	NOTYPE	..lin.50f0dc9e..df79fa93.0_73	0
0x21562b	NOTYPE	..lin.50f0dc9e..df79fa93.0_74	0
0x21563b	NOTYPE	..lin.50f0dc9e..df79fa93.0_75	0
0x21563f	FUNC	TaskContextWillBeExecuted	148
0x21565b	NOTYPE	..lin.50f0dc9e..11b78fd3.0_76	0
0x21566b	NOTYPE	..lin.50f0dc9e..11b78fd3.0_77	0
0x215671	NOTYPE	..lin.50f0dc9e..11b78fd3.0_78	0
0x21567e	NOTYPE	..lin.50f0dc9e..11b78fd3.0_79	0
0x215683	NOTYPE	..lin.50f0dc9e..11b78fd3.0_80	0
0x215695	NOTYPE	..lin.50f0dc9e..11b78fd3.0_81	0
0x2156a0	NOTYPE	..lin.50f0dc9e..11b78fd3.0_82	0
0x2156aa	NOTYPE	..lin.50f0dc9e..11b78fd3.0_83	0
0x2156bc	NOTYPE	..lin.50f0dc9e..11b78fd3.0_84	0
0x2156c9	NOTYPE	..lin.50f0dc9e..11b78fd3.0_85	0
0x2156cf	NOTYPE	..lin.50f0dc9e..11b78fd3.0_86	0
0x2156d3	FUNC	DoSynchronousCall...2Fhome.2Fmal.2Fgm_release.2FMY22.2D026.2Ffinal.2Fiot.2Frtos.2Flibs.2Fgm.2Di35.2Frel.2Fwork.2Flibkernel.2Flibkernel.2Fschedloop.	193
0x2156e8	NOTYPE	..lin.50f0dc9e..38ede7df.0_87	0
0x2156f1	NOTYPE	..lin.50f0dc9e..38ede7df.0_88	0
0x215725	NOTYPE	..lin.50f0dc9e..38ede7df.0_89	0
0x215727	NOTYPE	..lin.50f0dc9e..38ede7df.0_90	0
0x21573b	NOTYPE	..lin.50f0dc9e..38ede7df.0_91	0
0x215760	NOTYPE	..lin.50f0dc9e..38ede7df.0_92	0
0x215770	NOTYPE	..lin.50f0dc9e..38ede7df.0_93	0
0x215775	NOTYPE	..lin.50f0dc9e..38ede7df.0_94	0
0x21578e	NOTYPE	..lin.50f0dc9e..38ede7df.0_95	0
0x215794	FUNC	GetLogTaskIdentification...2Fhome.2Fmal.2Fgm_release.2FMY22.2D026.2Ffinal.2Fiot.2Frtos.2Flibs.2Fgm.2Di35.2Frel.2Fwork.2Flibkernel.2Flibkernel.2Fschedloop.	24
0x2157a0	NOTYPE	..lin.50f0dc9e..af8c9724.0_96	0
0x2157a4	NOTYPE	..lin.50f0dc9e..af8c9724.0_97	0
0x2157ac	FUNC	TaskSwitchLog...2Fhome.2Fmal.2Fgm_release.2FMY22.2D026.2Ffinal.2Fiot.2Frtos.2Flibs.2Fgm.2Di35.2Frel.2Fwork.2Flibkernel.2Flibkernel.2Fschedloop.	141
0x2157c5	NOTYPE	..lin.50f0dc9e..dcd6a98c.0_98	0
0x2157d5	NOTYPE	..lin.50f0dc9e..dcd6a98c.0_99	0
0x2157f3	NOTYPE	..lin.50f0dc9e..dcd6a98c.0_100	0
0x215803	NOTYPE	..lin.50f0dc9e..dcd6a98c.0_101	0
0x215821	NOTYPE	..lin.50f0dc9e..dcd6a98c.0_102	0
0x215827	NOTYPE	..lin.50f0dc9e..dcd6a98c.0_103	0
0x21582b	NOTYPE	..lin.50f0dc9e..dcd6a98c.0_104	0
0x215830	NOTYPE	..lin.50f0dc9e..dcd6a98c.0_105	0
0x215839	FUNC	DoFastWaitForActivity...2Fhome.2Fmal.2Fgm_release.2FMY22.2D026.2Ffinal.2Fiot.2Frtos.2Flibs.2Fgm.2Di35.2Frel.2Fwork.2Flibkernel.2Flibkernel.2Fschedloop.	186
0x215851	NOTYPE	..lin.50f0dc9e..19f4918f.0_106	0
0x215861	NOTYPE	..lin.50f0dc9e..19f4918f.0_107	0
0x21587f	NOTYPE	..lin.50f0dc9e..19f4918f.0_108	0
0x215885	NOTYPE	..lin.50f0dc9e..19f4918f.0_109	0
0x215892	NOTYPE	..lin.50f0dc9e..19f4918f.0_110	0
0x21589f	NOTYPE	..lin.50f0dc9e..19f4918f.0_111	0
0x2158a3	NOTYPE	..lin.50f0dc9e..19f4918f.0_112	0
0x2158ab	NOTYPE	..lin.50f0dc9e..19f4918f.0_113	0
0x2158cc	NOTYPE	..lin.50f0dc9e..19f4918f.0_114	0
0x2158db	NOTYPE	..lin.50f0dc9e..19f4918f.0_115	0
0x2158e9	NOTYPE	..lin.50f0dc9e..19f4918f.0_116	0
0x2158f3	FUNC	__ghs_ind_crt1	1574
0x215946	NOTYPE	..lin.50f0dc9e..52bad898.0_117	0
0x215958	NOTYPE	..lin.50f0dc9e..52bad898.0_118	0
0x21596b	NOTYPE	..lin.50f0dc9e..52bad898.0_119	0
0x21597e	NOTYPE	..lin.50f0dc9e..52bad898.0_120	0
0x21598b	NOTYPE	..lin.50f0dc9e..52bad898.0_121	0
0x215990	NOTYPE	..lin.50f0dc9e..52bad898.0_122	0
0x215997	NOTYPE	..lin.50f0dc9e..52bad898.0_123	0
0x2159a1	NOTYPE	..lin.50f0dc9e..52bad898.0_124	0
0x2159aa	NOTYPE	..lin.50f0dc9e..52bad898.0_125	0
0x2159b2	NOTYPE	..lin.50f0dc9e..52bad898.0_126	0
0x2159b8	NOTYPE	..lin.50f0dc9e..52bad898.0_127	0
0x2159c8	NOTYPE	..lin.50f0dc9e..52bad898.0_128	0
0x2159d4	NOTYPE	..lin.50f0dc9e..52bad898.0_129	0
0x2159dd	NOTYPE	..lin.50f0dc9e..52bad898.0_130	0
0x2159e6	NOTYPE	..lin.50f0dc9e..52bad898.0_131	0
0x2159fe	NOTYPE	..lin.50f0dc9e..52bad898.0_132	0
0x215a0c	NOTYPE	..lin.50f0dc9e..52bad898.0_133	0
0x215a12	NOTYPE	..lin.50f0dc9e..52bad898.0_134	0
0x215a1d	NOTYPE	..lin.50f0dc9e..52bad898.0_135	0
0x215a22	NOTYPE	..lin.50f0dc9e..52bad898.0_136	0
0x215a28	NOTYPE	..lin.50f0dc9e..52bad898.0_137	0
0x215a38	NOTYPE	..lin.50f0dc9e..52bad898.0_138	0
0x215a42	NOTYPE	..lin.50f0dc9e..52bad898.0_139	0
0x215a4e	NOTYPE	..lin.50f0dc9e..52bad898.0_140	0
0x215a74	NOTYPE	..lin.50f0dc9e..52bad898.0_141	0
0x215a8a	NOTYPE	..lin.50f0dc9e..52bad898.0_142	0
0x215a8f	NOTYPE	..lin.50f0dc9e..52bad898.0_143	0
0x215aa1	NOTYPE	..lin.50f0dc9e..52bad898.0_144	0
0x215aa6	NOTYPE	..lin.50f0dc9e..52bad898.0_145	0
0x215abc	NOTYPE	..lin.50f0dc9e..52bad898.0_146	0
0x215ac7	NOTYPE	..lin.50f0dc9e..52bad898.0_147	0
0x215ad2	NOTYPE	..lin.50f0dc9e..52bad898.0_148	0
0x215ade	NOTYPE	..lin.50f0dc9e..52bad898.0_149	0
0x215ae9	NOTYPE	..lin.50f0dc9e..52bad898.0_150	0
0x215aef	NOTYPE	..lin.50f0dc9e..52bad898.0_151	0
0x215afb	NOTYPE	..lin.50f0dc9e..52bad898.0_152	0
0x215b20	NOTYPE	..lin.50f0dc9e..52bad898.0_153	0
0x215b2d	NOTYPE	..lin.50f0dc9e..52bad898.0_154	0
0x215b36	NOTYPE	..lin.50f0dc9e..52bad898.0_155	0
0x215b4d	NOTYPE	..lin.50f0dc9e..52bad898.0_156	0
0x215b68	NOTYPE	..lin.50f0dc9e..52bad898.0_157	0
0x215b74	NOTYPE	..lin.50f0dc9e..52bad898.0_158	0
0x215b7a	NOTYPE	..lin.50f0dc9e..52bad898.0_159	0
0x215b8a	NOTYPE	..lin.50f0dc9e..52bad898.0_160	0
0x215b96	NOTYPE	..lin.50f0dc9e..52bad898.0_161	0
0x215ba1	NOTYPE	..lin.50f0dc9e..52bad898.0_162	0
0x215baf	NOTYPE	..lin.50f0dc9e..52bad898.0_163	0
0x215bb7	NOTYPE	..lin.50f0dc9e..52bad898.0_164	0
0x215bc7	NOTYPE	..lin.50f0dc9e..52bad898.0_165	0
0x215bd1	NOTYPE	..lin.50f0dc9e..52bad898.0_166	0
0x215bd9	NOTYPE	..lin.50f0dc9e..52bad898.0_167	0
0x215be6	NOTYPE	..lin.50f0dc9e..52bad898.0_168	0
0x215be8	NOTYPE	..lin.50f0dc9e..52bad898.0_169	0
0x215bf2	NOTYPE	..lin.50f0dc9e..52bad898.0_170	0
0x215c00	NOTYPE	..lin.50f0dc9e..52bad898.0_171	0
0x215c25	NOTYPE	..lin.50f0dc9e..52bad898.0_172	0
0x215c2d	NOTYPE	..lin.50f0dc9e..52bad898.0_173	0
0x215c40	NOTYPE	..lin.50f0dc9e..52bad898.0_174	0
0x215c4b	NOTYPE	..lin.50f0dc9e..52bad898.0_175	0
0x215c68	NOTYPE	..lin.50f0dc9e..52bad898.0_176	0
0x215c78	NOTYPE	..lin.50f0dc9e..52bad898.0_177	0
0x215c83	NOTYPE	..lin.50f0dc9e..52bad898.0_178	0
0x215c8b	NOTYPE	..lin.50f0dc9e..52bad898.0_179	0
0x215c93	NOTYPE	..lin.50f0dc9e..52bad898.0_180	0
0x215c9e	NOTYPE	..lin.50f0dc9e..52bad898.0_181	0
0x215ca6	NOTYPE	..lin.50f0dc9e..52bad898.0_182	0
0x215cab	NOTYPE	..lin.50f0dc9e..52bad898.0_183	0
0x215cb4	NOTYPE	..lin.50f0dc9e..52bad898.0_184	0
0x215cbb	NOTYPE	..lin.50f0dc9e..52bad898.0_185	0
0x215cca	NOTYPE	..lin.50f0dc9e..52bad898.0_186	0
0x215cd5	NOTYPE	..lin.50f0dc9e..52bad898.0_187	0
0x215ce9	NOTYPE	..lin.50f0dc9e..52bad898.0_188	0
0x215cf4	NOTYPE	..lin.50f0dc9e..52bad898.0_189	0
0x215cf9	NOTYPE	..lin.50f0dc9e..52bad898.0_190	0
0x215cfe	NOTYPE	..lin.50f0dc9e..52bad898.0_191	0
0x215d06	NOTYPE	..lin.50f0dc9e..52bad898.0_192	0
0x215d11	NOTYPE	..lin.50f0dc9e..52bad898.0_193	0
0x215d31	NOTYPE	..lin.50f0dc9e..52bad898.0_194	0
0x215d3e	NOTYPE	..lin.50f0dc9e..52bad898.0_195	0
0x215d49	NOTYPE	..lin.50f0dc9e..52bad898.0_196	0
0x215d5a	NOTYPE	..lin.50f0dc9e..52bad898.0_197	0
0x215d80	NOTYPE	..lin.50f0dc9e..52bad898.0_198	0
0x215d90	NOTYPE	..lin.50f0dc9e..52bad898.0_199	0
0x215d96	NOTYPE	..lin.50f0dc9e..52bad898.0_200	0
0x215da3	NOTYPE	..lin.50f0dc9e..52bad898.0_201	0
0x215da5	NOTYPE	..lin.50f0dc9e..52bad898.0_202	0
0x215db3	NOTYPE	..lin.50f0dc9e..52bad898.0_203	0
0x215db9	NOTYPE	..lin.50f0dc9e..52bad898.0_204	0
0x215dc8	NOTYPE	..lin.50f0dc9e..52bad898.0_205	0
0x215dd0	NOTYPE	..lin.50f0dc9e..52bad898.0_206	0
0x215de4	NOTYPE	..lin.50f0dc9e..52bad898.0_207	0
0x215dea	NOTYPE	..lin.50f0dc9e..52bad898.0_208	0
0x215dfa	NOTYPE	..lin.50f0dc9e..52bad898.0_209	0
0x215e06	NOTYPE	..lin.50f0dc9e..52bad898.0_210	0
0x215e0f	NOTYPE	..lin.50f0dc9e..52bad898.0_211	0
0x215e14	NOTYPE	..lin.50f0dc9e..52bad898.0_212	0
0x215e2e	NOTYPE	..lin.50f0dc9e..52bad898.0_213	0
0x215e3b	NOTYPE	..lin.50f0dc9e..52bad898.0_214	0
0x215e53	NOTYPE	..lin.50f0dc9e..52bad898.0_215	0
0x215e58	NOTYPE	..lin.50f0dc9e..52bad898.0_216	0
0x215e68	NOTYPE	..lin.50f0dc9e..52bad898.0_217	0
0x215e74	NOTYPE	..lin.50f0dc9e..52bad898.0_218	0
0x215e87	NOTYPE	..lin.50f0dc9e..52bad898.0_219	0
0x215e98	NOTYPE	..lin.50f0dc9e..52bad898.0_220	0
0x215eaf	NOTYPE	..lin.50f0dc9e..52bad898.0_221	0
0x215ebf	NOTYPE	..lin.50f0dc9e..52bad898.0_222	0
0x215eca	NOTYPE	..lin.50f0dc9e..52bad898.0_223	0
0x215ed2	NOTYPE	..lin.50f0dc9e..52bad898.0_224	0
0x215ee6	NOTYPE	..lin.50f0dc9e..52bad898.0_225	0
0x215eec	NOTYPE	..lin.50f0dc9e..52bad898.0_226	0
0x215efc	NOTYPE	..lin.50f0dc9e..52bad898.0_227	0
0x215f08	NOTYPE	..lin.50f0dc9e..52bad898.0_228	0
0x215f14	NOTYPE	..lin.50f0dc9e..52bad898.0_229	0
0x215f19	NOTYPE	..lin.50f0dc9e..52bad898.0_230	0
0x215f1c	FUNC	INTERRUPT_RTOSInitializationComplete	10
0x215f25	NOTYPE	..lin.449d0ff1..e1386f9a.0_1	0
0x215f26	FUNC	FindClock	95
0x215f41	NOTYPE	..lin.449d0ff1..b4e74312.0_2	0
0x215f43	NOTYPE	..lin.449d0ff1..b4e74312.0_3	0
0x215f53	NOTYPE	..lin.449d0ff1..b4e74312.0_4	0
0x215f5d	NOTYPE	..lin.449d0ff1..b4e74312.0_5	0
0x215f7e	NOTYPE	..lin.449d0ff1..b4e74312.0_6	0
0x215f85	FUNC	InitAllocate...2Fhome.2Fmal.2Fgm_release.2FMY22.2D026.2Ffinal.2Fiot.2Frtos.2Flibs.2Fgm.2Di35.2Frel.2Fwork.2Flibkernel.2Flibkernel.2Fboot.	336
0x215fc0	NOTYPE	..lin.449d0ff1..86dd69fe.0_7	0
0x215fe2	NOTYPE	..lin.449d0ff1..86dd69fe.0_8	0
0x215ffc	NOTYPE	..lin.449d0ff1..86dd69fe.0_9	0
0x216016	NOTYPE	..lin.449d0ff1..86dd69fe.0_10	0
0x216027	NOTYPE	..lin.449d0ff1..86dd69fe.0_11	0
0x21603e	NOTYPE	..lin.449d0ff1..86dd69fe.0_12	0
0x216059	NOTYPE	..lin.449d0ff1..86dd69fe.0_13	0
0x216069	NOTYPE	..lin.449d0ff1..86dd69fe.0_14	0
0x216080	NOTYPE	..lin.449d0ff1..86dd69fe.0_15	0
0x21609d	NOTYPE	..lin.449d0ff1..86dd69fe.0_16	0
0x2160ad	NOTYPE	..lin.449d0ff1..86dd69fe.0_17	0
0x2160ce	NOTYPE	..lin.449d0ff1..86dd69fe.0_18	0
0x2160d5	FUNC	InitialTask	634
0x216114	NOTYPE	..lin.449d0ff1..fc0542.0_19	0
0x216128	NOTYPE	..lin.449d0ff1..fc0542.0_20	0
0x216138	NOTYPE	..lin.449d0ff1..fc0542.0_21	0
0x21613f	NOTYPE	..lin.449d0ff1..fc0542.0_22	0
0x216149	NOTYPE	..lin.449d0ff1..fc0542.0_23	0
0x216153	NOTYPE	..lin.449d0ff1..fc0542.0_24	0
0x21615d	NOTYPE	..lin.449d0ff1..fc0542.0_25	0
0x21616b	NOTYPE	..lin.449d0ff1..fc0542.0_26	0
0x216171	NOTYPE	..lin.449d0ff1..fc0542.0_27	0
0x216177	NOTYPE	..lin.449d0ff1..fc0542.0_28	0
0x216181	NOTYPE	..lin.449d0ff1..fc0542.0_29	0
0x216193	NOTYPE	..lin.449d0ff1..fc0542.0_30	0
0x21619c	NOTYPE	..lin.449d0ff1..fc0542.0_31	0
0x2161b8	NOTYPE	..lin.449d0ff1..fc0542.0_32	0
0x2161c5	NOTYPE	..lin.449d0ff1..fc0542.0_33	0
0x2161dc	NOTYPE	..lin.449d0ff1..fc0542.0_34	0
0x2161f5	NOTYPE	..lin.449d0ff1..fc0542.0_35	0
0x21620e	NOTYPE	..lin.449d0ff1..fc0542.0_36	0
0x216213	NOTYPE	..lin.449d0ff1..fc0542.0_37	0
0x216218	NOTYPE	..lin.449d0ff1..fc0542.0_38	0
0x216229	NOTYPE	..lin.449d0ff1..fc0542.0_39	0
0x21622e	NOTYPE	..lin.449d0ff1..fc0542.0_40	0
0x216233	NOTYPE	..lin.449d0ff1..fc0542.0_41	0
0x216238	NOTYPE	..lin.449d0ff1..fc0542.0_42	0
0x216248	NOTYPE	..lin.449d0ff1..fc0542.0_43	0
0x21624d	NOTYPE	..lin.449d0ff1..fc0542.0_44	0
0x21625d	NOTYPE	..lin.449d0ff1..fc0542.0_45	0
0x21626d	NOTYPE	..lin.449d0ff1..fc0542.0_46	0
0x216272	NOTYPE	..lin.449d0ff1..fc0542.0_47	0
0x216279	NOTYPE	..lin.449d0ff1..fc0542.0_48	0
0x21627e	NOTYPE	..lin.449d0ff1..fc0542.0_49	0
0x216283	NOTYPE	..lin.449d0ff1..fc0542.0_50	0
0x21628d	NOTYPE	..lin.449d0ff1..fc0542.0_51	0
0x216294	NOTYPE	..lin.449d0ff1..fc0542.0_52	0
0x2162b5	NOTYPE	..lin.449d0ff1..fc0542.0_53	0
0x2162dd	NOTYPE	..lin.449d0ff1..fc0542.0_54	0
0x2162ed	NOTYPE	..lin.449d0ff1..fc0542.0_55	0
0x2162f6	NOTYPE	..lin.449d0ff1..fc0542.0_56	0
0x21632a	NOTYPE	..lin.449d0ff1..fc0542.0_57	0
0x216344	NOTYPE	..lin.449d0ff1..fc0542.0_58	0
0x216350	FUNC	InitializeTheAddressSpaceTable...2Fhome.2Fmal.2Fgm_release.2FMY22.2D026.2Ffinal.2Fiot.2Frtos.2Flibs.2Fgm.2Di35.2Frel.2Fwork.2Flibkernel.2Flibkernel.2Fboottable.	318
0x216376	NOTYPE	..lin.e6b3a8f9..9e53baf2.0_1	0
0x21637e	NOTYPE	..lin.e6b3a8f9..9e53baf2.0_2	0
0x216393	NOTYPE	..lin.e6b3a8f9..9e53baf2.0_3	0
0x2163b7	NOTYPE	..lin.e6b3a8f9..9e53baf2.0_4	0
0x2163c0	NOTYPE	..lin.e6b3a8f9..9e53baf2.0_5	0
0x2163c9	NOTYPE	..lin.e6b3a8f9..9e53baf2.0_6	0
0x2163e3	NOTYPE	..lin.e6b3a8f9..9e53baf2.0_7	0
0x2163ee	NOTYPE	..lin.e6b3a8f9..9e53baf2.0_8	0
0x2163f7	NOTYPE	..lin.e6b3a8f9..9e53baf2.0_9	0
0x2163fc	NOTYPE	..lin.e6b3a8f9..9e53baf2.0_10	0
0x216405	NOTYPE	..lin.e6b3a8f9..9e53baf2.0_11	0
0x21640b	NOTYPE	..lin.e6b3a8f9..9e53baf2.0_12	0
0x21641d	NOTYPE	..lin.e6b3a8f9..9e53baf2.0_13	0
0x216423	NOTYPE	..lin.e6b3a8f9..9e53baf2.0_14	0
0x21642c	NOTYPE	..lin.e6b3a8f9..9e53baf2.0_15	0
0x216434	NOTYPE	..lin.e6b3a8f9..9e53baf2.0_16	0
0x216449	NOTYPE	..lin.e6b3a8f9..9e53baf2.0_17	0
0x21644f	NOTYPE	..lin.e6b3a8f9..9e53baf2.0_18	0
0x21646d	NOTYPE	..lin.e6b3a8f9..9e53baf2.0_19	0
0x216481	NOTYPE	..lin.e6b3a8f9..9e53baf2.0_20	0
0x21648e	FUNC	InitializeTheTaskTable...2Fhome.2Fmal.2Fgm_release.2FMY22.2D026.2Ffinal.2Fiot.2Frtos.2Flibs.2Fgm.2Di35.2Frel.2Fwork.2Flibkernel.2Flibkernel.2Fboottable.	25
0x2164a6	NOTYPE	..lin.e6b3a8f9..d3e28313.0_21	0
0x2164a7	FUNC	InitializeTheODGTable...2Fhome.2Fmal.2Fgm_release.2FMY22.2D026.2Ffinal.2Fiot.2Frtos.2Flibs.2Fgm.2Di35.2Frel.2Fwork.2Flibkernel.2Flibkernel.2Fboottable.	19
0x2164b9	NOTYPE	..lin.e6b3a8f9..3147d1da.0_22	0
0x2164ba	FUNC	SetupBootTables	641
0x2164d9	NOTYPE	..lin.e6b3a8f9..421f3f65.0_23	0
0x2164fc	NOTYPE	..lin.e6b3a8f9..421f3f65.0_24	0
0x216502	NOTYPE	..lin.e6b3a8f9..421f3f65.0_25	0
0x216516	NOTYPE	..lin.e6b3a8f9..421f3f65.0_26	0
0x216520	NOTYPE	..lin.e6b3a8f9..421f3f65.0_27	0
0x21654e	NOTYPE	..lin.e6b3a8f9..421f3f65.0_28	0
0x21655f	NOTYPE	..lin.e6b3a8f9..421f3f65.0_29	0
0x216568	NOTYPE	..lin.e6b3a8f9..421f3f65.0_30	0
0x216571	NOTYPE	..lin.e6b3a8f9..421f3f65.0_31	0
0x21658f	NOTYPE	..lin.e6b3a8f9..421f3f65.0_32	0
0x216597	NOTYPE	..lin.e6b3a8f9..421f3f65.0_33	0
0x2165a6	NOTYPE	..lin.e6b3a8f9..421f3f65.0_34	0
0x2165d9	NOTYPE	..lin.e6b3a8f9..421f3f65.0_35	0
0x2165e4	NOTYPE	..lin.e6b3a8f9..421f3f65.0_36	0
0x2165f9	NOTYPE	..lin.e6b3a8f9..421f3f65.0_37	0
0x216601	NOTYPE	..lin.e6b3a8f9..421f3f65.0_38	0
0x216610	NOTYPE	..lin.e6b3a8f9..421f3f65.0_39	0
0x21662f	NOTYPE	..lin.e6b3a8f9..421f3f65.0_40	0
0x216650	NOTYPE	..lin.e6b3a8f9..421f3f65.0_41	0
0x21665b	NOTYPE	..lin.e6b3a8f9..421f3f65.0_42	0
0x21667c	NOTYPE	..lin.e6b3a8f9..421f3f65.0_43	0
0x216681	NOTYPE	..lin.e6b3a8f9..421f3f65.0_44	0
0x21669c	NOTYPE	..lin.e6b3a8f9..421f3f65.0_45	0
0x2166a5	NOTYPE	..lin.e6b3a8f9..421f3f65.0_46	0
0x2166bc	NOTYPE	..lin.e6b3a8f9..421f3f65.0_47	0
0x2166d2	NOTYPE	..lin.e6b3a8f9..421f3f65.0_48	0
0x2166e2	NOTYPE	..lin.e6b3a8f9..421f3f65.0_49	0
0x2166f2	NOTYPE	..lin.e6b3a8f9..421f3f65.0_50	0
0x2166f7	NOTYPE	..lin.e6b3a8f9..421f3f65.0_51	0
0x2166ff	NOTYPE	..lin.e6b3a8f9..421f3f65.0_52	0
0x21670f	NOTYPE	..lin.e6b3a8f9..421f3f65.0_53	0
0x216730	NOTYPE	..lin.e6b3a8f9..421f3f65.0_54	0
0x21673b	FUNC	CarveOutBootTable	55
0x21674f	NOTYPE	..lin.e6b3a8f9..ad6d958a.0_55	0
0x216774	FUNC	CheckExcess...2Fhome.2Fmal.2Fgm_release.2FMY22.2D026.2Ffinal.2Fiot.2Frtos.2Flibs.2Fgm.2Di35.2Frel.2Fwork.2Flibkernel.2Flibkernel.2Fiodevice.	58
0x21678c	NOTYPE	..lin.c6ecc4a5..9fc4f0ae.0_1	0
0x216793	NOTYPE	..lin.c6ecc4a5..9fc4f0ae.0_2	0
0x2167a1	NOTYPE	..lin.c6ecc4a5..9fc4f0ae.0_3	0
0x2167a5	NOTYPE	..lin.c6ecc4a5..9fc4f0ae.0_4	0
0x2167ae	FUNC	IODeviceInterruptHandler	54
0x2167c6	NOTYPE	..lin.c6ecc4a5..a54bf8f8.0_5	0
0x2167db	NOTYPE	..lin.c6ecc4a5..a54bf8f8.0_6	0
0x2167e2	NOTYPE	..lin.c6ecc4a5..a54bf8f8.0_7	0
0x2167e4	FUNC	InternalCreateIODevice	151
0x21680f	NOTYPE	..lin.c6ecc4a5..19dc43e.0_8	0
0x216817	NOTYPE	..lin.c6ecc4a5..19dc43e.0_9	0
0x21681d	NOTYPE	..lin.c6ecc4a5..19dc43e.0_10	0
0x21682c	NOTYPE	..lin.c6ecc4a5..19dc43e.0_11	0
0x21683a	NOTYPE	..lin.c6ecc4a5..19dc43e.0_12	0
0x216845	NOTYPE	..lin.c6ecc4a5..19dc43e.0_13	0
0x216847	NOTYPE	..lin.c6ecc4a5..19dc43e.0_14	0
0x21686c	NOTYPE	..lin.c6ecc4a5..19dc43e.0_15	0
0x21687b	FUNC	KernelReadSubBlockFromIODevice	366
0x2168bb	NOTYPE	..lin.c6ecc4a5..ac1886f3.0_16	0
0x2168d9	NOTYPE	..lin.c6ecc4a5..ac1886f3.0_17	0
0x2168e4	NOTYPE	..lin.c6ecc4a5..ac1886f3.0_18	0
0x2168ed	NOTYPE	..lin.c6ecc4a5..ac1886f3.0_19	0
0x216901	NOTYPE	..lin.c6ecc4a5..ac1886f3.0_20	0
0x21690a	NOTYPE	..lin.c6ecc4a5..ac1886f3.0_21	0
0x21691c	NOTYPE	..lin.c6ecc4a5..ac1886f3.0_22	0
0x216925	NOTYPE	..lin.c6ecc4a5..ac1886f3.0_23	0
0x21692b	NOTYPE	..lin.c6ecc4a5..ac1886f3.0_24	0
0x216931	NOTYPE	..lin.c6ecc4a5..ac1886f3.0_25	0
0x21693d	NOTYPE	..lin.c6ecc4a5..ac1886f3.0_26	0
0x216946	NOTYPE	..lin.c6ecc4a5..ac1886f3.0_27	0
0x216956	NOTYPE	..lin.c6ecc4a5..ac1886f3.0_28	0
0x21695b	NOTYPE	..lin.c6ecc4a5..ac1886f3.0_29	0
0x216960	NOTYPE	..lin.c6ecc4a5..ac1886f3.0_30	0
0x216966	NOTYPE	..lin.c6ecc4a5..ac1886f3.0_31	0
0x216976	NOTYPE	..lin.c6ecc4a5..ac1886f3.0_32	0
0x21697c	NOTYPE	..lin.c6ecc4a5..ac1886f3.0_33	0
0x216989	NOTYPE	..lin.c6ecc4a5..ac1886f3.0_34	0
0x216990	NOTYPE	..lin.c6ecc4a5..ac1886f3.0_35	0
0x216995	NOTYPE	..lin.c6ecc4a5..ac1886f3.0_36	0
0x2169ad	NOTYPE	..lin.c6ecc4a5..ac1886f3.0_37	0
0x2169bd	NOTYPE	..lin.c6ecc4a5..ac1886f3.0_38	0
0x2169c1	NOTYPE	..lin.c6ecc4a5..ac1886f3.0_39	0
0x2169c7	NOTYPE	..lin.c6ecc4a5..ac1886f3.0_40	0
0x2169e9	FUNC	KernelWriteSubBlockToIODevice	366
0x216a29	NOTYPE	..lin.c6ecc4a5..5877bf31.0_41	0
0x216a47	NOTYPE	..lin.c6ecc4a5..5877bf31.0_42	0
0x216a52	NOTYPE	..lin.c6ecc4a5..5877bf31.0_43	0
0x216a5b	NOTYPE	..lin.c6ecc4a5..5877bf31.0_44	0
0x216a6f	NOTYPE	..lin.c6ecc4a5..5877bf31.0_45	0
0x216a78	NOTYPE	..lin.c6ecc4a5..5877bf31.0_46	0
0x216a8a	NOTYPE	..lin.c6ecc4a5..5877bf31.0_47	0
0x216a93	NOTYPE	..lin.c6ecc4a5..5877bf31.0_48	0
0x216a99	NOTYPE	..lin.c6ecc4a5..5877bf31.0_49	0
0x216a9f	NOTYPE	..lin.c6ecc4a5..5877bf31.0_50	0
0x216aab	NOTYPE	..lin.c6ecc4a5..5877bf31.0_51	0
0x216ab4	NOTYPE	..lin.c6ecc4a5..5877bf31.0_52	0
0x216ac4	NOTYPE	..lin.c6ecc4a5..5877bf31.0_53	0
0x216ac9	NOTYPE	..lin.c6ecc4a5..5877bf31.0_54	0
0x216ace	NOTYPE	..lin.c6ecc4a5..5877bf31.0_55	0
0x216ad4	NOTYPE	..lin.c6ecc4a5..5877bf31.0_56	0
0x216ae4	NOTYPE	..lin.c6ecc4a5..5877bf31.0_57	0
0x216aea	NOTYPE	..lin.c6ecc4a5..5877bf31.0_58	0
0x216af7	NOTYPE	..lin.c6ecc4a5..5877bf31.0_59	0
0x216afe	NOTYPE	..lin.c6ecc4a5..5877bf31.0_60	0
0x216b03	NOTYPE	..lin.c6ecc4a5..5877bf31.0_61	0
0x216b1b	NOTYPE	..lin.c6ecc4a5..5877bf31.0_62	0
0x216b2b	NOTYPE	..lin.c6ecc4a5..5877bf31.0_63	0
0x216b2f	NOTYPE	..lin.c6ecc4a5..5877bf31.0_64	0
0x216b35	NOTYPE	..lin.c6ecc4a5..5877bf31.0_65	0
0x216b57	FUNC	KernelReadIODeviceRegister	108
0x216b76	NOTYPE	..lin.c6ecc4a5..15971e4f.0_66	0
0x216b94	NOTYPE	..lin.c6ecc4a5..15971e4f.0_67	0
0x216b9e	NOTYPE	..lin.c6ecc4a5..15971e4f.0_68	0
0x216ba4	NOTYPE	..lin.c6ecc4a5..15971e4f.0_69	0
0x216baa	NOTYPE	..lin.c6ecc4a5..15971e4f.0_70	0
0x216bae	NOTYPE	..lin.c6ecc4a5..15971e4f.0_71	0
0x216bc3	FUNC	KernelWriteIODeviceRegister	98
0x216be2	NOTYPE	..lin.c6ecc4a5..17775c7e.0_72	0
0x216c00	NOTYPE	..lin.c6ecc4a5..17775c7e.0_73	0
0x216c0a	NOTYPE	..lin.c6ecc4a5..17775c7e.0_74	0
0x216c10	NOTYPE	..lin.c6ecc4a5..17775c7e.0_75	0
0x216c25	FUNC	KernelReadIODeviceStatus	385
0x216c53	NOTYPE	..lin.c6ecc4a5..c9ce77ce.0_76	0
0x216c6d	NOTYPE	..lin.c6ecc4a5..c9ce77ce.0_77	0
0x216c8b	NOTYPE	..lin.c6ecc4a5..c9ce77ce.0_78	0
0x216c99	NOTYPE	..lin.c6ecc4a5..c9ce77ce.0_79	0
0x216ca2	NOTYPE	..lin.c6ecc4a5..c9ce77ce.0_80	0
0x216cb2	NOTYPE	..lin.c6ecc4a5..c9ce77ce.0_81	0
0x216cc0	NOTYPE	..lin.c6ecc4a5..c9ce77ce.0_82	0
0x216cd0	NOTYPE	..lin.c6ecc4a5..c9ce77ce.0_83	0
0x216d0e	NOTYPE	..lin.c6ecc4a5..c9ce77ce.0_84	0
0x216d16	NOTYPE	..lin.c6ecc4a5..c9ce77ce.0_85	0
0x216d1c	NOTYPE	..lin.c6ecc4a5..c9ce77ce.0_86	0
0x216d29	NOTYPE	..lin.c6ecc4a5..c9ce77ce.0_87	0
0x216d2f	NOTYPE	..lin.c6ecc4a5..c9ce77ce.0_88	0
0x216d40	NOTYPE	..lin.c6ecc4a5..c9ce77ce.0_89	0
0x216d50	NOTYPE	..lin.c6ecc4a5..c9ce77ce.0_90	0
0x216d5e	NOTYPE	..lin.c6ecc4a5..c9ce77ce.0_91	0
0x216d7a	NOTYPE	..lin.c6ecc4a5..c9ce77ce.0_92	0
0x216d8b	NOTYPE	..lin.c6ecc4a5..c9ce77ce.0_93	0
0x216d99	NOTYPE	..lin.c6ecc4a5..c9ce77ce.0_94	0
0x216da6	FUNC	KernelWriteIODeviceStatus	265
0x216dd7	NOTYPE	..lin.c6ecc4a5..d4db5e3d.0_95	0
0x216dee	NOTYPE	..lin.c6ecc4a5..d4db5e3d.0_96	0
0x216e0c	NOTYPE	..lin.c6ecc4a5..d4db5e3d.0_97	0
0x216e13	NOTYPE	..lin.c6ecc4a5..d4db5e3d.0_98	0
0x216e1c	NOTYPE	..lin.c6ecc4a5..d4db5e3d.0_99	0
0x216e28	NOTYPE	..lin.c6ecc4a5..d4db5e3d.0_100	0
0x216e2e	NOTYPE	..lin.c6ecc4a5..d4db5e3d.0_101	0
0x216e38	NOTYPE	..lin.c6ecc4a5..d4db5e3d.0_102	0
0x216e3e	NOTYPE	..lin.c6ecc4a5..d4db5e3d.0_103	0
0x216e4e	NOTYPE	..lin.c6ecc4a5..d4db5e3d.0_104	0
0x216e8b	NOTYPE	..lin.c6ecc4a5..d4db5e3d.0_105	0
0x216e90	NOTYPE	..lin.c6ecc4a5..d4db5e3d.0_106	0
0x216eaf	FUNC	KernelGetIODeviceOverruns	90
0x216ec9	NOTYPE	..lin.c6ecc4a5..ebe6c9f2.0_107	0
0x216ee6	NOTYPE	..lin.c6ecc4a5..ebe6c9f2.0_108	0
0x216eec	NOTYPE	..lin.c6ecc4a5..ebe6c9f2.0_109	0
0x216ef7	NOTYPE	..lin.c6ecc4a5..ebe6c9f2.0_110	0
0x216eff	NOTYPE	..lin.c6ecc4a5..ebe6c9f2.0_111	0
0x216f09	FUNC	INTERRUPT_IODeviceNotifyTask	12
0x216f15	NOTYPE	..lin.c6ecc4a5..89bd6a05.0_112	0
0x216f15	FUNC	FindCpuForIODevice	172
0x216f46	NOTYPE	..lin.c6ecc4a5..32c8a61d.0_113	0
0x216f4b	NOTYPE	..lin.c6ecc4a5..32c8a61d.0_114	0
0x216f58	NOTYPE	..lin.c6ecc4a5..32c8a61d.0_115	0
0x216f61	NOTYPE	..lin.c6ecc4a5..32c8a61d.0_116	0
0x216f70	NOTYPE	..lin.c6ecc4a5..32c8a61d.0_117	0
0x216f76	NOTYPE	..lin.c6ecc4a5..32c8a61d.0_118	0
0x216f84	NOTYPE	..lin.c6ecc4a5..32c8a61d.0_119	0
0x216f92	NOTYPE	..lin.c6ecc4a5..32c8a61d.0_120	0
0x216fa8	NOTYPE	..lin.c6ecc4a5..32c8a61d.0_121	0
0x216fb2	NOTYPE	..lin.c6ecc4a5..32c8a61d.0_122	0
0x216fc1	FUNC	RegisterIODeviceVector	222
0x216fd7	NOTYPE	..lin.c6ecc4a5..e917a285.0_123	0
0x216fe6	NOTYPE	..lin.c6ecc4a5..e917a285.0_124	0
0x216fef	NOTYPE	..lin.c6ecc4a5..e917a285.0_125	0
0x217003	NOTYPE	..lin.c6ecc4a5..e917a285.0_126	0
0x21700c	NOTYPE	..lin.c6ecc4a5..e917a285.0_127	0
0x217012	NOTYPE	..lin.c6ecc4a5..e917a285.0_128	0
0x21701b	NOTYPE	..lin.c6ecc4a5..e917a285.0_129	0
0x21702e	NOTYPE	..lin.c6ecc4a5..e917a285.0_130	0
0x217047	NOTYPE	..lin.c6ecc4a5..e917a285.0_131	0
0x217057	NOTYPE	..lin.c6ecc4a5..e917a285.0_132	0
0x217066	NOTYPE	..lin.c6ecc4a5..e917a285.0_133	0
0x2170a0	FUNC	ZeroAlloc	10
0x2170aa	NOTYPE	..lin.6bd7c42f..6b063950.0_1	0
0x2170aa	FUNC	FirstAddress...2Fhome.2Fmal.2Fgm_release.2FMY22.2D026.2Ffinal.2Fiot.2Frtos.2Flibs.2Fgm.2Di35.2Frel.2Fwork.2Flibkernel.2Flibkernel.2Fbootutil.	35
0x2170c7	NOTYPE	..lin.6bd7c42f..18c39d33.0_2	0
0x2170cd	FUNC	SizeOfMemoryRegion...2Fhome.2Fmal.2Fgm_release.2FMY22.2D026.2Ffinal.2Fiot.2Frtos.2Flibs.2Fgm.2Di35.2Frel.2Fwork.2Flibkernel.2Flibkernel.2Fbootutil.	42
0x2170ea	NOTYPE	..lin.6bd7c42f..dfdbe172.0_3	0
0x2170f7	FUNC	InternalSetObjectCount	5
0x2170fc	NOTYPE	..lin.6bd7c42f..7188602e.0_4	0
0x2170fc	FUNC	InternalMapMemoryRegion...2Fhome.2Fmal.2Fgm_release.2FMY22.2D026.2Ffinal.2Fiot.2Frtos.2Flibs.2Fgm.2Di35.2Frel.2Fwork.2Flibkernel.2Flibkernel.2Fbootutil.	78
0x21710c	NOTYPE	..lin.6bd7c42f..e6959bdd.0_5	0
0x217111	NOTYPE	..lin.6bd7c42f..e6959bdd.0_6	0
0x21711f	NOTYPE	..lin.6bd7c42f..e6959bdd.0_7	0
0x217125	NOTYPE	..lin.6bd7c42f..e6959bdd.0_8	0
0x217131	NOTYPE	..lin.6bd7c42f..e6959bdd.0_9	0
0x217133	NOTYPE	..lin.6bd7c42f..e6959bdd.0_10	0
0x217142	NOTYPE	..lin.6bd7c42f..e6959bdd.0_11	0
0x21714a	FUNC	GetAddressSpace...2Fhome.2Fmal.2Fgm_release.2FMY22.2D026.2Ffinal.2Fiot.2Frtos.2Flibs.2Fgm.2Di35.2Frel.2Fwork.2Flibkernel.2Flibkernel.2Fbootutil.	22
0x21714f	NOTYPE	..lin.6bd7c42f..fa8c217.0_12	0
0x21715d	NOTYPE	..lin.6bd7c42f..fa8c217.0_13	0
0x217160	FUNC	IsInitialTask...2Fhome.2Fmal.2Fgm_release.2FMY22.2D026.2Ffinal.2Fiot.2Frtos.2Flibs.2Fgm.2Di35.2Frel.2Fwork.2Flibkernel.2Flibkernel.2Fbootutil.	113
0x217169	NOTYPE	..lin.6bd7c42f..21fa3ade.0_14	0
0x21716f	NOTYPE	..lin.6bd7c42f..21fa3ade.0_15	0
0x217177	NOTYPE	..lin.6bd7c42f..21fa3ade.0_16	0
0x217179	NOTYPE	..lin.6bd7c42f..21fa3ade.0_17	0
0x21718c	NOTYPE	..lin.6bd7c42f..21fa3ade.0_18	0
0x2171a3	NOTYPE	..lin.6bd7c42f..21fa3ade.0_19	0
0x2171bb	NOTYPE	..lin.6bd7c42f..21fa3ade.0_20	0
0x2171c7	NOTYPE	..lin.6bd7c42f..21fa3ade.0_21	0
0x2171cd	NOTYPE	..lin.6bd7c42f..21fa3ade.0_22	0
0x2171d1	FUNC	FindTask...2Fhome.2Fmal.2Fgm_release.2FMY22.2D026.2Ffinal.2Fiot.2Frtos.2Flibs.2Fgm.2Di35.2Frel.2Fwork.2Flibkernel.2Flibkernel.2Fbootutil.	39
0x2171dc	NOTYPE	..lin.6bd7c42f..b02f2df9.0_23	0
0x2171e1	NOTYPE	..lin.6bd7c42f..b02f2df9.0_24	0
0x2171e7	NOTYPE	..lin.6bd7c42f..b02f2df9.0_25	0
0x2171f5	NOTYPE	..lin.6bd7c42f..b02f2df9.0_26	0
0x2171f8	FUNC	RunInitialTasks	118
0x21720b	NOTYPE	..lin.6bd7c42f..dd10afaa.0_27	0
0x21721d	NOTYPE	..lin.6bd7c42f..dd10afaa.0_28	0
0x21722e	NOTYPE	..lin.6bd7c42f..dd10afaa.0_29	0
0x217234	NOTYPE	..lin.6bd7c42f..dd10afaa.0_30	0
0x21723b	NOTYPE	..lin.6bd7c42f..dd10afaa.0_31	0
0x217242	NOTYPE	..lin.6bd7c42f..dd10afaa.0_32	0
0x21725a	NOTYPE	..lin.6bd7c42f..dd10afaa.0_33	0
0x217263	NOTYPE	..lin.6bd7c42f..dd10afaa.0_34	0
0x21726e	FUNC	GetInitialTask	36
0x217284	NOTYPE	..lin.6bd7c42f..f8d42a2.0_35	0
0x217289	NOTYPE	..lin.6bd7c42f..f8d42a2.0_36	0
0x21728f	NOTYPE	..lin.6bd7c42f..f8d42a2.0_37	0
0x217292	FUNC	RunKernelSpaceTasks	64
0x2172a3	NOTYPE	..lin.6bd7c42f..53e9a72d.0_38	0
0x2172b3	NOTYPE	..lin.6bd7c42f..53e9a72d.0_39	0
0x2172b9	NOTYPE	..lin.6bd7c42f..53e9a72d.0_40	0
0x2172c2	NOTYPE	..lin.6bd7c42f..53e9a72d.0_41	0
0x2172cc	NOTYPE	..lin.6bd7c42f..53e9a72d.0_42	0
0x2172d2	FUNC	SetupTasks	887
0x217302	NOTYPE	..lin.6bd7c42f..c1ceb57c.0_43	0
0x217324	NOTYPE	..lin.6bd7c42f..c1ceb57c.0_44	0
0x217338	NOTYPE	..lin.6bd7c42f..c1ceb57c.0_45	0
0x21733e	NOTYPE	..lin.6bd7c42f..c1ceb57c.0_46	0
0x217347	NOTYPE	..lin.6bd7c42f..c1ceb57c.0_47	0
0x217360	NOTYPE	..lin.6bd7c42f..c1ceb57c.0_48	0
0x217369	NOTYPE	..lin.6bd7c42f..c1ceb57c.0_49	0
0x21737c	NOTYPE	..lin.6bd7c42f..c1ceb57c.0_50	0
0x217386	NOTYPE	..lin.6bd7c42f..c1ceb57c.0_51	0
0x217393	NOTYPE	..lin.6bd7c42f..c1ceb57c.0_52	0
0x217399	NOTYPE	..lin.6bd7c42f..c1ceb57c.0_53	0
0x2173a2	NOTYPE	..lin.6bd7c42f..c1ceb57c.0_54	0
0x2173ca	NOTYPE	..lin.6bd7c42f..c1ceb57c.0_55	0
0x2173dd	NOTYPE	..lin.6bd7c42f..c1ceb57c.0_56	0
0x2173e9	NOTYPE	..lin.6bd7c42f..c1ceb57c.0_57	0
0x2173ef	NOTYPE	..lin.6bd7c42f..c1ceb57c.0_58	0
0x21749a	NOTYPE	..lin.6bd7c42f..c1ceb57c.0_59	0
0x2174a2	NOTYPE	..lin.6bd7c42f..c1ceb57c.0_60	0
0x2174d3	NOTYPE	..lin.6bd7c42f..c1ceb57c.0_61	0
0x2174f8	NOTYPE	..lin.6bd7c42f..c1ceb57c.0_62	0
0x2174fe	NOTYPE	..lin.6bd7c42f..c1ceb57c.0_63	0
0x217505	NOTYPE	..lin.6bd7c42f..c1ceb57c.0_64	0
0x21750b	NOTYPE	..lin.6bd7c42f..c1ceb57c.0_65	0
0x217527	NOTYPE	..lin.6bd7c42f..c1ceb57c.0_66	0
0x21753a	NOTYPE	..lin.6bd7c42f..c1ceb57c.0_67	0
0x217552	NOTYPE	..lin.6bd7c42f..c1ceb57c.0_68	0
0x217575	NOTYPE	..lin.6bd7c42f..c1ceb57c.0_69	0
0x217589	NOTYPE	..lin.6bd7c42f..c1ceb57c.0_70	0
0x21759a	NOTYPE	..lin.6bd7c42f..c1ceb57c.0_71	0
0x2175b3	NOTYPE	..lin.6bd7c42f..c1ceb57c.0_72	0
0x2175d1	NOTYPE	..lin.6bd7c42f..c1ceb57c.0_73	0
0x2175e4	NOTYPE	..lin.6bd7c42f..c1ceb57c.0_74	0
0x217603	NOTYPE	..lin.6bd7c42f..c1ceb57c.0_75	0
0x21760d	NOTYPE	..lin.6bd7c42f..c1ceb57c.0_76	0
0x217613	NOTYPE	..lin.6bd7c42f..c1ceb57c.0_77	0
0x21763c	NOTYPE	..lin.6bd7c42f..c1ceb57c.0_78	0
0x217649	FUNC	SetupPagedSegment...2Fhome.2Fmal.2Fgm_release.2FMY22.2D026.2Ffinal.2Fiot.2Frtos.2Flibs.2Fgm.2Di35.2Frel.2Fwork.2Flibkernel.2Flibkernel.2Fbootutil.	182
0x217678	NOTYPE	..lin.6bd7c42f..4aa1e74a.0_79	0
0x217691	NOTYPE	..lin.6bd7c42f..4aa1e74a.0_80	0
0x21769d	NOTYPE	..lin.6bd7c42f..4aa1e74a.0_81	0
0x2176a3	NOTYPE	..lin.6bd7c42f..4aa1e74a.0_82	0
0x2176b5	NOTYPE	..lin.6bd7c42f..4aa1e74a.0_83	0
0x2176b9	NOTYPE	..lin.6bd7c42f..4aa1e74a.0_84	0
0x2176c0	NOTYPE	..lin.6bd7c42f..4aa1e74a.0_85	0
0x2176e8	NOTYPE	..lin.6bd7c42f..4aa1e74a.0_86	0
0x2176f2	NOTYPE	..lin.6bd7c42f..4aa1e74a.0_87	0
0x2176ff	FUNC	SetupSegment...2Fhome.2Fmal.2Fgm_release.2FMY22.2D026.2Ffinal.2Fiot.2Frtos.2Flibs.2Fgm.2Di35.2Frel.2Fwork.2Flibkernel.2Flibkernel.2Fbootutil.	439
0x217734	NOTYPE	..lin.6bd7c42f..2bd43009.0_88	0
0x21773e	NOTYPE	..lin.6bd7c42f..2bd43009.0_89	0
0x21774c	NOTYPE	..lin.6bd7c42f..2bd43009.0_90	0
0x21776f	NOTYPE	..lin.6bd7c42f..2bd43009.0_91	0
0x217780	NOTYPE	..lin.6bd7c42f..2bd43009.0_92	0
0x217798	NOTYPE	..lin.6bd7c42f..2bd43009.0_93	0
0x2177a2	NOTYPE	..lin.6bd7c42f..2bd43009.0_94	0
0x2177ae	NOTYPE	..lin.6bd7c42f..2bd43009.0_95	0
0x2177b6	NOTYPE	..lin.6bd7c42f..2bd43009.0_96	0
0x2177c0	NOTYPE	..lin.6bd7c42f..2bd43009.0_97	0
0x2177c7	NOTYPE	..lin.6bd7c42f..2bd43009.0_98	0
0x2177d1	NOTYPE	..lin.6bd7c42f..2bd43009.0_99	0
0x2177db	NOTYPE	..lin.6bd7c42f..2bd43009.0_100	0
0x2177e5	NOTYPE	..lin.6bd7c42f..2bd43009.0_101	0
0x2177ef	NOTYPE	..lin.6bd7c42f..2bd43009.0_102	0
0x217800	NOTYPE	..lin.6bd7c42f..2bd43009.0_103	0
0x21780c	NOTYPE	..lin.6bd7c42f..2bd43009.0_104	0
0x217818	NOTYPE	..lin.6bd7c42f..2bd43009.0_105	0
0x217830	NOTYPE	..lin.6bd7c42f..2bd43009.0_106	0
0x21783b	NOTYPE	..lin.6bd7c42f..2bd43009.0_107	0
0x217849	NOTYPE	..lin.6bd7c42f..2bd43009.0_108	0
0x21785b	NOTYPE	..lin.6bd7c42f..2bd43009.0_109	0
0x217861	NOTYPE	..lin.6bd7c42f..2bd43009.0_110	0
0x217867	NOTYPE	..lin.6bd7c42f..2bd43009.0_111	0
0x217871	NOTYPE	..lin.6bd7c42f..2bd43009.0_112	0
0x217878	NOTYPE	..lin.6bd7c42f..2bd43009.0_113	0
0x2178a8	NOTYPE	..lin.6bd7c42f..2bd43009.0_114	0
0x2178b6	FUNC	SetupVirtualAddressSpace	626
0x2178e3	NOTYPE	..lin.6bd7c42f..2334b70f.0_115	0
0x2178f5	NOTYPE	..lin.6bd7c42f..2334b70f.0_116	0
0x2178fd	NOTYPE	..lin.6bd7c42f..2334b70f.0_117	0
0x217903	NOTYPE	..lin.6bd7c42f..2334b70f.0_118	0
0x21790c	NOTYPE	..lin.6bd7c42f..2334b70f.0_119	0
0x217924	NOTYPE	..lin.6bd7c42f..2334b70f.0_120	0
0x21799b	NOTYPE	..lin.6bd7c42f..2334b70f.0_121	0
0x2179b8	NOTYPE	..lin.6bd7c42f..2334b70f.0_122	0
0x2179bc	NOTYPE	..lin.6bd7c42f..2334b70f.0_123	0
0x2179c8	NOTYPE	..lin.6bd7c42f..2334b70f.0_124	0
0x2179f5	NOTYPE	..lin.6bd7c42f..2334b70f.0_125	0
0x2179ff	NOTYPE	..lin.6bd7c42f..2334b70f.0_126	0
0x217a09	NOTYPE	..lin.6bd7c42f..2334b70f.0_127	0
0x217a1f	NOTYPE	..lin.6bd7c42f..2334b70f.0_128	0
0x217a24	NOTYPE	..lin.6bd7c42f..2334b70f.0_129	0
0x217a2b	NOTYPE	..lin.6bd7c42f..2334b70f.0_130	0
0x217a32	NOTYPE	..lin.6bd7c42f..2334b70f.0_131	0
0x217a3d	NOTYPE	..lin.6bd7c42f..2334b70f.0_132	0
0x217a47	NOTYPE	..lin.6bd7c42f..2334b70f.0_133	0
0x217a5b	NOTYPE	..lin.6bd7c42f..2334b70f.0_134	0
0x217a65	NOTYPE	..lin.6bd7c42f..2334b70f.0_135	0
0x217a80	NOTYPE	..lin.6bd7c42f..2334b70f.0_136	0
0x217a91	NOTYPE	..lin.6bd7c42f..2334b70f.0_137	0
0x217a95	NOTYPE	..lin.6bd7c42f..2334b70f.0_138	0
0x217aab	NOTYPE	..lin.6bd7c42f..2334b70f.0_139	0
0x217abe	NOTYPE	..lin.6bd7c42f..2334b70f.0_140	0
0x217ace	NOTYPE	..lin.6bd7c42f..2334b70f.0_141	0
0x217ae4	NOTYPE	..lin.6bd7c42f..2334b70f.0_142	0
0x217aec	NOTYPE	..lin.6bd7c42f..2334b70f.0_143	0
0x217b1a	NOTYPE	..lin.6bd7c42f..2334b70f.0_144	0
0x217b28	FUNC	SetupAddressSpaces	416
0x217b5e	NOTYPE	..lin.6bd7c42f..338db3db.0_145	0
0x217b6e	NOTYPE	..lin.6bd7c42f..338db3db.0_146	0
0x217b77	NOTYPE	..lin.6bd7c42f..338db3db.0_147	0
0x217b93	NOTYPE	..lin.6bd7c42f..338db3db.0_148	0
0x217b9d	NOTYPE	..lin.6bd7c42f..338db3db.0_149	0
0x217bb9	NOTYPE	..lin.6bd7c42f..338db3db.0_150	0
0x217bbf	NOTYPE	..lin.6bd7c42f..338db3db.0_151	0
0x217bc9	NOTYPE	..lin.6bd7c42f..338db3db.0_152	0
0x217bd6	NOTYPE	..lin.6bd7c42f..338db3db.0_153	0
0x217bfc	NOTYPE	..lin.6bd7c42f..338db3db.0_154	0
0x217c0d	NOTYPE	..lin.6bd7c42f..338db3db.0_155	0
0x217c1e	NOTYPE	..lin.6bd7c42f..338db3db.0_156	0
0x217c31	NOTYPE	..lin.6bd7c42f..338db3db.0_157	0
0x217c3b	NOTYPE	..lin.6bd7c42f..338db3db.0_158	0
0x217c48	NOTYPE	..lin.6bd7c42f..338db3db.0_159	0
0x217c4c	NOTYPE	..lin.6bd7c42f..338db3db.0_160	0
0x217c59	NOTYPE	..lin.6bd7c42f..338db3db.0_161	0
0x217c9b	NOTYPE	..lin.6bd7c42f..338db3db.0_162	0
0x217cac	NOTYPE	..lin.6bd7c42f..338db3db.0_163	0
0x217cb0	NOTYPE	..lin.6bd7c42f..338db3db.0_164	0
0x217cba	NOTYPE	..lin.6bd7c42f..338db3db.0_165	0
0x217cc8	FUNC	FinalizeAddressSpaces	72
0x217cdf	NOTYPE	..lin.6bd7c42f..3f5e94bc.0_166	0
0x217ce4	NOTYPE	..lin.6bd7c42f..3f5e94bc.0_167	0
0x217cfc	NOTYPE	..lin.6bd7c42f..3f5e94bc.0_168	0
0x217d00	NOTYPE	..lin.6bd7c42f..3f5e94bc.0_169	0
0x217d09	NOTYPE	..lin.6bd7c42f..3f5e94bc.0_170	0
0x217d10	FUNC	FindIODevice...2Fhome.2Fmal.2Fgm_release.2FMY22.2D026.2Ffinal.2Fiot.2Frtos.2Flibs.2Fgm.2Di35.2Frel.2Fwork.2Flibkernel.2Flibkernel.2Fbootutil.	97
0x217d2b	NOTYPE	..lin.6bd7c42f..715e8f2e.0_171	0
0x217d2d	NOTYPE	..lin.6bd7c42f..715e8f2e.0_172	0
0x217d3d	NOTYPE	..lin.6bd7c42f..715e8f2e.0_173	0
0x217d47	NOTYPE	..lin.6bd7c42f..715e8f2e.0_174	0
0x217d6a	NOTYPE	..lin.6bd7c42f..715e8f2e.0_175	0
0x217d71	FUNC	GetTask...2Fhome.2Fmal.2Fgm_release.2FMY22.2D026.2Ffinal.2Fiot.2Frtos.2Flibs.2Fgm.2Di35.2Frel.2Fwork.2Flibkernel.2Flibkernel.2Fbootutil.	23
0x217d77	NOTYPE	..lin.6bd7c42f..51225498.0_176	0
0x217d85	NOTYPE	..lin.6bd7c42f..51225498.0_177	0
0x217d88	FUNC	InitASObjects	94
0x217d9a	NOTYPE	..lin.6bd7c42f..79f184d7.0_178	0
0x217daf	NOTYPE	..lin.6bd7c42f..79f184d7.0_179	0
0x217db4	NOTYPE	..lin.6bd7c42f..79f184d7.0_180	0
0x217dd1	NOTYPE	..lin.6bd7c42f..79f184d7.0_181	0
0x217ddb	NOTYPE	..lin.6bd7c42f..79f184d7.0_182	0
0x217de1	NOTYPE	..lin.6bd7c42f..79f184d7.0_183	0
0x217de6	FUNC	SetupObjectsInAddressSpace...2Fhome.2Fmal.2Fgm_release.2FMY22.2D026.2Ffinal.2Fiot.2Frtos.2Flibs.2Fgm.2Di35.2Frel.2Fwork.2Flibkernel.2Flibkernel.2Fbootutil.	1410
0x217e10	NOTYPE	..lin.6bd7c42f..c0d70269.0_184	0
0x217e2b	NOTYPE	..lin.6bd7c42f..c0d70269.0_185	0
0x217e69	NOTYPE	..lin.6bd7c42f..c0d70269.0_186	0
0x217ecd	NOTYPE	..lin.6bd7c42f..c0d70269.0_187	0
0x217eed	NOTYPE	..lin.6bd7c42f..c0d70269.0_188	0
0x217efe	NOTYPE	..lin.6bd7c42f..c0d70269.0_189	0
0x217f04	NOTYPE	..lin.6bd7c42f..c0d70269.0_190	0
0x217f11	NOTYPE	..lin.6bd7c42f..c0d70269.0_191	0
0x217f1d	NOTYPE	..lin.6bd7c42f..c0d70269.0_192	0
0x217f30	NOTYPE	..lin.6bd7c42f..c0d70269.0_193	0
0x217f44	NOTYPE	..lin.6bd7c42f..c0d70269.0_194	0
0x217f52	NOTYPE	..lin.6bd7c42f..c0d70269.0_195	0
0x217f54	NOTYPE	..lin.6bd7c42f..c0d70269.0_196	0
0x217f6d	NOTYPE	..lin.6bd7c42f..c0d70269.0_197	0
0x217f76	NOTYPE	..lin.6bd7c42f..c0d70269.0_198	0
0x217f93	NOTYPE	..lin.6bd7c42f..c0d70269.0_199	0
0x217fb6	NOTYPE	..lin.6bd7c42f..c0d70269.0_200	0
0x217fbc	NOTYPE	..lin.6bd7c42f..c0d70269.0_201	0
0x217fd1	NOTYPE	..lin.6bd7c42f..c0d70269.0_202	0
0x217fda	NOTYPE	..lin.6bd7c42f..c0d70269.0_203	0
0x217fea	NOTYPE	..lin.6bd7c42f..c0d70269.0_204	0
0x217ff8	NOTYPE	..lin.6bd7c42f..c0d70269.0_205	0
0x218001	NOTYPE	..lin.6bd7c42f..c0d70269.0_206	0
0x21800f	NOTYPE	..lin.6bd7c42f..c0d70269.0_207	0
0x21803f	NOTYPE	..lin.6bd7c42f..c0d70269.0_208	0
0x21804a	NOTYPE	..lin.6bd7c42f..c0d70269.0_209	0
0x218054	NOTYPE	..lin.6bd7c42f..c0d70269.0_210	0
0x21805e	NOTYPE	..lin.6bd7c42f..c0d70269.0_211	0
0x218070	NOTYPE	..lin.6bd7c42f..c0d70269.0_212	0
0x21807a	NOTYPE	..lin.6bd7c42f..c0d70269.0_213	0
0x218083	NOTYPE	..lin.6bd7c42f..c0d70269.0_214	0
0x218095	NOTYPE	..lin.6bd7c42f..c0d70269.0_215	0
0x21809e	NOTYPE	..lin.6bd7c42f..c0d70269.0_216	0
0x2180a4	NOTYPE	..lin.6bd7c42f..c0d70269.0_217	0
0x2180ad	NOTYPE	..lin.6bd7c42f..c0d70269.0_218	0
0x2180b3	NOTYPE	..lin.6bd7c42f..c0d70269.0_219	0
0x2180bc	NOTYPE	..lin.6bd7c42f..c0d70269.0_220	0
0x2180c7	NOTYPE	..lin.6bd7c42f..c0d70269.0_221	0
0x2180fa	NOTYPE	..lin.6bd7c42f..c0d70269.0_222	0
0x21810c	NOTYPE	..lin.6bd7c42f..c0d70269.0_223	0
0x218130	NOTYPE	..lin.6bd7c42f..c0d70269.0_224	0
0x218154	NOTYPE	..lin.6bd7c42f..c0d70269.0_225	0
0x21815e	NOTYPE	..lin.6bd7c42f..c0d70269.0_226	0
0x218177	NOTYPE	..lin.6bd7c42f..c0d70269.0_227	0
0x21817e	NOTYPE	..lin.6bd7c42f..c0d70269.0_228	0
0x21818f	NOTYPE	..lin.6bd7c42f..c0d70269.0_229	0
0x2181a7	NOTYPE	..lin.6bd7c42f..c0d70269.0_230	0
0x2181ac	NOTYPE	..lin.6bd7c42f..c0d70269.0_231	0
0x2181be	NOTYPE	..lin.6bd7c42f..c0d70269.0_232	0
0x2181ce	NOTYPE	..lin.6bd7c42f..c0d70269.0_233	0
0x2181dd	NOTYPE	..lin.6bd7c42f..c0d70269.0_234	0
0x2181e5	NOTYPE	..lin.6bd7c42f..c0d70269.0_235	0
0x2181f4	NOTYPE	..lin.6bd7c42f..c0d70269.0_236	0
0x2181fd	NOTYPE	..lin.6bd7c42f..c0d70269.0_237	0
0x21820d	NOTYPE	..lin.6bd7c42f..c0d70269.0_238	0
0x218216	NOTYPE	..lin.6bd7c42f..c0d70269.0_239	0
0x21822e	NOTYPE	..lin.6bd7c42f..c0d70269.0_240	0
0x21824c	NOTYPE	..lin.6bd7c42f..c0d70269.0_241	0
0x218256	NOTYPE	..lin.6bd7c42f..c0d70269.0_242	0
0x21825c	NOTYPE	..lin.6bd7c42f..c0d70269.0_243	0
0x218272	NOTYPE	..lin.6bd7c42f..c0d70269.0_244	0
0x218278	NOTYPE	..lin.6bd7c42f..c0d70269.0_245	0
0x218281	NOTYPE	..lin.6bd7c42f..c0d70269.0_246	0
0x2182a0	NOTYPE	..lin.6bd7c42f..c0d70269.0_247	0
0x2182a2	NOTYPE	..lin.6bd7c42f..c0d70269.0_248	0
0x2182be	NOTYPE	..lin.6bd7c42f..c0d70269.0_249	0
0x2182c7	NOTYPE	..lin.6bd7c42f..c0d70269.0_250	0
0x218309	NOTYPE	..lin.6bd7c42f..c0d70269.0_251	0
0x218312	NOTYPE	..lin.6bd7c42f..c0d70269.0_252	0
0x218318	NOTYPE	..lin.6bd7c42f..c0d70269.0_253	0
0x218330	NOTYPE	..lin.6bd7c42f..c0d70269.0_254	0
0x218348	NOTYPE	..lin.6bd7c42f..c0d70269.0_255	0
0x21835b	NOTYPE	..lin.6bd7c42f..c0d70269.0_256	0
0x218368	FUNC	ResolveObjectLinksForObject...2Fhome.2Fmal.2Fgm_release.2FMY22.2D026.2Ffinal.2Fiot.2Frtos.2Flibs.2Fgm.2Di35.2Frel.2Fwork.2Flibkernel.2Flibkernel.2Fbootutil.	426
0x21838a	NOTYPE	..lin.6bd7c42f..7c1659db.0_257	0
0x2183ab	NOTYPE	..lin.6bd7c42f..7c1659db.0_258	0
0x2183b0	NOTYPE	..lin.6bd7c42f..7c1659db.0_259	0
0x2183b9	NOTYPE	..lin.6bd7c42f..7c1659db.0_260	0
0x2183c4	NOTYPE	..lin.6bd7c42f..7c1659db.0_261	0
0x2183ca	NOTYPE	..lin.6bd7c42f..7c1659db.0_262	0
0x2183d3	NOTYPE	..lin.6bd7c42f..7c1659db.0_263	0
0x2183ec	NOTYPE	..lin.6bd7c42f..7c1659db.0_264	0
0x2183ff	NOTYPE	..lin.6bd7c42f..7c1659db.0_265	0
0x218405	NOTYPE	..lin.6bd7c42f..7c1659db.0_266	0
0x21841e	NOTYPE	..lin.6bd7c42f..7c1659db.0_267	0
0x218427	NOTYPE	..lin.6bd7c42f..7c1659db.0_268	0
0x218429	NOTYPE	..lin.6bd7c42f..7c1659db.0_269	0
0x21842f	NOTYPE	..lin.6bd7c42f..7c1659db.0_270	0
0x218433	NOTYPE	..lin.6bd7c42f..7c1659db.0_271	0
0x218444	NOTYPE	..lin.6bd7c42f..7c1659db.0_272	0
0x21844e	NOTYPE	..lin.6bd7c42f..7c1659db.0_273	0
0x218462	NOTYPE	..lin.6bd7c42f..7c1659db.0_274	0
0x218464	NOTYPE	..lin.6bd7c42f..7c1659db.0_275	0
0x218468	NOTYPE	..lin.6bd7c42f..7c1659db.0_276	0
0x218483	NOTYPE	..lin.6bd7c42f..7c1659db.0_277	0
0x218493	NOTYPE	..lin.6bd7c42f..7c1659db.0_278	0
0x2184b1	NOTYPE	..lin.6bd7c42f..7c1659db.0_279	0
0x2184b5	NOTYPE	..lin.6bd7c42f..7c1659db.0_280	0
0x2184bb	NOTYPE	..lin.6bd7c42f..7c1659db.0_281	0
0x2184d4	NOTYPE	..lin.6bd7c42f..7c1659db.0_282	0
0x2184da	NOTYPE	..lin.6bd7c42f..7c1659db.0_283	0
0x2184ea	NOTYPE	..lin.6bd7c42f..7c1659db.0_284	0
0x218508	NOTYPE	..lin.6bd7c42f..7c1659db.0_285	0
0x218512	FUNC	ResolveObjectLinksInAddressSpace...2Fhome.2Fmal.2Fgm_release.2FMY22.2D026.2Ffinal.2Fiot.2Frtos.2Flibs.2Fgm.2Di35.2Frel.2Fwork.2Flibkernel.2Flibkernel.2Fbootutil.	77
0x218533	NOTYPE	..lin.6bd7c42f..879bb0a6.0_286	0
0x218546	NOTYPE	..lin.6bd7c42f..879bb0a6.0_287	0
0x21854a	NOTYPE	..lin.6bd7c42f..879bb0a6.0_288	0
0x218554	NOTYPE	..lin.6bd7c42f..879bb0a6.0_289	0
0x21855f	FUNC	SetupObjectTables	80
0x21856b	NOTYPE	..lin.6bd7c42f..8310c148.0_290	0
0x21857e	NOTYPE	..lin.6bd7c42f..8310c148.0_291	0
0x218587	NOTYPE	..lin.6bd7c42f..8310c148.0_292	0
0x21858c	NOTYPE	..lin.6bd7c42f..8310c148.0_293	0
0x21859f	NOTYPE	..lin.6bd7c42f..8310c148.0_294	0
0x2185a8	NOTYPE	..lin.6bd7c42f..8310c148.0_295	0
0x2185af	FUNC	CloseAddressSpaceForRestart...2Fhome.2Fmal.2Fgm_release.2FMY22.2D026.2Ffinal.2Fiot.2Frtos.2Flibs.2Fgm.2Di35.2Frel.2Fwork.2Flibkernel.2Flibkernel.2Fbootutil.	144
0x2185d1	NOTYPE	..lin.6bd7c42f..76055cd9.0_296	0
0x2185f0	NOTYPE	..lin.6bd7c42f..76055cd9.0_297	0
0x21860e	NOTYPE	..lin.6bd7c42f..76055cd9.0_298	0
0x218613	NOTYPE	..lin.6bd7c42f..76055cd9.0_299	0
0x218619	NOTYPE	..lin.6bd7c42f..76055cd9.0_300	0
0x218627	NOTYPE	..lin.6bd7c42f..76055cd9.0_301	0
0x218638	NOTYPE	..lin.6bd7c42f..76055cd9.0_302	0
0x21863f	FUNC	RestoreLinksToObjects...2Fhome.2Fmal.2Fgm_release.2FMY22.2D026.2Ffinal.2Fiot.2Frtos.2Flibs.2Fgm.2Di35.2Frel.2Fwork.2Flibkernel.2Flibkernel.2Fbootutil.	327
0x218666	NOTYPE	..lin.6bd7c42f..cf96c457.0_303	0
0x21866f	NOTYPE	..lin.6bd7c42f..cf96c457.0_304	0
0x21867e	NOTYPE	..lin.6bd7c42f..cf96c457.0_305	0
0x21868f	NOTYPE	..lin.6bd7c42f..cf96c457.0_306	0
0x2186a2	NOTYPE	..lin.6bd7c42f..cf96c457.0_307	0
0x2186ab	NOTYPE	..lin.6bd7c42f..cf96c457.0_308	0
0x2186b0	NOTYPE	..lin.6bd7c42f..cf96c457.0_309	0
0x2186b9	NOTYPE	..lin.6bd7c42f..cf96c457.0_310	0
0x2186d2	NOTYPE	..lin.6bd7c42f..cf96c457.0_311	0
0x2186d9	NOTYPE	..lin.6bd7c42f..cf96c457.0_312	0
0x2186df	NOTYPE	..lin.6bd7c42f..cf96c457.0_313	0
0x2186e8	NOTYPE	..lin.6bd7c42f..cf96c457.0_314	0
0x2186f9	NOTYPE	..lin.6bd7c42f..cf96c457.0_315	0
0x2186fb	NOTYPE	..lin.6bd7c42f..cf96c457.0_316	0
0x218700	NOTYPE	..lin.6bd7c42f..cf96c457.0_317	0
0x218711	NOTYPE	..lin.6bd7c42f..cf96c457.0_318	0
0x218721	NOTYPE	..lin.6bd7c42f..cf96c457.0_319	0
0x21873a	NOTYPE	..lin.6bd7c42f..cf96c457.0_320	0
0x218741	NOTYPE	..lin.6bd7c42f..cf96c457.0_321	0
0x21876c	NOTYPE	..lin.6bd7c42f..cf96c457.0_322	0
0x218779	NOTYPE	..lin.6bd7c42f..cf96c457.0_323	0
0x218786	FUNC	LoadAddressSpace...2Fhome.2Fmal.2Fgm_release.2FMY22.2D026.2Ffinal.2Fiot.2Frtos.2Flibs.2Fgm.2Di35.2Frel.2Fwork.2Flibkernel.2Flibkernel.2Fbootutil.	154
0x21879f	NOTYPE	..lin.6bd7c42f..744df517.0_324	0
0x2187b2	NOTYPE	..lin.6bd7c42f..744df517.0_325	0
0x2187cd	NOTYPE	..lin.6bd7c42f..744df517.0_326	0
0x2187e0	NOTYPE	..lin.6bd7c42f..744df517.0_327	0
0x2187f3	NOTYPE	..lin.6bd7c42f..744df517.0_328	0
0x218806	NOTYPE	..lin.6bd7c42f..744df517.0_329	0
0x218819	NOTYPE	..lin.6bd7c42f..744df517.0_330	0
0x218820	FUNC	ReaperRestartAddressSpace...2Fhome.2Fmal.2Fgm_release.2FMY22.2D026.2Ffinal.2Fiot.2Frtos.2Flibs.2Fgm.2Di35.2Frel.2Fwork.2Flibkernel.2Flibkernel.2Fbootutil.	82
0x21883e	NOTYPE	..lin.6bd7c42f..9436861b.0_331	0
0x21884e	NOTYPE	..lin.6bd7c42f..9436861b.0_332	0
0x218856	NOTYPE	..lin.6bd7c42f..9436861b.0_333	0
0x218870	NOTYPE	..lin.6bd7c42f..9436861b.0_334	0
0x218872	FUNC	AddressSpaceReaper...2Fhome.2Fmal.2Fgm_release.2FMY22.2D026.2Ffinal.2Fiot.2Frtos.2Flibs.2Fgm.2Di35.2Frel.2Fwork.2Flibkernel.2Flibkernel.2Fbootutil.	93
0x218882	NOTYPE	..lin.6bd7c42f..56f50f16.0_335	0
0x21888b	NOTYPE	..lin.6bd7c42f..56f50f16.0_336	0
0x218893	NOTYPE	..lin.6bd7c42f..56f50f16.0_337	0
0x2188a3	NOTYPE	..lin.6bd7c42f..56f50f16.0_338	0
0x2188ab	NOTYPE	..lin.6bd7c42f..56f50f16.0_339	0
0x2188cd	NOTYPE	..lin.6bd7c42f..56f50f16.0_340	0
0x2188cf	NOTYPE	..lin.6bd7c42f..56f50f16.0_341	0
0x2188cf	FUNC	CreateASReaperTask...2Fhome.2Fmal.2Fgm_release.2FMY22.2D026.2Ffinal.2Fiot.2Frtos.2Flibs.2Fgm.2Di35.2Frel.2Fwork.2Flibkernel.2Flibkernel.2Fbootutil.	407
0x2188fb	NOTYPE	..lin.6bd7c42f..fdb2c21f.0_342	0
0x218905	NOTYPE	..lin.6bd7c42f..fdb2c21f.0_343	0
0x218919	NOTYPE	..lin.6bd7c42f..fdb2c21f.0_344	0
0x218935	NOTYPE	..lin.6bd7c42f..fdb2c21f.0_345	0
0x21893f	NOTYPE	..lin.6bd7c42f..fdb2c21f.0_346	0
0x218958	NOTYPE	..lin.6bd7c42f..fdb2c21f.0_347	0
0x218962	NOTYPE	..lin.6bd7c42f..fdb2c21f.0_348	0
0x218977	NOTYPE	..lin.6bd7c42f..fdb2c21f.0_349	0
0x21898c	NOTYPE	..lin.6bd7c42f..fdb2c21f.0_350	0
0x218a16	NOTYPE	..lin.6bd7c42f..fdb2c21f.0_351	0
0x218a38	NOTYPE	..lin.6bd7c42f..fdb2c21f.0_352	0
0x218a5b	NOTYPE	..lin.6bd7c42f..fdb2c21f.0_353	0
0x218a66	FUNC	AddressSpaceReaperInit	266
0x218aa4	NOTYPE	..lin.6bd7c42f..da9c93aa.0_354	0
0x218aa6	NOTYPE	..lin.6bd7c42f..da9c93aa.0_355	0
0x218ab0	NOTYPE	..lin.6bd7c42f..da9c93aa.0_356	0
0x218ab7	NOTYPE	..lin.6bd7c42f..da9c93aa.0_357	0
0x218ac8	NOTYPE	..lin.6bd7c42f..da9c93aa.0_358	0
0x218b00	NOTYPE	..lin.6bd7c42f..da9c93aa.0_359	0
0x218b32	NOTYPE	..lin.6bd7c42f..da9c93aa.0_360	0
0x218b34	NOTYPE	..lin.6bd7c42f..da9c93aa.0_361	0
0x218b3e	NOTYPE	..lin.6bd7c42f..da9c93aa.0_362	0
0x218b51	NOTYPE	..lin.6bd7c42f..da9c93aa.0_363	0
0x218b69	NOTYPE	..lin.6bd7c42f..da9c93aa.0_364	0
0x218b70	FUNC	SetupTaskAtIndex	818
0x218b9e	NOTYPE	..lin.fd791fee..a5957316.0_1	0
0x218baf	NOTYPE	..lin.fd791fee..a5957316.0_2	0
0x218bbf	NOTYPE	..lin.fd791fee..a5957316.0_3	0
0x218bd1	NOTYPE	..lin.fd791fee..a5957316.0_4	0
0x218bdc	NOTYPE	..lin.fd791fee..a5957316.0_5	0
0x218be5	NOTYPE	..lin.fd791fee..a5957316.0_6	0
0x218bf2	NOTYPE	..lin.fd791fee..a5957316.0_7	0
0x218bfd	NOTYPE	..lin.fd791fee..a5957316.0_8	0
0x218c0c	NOTYPE	..lin.fd791fee..a5957316.0_9	0
0x218c2d	NOTYPE	..lin.fd791fee..a5957316.0_10	0
0x218c48	NOTYPE	..lin.fd791fee..a5957316.0_11	0
0x218c92	NOTYPE	..lin.fd791fee..a5957316.0_12	0
0x218ca1	NOTYPE	..lin.fd791fee..a5957316.0_13	0
0x218caf	NOTYPE	..lin.fd791fee..a5957316.0_14	0
0x218cd2	NOTYPE	..lin.fd791fee..a5957316.0_15	0
0x218cd6	NOTYPE	..lin.fd791fee..a5957316.0_16	0
0x218ce4	NOTYPE	..lin.fd791fee..a5957316.0_17	0
0x218d07	NOTYPE	..lin.fd791fee..a5957316.0_18	0
0x218d0f	NOTYPE	..lin.fd791fee..a5957316.0_19	0
0x218d32	NOTYPE	..lin.fd791fee..a5957316.0_20	0
0x218d4f	NOTYPE	..lin.fd791fee..a5957316.0_21	0
0x218d68	NOTYPE	..lin.fd791fee..a5957316.0_22	0
0x218d78	NOTYPE	..lin.fd791fee..a5957316.0_23	0
0x218d91	NOTYPE	..lin.fd791fee..a5957316.0_24	0
0x218da4	NOTYPE	..lin.fd791fee..a5957316.0_25	0
0x218dad	NOTYPE	..lin.fd791fee..a5957316.0_26	0
0x218db5	NOTYPE	..lin.fd791fee..a5957316.0_27	0
0x218dbe	NOTYPE	..lin.fd791fee..a5957316.0_28	0
0x218df1	NOTYPE	..lin.fd791fee..a5957316.0_29	0
0x218dfa	NOTYPE	..lin.fd791fee..a5957316.0_30	0
0x218e00	NOTYPE	..lin.fd791fee..a5957316.0_31	0
0x218e06	NOTYPE	..lin.fd791fee..a5957316.0_32	0
0x218e11	NOTYPE	..lin.fd791fee..a5957316.0_33	0
0x218e21	NOTYPE	..lin.fd791fee..a5957316.0_34	0
0x218e2e	NOTYPE	..lin.fd791fee..a5957316.0_35	0
0x218e3b	NOTYPE	..lin.fd791fee..a5957316.0_36	0
0x218e56	NOTYPE	..lin.fd791fee..a5957316.0_37	0
0x218e60	NOTYPE	..lin.fd791fee..a5957316.0_38	0
0x218e68	NOTYPE	..lin.fd791fee..a5957316.0_39	0
0x218e6e	NOTYPE	..lin.fd791fee..a5957316.0_40	0
0x218e7f	NOTYPE	..lin.fd791fee..a5957316.0_41	0
0x218e86	NOTYPE	..lin.fd791fee..a5957316.0_42	0
0x218ea4	FUNC	EventLogOn	23
0x218eb9	NOTYPE	..lin.1c1f31fa..5b967966.0_1	0
0x218ebb	FUNC	EventLogOff	23
0x218ed0	NOTYPE	..lin.1c1f31fa..ce65a584.0_2	0
0x218ed2	FUNC	EventLogMask	26
0x218eea	NOTYPE	..lin.1c1f31fa..9b192a15.0_3	0
0x218eec	FUNC	_exit	5
0x218ef1	NOTYPE	..lin.9ecf6d21..eef86be.0_1	0
0x218ef1	FUNC	int_exit	54
0x218f08	NOTYPE	..lin.9ecf6d21..8bc0a4c9.0_2	0
0x218f18	NOTYPE	..lin.9ecf6d21..8bc0a4c9.0_3	0
0x218f1d	NOTYPE	..lin.9ecf6d21..8bc0a4c9.0_4	0
0x218f25	NOTYPE	..lin.9ecf6d21..8bc0a4c9.0_5	0
0x218f28	FUNC	Close	63
0x218f31	NOTYPE	..lin.d84f81b3..cf88a3b.0_1	0
0x218f4c	NOTYPE	..lin.d84f81b3..cf88a3b.0_2	0
0x218f65	NOTYPE	..lin.d84f81b3..cf88a3b.0_3	0
0x218f67	FUNC	CloseMemoryRegion	5
0x218f6c	NOTYPE	..lin.d84f81b3..b6769858.0_4	0
0x218f6c	FUNC	AllocatePage	36
0x218f8a	NOTYPE	..lin.d82b4368..de221f87.0_1	0
0x218f90	FUNC	SchedulerCallOnEveryTickForCpu	151
0x218fa8	NOTYPE	..lin.6f0e1902..dbde76e2.0_1	0
0x218fae	NOTYPE	..lin.6f0e1902..dbde76e2.0_2	0
0x218fc3	NOTYPE	..lin.6f0e1902..dbde76e2.0_3	0
0x218fd9	NOTYPE	..lin.6f0e1902..dbde76e2.0_4	0
0x218fdf	NOTYPE	..lin.6f0e1902..dbde76e2.0_5	0
0x218ff4	NOTYPE	..lin.6f0e1902..dbde76e2.0_6	0
0x218ffa	NOTYPE	..lin.6f0e1902..dbde76e2.0_7	0
0x21900f	NOTYPE	..lin.6f0e1902..dbde76e2.0_8	0
0x21901b	NOTYPE	..lin.6f0e1902..dbde76e2.0_9	0
0x219027	FUNC	SchedulerCallOnEveryTick	17
0x219036	NOTYPE	..lin.6f0e1902..c5216993.0_10	0
0x219038	FUNC	AdjustBitmap...2Fhome.2Fmal.2Fgm_release.2FMY22.2D026.2Ffinal.2Fiot.2Frtos.2Flibs.2Fgm.2Di35.2Frel.2Fwork.2Flibkernel.2Flibkernel.2Fsched491.	82
0x21904f	NOTYPE	..lin.6f0e1902..6c7c2c2d.0_11	0
0x21905e	NOTYPE	..lin.6f0e1902..6c7c2c2d.0_12	0
0x219066	NOTYPE	..lin.6f0e1902..6c7c2c2d.0_13	0
0x21906c	NOTYPE	..lin.6f0e1902..6c7c2c2d.0_14	0
0x219077	NOTYPE	..lin.6f0e1902..6c7c2c2d.0_15	0
0x21907d	NOTYPE	..lin.6f0e1902..6c7c2c2d.0_16	0
0x219082	NOTYPE	..lin.6f0e1902..6c7c2c2d.0_17	0
0x21908a	FUNC	AddTaskToKeyList...2Fhome.2Fmal.2Fgm_release.2FMY22.2D026.2Ffinal.2Fiot.2Frtos.2Flibs.2Fgm.2Di35.2Frel.2Fwork.2Flibkernel.2Flibkernel.2Fsched491.	130
0x21908e	NOTYPE	..lin.6f0e1902..1fbf5a29.0_18	0
0x21909e	NOTYPE	..lin.6f0e1902..1fbf5a29.0_19	0
0x2190ab	NOTYPE	..lin.6f0e1902..1fbf5a29.0_20	0
0x2190b7	NOTYPE	..lin.6f0e1902..1fbf5a29.0_21	0
0x2190ca	NOTYPE	..lin.6f0e1902..1fbf5a29.0_22	0
0x2190db	NOTYPE	..lin.6f0e1902..1fbf5a29.0_23	0
0x2190e7	NOTYPE	..lin.6f0e1902..1fbf5a29.0_24	0
0x2190f3	NOTYPE	..lin.6f0e1902..1fbf5a29.0_25	0
0x21910c	FUNC	ListForRestartTask...2Fhome.2Fmal.2Fgm_release.2FMY22.2D026.2Ffinal.2Fiot.2Frtos.2Flibs.2Fgm.2Di35.2Frel.2Fwork.2Flibkernel.2Flibkernel.2Fsched491.	66
0x219124	NOTYPE	..lin.6f0e1902..19b1db60.0_26	0
0x219129	NOTYPE	..lin.6f0e1902..19b1db60.0_27	0
0x219134	NOTYPE	..lin.6f0e1902..19b1db60.0_28	0
0x219148	NOTYPE	..lin.6f0e1902..19b1db60.0_29	0
0x21914e	FUNC	ListForTask...2Fhome.2Fmal.2Fgm_release.2FMY22.2D026.2Ffinal.2Fiot.2Frtos.2Flibs.2Fgm.2Di35.2Frel.2Fwork.2Flibkernel.2Flibkernel.2Fsched491.	39
0x219169	NOTYPE	..lin.6f0e1902..a49836db.0_30	0
0x219175	FUNC	AddToReadyList	105
0x219189	NOTYPE	..lin.6f0e1902..5d885562.0_31	0
0x21919e	NOTYPE	..lin.6f0e1902..5d885562.0_32	0
0x2191a6	NOTYPE	..lin.6f0e1902..5d885562.0_33	0
0x2191c4	NOTYPE	..lin.6f0e1902..5d885562.0_34	0
0x2191d8	NOTYPE	..lin.6f0e1902..5d885562.0_35	0
0x2191de	FUNC	RemoveTaskFromKeyList...2Fhome.2Fmal.2Fgm_release.2FMY22.2D026.2Ffinal.2Fiot.2Frtos.2Flibs.2Fgm.2Di35.2Frel.2Fwork.2Flibkernel.2Flibkernel.2Fsched491.	146
0x2191eb	NOTYPE	..lin.6f0e1902..eef2853f.0_36	0
0x219200	NOTYPE	..lin.6f0e1902..eef2853f.0_37	0
0x219228	NOTYPE	..lin.6f0e1902..eef2853f.0_38	0
0x21923b	NOTYPE	..lin.6f0e1902..eef2853f.0_39	0
0x219270	FUNC	RemoveFromReadyList	83
0x219280	NOTYPE	..lin.6f0e1902..ec07c2b8.0_40	0
0x219287	NOTYPE	..lin.6f0e1902..ec07c2b8.0_41	0
0x21928f	NOTYPE	..lin.6f0e1902..ec07c2b8.0_42	0
0x219297	NOTYPE	..lin.6f0e1902..ec07c2b8.0_43	0
0x2192b4	NOTYPE	..lin.6f0e1902..ec07c2b8.0_44	0
0x2192be	NOTYPE	..lin.6f0e1902..ec07c2b8.0_45	0
0x2192c3	FUNC	SchedulerReadyTask	136
0x2192df	NOTYPE	..lin.6f0e1902..d9fd42cc.0_46	0
0x2192ef	NOTYPE	..lin.6f0e1902..d9fd42cc.0_47	0
0x219311	NOTYPE	..lin.6f0e1902..d9fd42cc.0_48	0
0x219326	NOTYPE	..lin.6f0e1902..d9fd42cc.0_49	0
0x21932f	NOTYPE	..lin.6f0e1902..d9fd42cc.0_50	0
0x21933e	NOTYPE	..lin.6f0e1902..d9fd42cc.0_51	0
0x219346	NOTYPE	..lin.6f0e1902..d9fd42cc.0_52	0
0x21934b	FUNC	SchedulerSuspendTask	143
0x21935c	NOTYPE	..lin.6f0e1902..91736979.0_53	0
0x21938a	NOTYPE	..lin.6f0e1902..91736979.0_54	0
0x21939d	NOTYPE	..lin.6f0e1902..91736979.0_55	0
0x2193a4	NOTYPE	..lin.6f0e1902..91736979.0_56	0
0x2193b5	NOTYPE	..lin.6f0e1902..91736979.0_57	0
0x2193bd	NOTYPE	..lin.6f0e1902..91736979.0_58	0
0x2193c7	NOTYPE	..lin.6f0e1902..91736979.0_59	0
0x2193da	FUNC	SchedulerSetTaskPriority	229
0x219416	NOTYPE	..lin.6f0e1902..4b3fa0c5.0_60	0
0x219425	NOTYPE	..lin.6f0e1902..4b3fa0c5.0_61	0
0x219443	NOTYPE	..lin.6f0e1902..4b3fa0c5.0_62	0
0x21945f	NOTYPE	..lin.6f0e1902..4b3fa0c5.0_63	0
0x219468	NOTYPE	..lin.6f0e1902..4b3fa0c5.0_64	0
0x219471	NOTYPE	..lin.6f0e1902..4b3fa0c5.0_65	0
0x219476	NOTYPE	..lin.6f0e1902..4b3fa0c5.0_66	0
0x21947e	NOTYPE	..lin.6f0e1902..4b3fa0c5.0_67	0
0x21948a	NOTYPE	..lin.6f0e1902..4b3fa0c5.0_68	0
0x219495	NOTYPE	..lin.6f0e1902..4b3fa0c5.0_69	0
0x21949b	NOTYPE	..lin.6f0e1902..4b3fa0c5.0_70	0
0x2194a8	NOTYPE	..lin.6f0e1902..4b3fa0c5.0_71	0
0x2194b0	NOTYPE	..lin.6f0e1902..4b3fa0c5.0_72	0
0x2194bf	FUNC	KernelRaiseCurrentTaskPriority	113
0x2194d9	NOTYPE	..lin.6f0e1902..6feae492.0_73	0
0x2194df	NOTYPE	..lin.6f0e1902..6feae492.0_74	0
0x2194ef	NOTYPE	..lin.6f0e1902..6feae492.0_75	0
0x2194f5	NOTYPE	..lin.6f0e1902..6feae492.0_76	0
0x2194fa	NOTYPE	..lin.6f0e1902..6feae492.0_77	0
0x219500	NOTYPE	..lin.6f0e1902..6feae492.0_78	0
0x21950a	NOTYPE	..lin.6f0e1902..6feae492.0_79	0
0x219513	NOTYPE	..lin.6f0e1902..6feae492.0_80	0
0x219519	NOTYPE	..lin.6f0e1902..6feae492.0_81	0
0x219523	NOTYPE	..lin.6f0e1902..6feae492.0_82	0
0x219529	NOTYPE	..lin.6f0e1902..6feae492.0_83	0
0x219530	FUNC	KernelLowerCurrentTaskPriority	88
0x21954a	NOTYPE	..lin.6f0e1902..be148687.0_84	0
0x219550	NOTYPE	..lin.6f0e1902..be148687.0_85	0
0x219559	NOTYPE	..lin.6f0e1902..be148687.0_86	0
0x21955f	NOTYPE	..lin.6f0e1902..be148687.0_87	0
0x21956b	NOTYPE	..lin.6f0e1902..be148687.0_88	0
0x219571	NOTYPE	..lin.6f0e1902..be148687.0_89	0
0x21957b	NOTYPE	..lin.6f0e1902..be148687.0_90	0
0x219581	NOTYPE	..lin.6f0e1902..be148687.0_91	0
0x219588	FUNC	SchedulerTimerTick	73
0x219598	NOTYPE	..lin.6f0e1902..118eee70.0_92	0
0x2195a9	NOTYPE	..lin.6f0e1902..118eee70.0_93	0
0x2195ae	NOTYPE	..lin.6f0e1902..118eee70.0_94	0
0x2195bf	NOTYPE	..lin.6f0e1902..118eee70.0_95	0
0x2195cc	NOTYPE	..lin.6f0e1902..118eee70.0_96	0
0x2195d1	FUNC	SchedulerGetTaskPriority	8
0x2195d9	FUNC	SchedulerSetTaskWeight	8
0x2195e1	FUNC	SchedulerTaskInit	43
0x21960c	FUNC	InitializeScheduler	666
0x21962d	NOTYPE	..lin.6f0e1902..2f169836.0_97	0
0x219637	NOTYPE	..lin.6f0e1902..2f169836.0_98	0
0x21964a	NOTYPE	..lin.6f0e1902..2f169836.0_99	0
0x219654	NOTYPE	..lin.6f0e1902..2f169836.0_100	0
0x219659	NOTYPE	..lin.6f0e1902..2f169836.0_101	0
0x21966e	NOTYPE	..lin.6f0e1902..2f169836.0_102	0
0x219685	NOTYPE	..lin.6f0e1902..2f169836.0_103	0
0x21969b	NOTYPE	..lin.6f0e1902..2f169836.0_104	0
0x2196bc	NOTYPE	..lin.6f0e1902..2f169836.0_105	0
0x2196db	NOTYPE	..lin.6f0e1902..2f169836.0_106	0
0x2196e0	NOTYPE	..lin.6f0e1902..2f169836.0_107	0
0x219703	NOTYPE	..lin.6f0e1902..2f169836.0_108	0
0x21970f	NOTYPE	..lin.6f0e1902..2f169836.0_109	0
0x219714	NOTYPE	..lin.6f0e1902..2f169836.0_110	0
0x219719	NOTYPE	..lin.6f0e1902..2f169836.0_111	0
0x219721	NOTYPE	..lin.6f0e1902..2f169836.0_112	0
0x21973b	NOTYPE	..lin.6f0e1902..2f169836.0_113	0
0x219745	NOTYPE	..lin.6f0e1902..2f169836.0_114	0
0x21974a	NOTYPE	..lin.6f0e1902..2f169836.0_115	0
0x219754	NOTYPE	..lin.6f0e1902..2f169836.0_116	0
0x21975e	NOTYPE	..lin.6f0e1902..2f169836.0_117	0
0x219768	NOTYPE	..lin.6f0e1902..2f169836.0_118	0
0x219776	NOTYPE	..lin.6f0e1902..2f169836.0_119	0
0x219780	NOTYPE	..lin.6f0e1902..2f169836.0_120	0
0x219788	NOTYPE	..lin.6f0e1902..2f169836.0_121	0
0x219798	NOTYPE	..lin.6f0e1902..2f169836.0_122	0
0x2197a3	NOTYPE	..lin.6f0e1902..2f169836.0_123	0
0x2197a9	NOTYPE	..lin.6f0e1902..2f169836.0_124	0
0x2197b7	NOTYPE	..lin.6f0e1902..2f169836.0_125	0
0x2197c1	NOTYPE	..lin.6f0e1902..2f169836.0_126	0
0x2197ce	NOTYPE	..lin.6f0e1902..2f169836.0_127	0
0x2197f3	NOTYPE	..lin.6f0e1902..2f169836.0_128	0
0x2197fb	NOTYPE	..lin.6f0e1902..2f169836.0_129	0
0x219804	NOTYPE	..lin.6f0e1902..2f169836.0_130	0
0x21980d	NOTYPE	..lin.6f0e1902..2f169836.0_131	0
0x219825	NOTYPE	..lin.6f0e1902..2f169836.0_132	0
0x21982a	NOTYPE	..lin.6f0e1902..2f169836.0_133	0
0x219838	NOTYPE	..lin.6f0e1902..2f169836.0_134	0
0x219842	NOTYPE	..lin.6f0e1902..2f169836.0_135	0
0x219855	NOTYPE	..lin.6f0e1902..2f169836.0_136	0
0x219890	NOTYPE	..lin.6f0e1902..2f169836.0_137	0
0x21989f	NOTYPE	..lin.6f0e1902..2f169836.0_138	0
0x2198a8	FUNC	GetSaveXFrame	19
0x2198b9	NOTYPE	..lin.44a70803..b87bc077.0_1	0
0x2198bb	FUNC	GetSaveEvent	18
0x2198cb	NOTYPE	..lin.44a70803..13dd50d6.0_2	0
0x2198cd	FUNC	GetCurrentXFrame	53
0x2198fd	NOTYPE	..lin.44a70803..e7265aab.0_3	0
0x219902	FUNC	SendKernelIPI	91
0x219917	NOTYPE	..lin.44a70803..9a9432.0_4	0
0x21993a	NOTYPE	..lin.44a70803..9a9432.0_5	0
0x219946	NOTYPE	..lin.44a70803..9a9432.0_6	0
0x219958	NOTYPE	..lin.44a70803..9a9432.0_7	0
0x21995d	FUNC	SignalPreemptionOnCpu	38
0x21996c	NOTYPE	..lin.44a70803..4ff5eaab.0_8	0
0x219978	NOTYPE	..lin.44a70803..4ff5eaab.0_9	0
0x21997a	NOTYPE	..lin.44a70803..4ff5eaab.0_10	0
0x219981	NOTYPE	..lin.44a70803..4ff5eaab.0_11	0
0x219983	FUNC	GetTaskSchedEventTime	14
0x219987	NOTYPE	..lin.44a70803..b6caf750.0_12	0
0x21998c	NOTYPE	..lin.44a70803..b6caf750.0_13	0
0x219991	NOTYPE	..lin.44a70803..b6caf750.0_14	0
0x219991	FUNC	InitializeSchedulingList...2Fhome.2Fmal.2Fgm_release.2FMY22.2D026.2Ffinal.2Fiot.2Frtos.2Flibs.2Fgm.2Di35.2Frel.2Fwork.2Flibkernel.2Flibkernel.2Ftump.	96
0x2199a5	NOTYPE	..lin.44a70803..4cf3d119.0_15	0
0x2199ac	NOTYPE	..lin.44a70803..4cf3d119.0_16	0
0x2199b6	NOTYPE	..lin.44a70803..4cf3d119.0_17	0
0x2199ba	NOTYPE	..lin.44a70803..4cf3d119.0_18	0
0x2199c4	NOTYPE	..lin.44a70803..4cf3d119.0_19	0
0x2199e5	NOTYPE	..lin.44a70803..4cf3d119.0_20	0
0x2199f1	FUNC	InitializeSchedulingGroup	79
0x219a04	NOTYPE	..lin.44a70803..eb1858aa.0_21	0
0x219a09	NOTYPE	..lin.44a70803..eb1858aa.0_22	0
0x219a1c	NOTYPE	..lin.44a70803..eb1858aa.0_23	0
0x219a26	NOTYPE	..lin.44a70803..eb1858aa.0_24	0
0x219a2b	NOTYPE	..lin.44a70803..eb1858aa.0_25	0
0x219a40	FUNC	MapAffinityGroup	237
0x219a4e	NOTYPE	..lin.44a70803..9cb1de0a.0_26	0
0x219a56	NOTYPE	..lin.44a70803..9cb1de0a.0_27	0
0x219a6b	NOTYPE	..lin.44a70803..9cb1de0a.0_28	0
0x219a7e	NOTYPE	..lin.44a70803..9cb1de0a.0_29	0
0x219a84	NOTYPE	..lin.44a70803..9cb1de0a.0_30	0
0x219a88	NOTYPE	..lin.44a70803..9cb1de0a.0_31	0
0x219a9a	NOTYPE	..lin.44a70803..9cb1de0a.0_32	0
0x219abe	NOTYPE	..lin.44a70803..9cb1de0a.0_33	0
0x219ace	NOTYPE	..lin.44a70803..9cb1de0a.0_34	0
0x219ad2	NOTYPE	..lin.44a70803..9cb1de0a.0_35	0
0x219ae4	NOTYPE	..lin.44a70803..9cb1de0a.0_36	0
0x219afe	NOTYPE	..lin.44a70803..9cb1de0a.0_37	0
0x219b02	NOTYPE	..lin.44a70803..9cb1de0a.0_38	0
0x219b14	NOTYPE	..lin.44a70803..9cb1de0a.0_39	0
0x219b2b	NOTYPE	..lin.44a70803..9cb1de0a.0_40	0
0x219b2d	FUNC	UnmapAffinityGroup	228
0x219b35	NOTYPE	..lin.44a70803..eb2ae0cd.0_41	0
0x219b4a	NOTYPE	..lin.44a70803..eb2ae0cd.0_42	0
0x219b66	NOTYPE	..lin.44a70803..eb2ae0cd.0_43	0
0x219b6a	NOTYPE	..lin.44a70803..eb2ae0cd.0_44	0
0x219b7f	NOTYPE	..lin.44a70803..eb2ae0cd.0_45	0
0x219b91	NOTYPE	..lin.44a70803..eb2ae0cd.0_46	0
0x219b95	NOTYPE	..lin.44a70803..eb2ae0cd.0_47	0
0x219baa	NOTYPE	..lin.44a70803..eb2ae0cd.0_48	0
0x219bbe	NOTYPE	..lin.44a70803..eb2ae0cd.0_49	0
0x219bc6	NOTYPE	..lin.44a70803..eb2ae0cd.0_50	0
0x219bda	NOTYPE	..lin.44a70803..eb2ae0cd.0_51	0
0x219c09	NOTYPE	..lin.44a70803..eb2ae0cd.0_52	0
0x219c0f	NOTYPE	..lin.44a70803..eb2ae0cd.0_53	0
0x219c11	FUNC	GetASAffinityGroup	19
0x219c23	NOTYPE	..lin.44a70803..f28bdac0.0_54	0
0x219c24	FUNC	IsTaskSchedulable...2Fhome.2Fmal.2Fgm_release.2FMY22.2D026.2Ffinal.2Fiot.2Frtos.2Flibs.2Fgm.2Di35.2Frel.2Fwork.2Flibkernel.2Flibkernel.2Ftump.	126
0x219c3b	NOTYPE	..lin.44a70803..779c4830.0_55	0
0x219c4e	NOTYPE	..lin.44a70803..779c4830.0_56	0
0x219c54	NOTYPE	..lin.44a70803..779c4830.0_57	0
0x219c60	NOTYPE	..lin.44a70803..779c4830.0_58	0
0x219c6a	NOTYPE	..lin.44a70803..779c4830.0_59	0
0x219c86	NOTYPE	..lin.44a70803..779c4830.0_60	0
0x219c8c	NOTYPE	..lin.44a70803..779c4830.0_61	0
0x219c9e	NOTYPE	..lin.44a70803..779c4830.0_62	0
0x219ca2	FUNC	DispatchOffCpu	104
0x219caa	NOTYPE	..lin.44a70803..608b0878.0_63	0
0x219cc8	NOTYPE	..lin.44a70803..608b0878.0_64	0
0x219cda	NOTYPE	..lin.44a70803..608b0878.0_65	0
0x219ce0	NOTYPE	..lin.44a70803..608b0878.0_66	0
0x219cf0	NOTYPE	..lin.44a70803..608b0878.0_67	0
0x219cfc	NOTYPE	..lin.44a70803..608b0878.0_68	0
0x219d06	NOTYPE	..lin.44a70803..608b0878.0_69	0
0x219d0a	FUNC	ForwardAlarm	121
0x219d1e	NOTYPE	..lin.44a70803..3b67bfe7.0_70	0
0x219d20	NOTYPE	..lin.44a70803..3b67bfe7.0_71	0
0x219d28	NOTYPE	..lin.44a70803..3b67bfe7.0_72	0
0x219d43	NOTYPE	..lin.44a70803..3b67bfe7.0_73	0
0x219d4c	NOTYPE	..lin.44a70803..3b67bfe7.0_74	0
0x219d59	NOTYPE	..lin.44a70803..3b67bfe7.0_75	0
0x219d5b	NOTYPE	..lin.44a70803..3b67bfe7.0_76	0
0x219d71	NOTYPE	..lin.44a70803..3b67bfe7.0_77	0
0x219d77	NOTYPE	..lin.44a70803..3b67bfe7.0_78	0
0x219d83	FUNC	AssignTaskToCpu	208
0x219db1	NOTYPE	..lin.44a70803..1e71e6a8.0_79	0
0x219db7	NOTYPE	..lin.44a70803..1e71e6a8.0_80	0
0x219dc4	NOTYPE	..lin.44a70803..1e71e6a8.0_81	0
0x219dce	NOTYPE	..lin.44a70803..1e71e6a8.0_82	0
0x219dd8	NOTYPE	..lin.44a70803..1e71e6a8.0_83	0
0x219de5	NOTYPE	..lin.44a70803..1e71e6a8.0_84	0
0x219df4	NOTYPE	..lin.44a70803..1e71e6a8.0_85	0
0x219dfd	NOTYPE	..lin.44a70803..1e71e6a8.0_86	0
0x219e02	NOTYPE	..lin.44a70803..1e71e6a8.0_87	0
0x219e0f	NOTYPE	..lin.44a70803..1e71e6a8.0_88	0
0x219e14	NOTYPE	..lin.44a70803..1e71e6a8.0_89	0
0x219e1c	NOTYPE	..lin.44a70803..1e71e6a8.0_90	0
0x219e2c	NOTYPE	..lin.44a70803..1e71e6a8.0_91	0
0x219e49	NOTYPE	..lin.44a70803..1e71e6a8.0_92	0
0x219e53	FUNC	IsTaskBetter	198
0x219e6d	NOTYPE	..lin.44a70803..9cd0029a.0_93	0
0x219e72	NOTYPE	..lin.44a70803..9cd0029a.0_94	0
0x219e7c	NOTYPE	..lin.44a70803..9cd0029a.0_95	0
0x219e82	NOTYPE	..lin.44a70803..9cd0029a.0_96	0
0x219e8b	NOTYPE	..lin.44a70803..9cd0029a.0_97	0
0x219ea0	NOTYPE	..lin.44a70803..9cd0029a.0_98	0
0x219ead	NOTYPE	..lin.44a70803..9cd0029a.0_99	0
0x219ec1	NOTYPE	..lin.44a70803..9cd0029a.0_100	0
0x219ec6	NOTYPE	..lin.44a70803..9cd0029a.0_101	0
0x219eda	NOTYPE	..lin.44a70803..9cd0029a.0_102	0
0x219edf	NOTYPE	..lin.44a70803..9cd0029a.0_103	0
0x219efe	NOTYPE	..lin.44a70803..9cd0029a.0_104	0
0x219f12	NOTYPE	..lin.44a70803..9cd0029a.0_105	0
0x219f19	FUNC	LowestPriorityTaskCpu...2Fhome.2Fmal.2Fgm_release.2FMY22.2D026.2Ffinal.2Fiot.2Frtos.2Flibs.2Fgm.2Di35.2Frel.2Fwork.2Flibkernel.2Flibkernel.2Ftump.	126
0x219f2a	NOTYPE	..lin.44a70803..74d36c20.0_106	0
0x219f32	NOTYPE	..lin.44a70803..74d36c20.0_107	0
0x219f48	NOTYPE	..lin.44a70803..74d36c20.0_108	0
0x219f4e	NOTYPE	..lin.44a70803..74d36c20.0_109	0
0x219f53	NOTYPE	..lin.44a70803..74d36c20.0_110	0
0x219f68	NOTYPE	..lin.44a70803..74d36c20.0_111	0
0x219f84	NOTYPE	..lin.44a70803..74d36c20.0_112	0
0x219f8a	NOTYPE	..lin.44a70803..74d36c20.0_113	0
0x219f97	FUNC	FindCpuForTask	485
0x219fc4	NOTYPE	..lin.44a70803..59d2568.0_114	0
0x219fd0	NOTYPE	..lin.44a70803..59d2568.0_115	0
0x219fd5	NOTYPE	..lin.44a70803..59d2568.0_116	0
0x219fde	NOTYPE	..lin.44a70803..59d2568.0_117	0
0x219fe5	NOTYPE	..lin.44a70803..59d2568.0_118	0
0x21a000	NOTYPE	..lin.44a70803..59d2568.0_119	0
0x21a029	NOTYPE	..lin.44a70803..59d2568.0_120	0
0x21a03e	NOTYPE	..lin.44a70803..59d2568.0_121	0
0x21a04d	NOTYPE	..lin.44a70803..59d2568.0_122	0
0x21a061	NOTYPE	..lin.44a70803..59d2568.0_123	0
0x21a071	NOTYPE	..lin.44a70803..59d2568.0_124	0
0x21a07a	NOTYPE	..lin.44a70803..59d2568.0_125	0
0x21a088	NOTYPE	..lin.44a70803..59d2568.0_126	0
0x21a096	NOTYPE	..lin.44a70803..59d2568.0_127	0
0x21a0b8	NOTYPE	..lin.44a70803..59d2568.0_128	0
0x21a0cd	NOTYPE	..lin.44a70803..59d2568.0_129	0
0x21a0dd	NOTYPE	..lin.44a70803..59d2568.0_130	0
0x21a0f1	NOTYPE	..lin.44a70803..59d2568.0_131	0
0x21a101	NOTYPE	..lin.44a70803..59d2568.0_132	0
0x21a109	NOTYPE	..lin.44a70803..59d2568.0_133	0
0x21a117	NOTYPE	..lin.44a70803..59d2568.0_134	0
0x21a139	NOTYPE	..lin.44a70803..59d2568.0_135	0
0x21a14e	NOTYPE	..lin.44a70803..59d2568.0_136	0
0x21a15a	NOTYPE	..lin.44a70803..59d2568.0_137	0
0x21a16a	NOTYPE	..lin.44a70803..59d2568.0_138	0
0x21a17c	FUNC	HighestReadyTask...2Fhome.2Fmal.2Fgm_release.2FMY22.2D026.2Ffinal.2Fiot.2Frtos.2Flibs.2Fgm.2Di35.2Frel.2Fwork.2Flibkernel.2Flibkernel.2Ftump.	72
0x21a185	NOTYPE	..lin.44a70803..ea97a0d9.0_139	0
0x21a189	NOTYPE	..lin.44a70803..ea97a0d9.0_140	0
0x21a199	NOTYPE	..lin.44a70803..ea97a0d9.0_141	0
0x21a1a9	NOTYPE	..lin.44a70803..ea97a0d9.0_142	0
0x21a1c3	NOTYPE	..lin.44a70803..ea97a0d9.0_143	0
0x21a1c4	FUNC	HighestReadyTaskForBackground...2Fhome.2Fmal.2Fgm_release.2FMY22.2D026.2Ffinal.2Fiot.2Frtos.2Flibs.2Fgm.2Di35.2Frel.2Fwork.2Flibkernel.2Flibkernel.2Ftump.	133
0x21a1cd	NOTYPE	..lin.44a70803..86b55ae0.0_144	0
0x21a1df	NOTYPE	..lin.44a70803..86b55ae0.0_145	0
0x21a1e7	NOTYPE	..lin.44a70803..86b55ae0.0_146	0
0x21a1ec	NOTYPE	..lin.44a70803..86b55ae0.0_147	0
0x21a203	NOTYPE	..lin.44a70803..86b55ae0.0_148	0
0x21a209	NOTYPE	..lin.44a70803..86b55ae0.0_149	0
0x21a22e	NOTYPE	..lin.44a70803..86b55ae0.0_150	0
0x21a230	NOTYPE	..lin.44a70803..86b55ae0.0_151	0
0x21a23a	NOTYPE	..lin.44a70803..86b55ae0.0_152	0
0x21a240	NOTYPE	..lin.44a70803..86b55ae0.0_153	0
0x21a244	NOTYPE	..lin.44a70803..86b55ae0.0_154	0
0x21a249	FUNC	HighestReadyGlobalTask	336
0x21a267	NOTYPE	..lin.44a70803..36ff9cca.0_155	0
0x21a288	NOTYPE	..lin.44a70803..36ff9cca.0_156	0
0x21a28c	NOTYPE	..lin.44a70803..36ff9cca.0_157	0
0x21a2a0	NOTYPE	..lin.44a70803..36ff9cca.0_158	0
0x21a2aa	NOTYPE	..lin.44a70803..36ff9cca.0_159	0
0x21a2b0	NOTYPE	..lin.44a70803..36ff9cca.0_160	0
0x21a2b8	NOTYPE	..lin.44a70803..36ff9cca.0_161	0
0x21a2c7	NOTYPE	..lin.44a70803..36ff9cca.0_162	0
0x21a2d5	NOTYPE	..lin.44a70803..36ff9cca.0_163	0
0x21a2d9	NOTYPE	..lin.44a70803..36ff9cca.0_164	0
0x21a2e9	NOTYPE	..lin.44a70803..36ff9cca.0_165	0
0x21a2ee	NOTYPE	..lin.44a70803..36ff9cca.0_166	0
0x21a2fd	NOTYPE	..lin.44a70803..36ff9cca.0_167	0
0x21a30b	NOTYPE	..lin.44a70803..36ff9cca.0_168	0
0x21a311	NOTYPE	..lin.44a70803..36ff9cca.0_169	0
0x21a31f	NOTYPE	..lin.44a70803..36ff9cca.0_170	0
0x21a323	NOTYPE	..lin.44a70803..36ff9cca.0_171	0
0x21a337	NOTYPE	..lin.44a70803..36ff9cca.0_172	0
0x21a344	NOTYPE	..lin.44a70803..36ff9cca.0_173	0
0x21a353	NOTYPE	..lin.44a70803..36ff9cca.0_174	0
0x21a361	NOTYPE	..lin.44a70803..36ff9cca.0_175	0
0x21a363	NOTYPE	..lin.44a70803..36ff9cca.0_176	0
0x21a37a	NOTYPE	..lin.44a70803..36ff9cca.0_177	0
0x21a38c	NOTYPE	..lin.44a70803..36ff9cca.0_178	0
0x21a399	FUNC	HighestReadyAffinityTask	314
0x21a3c2	NOTYPE	..lin.44a70803..1f30e2b3.0_179	0
0x21a3e3	NOTYPE	..lin.44a70803..1f30e2b3.0_180	0
0x21a3e8	NOTYPE	..lin.44a70803..1f30e2b3.0_181	0
0x21a3fc	NOTYPE	..lin.44a70803..1f30e2b3.0_182	0
0x21a40b	NOTYPE	..lin.44a70803..1f30e2b3.0_183	0
0x21a418	NOTYPE	..lin.44a70803..1f30e2b3.0_184	0
0x21a427	NOTYPE	..lin.44a70803..1f30e2b3.0_185	0
0x21a436	NOTYPE	..lin.44a70803..1f30e2b3.0_186	0
0x21a43c	NOTYPE	..lin.44a70803..1f30e2b3.0_187	0
0x21a44a	NOTYPE	..lin.44a70803..1f30e2b3.0_188	0
0x21a44f	NOTYPE	..lin.44a70803..1f30e2b3.0_189	0
0x21a463	NOTYPE	..lin.44a70803..1f30e2b3.0_190	0
0x21a47c	NOTYPE	..lin.44a70803..1f30e2b3.0_191	0
0x21a48b	NOTYPE	..lin.44a70803..1f30e2b3.0_192	0
0x21a49a	NOTYPE	..lin.44a70803..1f30e2b3.0_193	0
0x21a49c	NOTYPE	..lin.44a70803..1f30e2b3.0_194	0
0x21a4c5	NOTYPE	..lin.44a70803..1f30e2b3.0_195	0
0x21a4d3	FUNC	RecomputeMaxPriorityForCpu	349
0x21a509	NOTYPE	..lin.44a70803..92f390d0.0_196	0
0x21a516	NOTYPE	..lin.44a70803..92f390d0.0_197	0
0x21a51e	NOTYPE	..lin.44a70803..92f390d0.0_198	0
0x21a525	NOTYPE	..lin.44a70803..92f390d0.0_199	0
0x21a52d	NOTYPE	..lin.44a70803..92f390d0.0_200	0
0x21a54a	NOTYPE	..lin.44a70803..92f390d0.0_201	0
0x21a560	NOTYPE	..lin.44a70803..92f390d0.0_202	0
0x21a562	NOTYPE	..lin.44a70803..92f390d0.0_203	0
0x21a56f	NOTYPE	..lin.44a70803..92f390d0.0_204	0
0x21a574	NOTYPE	..lin.44a70803..92f390d0.0_205	0
0x21a58a	NOTYPE	..lin.44a70803..92f390d0.0_206	0
0x21a594	NOTYPE	..lin.44a70803..92f390d0.0_207	0
0x21a5a0	NOTYPE	..lin.44a70803..92f390d0.0_208	0
0x21a5af	NOTYPE	..lin.44a70803..92f390d0.0_209	0
0x21a5ca	NOTYPE	..lin.44a70803..92f390d0.0_210	0
0x21a5d1	NOTYPE	..lin.44a70803..92f390d0.0_211	0
0x21a5e4	NOTYPE	..lin.44a70803..92f390d0.0_212	0
0x21a5e9	NOTYPE	..lin.44a70803..92f390d0.0_213	0
0x21a5f9	NOTYPE	..lin.44a70803..92f390d0.0_214	0
0x21a608	NOTYPE	..lin.44a70803..92f390d0.0_215	0
0x21a615	NOTYPE	..lin.44a70803..92f390d0.0_216	0
0x21a625	NOTYPE	..lin.44a70803..92f390d0.0_217	0
0x21a630	FUNC	SetupTaskAffinities	174
0x21a640	NOTYPE	..lin.44a70803..73eff5eb.0_218	0
0x21a645	NOTYPE	..lin.44a70803..73eff5eb.0_219	0
0x21a64d	NOTYPE	..lin.44a70803..73eff5eb.0_220	0
0x21a673	NOTYPE	..lin.44a70803..73eff5eb.0_221	0
0x21a67d	NOTYPE	..lin.44a70803..73eff5eb.0_222	0
0x21a6a8	NOTYPE	..lin.44a70803..73eff5eb.0_223	0
0x21a6bd	NOTYPE	..lin.44a70803..73eff5eb.0_224	0
0x21a6d5	NOTYPE	..lin.44a70803..73eff5eb.0_225	0
0x21a6de	FUNC	CheckAddressSpaceList	61
0x21a6ee	NOTYPE	..lin.44a70803..62036a11.0_226	0
0x21a702	NOTYPE	..lin.44a70803..62036a11.0_227	0
0x21a70c	NOTYPE	..lin.44a70803..62036a11.0_228	0
0x21a715	NOTYPE	..lin.44a70803..62036a11.0_229	0
0x21a71b	FUNC	CheckAffinityGroup	107
0x21a72c	NOTYPE	..lin.44a70803..7925baca.0_230	0
0x21a732	NOTYPE	..lin.44a70803..7925baca.0_231	0
0x21a73c	NOTYPE	..lin.44a70803..7925baca.0_232	0
0x21a748	NOTYPE	..lin.44a70803..7925baca.0_233	0
0x21a74e	NOTYPE	..lin.44a70803..7925baca.0_234	0
0x21a758	NOTYPE	..lin.44a70803..7925baca.0_235	0
0x21a75d	NOTYPE	..lin.44a70803..7925baca.0_236	0
0x21a769	NOTYPE	..lin.44a70803..7925baca.0_237	0
0x21a76d	NOTYPE	..lin.44a70803..7925baca.0_238	0
0x21a777	NOTYPE	..lin.44a70803..7925baca.0_239	0
0x21a781	NOTYPE	..lin.44a70803..7925baca.0_240	0
0x21a786	FUNC	CheckTaskTable	74
0x21a78b	NOTYPE	..lin.44a70803..b208715e.0_241	0
0x21a7aa	NOTYPE	..lin.44a70803..b208715e.0_242	0
0x21a7b0	NOTYPE	..lin.44a70803..b208715e.0_243	0
0x21a7ba	NOTYPE	..lin.44a70803..b208715e.0_244	0
0x21a7ce	NOTYPE	..lin.44a70803..b208715e.0_245	0
0x21a7d0	FUNC	CheckCoreAGTable	98
0x21a7d9	NOTYPE	..lin.44a70803..c112b8bc.0_246	0
0x21a7f6	NOTYPE	..lin.44a70803..c112b8bc.0_247	0
0x21a7fd	NOTYPE	..lin.44a70803..c112b8bc.0_248	0
0x21a801	NOTYPE	..lin.44a70803..c112b8bc.0_249	0
0x21a80b	NOTYPE	..lin.44a70803..c112b8bc.0_250	0
0x21a819	NOTYPE	..lin.44a70803..c112b8bc.0_251	0
0x21a823	NOTYPE	..lin.44a70803..c112b8bc.0_252	0
0x21a82d	NOTYPE	..lin.44a70803..c112b8bc.0_253	0
0x21a832	FUNC	TuMPBarrier	48
0x21a851	NOTYPE	..lin.44a70803..27c16072.0_254	0
0x21a860	NOTYPE	..lin.44a70803..27c16072.0_255	0
0x21a862	FUNC	SchedulerSync	398
0x21a878	NOTYPE	..lin.44a70803..c4d90141.0_256	0
0x21a88b	NOTYPE	..lin.44a70803..c4d90141.0_257	0
0x21a893	NOTYPE	..lin.44a70803..c4d90141.0_258	0
0x21a8a3	NOTYPE	..lin.44a70803..c4d90141.0_259	0
0x21a8b3	NOTYPE	..lin.44a70803..c4d90141.0_260	0
0x21a8b8	NOTYPE	..lin.44a70803..c4d90141.0_261	0
0x21a8c0	NOTYPE	..lin.44a70803..c4d90141.0_262	0
0x21a8d4	NOTYPE	..lin.44a70803..c4d90141.0_263	0
0x21a905	NOTYPE	..lin.44a70803..c4d90141.0_264	0
0x21a90f	NOTYPE	..lin.44a70803..c4d90141.0_265	0
0x21a91f	NOTYPE	..lin.44a70803..c4d90141.0_266	0
0x21a92f	NOTYPE	..lin.44a70803..c4d90141.0_267	0
0x21a946	NOTYPE	..lin.44a70803..c4d90141.0_268	0
0x21a959	NOTYPE	..lin.44a70803..c4d90141.0_269	0
0x21a95e	NOTYPE	..lin.44a70803..c4d90141.0_270	0
0x21a96e	NOTYPE	..lin.44a70803..c4d90141.0_271	0
0x21a975	NOTYPE	..lin.44a70803..c4d90141.0_272	0
0x21a985	NOTYPE	..lin.44a70803..c4d90141.0_273	0
0x21a98a	NOTYPE	..lin.44a70803..c4d90141.0_274	0
0x21a99a	NOTYPE	..lin.44a70803..c4d90141.0_275	0
0x21a9c7	NOTYPE	..lin.44a70803..c4d90141.0_276	0
0x21a9d4	NOTYPE	..lin.44a70803..c4d90141.0_277	0
0x21a9e0	NOTYPE	..lin.44a70803..c4d90141.0_278	0
0x21a9ea	NOTYPE	..lin.44a70803..c4d90141.0_279	0
0x21a9f0	FUNC	KernelGetASProcessorAffinity	58
0x21a9f6	NOTYPE	..lin.44a70803..544d6a54.0_280	0
0x21aa19	NOTYPE	..lin.44a70803..544d6a54.0_281	0
0x21aa21	NOTYPE	..lin.44a70803..544d6a54.0_282	0
0x21aa2a	FUNC	InitializeAlarmForwarding	44
0x21aa54	NOTYPE	..lin.44a70803..1dfe3137.0_283	0
0x21aa56	FUNC	IPIHandler	256
0x21aa78	NOTYPE	..lin.44a70803..b2fef7a5.0_284	0
0x21aa7d	NOTYPE	..lin.44a70803..b2fef7a5.0_285	0
0x21aa8d	NOTYPE	..lin.44a70803..b2fef7a5.0_286	0
0x21aa9b	NOTYPE	..lin.44a70803..b2fef7a5.0_287	0
0x21aacc	NOTYPE	..lin.44a70803..b2fef7a5.0_288	0
0x21aace	NOTYPE	..lin.44a70803..b2fef7a5.0_289	0
0x21aada	NOTYPE	..lin.44a70803..b2fef7a5.0_290	0
0x21aadc	NOTYPE	..lin.44a70803..b2fef7a5.0_291	0
0x21aaec	NOTYPE	..lin.44a70803..b2fef7a5.0_292	0
0x21aaf3	NOTYPE	..lin.44a70803..b2fef7a5.0_293	0
0x21aafa	NOTYPE	..lin.44a70803..b2fef7a5.0_294	0
0x21ab11	NOTYPE	..lin.44a70803..b2fef7a5.0_295	0
0x21ab13	NOTYPE	..lin.44a70803..b2fef7a5.0_296	0
0x21ab18	NOTYPE	..lin.44a70803..b2fef7a5.0_297	0
0x21ab1a	NOTYPE	..lin.44a70803..b2fef7a5.0_298	0
0x21ab38	NOTYPE	..lin.44a70803..b2fef7a5.0_299	0
0x21ab3e	NOTYPE	..lin.44a70803..b2fef7a5.0_300	0
0x21ab48	NOTYPE	..lin.44a70803..b2fef7a5.0_301	0
0x21ab52	NOTYPE	..lin.44a70803..b2fef7a5.0_302	0
0x21ab58	FUNC	MapLock	19
0x21ab6a	NOTYPE	..lin.44a28a26..155e930c.0_1	0
0x21ab6b	FUNC	InitializeLocks	277
0x21ab82	NOTYPE	..lin.44a28a26..415c9c93.0_2	0
0x21ab86	NOTYPE	..lin.44a28a26..415c9c93.0_3	0
0x21ab8c	NOTYPE	..lin.44a28a26..415c9c93.0_4	0
0x21aba0	NOTYPE	..lin.44a28a26..415c9c93.0_5	0
0x21aba5	NOTYPE	..lin.44a28a26..415c9c93.0_6	0
0x21aba7	NOTYPE	..lin.44a28a26..415c9c93.0_7	0
0x21abaf	NOTYPE	..lin.44a28a26..415c9c93.0_8	0
0x21abb9	NOTYPE	..lin.44a28a26..415c9c93.0_9	0
0x21abc0	NOTYPE	..lin.44a28a26..415c9c93.0_10	0
0x21abda	NOTYPE	..lin.44a28a26..415c9c93.0_11	0
0x21abee	NOTYPE	..lin.44a28a26..415c9c93.0_12	0
0x21abf9	NOTYPE	..lin.44a28a26..415c9c93.0_13	0
0x21ac0e	NOTYPE	..lin.44a28a26..415c9c93.0_14	0
0x21ac50	NOTYPE	..lin.44a28a26..415c9c93.0_15	0
0x21ac65	NOTYPE	..lin.44a28a26..415c9c93.0_16	0
0x21ac75	NOTYPE	..lin.44a28a26..415c9c93.0_17	0
0x21ac7a	NOTYPE	..lin.44a28a26..415c9c93.0_18	0
0x21ac80	FUNC	DecrementLockQuantum	69
0x21ac8f	NOTYPE	..lin.44a28a26..b4bb9530.0_19	0
0x21aca0	NOTYPE	..lin.44a28a26..b4bb9530.0_20	0
0x21acb2	NOTYPE	..lin.44a28a26..b4bb9530.0_21	0
0x21acb8	NOTYPE	..lin.44a28a26..b4bb9530.0_22	0
0x21acc5	FUNC	ResetLockQuantum	91
0x21acc8	NOTYPE	..lin.44a28a26..c58fad9c.0_23	0
0x21acd7	NOTYPE	..lin.44a28a26..c58fad9c.0_24	0
0x21ace5	NOTYPE	..lin.44a28a26..c58fad9c.0_25	0
0x21ad01	NOTYPE	..lin.44a28a26..c58fad9c.0_26	0
0x21ad07	NOTYPE	..lin.44a28a26..c58fad9c.0_27	0
0x21ad1e	NOTYPE	..lin.44a28a26..c58fad9c.0_28	0
0x21ad20	FUNC	BuildLocks	507
0x21ad4c	NOTYPE	..lin.44a28a26..ccba9791.0_29	0
0x21ad51	NOTYPE	..lin.44a28a26..ccba9791.0_30	0
0x21ad59	NOTYPE	..lin.44a28a26..ccba9791.0_31	0
0x21ad72	NOTYPE	..lin.44a28a26..ccba9791.0_32	0
0x21ad77	NOTYPE	..lin.44a28a26..ccba9791.0_33	0
0x21ad83	NOTYPE	..lin.44a28a26..ccba9791.0_34	0
0x21ad93	NOTYPE	..lin.44a28a26..ccba9791.0_35	0
0x21adb9	NOTYPE	..lin.44a28a26..ccba9791.0_36	0
0x21add7	NOTYPE	..lin.44a28a26..ccba9791.0_37	0
0x21adf0	NOTYPE	..lin.44a28a26..ccba9791.0_38	0
0x21adf4	NOTYPE	..lin.44a28a26..ccba9791.0_39	0
0x21ae27	NOTYPE	..lin.44a28a26..ccba9791.0_40	0
0x21ae48	NOTYPE	..lin.44a28a26..ccba9791.0_41	0
0x21ae53	NOTYPE	..lin.44a28a26..ccba9791.0_42	0
0x21ae58	NOTYPE	..lin.44a28a26..ccba9791.0_43	0
0x21ae61	NOTYPE	..lin.44a28a26..ccba9791.0_44	0
0x21ae6c	NOTYPE	..lin.44a28a26..ccba9791.0_45	0
0x21ae90	NOTYPE	..lin.44a28a26..ccba9791.0_46	0
0x21ae97	NOTYPE	..lin.44a28a26..ccba9791.0_47	0
0x21aeb4	NOTYPE	..lin.44a28a26..ccba9791.0_48	0
0x21aed7	NOTYPE	..lin.44a28a26..ccba9791.0_49	0
0x21aee3	NOTYPE	..lin.44a28a26..ccba9791.0_50	0
0x21aef7	NOTYPE	..lin.44a28a26..ccba9791.0_51	0
0x21af03	NOTYPE	..lin.44a28a26..ccba9791.0_52	0
0x21af10	NOTYPE	..lin.44a28a26..ccba9791.0_53	0
0x21af1b	FUNC	GetNextLockCounter	5
0x21af20	NOTYPE	..lin.44a28a26..b66f7f6d.0_54	0
0x21af20	FUNC	GetLockPriority...2Fhome.2Fmal.2Fgm_release.2FMY22.2D026.2Ffinal.2Fiot.2Frtos.2Flibs.2Fgm.2Di35.2Frel.2Fwork.2Flibkernel.2Flibkernel.2Flock.	174
0x21af35	NOTYPE	..lin.44a28a26..edef8890.0_55	0
0x21af49	NOTYPE	..lin.44a28a26..edef8890.0_56	0
0x21af62	NOTYPE	..lin.44a28a26..edef8890.0_57	0
0x21af69	NOTYPE	..lin.44a28a26..edef8890.0_58	0
0x21af70	NOTYPE	..lin.44a28a26..edef8890.0_59	0
0x21af7d	NOTYPE	..lin.44a28a26..edef8890.0_60	0
0x21af91	NOTYPE	..lin.44a28a26..edef8890.0_61	0
0x21af9d	NOTYPE	..lin.44a28a26..edef8890.0_62	0
0x21afa9	NOTYPE	..lin.44a28a26..edef8890.0_63	0
0x21afb0	NOTYPE	..lin.44a28a26..edef8890.0_64	0
0x21afb9	NOTYPE	..lin.44a28a26..edef8890.0_65	0
0x21afc5	NOTYPE	..lin.44a28a26..edef8890.0_66	0
0x21afce	FUNC	GetLockOrder...2Fhome.2Fmal.2Fgm_release.2FMY22.2D026.2Ffinal.2Fiot.2Frtos.2Flibs.2Fgm.2Di35.2Frel.2Fwork.2Flibkernel.2Flibkernel.2Flock.	87
0x21afd7	NOTYPE	..lin.44a28a26..282f0daa.0_67	0
0x21afeb	NOTYPE	..lin.44a28a26..282f0daa.0_68	0
0x21aff8	NOTYPE	..lin.44a28a26..282f0daa.0_69	0
0x21b005	NOTYPE	..lin.44a28a26..282f0daa.0_70	0
0x21b012	NOTYPE	..lin.44a28a26..282f0daa.0_71	0
0x21b024	NOTYPE	..lin.44a28a26..282f0daa.0_72	0
0x21b025	FUNC	IsContenderBetter...2Fhome.2Fmal.2Fgm_release.2FMY22.2D026.2Ffinal.2Fiot.2Frtos.2Flibs.2Fgm.2Di35.2Frel.2Fwork.2Flibkernel.2Flibkernel.2Flock.	371
0x21b048	NOTYPE	..lin.44a28a26..825fbae9.0_73	0
0x21b04f	NOTYPE	..lin.44a28a26..825fbae9.0_74	0
0x21b055	NOTYPE	..lin.44a28a26..825fbae9.0_75	0
0x21b05d	NOTYPE	..lin.44a28a26..825fbae9.0_76	0
0x21b063	NOTYPE	..lin.44a28a26..825fbae9.0_77	0
0x21b06e	NOTYPE	..lin.44a28a26..825fbae9.0_78	0
0x21b07b	NOTYPE	..lin.44a28a26..825fbae9.0_79	0
0x21b087	NOTYPE	..lin.44a28a26..825fbae9.0_80	0
0x21b0a2	NOTYPE	..lin.44a28a26..825fbae9.0_81	0
0x21b0d1	NOTYPE	..lin.44a28a26..825fbae9.0_82	0
0x21b0de	NOTYPE	..lin.44a28a26..825fbae9.0_83	0
0x21b0e7	NOTYPE	..lin.44a28a26..825fbae9.0_84	0
0x21b0fc	NOTYPE	..lin.44a28a26..825fbae9.0_85	0
0x21b110	NOTYPE	..lin.44a28a26..825fbae9.0_86	0
0x21b116	NOTYPE	..lin.44a28a26..825fbae9.0_87	0
0x21b12b	NOTYPE	..lin.44a28a26..825fbae9.0_88	0
0x21b13c	NOTYPE	..lin.44a28a26..825fbae9.0_89	0
0x21b149	NOTYPE	..lin.44a28a26..825fbae9.0_90	0
0x21b152	NOTYPE	..lin.44a28a26..825fbae9.0_91	0
0x21b161	NOTYPE	..lin.44a28a26..825fbae9.0_92	0
0x21b16c	NOTYPE	..lin.44a28a26..825fbae9.0_93	0
0x21b176	NOTYPE	..lin.44a28a26..825fbae9.0_94	0
0x21b180	NOTYPE	..lin.44a28a26..825fbae9.0_95	0
0x21b187	NOTYPE	..lin.44a28a26..825fbae9.0_96	0
0x21b18d	NOTYPE	..lin.44a28a26..825fbae9.0_97	0
0x21b198	FUNC	AGHighestPriorityContender...2Fhome.2Fmal.2Fgm_release.2FMY22.2D026.2Ffinal.2Fiot.2Frtos.2Flibs.2Fgm.2Di35.2Frel.2Fwork.2Flibkernel.2Flibkernel.2Flock.	119
0x21b1af	NOTYPE	..lin.44a28a26..19522ddd.0_98	0
0x21b1b7	NOTYPE	..lin.44a28a26..19522ddd.0_99	0
0x21b1cb	NOTYPE	..lin.44a28a26..19522ddd.0_100	0
0x21b1e4	NOTYPE	..lin.44a28a26..19522ddd.0_101	0
0x21b1fd	NOTYPE	..lin.44a28a26..19522ddd.0_102	0
0x21b203	NOTYPE	..lin.44a28a26..19522ddd.0_103	0
0x21b20f	FUNC	HighestPriorityContender	503
0x21b25e	NOTYPE	..lin.44a28a26..71c697f5.0_104	0
0x21b260	NOTYPE	..lin.44a28a26..71c697f5.0_105	0
0x21b267	NOTYPE	..lin.44a28a26..71c697f5.0_106	0
0x21b271	NOTYPE	..lin.44a28a26..71c697f5.0_107	0
0x21b278	NOTYPE	..lin.44a28a26..71c697f5.0_108	0
0x21b281	NOTYPE	..lin.44a28a26..71c697f5.0_109	0
0x21b296	NOTYPE	..lin.44a28a26..71c697f5.0_110	0
0x21b2ac	NOTYPE	..lin.44a28a26..71c697f5.0_111	0
0x21b2c5	NOTYPE	..lin.44a28a26..71c697f5.0_112	0
0x21b2da	NOTYPE	..lin.44a28a26..71c697f5.0_113	0
0x21b2f0	NOTYPE	..lin.44a28a26..71c697f5.0_114	0
0x21b2f9	NOTYPE	..lin.44a28a26..71c697f5.0_115	0
0x21b303	NOTYPE	..lin.44a28a26..71c697f5.0_116	0
0x21b309	NOTYPE	..lin.44a28a26..71c697f5.0_117	0
0x21b310	NOTYPE	..lin.44a28a26..71c697f5.0_118	0
0x21b328	NOTYPE	..lin.44a28a26..71c697f5.0_119	0
0x21b331	NOTYPE	..lin.44a28a26..71c697f5.0_120	0
0x21b33b	NOTYPE	..lin.44a28a26..71c697f5.0_121	0
0x21b350	NOTYPE	..lin.44a28a26..71c697f5.0_122	0
0x21b357	NOTYPE	..lin.44a28a26..71c697f5.0_123	0
0x21b361	NOTYPE	..lin.44a28a26..71c697f5.0_124	0
0x21b367	NOTYPE	..lin.44a28a26..71c697f5.0_125	0
0x21b388	NOTYPE	..lin.44a28a26..71c697f5.0_126	0
0x21b3a1	NOTYPE	..lin.44a28a26..71c697f5.0_127	0
0x21b3be	NOTYPE	..lin.44a28a26..71c697f5.0_128	0
0x21b3c4	NOTYPE	..lin.44a28a26..71c697f5.0_129	0
0x21b3dd	NOTYPE	..lin.44a28a26..71c697f5.0_130	0
0x21b3f7	NOTYPE	..lin.44a28a26..71c697f5.0_131	0
0x21b406	FUNC	ReleaseLock	46
0x21b41b	NOTYPE	..lin.44a28a26..d421446f.0_132	0
0x21b42f	NOTYPE	..lin.44a28a26..d421446f.0_133	0
0x21b434	FUNC	AcquireLock...2Fhome.2Fmal.2Fgm_release.2FMY22.2D026.2Ffinal.2Fiot.2Frtos.2Flibs.2Fgm.2Di35.2Frel.2Fwork.2Flibkernel.2Flibkernel.2Flock.	514
0x21b45a	NOTYPE	..lin.44a28a26..60ec5958.0_134	0
0x21b474	NOTYPE	..lin.44a28a26..60ec5958.0_135	0
0x21b47d	NOTYPE	..lin.44a28a26..60ec5958.0_136	0
0x21b492	NOTYPE	..lin.44a28a26..60ec5958.0_137	0
0x21b4a9	NOTYPE	..lin.44a28a26..60ec5958.0_138	0
0x21b4c9	NOTYPE	..lin.44a28a26..60ec5958.0_139	0
0x21b4cb	NOTYPE	..lin.44a28a26..60ec5958.0_140	0
0x21b4f3	NOTYPE	..lin.44a28a26..60ec5958.0_141	0
0x21b4fb	NOTYPE	..lin.44a28a26..60ec5958.0_142	0
0x21b511	NOTYPE	..lin.44a28a26..60ec5958.0_143	0
0x21b51d	NOTYPE	..lin.44a28a26..60ec5958.0_144	0
0x21b52b	NOTYPE	..lin.44a28a26..60ec5958.0_145	0
0x21b531	NOTYPE	..lin.44a28a26..60ec5958.0_146	0
0x21b538	NOTYPE	..lin.44a28a26..60ec5958.0_147	0
0x21b577	NOTYPE	..lin.44a28a26..60ec5958.0_148	0
0x21b57e	NOTYPE	..lin.44a28a26..60ec5958.0_149	0
0x21b58e	NOTYPE	..lin.44a28a26..60ec5958.0_150	0
0x21b59b	NOTYPE	..lin.44a28a26..60ec5958.0_151	0
0x21b5b9	NOTYPE	..lin.44a28a26..60ec5958.0_152	0
0x21b5c9	NOTYPE	..lin.44a28a26..60ec5958.0_153	0
0x21b5d4	NOTYPE	..lin.44a28a26..60ec5958.0_154	0
0x21b5d8	NOTYPE	..lin.44a28a26..60ec5958.0_155	0
0x21b5f2	NOTYPE	..lin.44a28a26..60ec5958.0_156	0
0x21b60d	NOTYPE	..lin.44a28a26..60ec5958.0_157	0
0x21b614	NOTYPE	..lin.44a28a26..60ec5958.0_158	0
0x21b625	NOTYPE	..lin.44a28a26..60ec5958.0_159	0
0x21b636	FUNC	LockForScheduler	44
0x21b64a	NOTYPE	..lin.44a28a26..9cf096f4.0_160	0
0x21b651	NOTYPE	..lin.44a28a26..9cf096f4.0_161	0
0x21b660	NOTYPE	..lin.44a28a26..9cf096f4.0_162	0
0x21b662	FUNC	LockForApiCall	58
0x21b67b	NOTYPE	..lin.44a28a26..2410368b.0_163	0
0x21b683	NOTYPE	..lin.44a28a26..2410368b.0_164	0
0x21b695	NOTYPE	..lin.44a28a26..2410368b.0_165	0
0x21b69c	FUNC	UnlockForApiCall	300
0x21b6d8	NOTYPE	..lin.44a28a26..73d3ac8e.0_166	0
0x21b6e8	NOTYPE	..lin.44a28a26..73d3ac8e.0_167	0
0x21b6f0	NOTYPE	..lin.44a28a26..73d3ac8e.0_168	0
0x21b6f5	NOTYPE	..lin.44a28a26..73d3ac8e.0_169	0
0x21b70f	NOTYPE	..lin.44a28a26..73d3ac8e.0_170	0
0x21b71d	NOTYPE	..lin.44a28a26..73d3ac8e.0_171	0
0x21b726	NOTYPE	..lin.44a28a26..73d3ac8e.0_172	0
0x21b739	NOTYPE	..lin.44a28a26..73d3ac8e.0_173	0
0x21b74e	NOTYPE	..lin.44a28a26..73d3ac8e.0_174	0
0x21b756	NOTYPE	..lin.44a28a26..73d3ac8e.0_175	0
0x21b770	NOTYPE	..lin.44a28a26..73d3ac8e.0_176	0
0x21b77f	NOTYPE	..lin.44a28a26..73d3ac8e.0_177	0
0x21b78c	NOTYPE	..lin.44a28a26..73d3ac8e.0_178	0
0x21b78e	NOTYPE	..lin.44a28a26..73d3ac8e.0_179	0
0x21b79e	NOTYPE	..lin.44a28a26..73d3ac8e.0_180	0
0x21b7a9	NOTYPE	..lin.44a28a26..73d3ac8e.0_181	0
0x21b7b9	NOTYPE	..lin.44a28a26..73d3ac8e.0_182	0
0x21b7c1	NOTYPE	..lin.44a28a26..73d3ac8e.0_183	0
0x21b7c8	FUNC	LockForDirectCall	71
0x21b7ff	NOTYPE	..lin.44a28a26..f1641d4c.0_184	0
0x21b80b	NOTYPE	..lin.44a28a26..f1641d4c.0_185	0
0x21b80f	FUNC	UnlockForDirectCall	62
0x21b846	NOTYPE	..lin.44a28a26..efd786f.0_186	0
0x21b84b	NOTYPE	..lin.44a28a26..efd786f.0_187	0
0x21b84d	FUNC	UnlockForScheduler	445
0x21b870	NOTYPE	..lin.44a28a26..eb6999b7.0_188	0
0x21b894	NOTYPE	..lin.44a28a26..eb6999b7.0_189	0
0x21b8a4	NOTYPE	..lin.44a28a26..eb6999b7.0_190	0
0x21b8ac	NOTYPE	..lin.44a28a26..eb6999b7.0_191	0
0x21b8b9	NOTYPE	..lin.44a28a26..eb6999b7.0_192	0
0x21b8d1	NOTYPE	..lin.44a28a26..eb6999b7.0_193	0
0x21b8e8	NOTYPE	..lin.44a28a26..eb6999b7.0_194	0
0x21b8fd	NOTYPE	..lin.44a28a26..eb6999b7.0_195	0
0x21b909	NOTYPE	..lin.44a28a26..eb6999b7.0_196	0
0x21b918	NOTYPE	..lin.44a28a26..eb6999b7.0_197	0
0x21b92f	NOTYPE	..lin.44a28a26..eb6999b7.0_198	0
0x21b937	NOTYPE	..lin.44a28a26..eb6999b7.0_199	0
0x21b947	NOTYPE	..lin.44a28a26..eb6999b7.0_200	0
0x21b956	NOTYPE	..lin.44a28a26..eb6999b7.0_201	0
0x21b969	NOTYPE	..lin.44a28a26..eb6999b7.0_202	0
0x21b978	NOTYPE	..lin.44a28a26..eb6999b7.0_203	0
0x21b985	NOTYPE	..lin.44a28a26..eb6999b7.0_204	0
0x21b987	NOTYPE	..lin.44a28a26..eb6999b7.0_205	0
0x21b997	NOTYPE	..lin.44a28a26..eb6999b7.0_206	0
0x21b9a7	NOTYPE	..lin.44a28a26..eb6999b7.0_207	0
0x21b9af	NOTYPE	..lin.44a28a26..eb6999b7.0_208	0
0x21b9b4	NOTYPE	..lin.44a28a26..eb6999b7.0_209	0
0x21b9bf	NOTYPE	..lin.44a28a26..eb6999b7.0_210	0
0x21b9c5	NOTYPE	..lin.44a28a26..eb6999b7.0_211	0
0x21b9d5	NOTYPE	..lin.44a28a26..eb6999b7.0_212	0
0x21b9e1	NOTYPE	..lin.44a28a26..eb6999b7.0_213	0
0x21b9f1	NOTYPE	..lin.44a28a26..eb6999b7.0_214	0
0x21b9fd	NOTYPE	..lin.44a28a26..eb6999b7.0_215	0
0x21ba0a	FUNC	SetLocks	214
0x21ba1e	NOTYPE	..lin.44a28a26..87f987cd.0_216	0
0x21ba34	NOTYPE	..lin.44a28a26..87f987cd.0_217	0
0x21ba38	NOTYPE	..lin.44a28a26..87f987cd.0_218	0
0x21ba41	NOTYPE	..lin.44a28a26..87f987cd.0_219	0
0x21ba5c	NOTYPE	..lin.44a28a26..87f987cd.0_220	0
0x21ba67	NOTYPE	..lin.44a28a26..87f987cd.0_221	0
0x21ba7a	NOTYPE	..lin.44a28a26..87f987cd.0_222	0
0x21ba7c	NOTYPE	..lin.44a28a26..87f987cd.0_223	0
0x21ba84	NOTYPE	..lin.44a28a26..87f987cd.0_224	0
0x21ba9d	NOTYPE	..lin.44a28a26..87f987cd.0_225	0
0x21baa1	NOTYPE	..lin.44a28a26..87f987cd.0_226	0
0x21baa9	NOTYPE	..lin.44a28a26..87f987cd.0_227	0
0x21bab3	NOTYPE	..lin.44a28a26..87f987cd.0_228	0
0x21babe	NOTYPE	..lin.44a28a26..87f987cd.0_229	0
0x21bad1	NOTYPE	..lin.44a28a26..87f987cd.0_230	0
0x21bad6	NOTYPE	..lin.44a28a26..87f987cd.0_231	0
0x21bae0	FUNC	GetCurrentCoremask	48
0x21bb0e	NOTYPE	..lin.44a28a26..3d1d561d.0_232	0
0x21bb10	FUNC	ReleaseGlobalLock	8
0x21bb18	FUNC	WaitForGlobalLock	34
0x21bb38	NOTYPE	..lin.44a28a26..3772403b.0_233	0
0x21bb3a	FUNC	ReleaseInitLock	15
0x21bb49	NOTYPE	..lin.44a28a26..d0098b03.0_234	0
0x21bb49	FUNC	WaitForInitLock	15
0x21bb58	NOTYPE	..lin.44a28a26..ccf3801e.0_235	0
0x21bb58	FUNC	SuspensionLock...2Fhome.2Fmal.2Fgm_release.2FMY22.2D026.2Ffinal.2Fiot.2Frtos.2Flibs.2Fgm.2Di35.2Frel.2Fwork.2Flibkernel.2Flibkernel.2Fsuspensionio.	72
0x21bb68	NOTYPE	..lin.815b894c..43425405.0_1	0
0x21bb7a	NOTYPE	..lin.815b894c..43425405.0_2	0
0x21bb83	NOTYPE	..lin.815b894c..43425405.0_3	0
0x21bb9b	NOTYPE	..lin.815b894c..43425405.0_4	0
0x21bba0	FUNC	SuspensionUnlock...2Fhome.2Fmal.2Fgm_release.2FMY22.2D026.2Ffinal.2Fiot.2Frtos.2Flibs.2Fgm.2Di35.2Frel.2Fwork.2Flibkernel.2Flibkernel.2Fsuspensionio.	83
0x21bbb1	NOTYPE	..lin.815b894c..3218cc08.0_5	0
0x21bbc2	NOTYPE	..lin.815b894c..3218cc08.0_6	0
0x21bbca	NOTYPE	..lin.815b894c..3218cc08.0_7	0
0x21bbd9	NOTYPE	..lin.815b894c..3218cc08.0_8	0
0x21bbe2	NOTYPE	..lin.815b894c..3218cc08.0_9	0
0x21bbe7	NOTYPE	..lin.815b894c..3218cc08.0_10	0
0x21bbed	NOTYPE	..lin.815b894c..3218cc08.0_11	0
0x21bbf3	FUNC	SuspensionPlaceCallback	37
0x21bc16	NOTYPE	..lin.815b894c..11d4f6ae.0_12	0
0x21bc18	FUNC	SuspensionForward...2Fhome.2Fmal.2Fgm_release.2FMY22.2D026.2Ffinal.2Fiot.2Frtos.2Flibs.2Fgm.2Di35.2Frel.2Fwork.2Flibkernel.2Flibkernel.2Fsuspensionio.	100
0x21bc21	NOTYPE	..lin.815b894c..f54ed531.0_13	0
0x21bc29	NOTYPE	..lin.815b894c..f54ed531.0_14	0
0x21bc40	NOTYPE	..lin.815b894c..f54ed531.0_15	0
0x21bc4c	NOTYPE	..lin.815b894c..f54ed531.0_16	0
0x21bc62	NOTYPE	..lin.815b894c..f54ed531.0_17	0
0x21bc68	NOTYPE	..lin.815b894c..f54ed531.0_18	0
0x21bc6e	NOTYPE	..lin.815b894c..f54ed531.0_19	0
0x21bc7b	NOTYPE	..lin.815b894c..f54ed531.0_20	0
0x21bc7c	FUNC	SuspensionProcessASLists...2Fhome.2Fmal.2Fgm_release.2FMY22.2D026.2Ffinal.2Fiot.2Frtos.2Flibs.2Fgm.2Di35.2Frel.2Fwork.2Flibkernel.2Flibkernel.2Fsuspensionio.	454
0x21bc99	NOTYPE	..lin.815b894c..2010aa3e.0_21	0
0x21bca9	NOTYPE	..lin.815b894c..2010aa3e.0_22	0
0x21bcca	NOTYPE	..lin.815b894c..2010aa3e.0_23	0
0x21bce2	NOTYPE	..lin.815b894c..2010aa3e.0_24	0
0x21bce7	NOTYPE	..lin.815b894c..2010aa3e.0_25	0
0x21bcec	NOTYPE	..lin.815b894c..2010aa3e.0_26	0
0x21bcff	NOTYPE	..lin.815b894c..2010aa3e.0_27	0
0x21bd14	NOTYPE	..lin.815b894c..2010aa3e.0_28	0
0x21bd27	NOTYPE	..lin.815b894c..2010aa3e.0_29	0
0x21bd45	NOTYPE	..lin.815b894c..2010aa3e.0_30	0
0x21bd57	NOTYPE	..lin.815b894c..2010aa3e.0_31	0
0x21bd60	NOTYPE	..lin.815b894c..2010aa3e.0_32	0
0x21bd65	NOTYPE	..lin.815b894c..2010aa3e.0_33	0
0x21bd6e	NOTYPE	..lin.815b894c..2010aa3e.0_34	0
0x21bd7b	NOTYPE	..lin.815b894c..2010aa3e.0_35	0
0x21bd83	NOTYPE	..lin.815b894c..2010aa3e.0_36	0
0x21bda0	NOTYPE	..lin.815b894c..2010aa3e.0_37	0
0x21bda6	NOTYPE	..lin.815b894c..2010aa3e.0_38	0
0x21bdaf	NOTYPE	..lin.815b894c..2010aa3e.0_39	0
0x21bdb7	NOTYPE	..lin.815b894c..2010aa3e.0_40	0
0x21bdbe	NOTYPE	..lin.815b894c..2010aa3e.0_41	0
0x21bdc7	NOTYPE	..lin.815b894c..2010aa3e.0_42	0
0x21bdd5	NOTYPE	..lin.815b894c..2010aa3e.0_43	0
0x21bde0	NOTYPE	..lin.815b894c..2010aa3e.0_44	0
0x21bde4	NOTYPE	..lin.815b894c..2010aa3e.0_45	0
0x21bdf3	NOTYPE	..lin.815b894c..2010aa3e.0_46	0
0x21be0e	NOTYPE	..lin.815b894c..2010aa3e.0_47	0
0x21be26	NOTYPE	..lin.815b894c..2010aa3e.0_48	0
0x21be2b	NOTYPE	..lin.815b894c..2010aa3e.0_49	0
0x21be2d	NOTYPE	..lin.815b894c..2010aa3e.0_50	0
0x21be37	NOTYPE	..lin.815b894c..2010aa3e.0_51	0
0x21be42	FUNC	SuspensionInit	55
0x21be77	NOTYPE	..lin.815b894c..4340ab70.0_52	0
0x21be79	FUNC	PS_SuspensionProcess	119
0x21be8d	NOTYPE	..lin.815b894c..a9a9e83d.0_53	0
0x21beb5	NOTYPE	..lin.815b894c..a9a9e83d.0_54	0
0x21beba	NOTYPE	..lin.815b894c..a9a9e83d.0_55	0
0x21bebe	NOTYPE	..lin.815b894c..a9a9e83d.0_56	0
0x21bedb	NOTYPE	..lin.815b894c..a9a9e83d.0_57	0
0x21bee0	NOTYPE	..lin.815b894c..a9a9e83d.0_58	0
0x21bee2	NOTYPE	..lin.815b894c..a9a9e83d.0_59	0
0x21beeb	NOTYPE	..lin.815b894c..a9a9e83d.0_60	0
0x21bef0	FUNC	SetReaperCore	18
0x21bf01	NOTYPE	..lin.815b894c..4d8747f9.0_61	0
0x21bf02	FUNC	SuspensionCreate...2Fhome.2Fmal.2Fgm_release.2FMY22.2D026.2Ffinal.2Fiot.2Frtos.2Flibs.2Fgm.2Di35.2Frel.2Fwork.2Flibkernel.2Flibkernel.2Fsuspensionio.	3
0x21bf05	FUNC	SuspensionWROtherAS...2Fhome.2Fmal.2Fgm_release.2FMY22.2D026.2Ffinal.2Fiot.2Frtos.2Flibs.2Fgm.2Di35.2Frel.2Fwork.2Flibkernel.2Flibkernel.2Fsuspensionio.	261
0x21bf29	NOTYPE	..lin.815b894c..f0694f9b.0_62	0
0x21bf3b	NOTYPE	..lin.815b894c..f0694f9b.0_63	0
0x21bf48	NOTYPE	..lin.815b894c..f0694f9b.0_64	0
0x21bf4f	NOTYPE	..lin.815b894c..f0694f9b.0_65	0
0x21bf57	NOTYPE	..lin.815b894c..f0694f9b.0_66	0
0x21bf6b	NOTYPE	..lin.815b894c..f0694f9b.0_67	0
0x21bf8f	NOTYPE	..lin.815b894c..f0694f9b.0_68	0
0x21bf97	NOTYPE	..lin.815b894c..f0694f9b.0_69	0
0x21bf9c	NOTYPE	..lin.815b894c..f0694f9b.0_70	0
0x21bfa6	NOTYPE	..lin.815b894c..f0694f9b.0_71	0
0x21bfb0	NOTYPE	..lin.815b894c..f0694f9b.0_72	0
0x21bfbc	NOTYPE	..lin.815b894c..f0694f9b.0_73	0
0x21bfc7	NOTYPE	..lin.815b894c..f0694f9b.0_74	0
0x21bfcd	NOTYPE	..lin.815b894c..f0694f9b.0_75	0
0x21bfd6	NOTYPE	..lin.815b894c..f0694f9b.0_76	0
0x21bfeb	NOTYPE	..lin.815b894c..f0694f9b.0_77	0
0x21bff2	NOTYPE	..lin.815b894c..f0694f9b.0_78	0
0x21bff7	NOTYPE	..lin.815b894c..f0694f9b.0_79	0
0x21bfff	NOTYPE	..lin.815b894c..f0694f9b.0_80	0
0x21c00a	FUNC	SuspensionSetCounterField...2Fhome.2Fmal.2Fgm_release.2FMY22.2D026.2Ffinal.2Fiot.2Frtos.2Flibs.2Fgm.2Di35.2Frel.2Fwork.2Flibkernel.2Flibkernel.2Fsuspensionio.	98
0x21c031	NOTYPE	..lin.815b894c..404973cc.0_81	0
0x21c03a	NOTYPE	..lin.815b894c..404973cc.0_82	0
0x21c040	NOTYPE	..lin.815b894c..404973cc.0_83	0
0x21c046	NOTYPE	..lin.815b894c..404973cc.0_84	0
0x21c05c	NOTYPE	..lin.815b894c..404973cc.0_85	0
0x21c06c	FUNC	SuspensionWriteRegister...2Fhome.2Fmal.2Fgm_release.2FMY22.2D026.2Ffinal.2Fiot.2Frtos.2Flibs.2Fgm.2Di35.2Frel.2Fwork.2Flibkernel.2Flibkernel.2Fsuspensionio.	30
0x21c072	NOTYPE	..lin.815b894c..d2a9b1cc.0_86	0
0x21c077	NOTYPE	..lin.815b894c..d2a9b1cc.0_87	0
0x21c07d	NOTYPE	..lin.815b894c..d2a9b1cc.0_88	0
0x21c085	NOTYPE	..lin.815b894c..d2a9b1cc.0_89	0
0x21c08a	FUNC	SuspensionCheckWaiters...2Fhome.2Fmal.2Fgm_release.2FMY22.2D026.2Ffinal.2Fiot.2Frtos.2Flibs.2Fgm.2Di35.2Frel.2Fwork.2Flibkernel.2Flibkernel.2Fsuspensionio.	100
0x21c09d	NOTYPE	..lin.815b894c..595f5059.0_90	0
0x21c0a6	NOTYPE	..lin.815b894c..595f5059.0_91	0
0x21c0ae	NOTYPE	..lin.815b894c..595f5059.0_92	0
0x21c0b4	NOTYPE	..lin.815b894c..595f5059.0_93	0
0x21c0bc	NOTYPE	..lin.815b894c..595f5059.0_94	0
0x21c0cc	NOTYPE	..lin.815b894c..595f5059.0_95	0
0x21c0d6	NOTYPE	..lin.815b894c..595f5059.0_96	0
0x21c0de	NOTYPE	..lin.815b894c..595f5059.0_97	0
0x21c0e6	NOTYPE	..lin.815b894c..595f5059.0_98	0
0x21c0ee	FUNC	SuspensionRegisterIODevice...2Fhome.2Fmal.2Fgm_release.2FMY22.2D026.2Ffinal.2Fiot.2Frtos.2Flibs.2Fgm.2Di35.2Frel.2Fwork.2Flibkernel.2Flibkernel.2Fsuspensionio.	108
0x21c107	NOTYPE	..lin.815b894c..d1e10329.0_99	0
0x21c115	NOTYPE	..lin.815b894c..d1e10329.0_100	0
0x21c124	NOTYPE	..lin.815b894c..d1e10329.0_101	0
0x21c133	NOTYPE	..lin.815b894c..d1e10329.0_102	0
0x21c13f	NOTYPE	..lin.815b894c..d1e10329.0_103	0
0x21c152	NOTYPE	..lin.815b894c..d1e10329.0_104	0
0x21c15a	FUNC	RegisterSuspensionIODevices	127
0x21c163	NOTYPE	..lin.815b894c..3c42ebfc.0_105	0
0x21c177	NOTYPE	..lin.815b894c..3c42ebfc.0_106	0
0x21c189	NOTYPE	..lin.815b894c..3c42ebfc.0_107	0
0x21c1af	NOTYPE	..lin.815b894c..3c42ebfc.0_108	0
0x21c1b3	NOTYPE	..lin.815b894c..3c42ebfc.0_109	0
0x21c1c9	NOTYPE	..lin.815b894c..3c42ebfc.0_110	0
0x21c1d3	NOTYPE	..lin.815b894c..3c42ebfc.0_111	0
0x21c1dc	FUNC	TickSetTime...2Fhome.2Fmal.2Fgm_release.2FMY22.2D026.2Ffinal.2Fiot.2Frtos.2Flibs.2Fgm.2Di35.2Frel.2Fwork.2Flibkernel.2Flibkernel.2Ftick.	5
0x21c1e1	FUNC	TickGetTime...2Fhome.2Fmal.2Fgm_release.2FMY22.2D026.2Ffinal.2Fiot.2Frtos.2Flibs.2Fgm.2Di35.2Frel.2Fwork.2Flibkernel.2Flibkernel.2Ftick.	51
0x21c1f4	NOTYPE	..lin.44a6d3a8..6f314d9f.0_1	0
0x21c1f9	NOTYPE	..lin.44a6d3a8..6f314d9f.0_2	0
0x21c1ff	NOTYPE	..lin.44a6d3a8..6f314d9f.0_3	0
0x21c210	NOTYPE	..lin.44a6d3a8..6f314d9f.0_4	0
0x21c214	FUNC	TickSetAlarm...2Fhome.2Fmal.2Fgm_release.2FMY22.2D026.2Ffinal.2Fiot.2Frtos.2Flibs.2Fgm.2Di35.2Frel.2Fwork.2Flibkernel.2Flibkernel.2Ftick.	139
0x21c22a	NOTYPE	..lin.44a6d3a8..671a9ea9.0_5	0
0x21c230	NOTYPE	..lin.44a6d3a8..671a9ea9.0_6	0
0x21c250	NOTYPE	..lin.44a6d3a8..671a9ea9.0_7	0
0x21c255	NOTYPE	..lin.44a6d3a8..671a9ea9.0_8	0
0x21c259	NOTYPE	..lin.44a6d3a8..671a9ea9.0_9	0
0x21c281	NOTYPE	..lin.44a6d3a8..671a9ea9.0_10	0
0x21c299	NOTYPE	..lin.44a6d3a8..671a9ea9.0_11	0
0x21c29f	FUNC	TickGetResolution...2Fhome.2Fmal.2Fgm_release.2FMY22.2D026.2Ffinal.2Fiot.2Frtos.2Flibs.2Fgm.2Di35.2Frel.2Fwork.2Flibkernel.2Flibkernel.2Ftick.	29
0x21c2ac	NOTYPE	..lin.44a6d3a8..1960ffa4.0_12	0
0x21c2bc	FUNC	TimerTick...2Fhome.2Fmal.2Fgm_release.2FMY22.2D026.2Ffinal.2Fiot.2Frtos.2Flibs.2Fgm.2Di35.2Frel.2Fwork.2Flibkernel.2Flibkernel.2Ftick.	107
0x21c2d4	NOTYPE	..lin.44a6d3a8..cc559a11.0_13	0
0x21c2eb	NOTYPE	..lin.44a6d3a8..cc559a11.0_14	0
0x21c2f8	NOTYPE	..lin.44a6d3a8..cc559a11.0_15	0
0x21c2fd	NOTYPE	..lin.44a6d3a8..cc559a11.0_16	0
0x21c30f	NOTYPE	..lin.44a6d3a8..cc559a11.0_17	0
0x21c314	NOTYPE	..lin.44a6d3a8..cc559a11.0_18	0
0x21c321	NOTYPE	..lin.44a6d3a8..cc559a11.0_19	0
0x21c327	FUNC	ProcessSchedulerTicks...2Fhome.2Fmal.2Fgm_release.2FMY22.2D026.2Ffinal.2Fiot.2Frtos.2Flibs.2Fgm.2Di35.2Frel.2Fwork.2Flibkernel.2Flibkernel.2Ftick.	68
0x21c330	NOTYPE	..lin.44a6d3a8..76c7f381.0_20	0
0x21c338	NOTYPE	..lin.44a6d3a8..76c7f381.0_21	0
0x21c35d	NOTYPE	..lin.44a6d3a8..76c7f381.0_22	0
0x21c369	NOTYPE	..lin.44a6d3a8..76c7f381.0_23	0
0x21c36b	FUNC	RegisterTickTimerDriver...2Fhome.2Fmal.2Fgm_release.2FMY22.2D026.2Ffinal.2Fiot.2Frtos.2Flibs.2Fgm.2Di35.2Frel.2Fwork.2Flibkernel.2Flibkernel.2Ftick.	194
0x21c37b	NOTYPE	..lin.44a6d3a8..ccd41f62.0_24	0
0x21c395	NOTYPE	..lin.44a6d3a8..ccd41f62.0_25	0
0x21c42b	NOTYPE	..lin.44a6d3a8..ccd41f62.0_26	0
0x21c42d	FUNC	TimerTickProcessAlarms...2Fhome.2Fmal.2Fgm_release.2FMY22.2D026.2Ffinal.2Fiot.2Frtos.2Flibs.2Fgm.2Di35.2Frel.2Fwork.2Flibkernel.2Flibkernel.2Ftick.	27
0x21c437	NOTYPE	..lin.44a6d3a8..484c3ed0.0_27	0
0x21c446	NOTYPE	..lin.44a6d3a8..484c3ed0.0_28	0
0x21c448	FUNC	RegisterStandardTickTimer	192
0x21c465	NOTYPE	..lin.44a6d3a8..b49ee707.0_29	0
0x21c46e	NOTYPE	..lin.44a6d3a8..b49ee707.0_30	0
0x21c485	NOTYPE	..lin.44a6d3a8..b49ee707.0_31	0
0x21c49b	NOTYPE	..lin.44a6d3a8..b49ee707.0_32	0
0x21c4c5	NOTYPE	..lin.44a6d3a8..b49ee707.0_33	0
0x21c4e5	NOTYPE	..lin.44a6d3a8..b49ee707.0_34	0
0x21c508	FUNC	KernelGetPhysicalAddress	278
0x21c543	NOTYPE	..lin.70d0ca4..aabaa0c9.0_1	0
0x21c54e	NOTYPE	..lin.70d0ca4..aabaa0c9.0_2	0
0x21c557	NOTYPE	..lin.70d0ca4..aabaa0c9.0_3	0
0x21c57b	NOTYPE	..lin.70d0ca4..aabaa0c9.0_4	0
0x21c57f	NOTYPE	..lin.70d0ca4..aabaa0c9.0_5	0
0x21c588	NOTYPE	..lin.70d0ca4..aabaa0c9.0_6	0
0x21c58f	NOTYPE	..lin.70d0ca4..aabaa0c9.0_7	0
0x21c5a1	NOTYPE	..lin.70d0ca4..aabaa0c9.0_8	0
0x21c5a9	NOTYPE	..lin.70d0ca4..aabaa0c9.0_9	0
0x21c5ab	NOTYPE	..lin.70d0ca4..aabaa0c9.0_10	0
0x21c5bc	NOTYPE	..lin.70d0ca4..aabaa0c9.0_11	0
0x21c5cc	NOTYPE	..lin.70d0ca4..aabaa0c9.0_12	0
0x21c5f3	NOTYPE	..lin.70d0ca4..aabaa0c9.0_13	0
0x21c5f9	NOTYPE	..lin.70d0ca4..aabaa0c9.0_14	0
0x21c601	NOTYPE	..lin.70d0ca4..aabaa0c9.0_15	0
0x21c61e	FUNC	VirtualMemoryFill	245
0x21c647	NOTYPE	..lin.70d0ca4..aa55174c.0_16	0
0x21c64e	NOTYPE	..lin.70d0ca4..aa55174c.0_17	0
0x21c695	NOTYPE	..lin.70d0ca4..aa55174c.0_18	0
0x21c6a8	NOTYPE	..lin.70d0ca4..aa55174c.0_19	0
0x21c6b0	NOTYPE	..lin.70d0ca4..aa55174c.0_20	0
0x21c6c2	NOTYPE	..lin.70d0ca4..aa55174c.0_21	0
0x21c6ce	NOTYPE	..lin.70d0ca4..aa55174c.0_22	0
0x21c6d2	NOTYPE	..lin.70d0ca4..aa55174c.0_23	0
0x21c6eb	NOTYPE	..lin.70d0ca4..aa55174c.0_24	0
0x21c6f4	NOTYPE	..lin.70d0ca4..aa55174c.0_25	0
0x21c6fe	NOTYPE	..lin.70d0ca4..aa55174c.0_26	0
0x21c713	FUNC	VirtualToVirtualCopy...2Fhome.2Fmal.2Fgm_release.2FMY22.2D026.2Ffinal.2Fiot.2Frtos.2Flibs.2Fgm.2Di35.2Frel.2Fwork.2Flibkernel.2Flibkernel.2Fsecure.	400
0x21c743	NOTYPE	..lin.70d0ca4..866cc211.0_27	0
0x21c74a	NOTYPE	..lin.70d0ca4..866cc211.0_28	0
0x21c793	NOTYPE	..lin.70d0ca4..866cc211.0_29	0
0x21c79a	NOTYPE	..lin.70d0ca4..866cc211.0_30	0
0x21c7a1	NOTYPE	..lin.70d0ca4..866cc211.0_31	0
0x21c7df	NOTYPE	..lin.70d0ca4..866cc211.0_32	0
0x21c7ea	NOTYPE	..lin.70d0ca4..866cc211.0_33	0
0x21c7fe	NOTYPE	..lin.70d0ca4..866cc211.0_34	0
0x21c80c	NOTYPE	..lin.70d0ca4..866cc211.0_35	0
0x21c81a	NOTYPE	..lin.70d0ca4..866cc211.0_36	0
0x21c833	NOTYPE	..lin.70d0ca4..866cc211.0_37	0
0x21c839	NOTYPE	..lin.70d0ca4..866cc211.0_38	0
0x21c846	NOTYPE	..lin.70d0ca4..866cc211.0_39	0
0x21c883	NOTYPE	..lin.70d0ca4..866cc211.0_40	0
0x21c888	NOTYPE	..lin.70d0ca4..866cc211.0_41	0
0x21c896	NOTYPE	..lin.70d0ca4..866cc211.0_42	0
0x21c8a3	FUNC	CopyFromVirtualMemoryToKernel...2Fhome.2Fmal.2Fgm_release.2FMY22.2D026.2Ffinal.2Fiot.2Frtos.2Flibs.2Fgm.2Di35.2Frel.2Fwork.2Flibkernel.2Flibkernel.2Fsecure.	292
0x21c8cf	NOTYPE	..lin.70d0ca4..603932f8.0_43	0
0x21c8d6	NOTYPE	..lin.70d0ca4..603932f8.0_44	0
0x21c924	NOTYPE	..lin.70d0ca4..603932f8.0_45	0
0x21c935	NOTYPE	..lin.70d0ca4..603932f8.0_46	0
0x21c943	NOTYPE	..lin.70d0ca4..603932f8.0_47	0
0x21c95b	NOTYPE	..lin.70d0ca4..603932f8.0_48	0
0x21c961	NOTYPE	..lin.70d0ca4..603932f8.0_49	0
0x21c96d	NOTYPE	..lin.70d0ca4..603932f8.0_50	0
0x21c99f	NOTYPE	..lin.70d0ca4..603932f8.0_51	0
0x21c9a8	NOTYPE	..lin.70d0ca4..603932f8.0_52	0
0x21c9b2	NOTYPE	..lin.70d0ca4..603932f8.0_53	0
0x21c9c7	FUNC	CopyFromKernelToVirtualMemory...2Fhome.2Fmal.2Fgm_release.2FMY22.2D026.2Ffinal.2Fiot.2Frtos.2Flibs.2Fgm.2Di35.2Frel.2Fwork.2Flibkernel.2Flibkernel.2Fsecure.	280
0x21c9f3	NOTYPE	..lin.70d0ca4..80f3f378.0_54	0
0x21c9fa	NOTYPE	..lin.70d0ca4..80f3f378.0_55	0
0x21ca3c	NOTYPE	..lin.70d0ca4..80f3f378.0_56	0
0x21ca4d	NOTYPE	..lin.70d0ca4..80f3f378.0_57	0
0x21ca5b	NOTYPE	..lin.70d0ca4..80f3f378.0_58	0
0x21ca73	NOTYPE	..lin.70d0ca4..80f3f378.0_59	0
0x21ca79	NOTYPE	..lin.70d0ca4..80f3f378.0_60	0
0x21ca86	NOTYPE	..lin.70d0ca4..80f3f378.0_61	0
0x21cab7	NOTYPE	..lin.70d0ca4..80f3f378.0_62	0
0x21cac0	NOTYPE	..lin.70d0ca4..80f3f378.0_63	0
0x21caca	NOTYPE	..lin.70d0ca4..80f3f378.0_64	0
0x21cadf	FUNC	VirtualMemoryCopy	294
0x21caff	NOTYPE	..lin.70d0ca4..aa538c40.0_65	0
0x21cb37	NOTYPE	..lin.70d0ca4..aa538c40.0_66	0
0x21cb48	NOTYPE	..lin.70d0ca4..aa538c40.0_67	0
0x21cb4f	NOTYPE	..lin.70d0ca4..aa538c40.0_68	0
0x21cb54	NOTYPE	..lin.70d0ca4..aa538c40.0_69	0
0x21cb8c	NOTYPE	..lin.70d0ca4..aa538c40.0_70	0
0x21cb95	NOTYPE	..lin.70d0ca4..aa538c40.0_71	0
0x21cb9e	NOTYPE	..lin.70d0ca4..aa538c40.0_72	0
0x21cc00	NOTYPE	..lin.70d0ca4..aa538c40.0_73	0
0x21cc05	FUNC	VirtualTest	140
0x21cc32	NOTYPE	..lin.70d0ca4..6697470c.0_74	0
0x21cc34	NOTYPE	..lin.70d0ca4..6697470c.0_75	0
0x21cc6b	NOTYPE	..lin.70d0ca4..6697470c.0_76	0
0x21cc74	NOTYPE	..lin.70d0ca4..6697470c.0_77	0
0x21cc80	NOTYPE	..lin.70d0ca4..6697470c.0_78	0
0x21cc91	FUNC	CheckObject	175
0x21cca8	NOTYPE	..lin.70d0ca4..b58e407a.0_79	0
0x21ccd0	NOTYPE	..lin.70d0ca4..b58e407a.0_80	0
0x21ccd6	NOTYPE	..lin.70d0ca4..b58e407a.0_81	0
0x21ccdf	NOTYPE	..lin.70d0ca4..b58e407a.0_82	0
0x21ccee	NOTYPE	..lin.70d0ca4..b58e407a.0_83	0
0x21ccf8	NOTYPE	..lin.70d0ca4..b58e407a.0_84	0
0x21cd01	NOTYPE	..lin.70d0ca4..b58e407a.0_85	0
0x21cd07	NOTYPE	..lin.70d0ca4..b58e407a.0_86	0
0x21cd0f	NOTYPE	..lin.70d0ca4..b58e407a.0_87	0
0x21cd17	NOTYPE	..lin.70d0ca4..b58e407a.0_88	0
0x21cd1c	NOTYPE	..lin.70d0ca4..b58e407a.0_89	0
0x21cd28	NOTYPE	..lin.70d0ca4..b58e407a.0_90	0
0x21cd30	NOTYPE	..lin.70d0ca4..b58e407a.0_91	0
0x21cd40	FUNC	GetKernelAddress	223
0x21cda8	NOTYPE	..lin.70d0ca4..327da06c.0_92	0
0x21cdb2	NOTYPE	..lin.70d0ca4..327da06c.0_93	0
0x21cdba	NOTYPE	..lin.70d0ca4..327da06c.0_94	0
0x21cdf0	NOTYPE	..lin.70d0ca4..327da06c.0_95	0
0x21cdfd	NOTYPE	..lin.70d0ca4..327da06c.0_96	0
0x21ce01	NOTYPE	..lin.70d0ca4..327da06c.0_97	0
0x21ce05	NOTYPE	..lin.70d0ca4..327da06c.0_98	0
0x21ce09	NOTYPE	..lin.70d0ca4..327da06c.0_99	0
0x21ce1f	FUNC	BufferCallHandler...2Fhome.2Fmal.2Fgm_release.2FMY22.2D026.2Ffinal.2Fiot.2Frtos.2Flibs.2Fgm.2Di35.2Frel.2Fwork.2Flibkernel.2Flibkernel.2Fsecure.	160
0x21ce50	NOTYPE	..lin.70d0ca4..7ecb9439.0_100	0
0x21ce56	NOTYPE	..lin.70d0ca4..7ecb9439.0_101	0
0x21ce89	NOTYPE	..lin.70d0ca4..7ecb9439.0_102	0
0x21ce8f	NOTYPE	..lin.70d0ca4..7ecb9439.0_103	0
0x21ce94	NOTYPE	..lin.70d0ca4..7ecb9439.0_104	0
0x21ce9e	NOTYPE	..lin.70d0ca4..7ecb9439.0_105	0
0x21cea4	NOTYPE	..lin.70d0ca4..7ecb9439.0_106	0
0x21cebf	FUNC	KernelCallHandler...2Fhome.2Fmal.2Fgm_release.2FMY22.2D026.2Ffinal.2Fiot.2Frtos.2Flibs.2Fgm.2Di35.2Frel.2Fwork.2Flibkernel.2Flibkernel.2Fsecure.	274
0x21ceda	NOTYPE	..lin.70d0ca4..40c8ea00.0_107	0
0x21cee2	NOTYPE	..lin.70d0ca4..40c8ea00.0_108	0
0x21cee8	NOTYPE	..lin.70d0ca4..40c8ea00.0_109	0
0x21cef1	NOTYPE	..lin.70d0ca4..40c8ea00.0_110	0
0x21cf05	NOTYPE	..lin.70d0ca4..40c8ea00.0_111	0
0x21cf0e	NOTYPE	..lin.70d0ca4..40c8ea00.0_112	0
0x21cf14	NOTYPE	..lin.70d0ca4..40c8ea00.0_113	0
0x21cf19	NOTYPE	..lin.70d0ca4..40c8ea00.0_114	0
0x21cf29	NOTYPE	..lin.70d0ca4..40c8ea00.0_115	0
0x21cf33	NOTYPE	..lin.70d0ca4..40c8ea00.0_116	0
0x21cf40	NOTYPE	..lin.70d0ca4..40c8ea00.0_117	0
0x21cf4a	NOTYPE	..lin.70d0ca4..40c8ea00.0_118	0
0x21cf50	NOTYPE	..lin.70d0ca4..40c8ea00.0_119	0
0x21cf59	NOTYPE	..lin.70d0ca4..40c8ea00.0_120	0
0x21cf5f	NOTYPE	..lin.70d0ca4..40c8ea00.0_121	0
0x21cf73	NOTYPE	..lin.70d0ca4..40c8ea00.0_122	0
0x21cf7c	NOTYPE	..lin.70d0ca4..40c8ea00.0_123	0
0x21cf82	NOTYPE	..lin.70d0ca4..40c8ea00.0_124	0
0x21cf8c	NOTYPE	..lin.70d0ca4..40c8ea00.0_125	0
0x21cf91	NOTYPE	..lin.70d0ca4..40c8ea00.0_126	0
0x21cf97	NOTYPE	..lin.70d0ca4..40c8ea00.0_127	0
0x21cfae	NOTYPE	..lin.70d0ca4..40c8ea00.0_128	0
0x21cfc1	NOTYPE	..lin.70d0ca4..40c8ea00.0_129	0
0x21cfc6	NOTYPE	..lin.70d0ca4..40c8ea00.0_130	0
0x21cfcb	NOTYPE	..lin.70d0ca4..40c8ea00.0_131	0
0x21cfd1	FUNC	TrapHandler	61
0x21cfeb	NOTYPE	..lin.70d0ca4..8b22873a.0_132	0
0x21cff0	NOTYPE	..lin.70d0ca4..8b22873a.0_133	0
0x21cfff	NOTYPE	..lin.70d0ca4..8b22873a.0_134	0
0x21d007	NOTYPE	..lin.70d0ca4..8b22873a.0_135	0
0x21d00e	FUNC	SystemCallHandler	967
0x21d044	NOTYPE	..lin.70d0ca4..37b1484.0_136	0
0x21d079	NOTYPE	..lin.70d0ca4..37b1484.0_137	0
0x21d07f	NOTYPE	..lin.70d0ca4..37b1484.0_138	0
0x21d095	NOTYPE	..lin.70d0ca4..37b1484.0_139	0
0x21d09c	NOTYPE	..lin.70d0ca4..37b1484.0_140	0
0x21d0a5	NOTYPE	..lin.70d0ca4..37b1484.0_141	0
0x21d0da	NOTYPE	..lin.70d0ca4..37b1484.0_142	0
0x21d0e0	NOTYPE	..lin.70d0ca4..37b1484.0_143	0
0x21d0ea	NOTYPE	..lin.70d0ca4..37b1484.0_144	0
0x21d0ef	NOTYPE	..lin.70d0ca4..37b1484.0_145	0
0x21d0f8	NOTYPE	..lin.70d0ca4..37b1484.0_146	0
0x21d12d	NOTYPE	..lin.70d0ca4..37b1484.0_147	0
0x21d133	NOTYPE	..lin.70d0ca4..37b1484.0_148	0
0x21d13d	NOTYPE	..lin.70d0ca4..37b1484.0_149	0
0x21d142	NOTYPE	..lin.70d0ca4..37b1484.0_150	0
0x21d14b	NOTYPE	..lin.70d0ca4..37b1484.0_151	0
0x21d155	NOTYPE	..lin.70d0ca4..37b1484.0_152	0
0x21d15e	NOTYPE	..lin.70d0ca4..37b1484.0_153	0
0x21d16a	NOTYPE	..lin.70d0ca4..37b1484.0_154	0
0x21d173	NOTYPE	..lin.70d0ca4..37b1484.0_155	0
0x21d1a8	NOTYPE	..lin.70d0ca4..37b1484.0_156	0
0x21d1ae	NOTYPE	..lin.70d0ca4..37b1484.0_157	0
0x21d1bf	NOTYPE	..lin.70d0ca4..37b1484.0_158	0
0x21d1c4	NOTYPE	..lin.70d0ca4..37b1484.0_159	0
0x21d1cd	NOTYPE	..lin.70d0ca4..37b1484.0_160	0
0x21d202	NOTYPE	..lin.70d0ca4..37b1484.0_161	0
0x21d208	NOTYPE	..lin.70d0ca4..37b1484.0_162	0
0x21d212	NOTYPE	..lin.70d0ca4..37b1484.0_163	0
0x21d217	NOTYPE	..lin.70d0ca4..37b1484.0_164	0
0x21d220	NOTYPE	..lin.70d0ca4..37b1484.0_165	0
0x21d255	NOTYPE	..lin.70d0ca4..37b1484.0_166	0
0x21d25b	NOTYPE	..lin.70d0ca4..37b1484.0_167	0
0x21d26f	NOTYPE	..lin.70d0ca4..37b1484.0_168	0
0x21d274	NOTYPE	..lin.70d0ca4..37b1484.0_169	0
0x21d27d	NOTYPE	..lin.70d0ca4..37b1484.0_170	0
0x21d2b2	NOTYPE	..lin.70d0ca4..37b1484.0_171	0
0x21d2b8	NOTYPE	..lin.70d0ca4..37b1484.0_172	0
0x21d2c6	NOTYPE	..lin.70d0ca4..37b1484.0_173	0
0x21d2cb	NOTYPE	..lin.70d0ca4..37b1484.0_174	0
0x21d2d8	NOTYPE	..lin.70d0ca4..37b1484.0_175	0
0x21d318	NOTYPE	..lin.70d0ca4..37b1484.0_176	0
0x21d322	NOTYPE	..lin.70d0ca4..37b1484.0_177	0
0x21d357	NOTYPE	..lin.70d0ca4..37b1484.0_178	0
0x21d35d	NOTYPE	..lin.70d0ca4..37b1484.0_179	0
0x21d36f	NOTYPE	..lin.70d0ca4..37b1484.0_180	0
0x21d371	NOTYPE	..lin.70d0ca4..37b1484.0_181	0
0x21d377	NOTYPE	..lin.70d0ca4..37b1484.0_182	0
0x21d37e	NOTYPE	..lin.70d0ca4..37b1484.0_183	0
0x21d387	NOTYPE	..lin.70d0ca4..37b1484.0_184	0
0x21d393	NOTYPE	..lin.70d0ca4..37b1484.0_185	0
0x21d39c	NOTYPE	..lin.70d0ca4..37b1484.0_186	0
0x21d3a6	NOTYPE	..lin.70d0ca4..37b1484.0_187	0
0x21d3b6	NOTYPE	..lin.70d0ca4..37b1484.0_188	0
0x21d3c0	NOTYPE	..lin.70d0ca4..37b1484.0_189	0
0x21d3d5	FUNC	RegisterDispatch_0in_0out...2Fhome.2Fmal.2Fgm_release.2FMY22.2D026.2Ffinal.2Fiot.2Frtos.2Flibs.2Fgm.2Di35.2Frel.2Fwork.2Flibkernel.2Flibkernel.2Fsecure.	3
0x21d3d8	NOTYPE	..lin.70d0ca4..b4fbdc67.0_190	0
0x21d3d8	FUNC	RegisterDispatch_0in_1out...2Fhome.2Fmal.2Fgm_release.2FMY22.2D026.2Ffinal.2Fiot.2Frtos.2Flibs.2Fgm.2Di35.2Frel.2Fwork.2Flibkernel.2Flibkernel.2Fsecure.	10
0x21d3e2	NOTYPE	..lin.70d0ca4..b4fc68c8.0_191	0
0x21d3e2	FUNC	RegisterDispatch_0in_1inout...2Fhome.2Fmal.2Fgm_release.2FMY22.2D026.2Ffinal.2Fiot.2Frtos.2Flibs.2Fgm.2Di35.2Frel.2Fwork.2Flibkernel.2Flibkernel.2Fsecure.	10
0x21d3ec	NOTYPE	..lin.70d0ca4..e5494b5f.0_192	0
0x21d3ec	FUNC	RegisterDispatch_0in_2out...2Fhome.2Fmal.2Fgm_release.2FMY22.2D026.2Ffinal.2Fiot.2Frtos.2Flibs.2Fgm.2Di35.2Frel.2Fwork.2Flibkernel.2Flibkernel.2Fsecure.	14
0x21d3fa	NOTYPE	..lin.70d0ca4..b4fcf529.0_193	0
0x21d3fa	FUNC	RegisterDispatch_0in_2out_wtime...2Fhome.2Fmal.2Fgm_release.2FMY22.2D026.2Ffinal.2Fiot.2Frtos.2Flibs.2Fgm.2Di35.2Frel.2Fwork.2Flibkernel.2Flibkernel.2Fsecure.	64
0x21d41e	NOTYPE	..lin.70d0ca4..387950ae.0_194	0
0x21d43a	FUNC	RegisterDispatch_0in_3out...2Fhome.2Fmal.2Fgm_release.2FMY22.2D026.2Ffinal.2Fiot.2Frtos.2Flibs.2Fgm.2Di35.2Frel.2Fwork.2Flibkernel.2Flibkernel.2Fsecure.	24
0x21d452	FUNC	RegisterDispatch_0in_3inout...2Fhome.2Fmal.2Fgm_release.2FMY22.2D026.2Ffinal.2Fiot.2Frtos.2Flibs.2Fgm.2Di35.2Frel.2Fwork.2Flibkernel.2Flibkernel.2Fsecure.	24
0x21d46a	FUNC	BufferDispatch_noobj_0in_4out_wtime...2Fhome.2Fmal.2Fgm_release.2FMY22.2D026.2Ffinal.2Fiot.2Frtos.2Flibs.2Fgm.2Di35.2Frel.2Fwork.2Flibkernel.2Flibkernel.2Fsecure.	65
0x21d48b	NOTYPE	..lin.70d0ca4..9cbca8fc.0_195	0
0x21d4ab	FUNC	BufferDispatch_noobj_0in_4out_w2time...2Fhome.2Fmal.2Fgm_release.2FMY22.2D026.2Ffinal.2Fiot.2Frtos.2Flibs.2Fgm.2Di35.2Frel.2Fwork.2Flibkernel.2Flibkernel.2Fsecure.	94
0x21d4de	NOTYPE	..lin.70d0ca4..2fad6fce.0_196	0
0x21d509	FUNC	BufferDispatch_0in_5out_w2time...2Fhome.2Fmal.2Fgm_release.2FMY22.2D026.2Ffinal.2Fiot.2Frtos.2Flibs.2Fgm.2Di35.2Frel.2Fwork.2Flibkernel.2Flibkernel.2Fsecure.	104
0x21d53f	NOTYPE	..lin.70d0ca4..f064b958.0_197	0
0x21d571	FUNC	RegisterDispatch_1in_0out...2Fhome.2Fmal.2Fgm_release.2FMY22.2D026.2Ffinal.2Fiot.2Frtos.2Flibs.2Fgm.2Di35.2Frel.2Fwork.2Flibkernel.2Flibkernel.2Fsecure.	10
0x21d57b	NOTYPE	..lin.70d0ca4..a13db148.0_198	0
0x21d57b	FUNC	RegisterDispatch_noobj_1in_0out...2Fhome.2Fmal.2Fgm_release.2FMY22.2D026.2Ffinal.2Fiot.2Frtos.2Flibs.2Fgm.2Di35.2Frel.2Fwork.2Flibkernel.2Flibkernel.2Fsecure.	7
0x21d582	NOTYPE	..lin.70d0ca4..dabc691f.0_199	0
0x21d582	FUNC	RegisterDispatch_1in_1out...2Fhome.2Fmal.2Fgm_release.2FMY22.2D026.2Ffinal.2Fiot.2Frtos.2Flibs.2Fgm.2Di35.2Frel.2Fwork.2Flibkernel.2Flibkernel.2Fsecure.	17
0x21d593	NOTYPE	..lin.70d0ca4..a13e3da9.0_200	0
0x21d593	FUNC	RegisterDispatch_1in_create_1out...2Fhome.2Fmal.2Fgm_release.2FMY22.2D026.2Ffinal.2Fiot.2Frtos.2Flibs.2Fgm.2Di35.2Frel.2Fwork.2Flibkernel.2Flibkernel.2Fsecure.	16
0x21d5a3	NOTYPE	..lin.70d0ca4..d20ecffc.0_201	0
0x21d5a3	FUNC	RegisterDispatch_1in_as_create_1out...2Fhome.2Fmal.2Fgm_release.2FMY22.2D026.2Ffinal.2Fiot.2Frtos.2Flibs.2Fgm.2Di35.2Frel.2Fwork.2Flibkernel.2Flibkernel.2Fsecure.	19
0x21d5b6	NOTYPE	..lin.70d0ca4..4c2655ef.0_202	0
0x21d5b6	FUNC	RegisterDispatch_1in_1inout...2Fhome.2Fmal.2Fgm_release.2FMY22.2D026.2Ffinal.2Fiot.2Frtos.2Flibs.2Fgm.2Di35.2Frel.2Fwork.2Flibkernel.2Flibkernel.2Fsecure.	17
0x21d5c7	NOTYPE	..lin.70d0ca4..e953dc80.0_203	0
0x21d5c7	FUNC	RegisterDispatch_1in_2out...2Fhome.2Fmal.2Fgm_release.2FMY22.2D026.2Ffinal.2Fiot.2Frtos.2Flibs.2Fgm.2Di35.2Frel.2Fwork.2Flibkernel.2Flibkernel.2Fsecure.	24
0x21d5df	FUNC	RegisterDispatch_1in_2out_wtime...2Fhome.2Fmal.2Fgm_release.2FMY22.2D026.2Ffinal.2Fiot.2Frtos.2Flibs.2Fgm.2Di35.2Frel.2Fwork.2Flibkernel.2Flibkernel.2Fsecure.	68
0x21d603	NOTYPE	..lin.70d0ca4..73b98a4f.0_204	0
0x21d623	FUNC	RegisterDispatch_1in_2inout...2Fhome.2Fmal.2Fgm_release.2FMY22.2D026.2Ffinal.2Fiot.2Frtos.2Flibs.2Fgm.2Di35.2Frel.2Fwork.2Flibkernel.2Flibkernel.2Fsecure.	21
0x21d638	NOTYPE	..lin.70d0ca4..eba90521.0_205	0
0x21d638	FUNC	RegisterDispatch_2in_0out...2Fhome.2Fmal.2Fgm_release.2FMY22.2D026.2Ffinal.2Fiot.2Frtos.2Flibs.2Fgm.2Di35.2Frel.2Fwork.2Flibkernel.2Flibkernel.2Fsecure.	14
0x21d646	NOTYPE	..lin.70d0ca4..8d7f8629.0_206	0
0x21d646	FUNC	RegisterDispatch_2in_wtime_0out...2Fhome.2Fmal.2Fgm_release.2FMY22.2D026.2Ffinal.2Fiot.2Frtos.2Flibs.2Fgm.2Di35.2Frel.2Fwork.2Flibkernel.2Flibkernel.2Fsecure.	34
0x21d668	FUNC	RegisterDispatch_noobj_2in_0out...2Fhome.2Fmal.2Fgm_release.2FMY22.2D026.2Ffinal.2Fiot.2Frtos.2Flibs.2Fgm.2Di35.2Frel.2Fwork.2Flibkernel.2Flibkernel.2Fsecure.	14
0x21d676	NOTYPE	..lin.70d0ca4..c6fe3e00.0_207	0
0x21d676	FUNC	RegisterDispatch_2in_create_1out...2Fhome.2Fmal.2Fgm_release.2FMY22.2D026.2Ffinal.2Fiot.2Frtos.2Flibs.2Fgm.2Di35.2Frel.2Fwork.2Flibkernel.2Flibkernel.2Fsecure.	20
0x21d68a	NOTYPE	..lin.70d0ca4..75563dbd.0_208	0
0x21d68a	FUNC	RegisterDispatch_2in_2out...2Fhome.2Fmal.2Fgm_release.2FMY22.2D026.2Ffinal.2Fiot.2Frtos.2Flibs.2Fgm.2Di35.2Frel.2Fwork.2Flibkernel.2Flibkernel.2Fsecure.	22
0x21d6a0	NOTYPE	..lin.70d0ca4..8d809eeb.0_209	0
0x21d6a0	FUNC	BufferDispatch_2in_2inout...2Fhome.2Fmal.2Fgm_release.2FMY22.2D026.2Ffinal.2Fiot.2Frtos.2Flibs.2Fgm.2Di35.2Frel.2Fwork.2Flibkernel.2Flibkernel.2Fsecure.	24
0x21d6b8	NOTYPE	..lin.70d0ca4..e8e228f7.0_210	0
0x21d6b8	FUNC	RegisterDispatch_3in_0out...2Fhome.2Fmal.2Fgm_release.2FMY22.2D026.2Ffinal.2Fiot.2Frtos.2Flibs.2Fgm.2Di35.2Frel.2Fwork.2Flibkernel.2Flibkernel.2Fsecure.	21
0x21d6cd	NOTYPE	..lin.70d0ca4..79c15b0a.0_211	0
0x21d6cd	FUNC	RegisterDispatch_chkobj_3in_0out...2Fhome.2Fmal.2Fgm_release.2FMY22.2D026.2Ffinal.2Fiot.2Frtos.2Flibs.2Fgm.2Di35.2Frel.2Fwork.2Flibkernel.2Flibkernel.2Fsecure.	83
0x21d703	NOTYPE	..lin.70d0ca4..8da7dfda.0_212	0
0x21d716	NOTYPE	..lin.70d0ca4..8da7dfda.0_213	0
0x21d720	FUNC	RegisterDispatch_3in_1out...2Fhome.2Fmal.2Fgm_release.2FMY22.2D026.2Ffinal.2Fiot.2Frtos.2Flibs.2Fgm.2Di35.2Frel.2Fwork.2Flibkernel.2Flibkernel.2Fsecure.	25
0x21d739	NOTYPE	..lin.70d0ca4..79c1e76b.0_214	0
0x21d739	FUNC	RegisterDispatch_3in_as_create_1out...2Fhome.2Fmal.2Fgm_release.2FMY22.2D026.2Ffinal.2Fiot.2Frtos.2Flibs.2Fgm.2Di35.2Frel.2Fwork.2Flibkernel.2Flibkernel.2Fsecure.	57
0x21d770	NOTYPE	..lin.70d0ca4..28529a31.0_215	0
0x21d772	FUNC	RegisterDispatch_3in_create_2out...2Fhome.2Fmal.2Fgm_release.2FMY22.2D026.2Ffinal.2Fiot.2Frtos.2Flibs.2Fgm.2Di35.2Frel.2Fwork.2Flibkernel.2Flibkernel.2Fsecure.	63
0x21d7af	NOTYPE	..lin.70d0ca4..189e37df.0_216	0
0x21d7b1	FUNC	RegisterDispatch_3in_wtime_2out_wtime...2Fhome.2Fmal.2Fgm_release.2FMY22.2D026.2Ffinal.2Fiot.2Frtos.2Flibs.2Fgm.2Di35.2Frel.2Fwork.2Flibkernel.2Flibkernel.2Fsecure.	86
0x21d7d5	NOTYPE	..lin.70d0ca4..810e0f76.0_217	0
0x21d807	FUNC	BufferDispatch_noobj_4in_1out...2Fhome.2Fmal.2Fgm_release.2FMY22.2D026.2Ffinal.2Fiot.2Frtos.2Flibs.2Fgm.2Di35.2Frel.2Fwork.2Flibkernel.2Flibkernel.2Fsecure.	47
0x21d834	NOTYPE	..lin.70d0ca4..de755958.0_218	0
0x21d836	FUNC	BufferDispatch_5in_wtime_0out...2Fhome.2Fmal.2Fgm_release.2FMY22.2D026.2Ffinal.2Fiot.2Frtos.2Flibs.2Fgm.2Di35.2Frel.2Fwork.2Flibkernel.2Flibkernel.2Fsecure.	17
0x21d847	NOTYPE	..lin.70d0ca4..db2e7da6.0_219	0
0x21d847	FUNC	BufferDispatch_chkobj_5in_1inout...2Fhome.2Fmal.2Fgm_release.2FMY22.2D026.2Ffinal.2Fiot.2Frtos.2Flibs.2Fgm.2Di35.2Frel.2Fwork.2Flibkernel.2Flibkernel.2Fsecure.	111
0x21d884	NOTYPE	..lin.70d0ca4..507aeee9.0_220	0
0x21d8ac	NOTYPE	..lin.70d0ca4..507aeee9.0_221	0
0x21d8b6	FUNC	TranslateToPhysicalAddress	34
0x21d8d8	NOTYPE	..lin.70d0ca4..9bc14df9.0_222	0
0x21d8e0	FUNC	InterruptVector	147
0x21d974	FUNC	AddTime	104
0x21d981	NOTYPE	..lin.44a6d4ec..7fce589d.0_1	0
0x21d987	NOTYPE	..lin.44a6d4ec..7fce589d.0_2	0
0x21d9af	NOTYPE	..lin.44a6d4ec..7fce589d.0_3	0
0x21d9c5	NOTYPE	..lin.44a6d4ec..7fce589d.0_4	0
0x21d9ca	NOTYPE	..lin.44a6d4ec..7fce589d.0_5	0
0x21d9d0	NOTYPE	..lin.44a6d4ec..7fce589d.0_6	0
0x21d9d4	NOTYPE	..lin.44a6d4ec..7fce589d.0_7	0
0x21d9d8	NOTYPE	..lin.44a6d4ec..7fce589d.0_8	0
0x21d9dc	FUNC	BumpTime	45
0x21d9e2	NOTYPE	..lin.44a6d4ec..9966d228.0_9	0
0x21d9e8	NOTYPE	..lin.44a6d4ec..9966d228.0_10	0
0x21d9ed	NOTYPE	..lin.44a6d4ec..9966d228.0_11	0
0x21da00	NOTYPE	..lin.44a6d4ec..9966d228.0_12	0
0x21da06	NOTYPE	..lin.44a6d4ec..9966d228.0_13	0
0x21da09	FUNC	DecTime	54
0x21da0f	NOTYPE	..lin.44a6d4ec..69001f00.0_14	0
0x21da15	NOTYPE	..lin.44a6d4ec..69001f00.0_15	0
0x21da20	NOTYPE	..lin.44a6d4ec..69001f00.0_16	0
0x21da36	NOTYPE	..lin.44a6d4ec..69001f00.0_17	0
0x21da3c	NOTYPE	..lin.44a6d4ec..69001f00.0_18	0
0x21da3f	FUNC	SubTime	104
0x21da4c	NOTYPE	..lin.44a6d4ec..10ea1fde.0_19	0
0x21da52	NOTYPE	..lin.44a6d4ec..10ea1fde.0_20	0
0x21da7a	NOTYPE	..lin.44a6d4ec..10ea1fde.0_21	0
0x21da90	NOTYPE	..lin.44a6d4ec..10ea1fde.0_22	0
0x21da95	NOTYPE	..lin.44a6d4ec..10ea1fde.0_23	0
0x21da9b	NOTYPE	..lin.44a6d4ec..10ea1fde.0_24	0
0x21da9f	NOTYPE	..lin.44a6d4ec..10ea1fde.0_25	0
0x21daa3	NOTYPE	..lin.44a6d4ec..10ea1fde.0_26	0
0x21daa7	FUNC	CompareTime	70
0x21daae	NOTYPE	..lin.44a6d4ec..c51c09bb.0_27	0
0x21dab6	NOTYPE	..lin.44a6d4ec..c51c09bb.0_28	0
0x21dac0	NOTYPE	..lin.44a6d4ec..c51c09bb.0_29	0
0x21dac8	NOTYPE	..lin.44a6d4ec..c51c09bb.0_30	0
0x21dad1	NOTYPE	..lin.44a6d4ec..c51c09bb.0_31	0
0x21dad6	NOTYPE	..lin.44a6d4ec..c51c09bb.0_32	0
0x21dada	NOTYPE	..lin.44a6d4ec..c51c09bb.0_33	0
0x21dae0	NOTYPE	..lin.44a6d4ec..c51c09bb.0_34	0
0x21dae4	NOTYPE	..lin.44a6d4ec..c51c09bb.0_35	0
0x21dae9	NOTYPE	..lin.44a6d4ec..c51c09bb.0_36	0
0x21daf0	FUNC	MemoryRegionObjectNumber	5
0x21daf5	NOTYPE	..lin.fd85d9e8..b51aa822.0_1	0
0x21daf5	FUNC	AddressSpaceObjectNumber	5
0x21dafa	NOTYPE	..lin.fd85d9e8..c1c16637.0_2	0
0x21dafa	FUNC	TaskObjectNumber	5
0x21daff	NOTYPE	..lin.fd85d9e8..2f3d2238.0_3	0
0x21daff	FUNC	ConnectionObjectNumber	5
0x21db04	NOTYPE	..lin.fd85d9e8..f9e3d335.0_4	0
0x21db04	FUNC	ActivityObjectNumber	5
0x21db09	NOTYPE	..lin.fd85d9e8..bac9cc72.0_5	0
0x21db09	FUNC	ClockObjectNumber	5
0x21db0e	NOTYPE	..lin.fd85d9e8..b6931cb1.0_6	0
0x21db0e	FUNC	IODeviceObjectNumber	5
0x21db13	NOTYPE	..lin.fd85d9e8..38b4c26d.0_7	0
0x21db13	FUNC	LinkObjectNumber	5
0x21db18	NOTYPE	..lin.fd85d9e8..bf8e4113.0_8	0
0x21db18	FUNC	SemaphoreObjectNumber	5
0x21db1d	NOTYPE	..lin.fd85d9e8..30e0ad89.0_9	0
0x21db20	FUNC	CheckSuccessHelper	15
0x21db20	FUNC	CheckSuccess	15
0x21db24	NOTYPE	..lin.209a0721..a8c8433c.0_1	0
0x21db2e	NOTYPE	..lin.209a0721..a8c8433c.0_2	0
0x21db2f	FUNC	GetSaveError	18
0x21db3f	NOTYPE	..lin.209a0721..13db56be.0_3	0
0x21db41	FUNC	GetSavePC	19
0x21db52	NOTYPE	..lin.209a0721..20b64827.0_4	0
0x21db54	FUNC	ComputeStackPointer	9
0x21db5c	NOTYPE	..lin.7b387db2..18ef4599.0_1	0
0x21db5d	FUNC	ComputeStackTLSPointer	15
0x21db6c	FUNC	__ghsLock	42
0x21db7d	NOTYPE	..lin.d82c792b..cc4c00ae.0_1	0
0x21db94	NOTYPE	..lin.d82c792b..cc4c00ae.0_2	0
0x21db96	FUNC	__ghsUnlock	42
0x21dba7	NOTYPE	..lin.d82c792b..244046f1.0_3	0
0x21dbbe	NOTYPE	..lin.d82c792b..244046f1.0_4	0
0x21dbc0	FUNC	lock_init...2Fhome.2Fmal.2Fgm_release.2FMY22.2D026.2Ffinal.2Fiot.2Frtos.2Flibs.2Fgm.2Di35.2Frel.2Fwork.2Flibkernel.2Flibkernel.2Fansic.	106
0x21dbe8	NOTYPE	..lin.d82c792b..4c778c21.0_5	0
0x21dbf8	NOTYPE	..lin.d82c792b..4c778c21.0_6	0
0x21dc09	NOTYPE	..lin.d82c792b..4c778c21.0_7	0
0x21dc0b	NOTYPE	..lin.d82c792b..4c778c21.0_8	0
0x21dc28	NOTYPE	..lin.d82c792b..4c778c21.0_9	0
0x21dc2a	FUNC	GetThreadLocalStorage	5
0x21dc2f	NOTYPE	..lin.d82c792b..65dd799d.0_10	0
0x21dc2f	FUNC	__get_eh_globals	15
0x21dc3c	NOTYPE	..lin.d82c792b..43dc9272.0_11	0
0x21dc3e	FUNC	GetTaskINTEGRITYThreadLocalStorage	36
0x21dc58	NOTYPE	..lin.d82c792b..3436c86f.0_12	0
0x21dc5c	NOTYPE	..lin.d82c792b..3436c86f.0_13	0
0x21dc62	FUNC	TaskInitCLibrary	57
0x21dc7d	NOTYPE	..lin.d82c792b..c7739764.0_14	0
0x21dc8d	NOTYPE	..lin.d82c792b..c7739764.0_15	0
0x21dc99	NOTYPE	..lin.d82c792b..c7739764.0_16	0
0x21dc9b	FUNC	InitialTaskInitCLibrary	90
0x21dcb4	NOTYPE	..lin.d82c792b..c40306e.0_17	0
0x21dcbe	NOTYPE	..lin.d82c792b..c40306e.0_18	0
0x21dcd3	NOTYPE	..lin.d82c792b..c40306e.0_19	0
0x21dce2	NOTYPE	..lin.d82c792b..c40306e.0_20	0
0x21dcf5	FUNC	AddressSpaceInitCLibrary	108
0x21dd1a	NOTYPE	..lin.d82c792b..59f7db63.0_21	0
0x21dd1f	NOTYPE	..lin.d82c792b..59f7db63.0_22	0
0x21dd31	NOTYPE	..lin.d82c792b..59f7db63.0_23	0
0x21dd49	NOTYPE	..lin.d82c792b..59f7db63.0_24	0
0x21dd5e	NOTYPE	..lin.d82c792b..59f7db63.0_25	0
0x21dd64	FUNC	Yield	24
0x21dd7a	NOTYPE	..lin.d9dbcc34..e84d4bc.0_1	0
0x21dd7c	FUNC	Exit	30
0x21dd98	NOTYPE	..lin.d76995ea..7c84f21f.0_1	0
0x21dda0	FUNC	memset	277
0x21dec0	FUNC	memcpy	257
0x21dfc4	FUNC	ASP_ImportBarrier	1
0x21dfc5	FUNC	ASP_ExportBarrier	1
0x21dfc6	FUNC	ASP_SpeculationBarrier	6
0x21dfca	NOTYPE	..lin.c29caf28..83be00d6.0_1	0
0x21dfcc	NOTYPE	INTERRUPT_AtomicModify	0
0x21dfcc	FUNC	ASP_AtomicModify	25
0x21dfe5	NOTYPE	INTERRUPT_TestAndSet	0
0x21dfe5	FUNC	ASP_TestAndSet	16
0x21dfe5	FUNC	ASP_TestAndSetN	16
0x21dff5	NOTYPE	INTERRUPT_MemoryBarrier	0
0x21dff5	FUNC	ASP_MemoryBarrier	11
0x21e000	FUNC	ASP_SetCurrentTaskThreadLocalStorageBase	3
0x21e010	FUNC	ASP_GetCurrentTaskThreadLocalStorageBase	9
0x21e01c	FUNC	CurrentTask	15
0x21e029	NOTYPE	..lin.2cd1728c..27f0ee1b.0_1	0
0x21e02c	FUNC	bswap16	14
0x21e03a	FUNC	bswap32	38
0x21e060	FUNC	bswap64	138
0x21e0ec	FUNC	SetupTask	789
0x21e11a	NOTYPE	..lin.eb5f3781..e6d7b7e9.0_1	0
0x21e12b	NOTYPE	..lin.eb5f3781..e6d7b7e9.0_2	0
0x21e13b	NOTYPE	..lin.eb5f3781..e6d7b7e9.0_3	0
0x21e14d	NOTYPE	..lin.eb5f3781..e6d7b7e9.0_4	0
0x21e158	NOTYPE	..lin.eb5f3781..e6d7b7e9.0_5	0
0x21e161	NOTYPE	..lin.eb5f3781..e6d7b7e9.0_6	0
0x21e16e	NOTYPE	..lin.eb5f3781..e6d7b7e9.0_7	0
0x21e179	NOTYPE	..lin.eb5f3781..e6d7b7e9.0_8	0
0x21e188	NOTYPE	..lin.eb5f3781..e6d7b7e9.0_9	0
0x21e1a9	NOTYPE	..lin.eb5f3781..e6d7b7e9.0_10	0
0x21e1c4	NOTYPE	..lin.eb5f3781..e6d7b7e9.0_11	0
0x21e1ec	NOTYPE	..lin.eb5f3781..e6d7b7e9.0_12	0
0x21e1fb	NOTYPE	..lin.eb5f3781..e6d7b7e9.0_13	0
0x21e209	NOTYPE	..lin.eb5f3781..e6d7b7e9.0_14	0
0x21e22c	NOTYPE	..lin.eb5f3781..e6d7b7e9.0_15	0
0x21e230	NOTYPE	..lin.eb5f3781..e6d7b7e9.0_16	0
0x21e23e	NOTYPE	..lin.eb5f3781..e6d7b7e9.0_17	0
0x21e261	NOTYPE	..lin.eb5f3781..e6d7b7e9.0_18	0
0x21e269	NOTYPE	..lin.eb5f3781..e6d7b7e9.0_19	0
0x21e291	NOTYPE	..lin.eb5f3781..e6d7b7e9.0_20	0
0x21e2ae	NOTYPE	..lin.eb5f3781..e6d7b7e9.0_21	0
0x21e2c7	NOTYPE	..lin.eb5f3781..e6d7b7e9.0_22	0
0x21e2d7	NOTYPE	..lin.eb5f3781..e6d7b7e9.0_23	0
0x21e2f0	NOTYPE	..lin.eb5f3781..e6d7b7e9.0_24	0
0x21e303	NOTYPE	..lin.eb5f3781..e6d7b7e9.0_25	0
0x21e30c	NOTYPE	..lin.eb5f3781..e6d7b7e9.0_26	0
0x21e314	NOTYPE	..lin.eb5f3781..e6d7b7e9.0_27	0
0x21e31d	NOTYPE	..lin.eb5f3781..e6d7b7e9.0_28	0
0x21e350	NOTYPE	..lin.eb5f3781..e6d7b7e9.0_29	0
0x21e359	NOTYPE	..lin.eb5f3781..e6d7b7e9.0_30	0
0x21e35f	NOTYPE	..lin.eb5f3781..e6d7b7e9.0_31	0
0x21e365	NOTYPE	..lin.eb5f3781..e6d7b7e9.0_32	0
0x21e370	NOTYPE	..lin.eb5f3781..e6d7b7e9.0_33	0
0x21e380	NOTYPE	..lin.eb5f3781..e6d7b7e9.0_34	0
0x21e38d	NOTYPE	..lin.eb5f3781..e6d7b7e9.0_35	0
0x21e39a	NOTYPE	..lin.eb5f3781..e6d7b7e9.0_36	0
0x21e3b5	NOTYPE	..lin.eb5f3781..e6d7b7e9.0_37	0
0x21e3bf	NOTYPE	..lin.eb5f3781..e6d7b7e9.0_38	0
0x21e3c7	NOTYPE	..lin.eb5f3781..e6d7b7e9.0_39	0
0x21e3cd	NOTYPE	..lin.eb5f3781..e6d7b7e9.0_40	0
0x21e3de	NOTYPE	..lin.eb5f3781..e6d7b7e9.0_41	0
0x21e3e5	NOTYPE	..lin.eb5f3781..e6d7b7e9.0_42	0
0x21e404	FUNC	InitHLMutex	35
0x21e415	NOTYPE	..lin.aaf71f44..e19f4b20.0_1	0
0x21e427	FUNC	CreateHLMutex	92
0x21e43e	NOTYPE	..lin.aaf71f44..8087c0a0.0_2	0
0x21e444	NOTYPE	..lin.aaf71f44..8087c0a0.0_3	0
0x21e45c	NOTYPE	..lin.aaf71f44..8087c0a0.0_4	0
0x21e462	NOTYPE	..lin.aaf71f44..8087c0a0.0_5	0
0x21e470	NOTYPE	..lin.aaf71f44..8087c0a0.0_6	0
0x21e474	NOTYPE	..lin.aaf71f44..8087c0a0.0_7	0
0x21e483	FUNC	TryToObtainHLMutex	90
0x21e48d	NOTYPE	..lin.aaf71f44..c68a5a2b.0_8	0
0x21e493	NOTYPE	..lin.aaf71f44..c68a5a2b.0_9	0
0x21e49b	NOTYPE	..lin.aaf71f44..c68a5a2b.0_10	0
0x21e4a7	NOTYPE	..lin.aaf71f44..c68a5a2b.0_11	0
0x21e4b1	NOTYPE	..lin.aaf71f44..c68a5a2b.0_12	0
0x21e4ba	NOTYPE	..lin.aaf71f44..c68a5a2b.0_13	0
0x21e4c0	NOTYPE	..lin.aaf71f44..c68a5a2b.0_14	0
0x21e4d3	NOTYPE	..lin.aaf71f44..c68a5a2b.0_15	0
0x21e4d7	NOTYPE	..lin.aaf71f44..c68a5a2b.0_16	0
0x21e4dd	FUNC	InternalWaitForHLMutex...2Fhome.2Fmal.2Fgm_release.2FMY22.2D026.2Ffinal.2Fiot.2Frtos.2Flibs.2Fgm.2Di35.2Frel.2Fwork.2Flibkernel.2Flibkernel.2Fhlmutex.	68
0x21e4f7	NOTYPE	..lin.aaf71f44..a6a1ed25.0_17	0
0x21e50f	NOTYPE	..lin.aaf71f44..a6a1ed25.0_18	0
0x21e513	NOTYPE	..lin.aaf71f44..a6a1ed25.0_19	0
0x21e51b	NOTYPE	..lin.aaf71f44..a6a1ed25.0_20	0
0x21e521	FUNC	AsyncWaitForHLMutex	28
0x21e527	NOTYPE	..lin.aaf71f44..c29873a6.0_21	0
0x21e532	NOTYPE	..lin.aaf71f44..c29873a6.0_22	0
0x21e538	NOTYPE	..lin.aaf71f44..c29873a6.0_23	0
0x21e53d	NOTYPE	..lin.aaf71f44..c29873a6.0_24	0
0x21e53d	FUNC	WaitForHLMutex	21
0x21e550	NOTYPE	..lin.aaf71f44..f395ba68.0_25	0
0x21e552	FUNC	ReleaseHLMutex	101
0x21e55c	NOTYPE	..lin.aaf71f44..af37cad.0_26	0
0x21e562	NOTYPE	..lin.aaf71f44..af37cad.0_27	0
0x21e56a	NOTYPE	..lin.aaf71f44..af37cad.0_28	0
0x21e576	NOTYPE	..lin.aaf71f44..af37cad.0_29	0
0x21e57c	NOTYPE	..lin.aaf71f44..af37cad.0_30	0
0x21e586	NOTYPE	..lin.aaf71f44..af37cad.0_31	0
0x21e590	NOTYPE	..lin.aaf71f44..af37cad.0_32	0
0x21e597	NOTYPE	..lin.aaf71f44..af37cad.0_33	0
0x21e5a5	NOTYPE	..lin.aaf71f44..af37cad.0_34	0
0x21e5a9	NOTYPE	..lin.aaf71f44..af37cad.0_35	0
0x21e5b5	NOTYPE	..lin.aaf71f44..af37cad.0_36	0
0x21e5b7	FUNC	GetHLMutexValue	78
0x21e5bd	NOTYPE	..lin.aaf71f44..9425cd69.0_37	0
0x21e5c3	NOTYPE	..lin.aaf71f44..9425cd69.0_38	0
0x21e5cf	NOTYPE	..lin.aaf71f44..9425cd69.0_39	0
0x21e5d5	NOTYPE	..lin.aaf71f44..9425cd69.0_40	0
0x21e5db	NOTYPE	..lin.aaf71f44..9425cd69.0_41	0
0x21e5ee	NOTYPE	..lin.aaf71f44..9425cd69.0_42	0
0x21e5f6	NOTYPE	..lin.aaf71f44..9425cd69.0_43	0
0x21e605	FUNC	OwnsHLMutex	27
0x21e60b	NOTYPE	..lin.aaf71f44..805704f3.0_44	0
0x21e617	NOTYPE	..lin.aaf71f44..805704f3.0_45	0
0x21e61d	NOTYPE	..lin.aaf71f44..805704f3.0_46	0
0x21e620	FUNC	CreateLinkAtIndex	272
0x21e643	NOTYPE	..lin.4e8e40c5..27e36694.0_1	0
0x21e64e	NOTYPE	..lin.4e8e40c5..27e36694.0_2	0
0x21e653	NOTYPE	..lin.4e8e40c5..27e36694.0_3	0
0x21e662	NOTYPE	..lin.4e8e40c5..27e36694.0_4	0
0x21e66b	NOTYPE	..lin.4e8e40c5..27e36694.0_5	0
0x21e671	NOTYPE	..lin.4e8e40c5..27e36694.0_6	0
0x21e677	NOTYPE	..lin.4e8e40c5..27e36694.0_7	0
0x21e68a	NOTYPE	..lin.4e8e40c5..27e36694.0_8	0
0x21e699	NOTYPE	..lin.4e8e40c5..27e36694.0_9	0
0x21e6a3	NOTYPE	..lin.4e8e40c5..27e36694.0_10	0
0x21e6b6	NOTYPE	..lin.4e8e40c5..27e36694.0_11	0
0x21e6bc	NOTYPE	..lin.4e8e40c5..27e36694.0_12	0
0x21e6c4	NOTYPE	..lin.4e8e40c5..27e36694.0_13	0
0x21e6cc	NOTYPE	..lin.4e8e40c5..27e36694.0_14	0
0x21e6d6	NOTYPE	..lin.4e8e40c5..27e36694.0_15	0
0x21e6de	NOTYPE	..lin.4e8e40c5..27e36694.0_16	0
0x21e70c	NOTYPE	..lin.4e8e40c5..27e36694.0_17	0
0x21e714	NOTYPE	..lin.4e8e40c5..27e36694.0_18	0
0x21e71c	NOTYPE	..lin.4e8e40c5..27e36694.0_19	0
0x21e725	NOTYPE	..lin.4e8e40c5..27e36694.0_20	0
0x21e730	FUNC	SynchronousSend	155
0x21e740	NOTYPE	..lin.7067d566..df51d1a.0_1	0
0x21e74f	NOTYPE	..lin.7067d566..df51d1a.0_2	0
0x21e755	NOTYPE	..lin.7067d566..df51d1a.0_3	0
0x21e75b	NOTYPE	..lin.7067d566..df51d1a.0_4	0
0x21e761	NOTYPE	..lin.7067d566..df51d1a.0_5	0
0x21e771	NOTYPE	..lin.7067d566..df51d1a.0_6	0
0x21e77b	NOTYPE	..lin.7067d566..df51d1a.0_7	0
0x21e782	NOTYPE	..lin.7067d566..df51d1a.0_8	0
0x21e78a	NOTYPE	..lin.7067d566..df51d1a.0_9	0
0x21e794	NOTYPE	..lin.7067d566..df51d1a.0_10	0
0x21e79c	NOTYPE	..lin.7067d566..df51d1a.0_11	0
0x21e7ac	NOTYPE	..lin.7067d566..df51d1a.0_12	0
0x21e7b4	NOTYPE	..lin.7067d566..df51d1a.0_13	0
0x21e7bc	NOTYPE	..lin.7067d566..df51d1a.0_14	0
0x21e7c5	NOTYPE	..lin.7067d566..df51d1a.0_15	0
0x21e7cb	FUNC	TrySynchronousSend	158
0x21e7db	NOTYPE	..lin.7067d566..1cdffd99.0_16	0
0x21e7ea	NOTYPE	..lin.7067d566..1cdffd99.0_17	0
0x21e7f0	NOTYPE	..lin.7067d566..1cdffd99.0_18	0
0x21e7f6	NOTYPE	..lin.7067d566..1cdffd99.0_19	0
0x21e7fc	NOTYPE	..lin.7067d566..1cdffd99.0_20	0
0x21e80c	NOTYPE	..lin.7067d566..1cdffd99.0_21	0
0x21e816	NOTYPE	..lin.7067d566..1cdffd99.0_22	0
0x21e81d	NOTYPE	..lin.7067d566..1cdffd99.0_23	0
0x21e825	NOTYPE	..lin.7067d566..1cdffd99.0_24	0
0x21e82f	NOTYPE	..lin.7067d566..1cdffd99.0_25	0
0x21e837	NOTYPE	..lin.7067d566..1cdffd99.0_26	0
0x21e84a	NOTYPE	..lin.7067d566..1cdffd99.0_27	0
0x21e852	NOTYPE	..lin.7067d566..1cdffd99.0_28	0
0x21e85a	NOTYPE	..lin.7067d566..1cdffd99.0_29	0
0x21e863	NOTYPE	..lin.7067d566..1cdffd99.0_30	0
0x21e86c	FUNC	SynchronousReceive	153
0x21e87c	NOTYPE	..lin.706747ac..80b4f33.0_1	0
0x21e88b	NOTYPE	..lin.706747ac..80b4f33.0_2	0
0x21e891	NOTYPE	..lin.706747ac..80b4f33.0_3	0
0x21e897	NOTYPE	..lin.706747ac..80b4f33.0_4	0
0x21e89d	NOTYPE	..lin.706747ac..80b4f33.0_5	0
0x21e8ad	NOTYPE	..lin.706747ac..80b4f33.0_6	0
0x21e8b7	NOTYPE	..lin.706747ac..80b4f33.0_7	0
0x21e8be	NOTYPE	..lin.706747ac..80b4f33.0_8	0
0x21e8c6	NOTYPE	..lin.706747ac..80b4f33.0_9	0
0x21e8d0	NOTYPE	..lin.706747ac..80b4f33.0_10	0
0x21e8d8	NOTYPE	..lin.706747ac..80b4f33.0_11	0
0x21e8e6	NOTYPE	..lin.706747ac..80b4f33.0_12	0
0x21e8ee	NOTYPE	..lin.706747ac..80b4f33.0_13	0
0x21e8f6	NOTYPE	..lin.706747ac..80b4f33.0_14	0
0x21e8ff	NOTYPE	..lin.706747ac..80b4f33.0_15	0
0x21e908	FUNC	CreateSemaphore	131
0x21e921	NOTYPE	..lin.95b4bb35..459aa51d.0_1	0
0x21e930	NOTYPE	..lin.95b4bb35..459aa51d.0_2	0
0x21e93f	NOTYPE	..lin.95b4bb35..459aa51d.0_3	0
0x21e945	NOTYPE	..lin.95b4bb35..459aa51d.0_4	0
0x21e96f	NOTYPE	..lin.95b4bb35..459aa51d.0_5	0
0x21e977	NOTYPE	..lin.95b4bb35..459aa51d.0_6	0
0x21e97f	NOTYPE	..lin.95b4bb35..459aa51d.0_7	0
0x21e984	NOTYPE	..lin.95b4bb35..459aa51d.0_8	0
0x21e98c	FUNC	CreateHighestLockerSemaphoreWithOrder	141
0x21e9aa	NOTYPE	..lin.d50d4c89..a4a321.0_1	0
0x21e9b9	NOTYPE	..lin.d50d4c89..a4a321.0_2	0
0x21e9c8	NOTYPE	..lin.d50d4c89..a4a321.0_3	0
0x21e9ce	NOTYPE	..lin.d50d4c89..a4a321.0_4	0
0x21e9fb	NOTYPE	..lin.d50d4c89..a4a321.0_5	0
0x21ea03	NOTYPE	..lin.d50d4c89..a4a321.0_6	0
0x21ea0b	NOTYPE	..lin.d50d4c89..a4a321.0_7	0
0x21ea10	NOTYPE	..lin.d50d4c89..a4a321.0_8	0
0x21ea19	FUNC	CreateHighestLockerSemaphore	10
0x21ea23	NOTYPE	..lin.d50d4c89..31830aa9.0_9	0
0x21ea24	FUNC	CreateVirtualClock	264
0x21ea42	NOTYPE	..lin.95b4780a..cbc7d36c.0_1	0
0x21ea4d	NOTYPE	..lin.95b4780a..cbc7d36c.0_2	0
0x21ea52	NOTYPE	..lin.95b4780a..cbc7d36c.0_3	0
0x21ea61	NOTYPE	..lin.95b4780a..cbc7d36c.0_4	0
0x21ea6a	NOTYPE	..lin.95b4780a..cbc7d36c.0_5	0
0x21ea70	NOTYPE	..lin.95b4780a..cbc7d36c.0_6	0
0x21ea76	NOTYPE	..lin.95b4780a..cbc7d36c.0_7	0
0x21ea89	NOTYPE	..lin.95b4780a..cbc7d36c.0_8	0
0x21ea98	NOTYPE	..lin.95b4780a..cbc7d36c.0_9	0
0x21eaa2	NOTYPE	..lin.95b4780a..cbc7d36c.0_10	0
0x21eab5	NOTYPE	..lin.95b4780a..cbc7d36c.0_11	0
0x21eabb	NOTYPE	..lin.95b4780a..cbc7d36c.0_12	0
0x21eac3	NOTYPE	..lin.95b4780a..cbc7d36c.0_13	0
0x21eacb	NOTYPE	..lin.95b4780a..cbc7d36c.0_14	0
0x21ead5	NOTYPE	..lin.95b4780a..cbc7d36c.0_15	0
0x21eadd	NOTYPE	..lin.95b4780a..cbc7d36c.0_16	0
0x21eb0a	NOTYPE	..lin.95b4780a..cbc7d36c.0_17	0
0x21eb12	NOTYPE	..lin.95b4780a..cbc7d36c.0_18	0
0x21eb1a	NOTYPE	..lin.95b4780a..cbc7d36c.0_19	0
0x21eb23	NOTYPE	..lin.95b4780a..cbc7d36c.0_20	0
0x21eb2c	FUNC	GetObjectIndex	82
0x21eb3a	NOTYPE	..lin.a5d5352..f7e53714.0_1	0
0x21eb3f	NOTYPE	..lin.a5d5352..f7e53714.0_2	0
0x21eb44	NOTYPE	..lin.a5d5352..f7e53714.0_3	0
0x21eb53	NOTYPE	..lin.a5d5352..f7e53714.0_4	0
0x21eb59	NOTYPE	..lin.a5d5352..f7e53714.0_5	0
0x21eb68	NOTYPE	..lin.a5d5352..f7e53714.0_6	0
0x21eb70	NOTYPE	..lin.a5d5352..f7e53714.0_7	0
0x21eb75	NOTYPE	..lin.a5d5352..f7e53714.0_8	0
0x21eb80	FUNC	ObjectNumber	101
0x21eb8d	NOTYPE	..lin.2025e367..20008785.0_1	0
0x21eb9c	NOTYPE	..lin.2025e367..20008785.0_2	0
0x21eba2	NOTYPE	..lin.2025e367..20008785.0_3	0
0x21ebc4	NOTYPE	..lin.2025e367..20008785.0_4	0
0x21ebcf	NOTYPE	..lin.2025e367..20008785.0_5	0
0x21ebd7	NOTYPE	..lin.2025e367..20008785.0_6	0
0x21ebdc	NOTYPE	..lin.2025e367..20008785.0_7	0
0x21ebe8	FUNC	SetTaskName	226
0x21ec0a	NOTYPE	..lin.5b88797..4d6fd045.0_1	0
0x21ec19	NOTYPE	..lin.5b88797..4d6fd045.0_2	0
0x21ec22	NOTYPE	..lin.5b88797..4d6fd045.0_3	0
0x21ec28	NOTYPE	..lin.5b88797..4d6fd045.0_4	0
0x21ec2e	NOTYPE	..lin.5b88797..4d6fd045.0_5	0
0x21ec41	NOTYPE	..lin.5b88797..4d6fd045.0_6	0
0x21ec50	NOTYPE	..lin.5b88797..4d6fd045.0_7	0
0x21ec5a	NOTYPE	..lin.5b88797..4d6fd045.0_8	0
0x21ec6d	NOTYPE	..lin.5b88797..4d6fd045.0_9	0
0x21ec73	NOTYPE	..lin.5b88797..4d6fd045.0_10	0
0x21ec7b	NOTYPE	..lin.5b88797..4d6fd045.0_11	0
0x21ec83	NOTYPE	..lin.5b88797..4d6fd045.0_12	0
0x21ec8d	NOTYPE	..lin.5b88797..4d6fd045.0_13	0
0x21ec95	NOTYPE	..lin.5b88797..4d6fd045.0_14	0
0x21ecac	NOTYPE	..lin.5b88797..4d6fd045.0_15	0
0x21ecb4	NOTYPE	..lin.5b88797..4d6fd045.0_16	0
0x21ecbc	NOTYPE	..lin.5b88797..4d6fd045.0_17	0
0x21ecc5	NOTYPE	..lin.5b88797..4d6fd045.0_18	0
0x21eccc	FUNC	SetTaskExecutableFile	226
0x21ecee	NOTYPE	..lin.b7b3e4a9..84919ae6.0_1	0
0x21ecfd	NOTYPE	..lin.b7b3e4a9..84919ae6.0_2	0
0x21ed06	NOTYPE	..lin.b7b3e4a9..84919ae6.0_3	0
0x21ed0c	NOTYPE	..lin.b7b3e4a9..84919ae6.0_4	0
0x21ed12	NOTYPE	..lin.b7b3e4a9..84919ae6.0_5	0
0x21ed25	NOTYPE	..lin.b7b3e4a9..84919ae6.0_6	0
0x21ed34	NOTYPE	..lin.b7b3e4a9..84919ae6.0_7	0
0x21ed3e	NOTYPE	..lin.b7b3e4a9..84919ae6.0_8	0
0x21ed51	NOTYPE	..lin.b7b3e4a9..84919ae6.0_9	0
0x21ed57	NOTYPE	..lin.b7b3e4a9..84919ae6.0_10	0
0x21ed5f	NOTYPE	..lin.b7b3e4a9..84919ae6.0_11	0
0x21ed67	NOTYPE	..lin.b7b3e4a9..84919ae6.0_12	0
0x21ed71	NOTYPE	..lin.b7b3e4a9..84919ae6.0_13	0
0x21ed79	NOTYPE	..lin.b7b3e4a9..84919ae6.0_14	0
0x21ed90	NOTYPE	..lin.b7b3e4a9..84919ae6.0_15	0
0x21ed98	NOTYPE	..lin.b7b3e4a9..84919ae6.0_16	0
0x21eda0	NOTYPE	..lin.b7b3e4a9..84919ae6.0_17	0
0x21eda9	NOTYPE	..lin.b7b3e4a9..84919ae6.0_18	0
0x21edb0	FUNC	GetTaskExecutableFile	242
0x21edd1	NOTYPE	..lin.8735171d..b7f5dcda.0_1	0
0x21eddc	NOTYPE	..lin.8735171d..b7f5dcda.0_2	0
0x21ede1	NOTYPE	..lin.8735171d..b7f5dcda.0_3	0
0x21edf0	NOTYPE	..lin.8735171d..b7f5dcda.0_4	0
0x21edf9	NOTYPE	..lin.8735171d..b7f5dcda.0_5	0
0x21edff	NOTYPE	..lin.8735171d..b7f5dcda.0_6	0
0x21ee05	NOTYPE	..lin.8735171d..b7f5dcda.0_7	0
0x21ee18	NOTYPE	..lin.8735171d..b7f5dcda.0_8	0
0x21ee27	NOTYPE	..lin.8735171d..b7f5dcda.0_9	0
0x21ee31	NOTYPE	..lin.8735171d..b7f5dcda.0_10	0
0x21ee44	NOTYPE	..lin.8735171d..b7f5dcda.0_11	0
0x21ee4a	NOTYPE	..lin.8735171d..b7f5dcda.0_12	0
0x21ee52	NOTYPE	..lin.8735171d..b7f5dcda.0_13	0
0x21ee5a	NOTYPE	..lin.8735171d..b7f5dcda.0_14	0
0x21ee64	NOTYPE	..lin.8735171d..b7f5dcda.0_15	0
0x21ee6c	NOTYPE	..lin.8735171d..b7f5dcda.0_16	0
0x21ee82	NOTYPE	..lin.8735171d..b7f5dcda.0_17	0
0x21ee8a	NOTYPE	..lin.8735171d..b7f5dcda.0_18	0
0x21ee92	NOTYPE	..lin.8735171d..b7f5dcda.0_19	0
0x21ee9b	NOTYPE	..lin.8735171d..b7f5dcda.0_20	0
0x21eea4	FUNC	TryToObtainSemaphore	192
0x21eeb0	NOTYPE	..lin.7c642667..16a9cd68.0_1	0
0x21eebf	NOTYPE	..lin.7c642667..16a9cd68.0_2	0
0x21eec8	NOTYPE	..lin.7c642667..16a9cd68.0_3	0
0x21eece	NOTYPE	..lin.7c642667..16a9cd68.0_4	0
0x21eed4	NOTYPE	..lin.7c642667..16a9cd68.0_5	0
0x21eee7	NOTYPE	..lin.7c642667..16a9cd68.0_6	0
0x21eef6	NOTYPE	..lin.7c642667..16a9cd68.0_7	0
0x21ef00	NOTYPE	..lin.7c642667..16a9cd68.0_8	0
0x21ef13	NOTYPE	..lin.7c642667..16a9cd68.0_9	0
0x21ef19	NOTYPE	..lin.7c642667..16a9cd68.0_10	0
0x21ef21	NOTYPE	..lin.7c642667..16a9cd68.0_11	0
0x21ef29	NOTYPE	..lin.7c642667..16a9cd68.0_12	0
0x21ef33	NOTYPE	..lin.7c642667..16a9cd68.0_13	0
0x21ef3b	NOTYPE	..lin.7c642667..16a9cd68.0_14	0
0x21ef46	NOTYPE	..lin.7c642667..16a9cd68.0_15	0
0x21ef4e	NOTYPE	..lin.7c642667..16a9cd68.0_16	0
0x21ef56	NOTYPE	..lin.7c642667..16a9cd68.0_17	0
0x21ef5f	NOTYPE	..lin.7c642667..16a9cd68.0_18	0
0x21ef64	FUNC	ReleaseSemaphore	192
0x21ef70	NOTYPE	..lin.7c642668..19e5986a.0_1	0
0x21ef7f	NOTYPE	..lin.7c642668..19e5986a.0_2	0
0x21ef88	NOTYPE	..lin.7c642668..19e5986a.0_3	0
0x21ef8e	NOTYPE	..lin.7c642668..19e5986a.0_4	0
0x21ef94	NOTYPE	..lin.7c642668..19e5986a.0_5	0
0x21efa7	NOTYPE	..lin.7c642668..19e5986a.0_6	0
0x21efb6	NOTYPE	..lin.7c642668..19e5986a.0_7	0
0x21efc0	NOTYPE	..lin.7c642668..19e5986a.0_8	0
0x21efd3	NOTYPE	..lin.7c642668..19e5986a.0_9	0
0x21efd9	NOTYPE	..lin.7c642668..19e5986a.0_10	0
0x21efe1	NOTYPE	..lin.7c642668..19e5986a.0_11	0
0x21efe9	NOTYPE	..lin.7c642668..19e5986a.0_12	0
0x21eff3	NOTYPE	..lin.7c642668..19e5986a.0_13	0
0x21effb	NOTYPE	..lin.7c642668..19e5986a.0_14	0
0x21f006	NOTYPE	..lin.7c642668..19e5986a.0_15	0
0x21f00e	NOTYPE	..lin.7c642668..19e5986a.0_16	0
0x21f016	NOTYPE	..lin.7c642668..19e5986a.0_17	0
0x21f01f	NOTYPE	..lin.7c642668..19e5986a.0_18	0
0x21f024	FUNC	GetSemaphoreValue	200
0x21f034	NOTYPE	..lin.7c642669..a61bab06.0_1	0
0x21f043	NOTYPE	..lin.7c642669..a61bab06.0_2	0
0x21f04c	NOTYPE	..lin.7c642669..a61bab06.0_3	0
0x21f052	NOTYPE	..lin.7c642669..a61bab06.0_4	0
0x21f058	NOTYPE	..lin.7c642669..a61bab06.0_5	0
0x21f06b	NOTYPE	..lin.7c642669..a61bab06.0_6	0
0x21f07a	NOTYPE	..lin.7c642669..a61bab06.0_7	0
0x21f084	NOTYPE	..lin.7c642669..a61bab06.0_8	0
0x21f097	NOTYPE	..lin.7c642669..a61bab06.0_9	0
0x21f09d	NOTYPE	..lin.7c642669..a61bab06.0_10	0
0x21f0a5	NOTYPE	..lin.7c642669..a61bab06.0_11	0
0x21f0ad	NOTYPE	..lin.7c642669..a61bab06.0_12	0
0x21f0b7	NOTYPE	..lin.7c642669..a61bab06.0_13	0
0x21f0bf	NOTYPE	..lin.7c642669..a61bab06.0_14	0
0x21f0cd	NOTYPE	..lin.7c642669..a61bab06.0_15	0
0x21f0d5	NOTYPE	..lin.7c642669..a61bab06.0_16	0
0x21f0dd	NOTYPE	..lin.7c642669..a61bab06.0_17	0
0x21f0e6	NOTYPE	..lin.7c642669..a61bab06.0_18	0
0x21f0ec	FUNC	SplitMemoryRegion	236
0x21f10a	NOTYPE	..lin.7060202d..812254ee.0_1	0
0x21f115	NOTYPE	..lin.7060202d..812254ee.0_2	0
0x21f11a	NOTYPE	..lin.7060202d..812254ee.0_3	0
0x21f129	NOTYPE	..lin.7060202d..812254ee.0_4	0
0x21f132	NOTYPE	..lin.7060202d..812254ee.0_5	0
0x21f138	NOTYPE	..lin.7060202d..812254ee.0_6	0
0x21f13e	NOTYPE	..lin.7060202d..812254ee.0_7	0
0x21f151	NOTYPE	..lin.7060202d..812254ee.0_8	0
0x21f160	NOTYPE	..lin.7060202d..812254ee.0_9	0
0x21f16a	NOTYPE	..lin.7060202d..812254ee.0_10	0
0x21f17d	NOTYPE	..lin.7060202d..812254ee.0_11	0
0x21f183	NOTYPE	..lin.7060202d..812254ee.0_12	0
0x21f18b	NOTYPE	..lin.7060202d..812254ee.0_13	0
0x21f193	NOTYPE	..lin.7060202d..812254ee.0_14	0
0x21f19d	NOTYPE	..lin.7060202d..812254ee.0_15	0
0x21f1a5	NOTYPE	..lin.7060202d..812254ee.0_16	0
0x21f1b6	NOTYPE	..lin.7060202d..812254ee.0_17	0
0x21f1be	NOTYPE	..lin.7060202d..812254ee.0_18	0
0x21f1c6	NOTYPE	..lin.7060202d..812254ee.0_19	0
0x21f1cf	NOTYPE	..lin.7060202d..812254ee.0_20	0
0x21f1d8	FUNC	GetMemoryRegionAddresses	212
0x21f1ee	NOTYPE	..lin.7060202f..90bdfb20.0_1	0
0x21f1fd	NOTYPE	..lin.7060202f..90bdfb20.0_2	0
0x21f206	NOTYPE	..lin.7060202f..90bdfb20.0_3	0
0x21f20c	NOTYPE	..lin.7060202f..90bdfb20.0_4	0
0x21f212	NOTYPE	..lin.7060202f..90bdfb20.0_5	0
0x21f225	NOTYPE	..lin.7060202f..90bdfb20.0_6	0
0x21f234	NOTYPE	..lin.7060202f..90bdfb20.0_7	0
0x21f23e	NOTYPE	..lin.7060202f..90bdfb20.0_8	0
0x21f251	NOTYPE	..lin.7060202f..90bdfb20.0_9	0
0x21f257	NOTYPE	..lin.7060202f..90bdfb20.0_10	0
0x21f25f	NOTYPE	..lin.7060202f..90bdfb20.0_11	0
0x21f267	NOTYPE	..lin.7060202f..90bdfb20.0_12	0
0x21f271	NOTYPE	..lin.7060202f..90bdfb20.0_13	0
0x21f279	NOTYPE	..lin.7060202f..90bdfb20.0_14	0
0x21f28a	NOTYPE	..lin.7060202f..90bdfb20.0_15	0
0x21f292	NOTYPE	..lin.7060202f..90bdfb20.0_16	0
0x21f29a	NOTYPE	..lin.7060202f..90bdfb20.0_17	0
0x21f2a3	NOTYPE	..lin.7060202f..90bdfb20.0_18	0
0x21f2ac	FUNC	Log2PageSize	200
0x21f2bc	NOTYPE	..lin.70602031..b9d6c51.0_1	0
0x21f2cb	NOTYPE	..lin.70602031..b9d6c51.0_2	0
0x21f2d4	NOTYPE	..lin.70602031..b9d6c51.0_3	0
0x21f2da	NOTYPE	..lin.70602031..b9d6c51.0_4	0
0x21f2e0	NOTYPE	..lin.70602031..b9d6c51.0_5	0
0x21f2f3	NOTYPE	..lin.70602031..b9d6c51.0_6	0
0x21f302	NOTYPE	..lin.70602031..b9d6c51.0_7	0
0x21f30c	NOTYPE	..lin.70602031..b9d6c51.0_8	0
0x21f31f	NOTYPE	..lin.70602031..b9d6c51.0_9	0
0x21f325	NOTYPE	..lin.70602031..b9d6c51.0_10	0
0x21f32d	NOTYPE	..lin.70602031..b9d6c51.0_11	0
0x21f335	NOTYPE	..lin.70602031..b9d6c51.0_12	0
0x21f33f	NOTYPE	..lin.70602031..b9d6c51.0_13	0
0x21f347	NOTYPE	..lin.70602031..b9d6c51.0_14	0
0x21f355	NOTYPE	..lin.70602031..b9d6c51.0_15	0
0x21f35d	NOTYPE	..lin.70602031..b9d6c51.0_16	0
0x21f365	NOTYPE	..lin.70602031..b9d6c51.0_17	0
0x21f36e	NOTYPE	..lin.70602031..b9d6c51.0_18	0
0x21f374	FUNC	FillMemoryRegion	225
0x21f394	NOTYPE	..lin.7c64257b..77480ea9.0_1	0
0x21f3a3	NOTYPE	..lin.7c64257b..77480ea9.0_2	0
0x21f3ac	NOTYPE	..lin.7c64257b..77480ea9.0_3	0
0x21f3b2	NOTYPE	..lin.7c64257b..77480ea9.0_4	0
0x21f3b8	NOTYPE	..lin.7c64257b..77480ea9.0_5	0
0x21f3cb	NOTYPE	..lin.7c64257b..77480ea9.0_6	0
0x21f3da	NOTYPE	..lin.7c64257b..77480ea9.0_7	0
0x21f3e4	NOTYPE	..lin.7c64257b..77480ea9.0_8	0
0x21f3f7	NOTYPE	..lin.7c64257b..77480ea9.0_9	0
0x21f3fd	NOTYPE	..lin.7c64257b..77480ea9.0_10	0
0x21f405	NOTYPE	..lin.7c64257b..77480ea9.0_11	0
0x21f40d	NOTYPE	..lin.7c64257b..77480ea9.0_12	0
0x21f417	NOTYPE	..lin.7c64257b..77480ea9.0_13	0
0x21f41f	NOTYPE	..lin.7c64257b..77480ea9.0_14	0
0x21f435	NOTYPE	..lin.7c64257b..77480ea9.0_15	0
0x21f43d	NOTYPE	..lin.7c64257b..77480ea9.0_16	0
0x21f445	NOTYPE	..lin.7c64257b..77480ea9.0_17	0
0x21f44e	NOTYPE	..lin.7c64257b..77480ea9.0_18	0
0x21f458	FUNC	StartClose	212
0x21f46e	NOTYPE	..lin.7c642664..2d6ecba9.0_1	0
0x21f47d	NOTYPE	..lin.7c642664..2d6ecba9.0_2	0
0x21f486	NOTYPE	..lin.7c642664..2d6ecba9.0_3	0
0x21f48c	NOTYPE	..lin.7c642664..2d6ecba9.0_4	0
0x21f492	NOTYPE	..lin.7c642664..2d6ecba9.0_5	0
0x21f4a5	NOTYPE	..lin.7c642664..2d6ecba9.0_6	0
0x21f4b4	NOTYPE	..lin.7c642664..2d6ecba9.0_7	0
0x21f4be	NOTYPE	..lin.7c642664..2d6ecba9.0_8	0
0x21f4d1	NOTYPE	..lin.7c642664..2d6ecba9.0_9	0
0x21f4d7	NOTYPE	..lin.7c642664..2d6ecba9.0_10	0
0x21f4df	NOTYPE	..lin.7c642664..2d6ecba9.0_11	0
0x21f4e7	NOTYPE	..lin.7c642664..2d6ecba9.0_12	0
0x21f4f1	NOTYPE	..lin.7c642664..2d6ecba9.0_13	0
0x21f4f9	NOTYPE	..lin.7c642664..2d6ecba9.0_14	0
0x21f50a	NOTYPE	..lin.7c642664..2d6ecba9.0_15	0
0x21f512	NOTYPE	..lin.7c642664..2d6ecba9.0_16	0
0x21f51a	NOTYPE	..lin.7c642664..2d6ecba9.0_17	0
0x21f523	NOTYPE	..lin.7c642664..2d6ecba9.0_18	0
0x21f52c	FUNC	FinishClose	243
0x21f54f	NOTYPE	..lin.70602028..8b8d131c.0_1	0
0x21f55a	NOTYPE	..lin.70602028..8b8d131c.0_2	0
0x21f55f	NOTYPE	..lin.70602028..8b8d131c.0_3	0
0x21f56b	NOTYPE	..lin.70602028..8b8d131c.0_4	0
0x21f574	NOTYPE	..lin.70602028..8b8d131c.0_5	0
0x21f57a	NOTYPE	..lin.70602028..8b8d131c.0_6	0
0x21f580	NOTYPE	..lin.70602028..8b8d131c.0_7	0
0x21f593	NOTYPE	..lin.70602028..8b8d131c.0_8	0
0x21f5a2	NOTYPE	..lin.70602028..8b8d131c.0_9	0
0x21f5ac	NOTYPE	..lin.70602028..8b8d131c.0_10	0
0x21f5bf	NOTYPE	..lin.70602028..8b8d131c.0_11	0
0x21f5c5	NOTYPE	..lin.70602028..8b8d131c.0_12	0
0x21f5cd	NOTYPE	..lin.70602028..8b8d131c.0_13	0
0x21f5d5	NOTYPE	..lin.70602028..8b8d131c.0_14	0
0x21f5df	NOTYPE	..lin.70602028..8b8d131c.0_15	0
0x21f5e7	NOTYPE	..lin.70602028..8b8d131c.0_16	0
0x21f5fb	NOTYPE	..lin.70602028..8b8d131c.0_17	0
0x21f603	NOTYPE	..lin.70602028..8b8d131c.0_18	0
0x21f60b	NOTYPE	..lin.70602028..8b8d131c.0_19	0
0x21f614	NOTYPE	..lin.70602028..8b8d131c.0_20	0
0x21f620	FUNC	PutPageOnAddressSpaceFreeList	327
0x21f630	NOTYPE	..lin.7c642581..8611fe88.0_1	0
0x21f63f	NOTYPE	..lin.7c642581..8611fe88.0_2	0
0x21f648	NOTYPE	..lin.7c642581..8611fe88.0_3	0
0x21f652	NOTYPE	..lin.7c642581..8611fe88.0_4	0
0x21f65a	NOTYPE	..lin.7c642581..8611fe88.0_5	0
0x21f66e	NOTYPE	..lin.7c642581..8611fe88.0_6	0
0x21f67d	NOTYPE	..lin.7c642581..8611fe88.0_7	0
0x21f682	NOTYPE	..lin.7c642581..8611fe88.0_8	0
0x21f68a	NOTYPE	..lin.7c642581..8611fe88.0_9	0
0x21f69e	NOTYPE	..lin.7c642581..8611fe88.0_10	0
0x21f6a4	NOTYPE	..lin.7c642581..8611fe88.0_11	0
0x21f6a6	NOTYPE	..lin.7c642581..8611fe88.0_12	0
0x21f6ab	NOTYPE	..lin.7c642581..8611fe88.0_13	0
0x21f6b1	NOTYPE	..lin.7c642581..8611fe88.0_14	0
0x21f6b7	NOTYPE	..lin.7c642581..8611fe88.0_15	0
0x21f6ca	NOTYPE	..lin.7c642581..8611fe88.0_16	0
0x21f6d9	NOTYPE	..lin.7c642581..8611fe88.0_17	0
0x21f6e3	NOTYPE	..lin.7c642581..8611fe88.0_18	0
0x21f6f6	NOTYPE	..lin.7c642581..8611fe88.0_19	0
0x21f6fc	NOTYPE	..lin.7c642581..8611fe88.0_20	0
0x21f704	NOTYPE	..lin.7c642581..8611fe88.0_21	0
0x21f70c	NOTYPE	..lin.7c642581..8611fe88.0_22	0
0x21f716	NOTYPE	..lin.7c642581..8611fe88.0_23	0
0x21f71e	NOTYPE	..lin.7c642581..8611fe88.0_24	0
0x21f72c	NOTYPE	..lin.7c642581..8611fe88.0_25	0
0x21f734	NOTYPE	..lin.7c642581..8611fe88.0_26	0
0x21f73f	NOTYPE	..lin.7c642581..8611fe88.0_27	0
0x21f749	NOTYPE	..lin.7c642581..8611fe88.0_28	0
0x21f74e	NOTYPE	..lin.7c642581..8611fe88.0_29	0
0x21f75e	NOTYPE	..lin.7c642581..8611fe88.0_30	0
0x21f768	FUNC	GetPageFromAddressSpaceFreeList	226
0x21f781	NOTYPE	..lin.7c642582..4fe61686.0_1	0
0x21f78c	NOTYPE	..lin.7c642582..4fe61686.0_2	0
0x21f791	NOTYPE	..lin.7c642582..4fe61686.0_3	0
0x21f7a0	NOTYPE	..lin.7c642582..4fe61686.0_4	0
0x21f7a9	NOTYPE	..lin.7c642582..4fe61686.0_5	0
0x21f7af	NOTYPE	..lin.7c642582..4fe61686.0_6	0
0x21f7b5	NOTYPE	..lin.7c642582..4fe61686.0_7	0
0x21f7c8	NOTYPE	..lin.7c642582..4fe61686.0_8	0
0x21f7d7	NOTYPE	..lin.7c642582..4fe61686.0_9	0
0x21f7e1	NOTYPE	..lin.7c642582..4fe61686.0_10	0
0x21f7f4	NOTYPE	..lin.7c642582..4fe61686.0_11	0
0x21f7fa	NOTYPE	..lin.7c642582..4fe61686.0_12	0
0x21f802	NOTYPE	..lin.7c642582..4fe61686.0_13	0
0x21f80a	NOTYPE	..lin.7c642582..4fe61686.0_14	0
0x21f814	NOTYPE	..lin.7c642582..4fe61686.0_15	0
0x21f81c	NOTYPE	..lin.7c642582..4fe61686.0_16	0
0x21f82a	NOTYPE	..lin.7c642582..4fe61686.0_17	0
0x21f832	NOTYPE	..lin.7c642582..4fe61686.0_18	0
0x21f83a	NOTYPE	..lin.7c642582..4fe61686.0_19	0
0x21f843	NOTYPE	..lin.7c642582..4fe61686.0_20	0
0x21f84c	FUNC	SetObjectCount	200
0x21f85c	NOTYPE	..lin.7c6425a0..be7c2d71.0_1	0
0x21f86b	NOTYPE	..lin.7c6425a0..be7c2d71.0_2	0
0x21f874	NOTYPE	..lin.7c6425a0..be7c2d71.0_3	0
0x21f87a	NOTYPE	..lin.7c6425a0..be7c2d71.0_4	0
0x21f880	NOTYPE	..lin.7c6425a0..be7c2d71.0_5	0
0x21f893	NOTYPE	..lin.7c6425a0..be7c2d71.0_6	0
0x21f8a2	NOTYPE	..lin.7c6425a0..be7c2d71.0_7	0
0x21f8ac	NOTYPE	..lin.7c6425a0..be7c2d71.0_8	0
0x21f8bf	NOTYPE	..lin.7c6425a0..be7c2d71.0_9	0
0x21f8c5	NOTYPE	..lin.7c6425a0..be7c2d71.0_10	0
0x21f8cd	NOTYPE	..lin.7c6425a0..be7c2d71.0_11	0
0x21f8d5	NOTYPE	..lin.7c6425a0..be7c2d71.0_12	0
0x21f8df	NOTYPE	..lin.7c6425a0..be7c2d71.0_13	0
0x21f8e7	NOTYPE	..lin.7c6425a0..be7c2d71.0_14	0
0x21f8f5	NOTYPE	..lin.7c6425a0..be7c2d71.0_15	0
0x21f8fd	NOTYPE	..lin.7c6425a0..be7c2d71.0_16	0
0x21f905	NOTYPE	..lin.7c6425a0..be7c2d71.0_17	0
0x21f90e	NOTYPE	..lin.7c6425a0..be7c2d71.0_18	0
0x21f914	FUNC	RestartAddressSpace	211
0x21f92f	NOTYPE	..lin.8e8d4f3..563f679c.0_1	0
0x21f93e	NOTYPE	..lin.8e8d4f3..563f679c.0_2	0
0x21f947	NOTYPE	..lin.8e8d4f3..563f679c.0_3	0
0x21f94d	NOTYPE	..lin.8e8d4f3..563f679c.0_4	0
0x21f953	NOTYPE	..lin.8e8d4f3..563f679c.0_5	0
0x21f966	NOTYPE	..lin.8e8d4f3..563f679c.0_6	0
0x21f975	NOTYPE	..lin.8e8d4f3..563f679c.0_7	0
0x21f97f	NOTYPE	..lin.8e8d4f3..563f679c.0_8	0
0x21f992	NOTYPE	..lin.8e8d4f3..563f679c.0_9	0
0x21f998	NOTYPE	..lin.8e8d4f3..563f679c.0_10	0
0x21f9a0	NOTYPE	..lin.8e8d4f3..563f679c.0_11	0
0x21f9a8	NOTYPE	..lin.8e8d4f3..563f679c.0_12	0
0x21f9b2	NOTYPE	..lin.8e8d4f3..563f679c.0_13	0
0x21f9ba	NOTYPE	..lin.8e8d4f3..563f679c.0_14	0
0x21f9c9	NOTYPE	..lin.8e8d4f3..563f679c.0_15	0
0x21f9d1	NOTYPE	..lin.8e8d4f3..563f679c.0_16	0
0x21f9d9	NOTYPE	..lin.8e8d4f3..563f679c.0_17	0
0x21f9e2	NOTYPE	..lin.8e8d4f3..563f679c.0_18	0
0x21f9e8	FUNC	CreateTask	313
0x21fa12	NOTYPE	..lin.7c64259e..9a8ffecc.0_1	0
0x21fa23	NOTYPE	..lin.7c64259e..9a8ffecc.0_2	0
0x21fa2e	NOTYPE	..lin.7c64259e..9a8ffecc.0_3	0
0x21fa33	NOTYPE	..lin.7c64259e..9a8ffecc.0_4	0
0x21fa42	NOTYPE	..lin.7c64259e..9a8ffecc.0_5	0
0x21fa4e	NOTYPE	..lin.7c64259e..9a8ffecc.0_6	0
0x21fa54	NOTYPE	..lin.7c64259e..9a8ffecc.0_7	0
0x21fa5a	NOTYPE	..lin.7c64259e..9a8ffecc.0_8	0
0x21fa6d	NOTYPE	..lin.7c64259e..9a8ffecc.0_9	0
0x21fa7c	NOTYPE	..lin.7c64259e..9a8ffecc.0_10	0
0x21fa86	NOTYPE	..lin.7c64259e..9a8ffecc.0_11	0
0x21fa99	NOTYPE	..lin.7c64259e..9a8ffecc.0_12	0
0x21fa9f	NOTYPE	..lin.7c64259e..9a8ffecc.0_13	0
0x21faa8	NOTYPE	..lin.7c64259e..9a8ffecc.0_14	0
0x21fab1	NOTYPE	..lin.7c64259e..9a8ffecc.0_15	0
0x21fabb	NOTYPE	..lin.7c64259e..9a8ffecc.0_16	0
0x21fac4	NOTYPE	..lin.7c64259e..9a8ffecc.0_17	0
0x21faf8	NOTYPE	..lin.7c64259e..9a8ffecc.0_18	0
0x21fb01	NOTYPE	..lin.7c64259e..9a8ffecc.0_19	0
0x21fb0d	NOTYPE	..lin.7c64259e..9a8ffecc.0_20	0
0x21fb16	NOTYPE	..lin.7c64259e..9a8ffecc.0_21	0
0x21fb24	FUNC	GetTaskStatus	220
0x21fb3e	NOTYPE	..lin.7c6425a3..bd2bdafc.0_1	0
0x21fb4d	NOTYPE	..lin.7c6425a3..bd2bdafc.0_2	0
0x21fb56	NOTYPE	..lin.7c6425a3..bd2bdafc.0_3	0
0x21fb5c	NOTYPE	..lin.7c6425a3..bd2bdafc.0_4	0
0x21fb62	NOTYPE	..lin.7c6425a3..bd2bdafc.0_5	0
0x21fb75	NOTYPE	..lin.7c6425a3..bd2bdafc.0_6	0
0x21fb84	NOTYPE	..lin.7c6425a3..bd2bdafc.0_7	0
0x21fb8e	NOTYPE	..lin.7c6425a3..bd2bdafc.0_8	0
0x21fba1	NOTYPE	..lin.7c6425a3..bd2bdafc.0_9	0
0x21fba7	NOTYPE	..lin.7c6425a3..bd2bdafc.0_10	0
0x21fbaf	NOTYPE	..lin.7c6425a3..bd2bdafc.0_11	0
0x21fbb7	NOTYPE	..lin.7c6425a3..bd2bdafc.0_12	0
0x21fbc1	NOTYPE	..lin.7c6425a3..bd2bdafc.0_13	0
0x21fbc9	NOTYPE	..lin.7c6425a3..bd2bdafc.0_14	0
0x21fbdd	NOTYPE	..lin.7c6425a3..bd2bdafc.0_15	0
0x21fbe5	NOTYPE	..lin.7c6425a3..bd2bdafc.0_16	0
0x21fbed	NOTYPE	..lin.7c6425a3..bd2bdafc.0_17	0
0x21fbf6	NOTYPE	..lin.7c6425a3..bd2bdafc.0_18	0
0x21fc00	FUNC	GetTaskStatusChangeOverruns	200
0x21fc10	NOTYPE	..lin.7c6425bc..192b9c6.0_1	0
0x21fc1f	NOTYPE	..lin.7c6425bc..192b9c6.0_2	0
0x21fc28	NOTYPE	..lin.7c6425bc..192b9c6.0_3	0
0x21fc2e	NOTYPE	..lin.7c6425bc..192b9c6.0_4	0
0x21fc34	NOTYPE	..lin.7c6425bc..192b9c6.0_5	0
0x21fc47	NOTYPE	..lin.7c6425bc..192b9c6.0_6	0
0x21fc56	NOTYPE	..lin.7c6425bc..192b9c6.0_7	0
0x21fc60	NOTYPE	..lin.7c6425bc..192b9c6.0_8	0
0x21fc73	NOTYPE	..lin.7c6425bc..192b9c6.0_9	0
0x21fc79	NOTYPE	..lin.7c6425bc..192b9c6.0_10	0
0x21fc81	NOTYPE	..lin.7c6425bc..192b9c6.0_11	0
0x21fc89	NOTYPE	..lin.7c6425bc..192b9c6.0_12	0
0x21fc93	NOTYPE	..lin.7c6425bc..192b9c6.0_13	0
0x21fc9b	NOTYPE	..lin.7c6425bc..192b9c6.0_14	0
0x21fca9	NOTYPE	..lin.7c6425bc..192b9c6.0_15	0
0x21fcb1	NOTYPE	..lin.7c6425bc..192b9c6.0_16	0
0x21fcb9	NOTYPE	..lin.7c6425bc..192b9c6.0_17	0
0x21fcc2	NOTYPE	..lin.7c6425bc..192b9c6.0_18	0
0x21fcc8	FUNC	SetTaskStatusNotificationMask	200
0x21fcd8	NOTYPE	..lin.8e8d4eb..533969fb.0_1	0
0x21fce7	NOTYPE	..lin.8e8d4eb..533969fb.0_2	0
0x21fcf0	NOTYPE	..lin.8e8d4eb..533969fb.0_3	0
0x21fcf6	NOTYPE	..lin.8e8d4eb..533969fb.0_4	0
0x21fcfc	NOTYPE	..lin.8e8d4eb..533969fb.0_5	0
0x21fd0f	NOTYPE	..lin.8e8d4eb..533969fb.0_6	0
0x21fd1e	NOTYPE	..lin.8e8d4eb..533969fb.0_7	0
0x21fd28	NOTYPE	..lin.8e8d4eb..533969fb.0_8	0
0x21fd3b	NOTYPE	..lin.8e8d4eb..533969fb.0_9	0
0x21fd41	NOTYPE	..lin.8e8d4eb..533969fb.0_10	0
0x21fd49	NOTYPE	..lin.8e8d4eb..533969fb.0_11	0
0x21fd51	NOTYPE	..lin.8e8d4eb..533969fb.0_12	0
0x21fd5b	NOTYPE	..lin.8e8d4eb..533969fb.0_13	0
0x21fd63	NOTYPE	..lin.8e8d4eb..533969fb.0_14	0
0x21fd71	NOTYPE	..lin.8e8d4eb..533969fb.0_15	0
0x21fd79	NOTYPE	..lin.8e8d4eb..533969fb.0_16	0
0x21fd81	NOTYPE	..lin.8e8d4eb..533969fb.0_17	0
0x21fd8a	NOTYPE	..lin.8e8d4eb..533969fb.0_18	0
0x21fd90	FUNC	GetTaskStatusNotificationMask	200
0x21fda0	NOTYPE	..lin.8e8d4ec..49ea5fef.0_1	0
0x21fdaf	NOTYPE	..lin.8e8d4ec..49ea5fef.0_2	0
0x21fdb8	NOTYPE	..lin.8e8d4ec..49ea5fef.0_3	0
0x21fdbe	NOTYPE	..lin.8e8d4ec..49ea5fef.0_4	0
0x21fdc4	NOTYPE	..lin.8e8d4ec..49ea5fef.0_5	0
0x21fdd7	NOTYPE	..lin.8e8d4ec..49ea5fef.0_6	0
0x21fde6	NOTYPE	..lin.8e8d4ec..49ea5fef.0_7	0
0x21fdf0	NOTYPE	..lin.8e8d4ec..49ea5fef.0_8	0
0x21fe03	NOTYPE	..lin.8e8d4ec..49ea5fef.0_9	0
0x21fe09	NOTYPE	..lin.8e8d4ec..49ea5fef.0_10	0
0x21fe11	NOTYPE	..lin.8e8d4ec..49ea5fef.0_11	0
0x21fe19	NOTYPE	..lin.8e8d4ec..49ea5fef.0_12	0
0x21fe23	NOTYPE	..lin.8e8d4ec..49ea5fef.0_13	0
0x21fe2b	NOTYPE	..lin.8e8d4ec..49ea5fef.0_14	0
0x21fe39	NOTYPE	..lin.8e8d4ec..49ea5fef.0_15	0
0x21fe41	NOTYPE	..lin.8e8d4ec..49ea5fef.0_16	0
0x21fe49	NOTYPE	..lin.8e8d4ec..49ea5fef.0_17	0
0x21fe52	NOTYPE	..lin.8e8d4ec..49ea5fef.0_18	0
0x21fe58	FUNC	GetPriorityAndWeight	212
0x21fe6e	NOTYPE	..lin.7c6425bd..a8d99d82.0_1	0
0x21fe7d	NOTYPE	..lin.7c6425bd..a8d99d82.0_2	0
0x21fe86	NOTYPE	..lin.7c6425bd..a8d99d82.0_3	0
0x21fe8c	NOTYPE	..lin.7c6425bd..a8d99d82.0_4	0
0x21fe92	NOTYPE	..lin.7c6425bd..a8d99d82.0_5	0
0x21fea5	NOTYPE	..lin.7c6425bd..a8d99d82.0_6	0
0x21feb4	NOTYPE	..lin.7c6425bd..a8d99d82.0_7	0
0x21febe	NOTYPE	..lin.7c6425bd..a8d99d82.0_8	0
0x21fed1	NOTYPE	..lin.7c6425bd..a8d99d82.0_9	0
0x21fed7	NOTYPE	..lin.7c6425bd..a8d99d82.0_10	0
0x21fedf	NOTYPE	..lin.7c6425bd..a8d99d82.0_11	0
0x21fee7	NOTYPE	..lin.7c6425bd..a8d99d82.0_12	0
0x21fef1	NOTYPE	..lin.7c6425bd..a8d99d82.0_13	0
0x21fef9	NOTYPE	..lin.7c6425bd..a8d99d82.0_14	0
0x21ff0a	NOTYPE	..lin.7c6425bd..a8d99d82.0_15	0
0x21ff12	NOTYPE	..lin.7c6425bd..a8d99d82.0_16	0
0x21ff1a	NOTYPE	..lin.7c6425bd..a8d99d82.0_17	0
0x21ff23	NOTYPE	..lin.7c6425bd..a8d99d82.0_18	0
0x21ff2c	FUNC	SetPriorityAndWeight	220
0x21ff46	NOTYPE	..lin.7c6425be..3aafca0e.0_1	0
0x21ff55	NOTYPE	..lin.7c6425be..3aafca0e.0_2	0
0x21ff5e	NOTYPE	..lin.7c6425be..3aafca0e.0_3	0
0x21ff64	NOTYPE	..lin.7c6425be..3aafca0e.0_4	0
0x21ff6a	NOTYPE	..lin.7c6425be..3aafca0e.0_5	0
0x21ff7d	NOTYPE	..lin.7c6425be..3aafca0e.0_6	0
0x21ff8c	NOTYPE	..lin.7c6425be..3aafca0e.0_7	0
0x21ff96	NOTYPE	..lin.7c6425be..3aafca0e.0_8	0
0x21ffa9	NOTYPE	..lin.7c6425be..3aafca0e.0_9	0
0x21ffaf	NOTYPE	..lin.7c6425be..3aafca0e.0_10	0
0x21ffb7	NOTYPE	..lin.7c6425be..3aafca0e.0_11	0
0x21ffbf	NOTYPE	..lin.7c6425be..3aafca0e.0_12	0
0x21ffc9	NOTYPE	..lin.7c6425be..3aafca0e.0_13	0
0x21ffd1	NOTYPE	..lin.7c6425be..3aafca0e.0_14	0
0x21ffe5	NOTYPE	..lin.7c6425be..3aafca0e.0_15	0
0x21ffed	NOTYPE	..lin.7c6425be..3aafca0e.0_16	0
0x21fff5	NOTYPE	..lin.7c6425be..3aafca0e.0_17	0
0x21fffe	NOTYPE	..lin.7c6425be..3aafca0e.0_18	0
0x220008	FUNC	GetActivePriority	200
0x220018	NOTYPE	..lin.8e8d4ea..885a5ba3.0_1	0
0x220027	NOTYPE	..lin.8e8d4ea..885a5ba3.0_2	0
0x220030	NOTYPE	..lin.8e8d4ea..885a5ba3.0_3	0
0x220036	NOTYPE	..lin.8e8d4ea..885a5ba3.0_4	0
0x22003c	NOTYPE	..lin.8e8d4ea..885a5ba3.0_5	0
0x22004f	NOTYPE	..lin.8e8d4ea..885a5ba3.0_6	0
0x22005e	NOTYPE	..lin.8e8d4ea..885a5ba3.0_7	0
0x220068	NOTYPE	..lin.8e8d4ea..885a5ba3.0_8	0
0x22007b	NOTYPE	..lin.8e8d4ea..885a5ba3.0_9	0
0x220081	NOTYPE	..lin.8e8d4ea..885a5ba3.0_10	0
0x220089	NOTYPE	..lin.8e8d4ea..885a5ba3.0_11	0
0x220091	NOTYPE	..lin.8e8d4ea..885a5ba3.0_12	0
0x22009b	NOTYPE	..lin.8e8d4ea..885a5ba3.0_13	0
0x2200a3	NOTYPE	..lin.8e8d4ea..885a5ba3.0_14	0
0x2200b1	NOTYPE	..lin.8e8d4ea..885a5ba3.0_15	0
0x2200b9	NOTYPE	..lin.8e8d4ea..885a5ba3.0_16	0
0x2200c1	NOTYPE	..lin.8e8d4ea..885a5ba3.0_17	0
0x2200ca	NOTYPE	..lin.8e8d4ea..885a5ba3.0_18	0
0x2200d0	FUNC	GetMaximumPriorityAndWeight	212
0x2200e6	NOTYPE	..lin.7c6425bf..46d2cc20.0_1	0
0x2200f5	NOTYPE	..lin.7c6425bf..46d2cc20.0_2	0
0x2200fe	NOTYPE	..lin.7c6425bf..46d2cc20.0_3	0
0x220104	NOTYPE	..lin.7c6425bf..46d2cc20.0_4	0
0x22010a	NOTYPE	..lin.7c6425bf..46d2cc20.0_5	0
0x22011d	NOTYPE	..lin.7c6425bf..46d2cc20.0_6	0
0x22012c	NOTYPE	..lin.7c6425bf..46d2cc20.0_7	0
0x220136	NOTYPE	..lin.7c6425bf..46d2cc20.0_8	0
0x220149	NOTYPE	..lin.7c6425bf..46d2cc20.0_9	0
0x22014f	NOTYPE	..lin.7c6425bf..46d2cc20.0_10	0
0x220157	NOTYPE	..lin.7c6425bf..46d2cc20.0_11	0
0x22015f	NOTYPE	..lin.7c6425bf..46d2cc20.0_12	0
0x220169	NOTYPE	..lin.7c6425bf..46d2cc20.0_13	0
0x220171	NOTYPE	..lin.7c6425bf..46d2cc20.0_14	0
0x220182	NOTYPE	..lin.7c6425bf..46d2cc20.0_15	0
0x22018a	NOTYPE	..lin.7c6425bf..46d2cc20.0_16	0
0x220192	NOTYPE	..lin.7c6425bf..46d2cc20.0_17	0
0x22019b	NOTYPE	..lin.7c6425bf..46d2cc20.0_18	0
0x2201a4	FUNC	SetMaximumPriorityAndWeight	289
0x2201be	NOTYPE	..lin.7c6425c0..307fe32c.0_1	0
0x2201cd	NOTYPE	..lin.7c6425c0..307fe32c.0_2	0
0x2201d6	NOTYPE	..lin.7c6425c0..307fe32c.0_3	0
0x2201e0	NOTYPE	..lin.7c6425c0..307fe32c.0_4	0
0x2201e8	NOTYPE	..lin.7c6425c0..307fe32c.0_5	0
0x2201fc	NOTYPE	..lin.7c6425c0..307fe32c.0_6	0
0x22020b	NOTYPE	..lin.7c6425c0..307fe32c.0_7	0
0x220210	NOTYPE	..lin.7c6425c0..307fe32c.0_8	0
0x220218	NOTYPE	..lin.7c6425c0..307fe32c.0_9	0
0x220222	NOTYPE	..lin.7c6425c0..307fe32c.0_10	0
0x220228	NOTYPE	..lin.7c6425c0..307fe32c.0_11	0
0x22022a	NOTYPE	..lin.7c6425c0..307fe32c.0_12	0
0x22022f	NOTYPE	..lin.7c6425c0..307fe32c.0_13	0
0x220235	NOTYPE	..lin.7c6425c0..307fe32c.0_14	0
0x22023b	NOTYPE	..lin.7c6425c0..307fe32c.0_15	0
0x220244	NOTYPE	..lin.7c6425c0..307fe32c.0_16	0
0x220253	NOTYPE	..lin.7c6425c0..307fe32c.0_17	0
0x22025d	NOTYPE	..lin.7c6425c0..307fe32c.0_18	0
0x220266	NOTYPE	..lin.7c6425c0..307fe32c.0_19	0
0x22026c	NOTYPE	..lin.7c6425c0..307fe32c.0_20	0
0x220274	NOTYPE	..lin.7c6425c0..307fe32c.0_21	0
0x22027c	NOTYPE	..lin.7c6425c0..307fe32c.0_22	0
0x220286	NOTYPE	..lin.7c6425c0..307fe32c.0_23	0
0x22028e	NOTYPE	..lin.7c6425c0..307fe32c.0_24	0
0x2202a2	NOTYPE	..lin.7c6425c0..307fe32c.0_25	0
0x2202aa	NOTYPE	..lin.7c6425c0..307fe32c.0_26	0
0x2202b2	NOTYPE	..lin.7c6425c0..307fe32c.0_27	0
0x2202bb	NOTYPE	..lin.7c6425c0..307fe32c.0_28	0
0x2202c8	FUNC	RaiseCurrentTaskPriority	212
0x2202de	NOTYPE	..lin.8e8d4d0..72eb8b31.0_1	0
0x2202ed	NOTYPE	..lin.8e8d4d0..72eb8b31.0_2	0
0x2202f6	NOTYPE	..lin.8e8d4d0..72eb8b31.0_3	0
0x2202fc	NOTYPE	..lin.8e8d4d0..72eb8b31.0_4	0
0x220302	NOTYPE	..lin.8e8d4d0..72eb8b31.0_5	0
0x220315	NOTYPE	..lin.8e8d4d0..72eb8b31.0_6	0
0x220324	NOTYPE	..lin.8e8d4d0..72eb8b31.0_7	0
0x22032e	NOTYPE	..lin.8e8d4d0..72eb8b31.0_8	0
0x220341	NOTYPE	..lin.8e8d4d0..72eb8b31.0_9	0
0x220347	NOTYPE	..lin.8e8d4d0..72eb8b31.0_10	0
0x22034f	NOTYPE	..lin.8e8d4d0..72eb8b31.0_11	0
0x220357	NOTYPE	..lin.8e8d4d0..72eb8b31.0_12	0
0x220361	NOTYPE	..lin.8e8d4d0..72eb8b31.0_13	0
0x220369	NOTYPE	..lin.8e8d4d0..72eb8b31.0_14	0
0x22037a	NOTYPE	..lin.8e8d4d0..72eb8b31.0_15	0
0x220382	NOTYPE	..lin.8e8d4d0..72eb8b31.0_16	0
0x22038a	NOTYPE	..lin.8e8d4d0..72eb8b31.0_17	0
0x220393	NOTYPE	..lin.8e8d4d0..72eb8b31.0_18	0
0x22039c	FUNC	LowerCurrentTaskPriority	212
0x2203b2	NOTYPE	..lin.8e8d4d1..c1152d26.0_1	0
0x2203c1	NOTYPE	..lin.8e8d4d1..c1152d26.0_2	0
0x2203ca	NOTYPE	..lin.8e8d4d1..c1152d26.0_3	0
0x2203d0	NOTYPE	..lin.8e8d4d1..c1152d26.0_4	0
0x2203d6	NOTYPE	..lin.8e8d4d1..c1152d26.0_5	0
0x2203e9	NOTYPE	..lin.8e8d4d1..c1152d26.0_6	0
0x2203f8	NOTYPE	..lin.8e8d4d1..c1152d26.0_7	0
0x220402	NOTYPE	..lin.8e8d4d1..c1152d26.0_8	0
0x220415	NOTYPE	..lin.8e8d4d1..c1152d26.0_9	0
0x22041b	NOTYPE	..lin.8e8d4d1..c1152d26.0_10	0
0x220423	NOTYPE	..lin.8e8d4d1..c1152d26.0_11	0
0x22042b	NOTYPE	..lin.8e8d4d1..c1152d26.0_12	0
0x220435	NOTYPE	..lin.8e8d4d1..c1152d26.0_13	0
0x22043d	NOTYPE	..lin.8e8d4d1..c1152d26.0_14	0
0x22044e	NOTYPE	..lin.8e8d4d1..c1152d26.0_15	0
0x220456	NOTYPE	..lin.8e8d4d1..c1152d26.0_16	0
0x22045e	NOTYPE	..lin.8e8d4d1..c1152d26.0_17	0
0x220467	NOTYPE	..lin.8e8d4d1..c1152d26.0_18	0
0x220470	FUNC	SetTaskIdentification	200
0x220480	NOTYPE	..lin.7c6425c1..96b15cce.0_1	0
0x22048f	NOTYPE	..lin.7c6425c1..96b15cce.0_2	0
0x220498	NOTYPE	..lin.7c6425c1..96b15cce.0_3	0
0x22049e	NOTYPE	..lin.7c6425c1..96b15cce.0_4	0
0x2204a4	NOTYPE	..lin.7c6425c1..96b15cce.0_5	0
0x2204b7	NOTYPE	..lin.7c6425c1..96b15cce.0_6	0
0x2204c6	NOTYPE	..lin.7c6425c1..96b15cce.0_7	0
0x2204d0	NOTYPE	..lin.7c6425c1..96b15cce.0_8	0
0x2204e3	NOTYPE	..lin.7c6425c1..96b15cce.0_9	0
0x2204e9	NOTYPE	..lin.7c6425c1..96b15cce.0_10	0
0x2204f1	NOTYPE	..lin.7c6425c1..96b15cce.0_11	0
0x2204f9	NOTYPE	..lin.7c6425c1..96b15cce.0_12	0
0x220503	NOTYPE	..lin.7c6425c1..96b15cce.0_13	0
0x22050b	NOTYPE	..lin.7c6425c1..96b15cce.0_14	0
0x220519	NOTYPE	..lin.7c6425c1..96b15cce.0_15	0
0x220521	NOTYPE	..lin.7c6425c1..96b15cce.0_16	0
0x220529	NOTYPE	..lin.7c6425c1..96b15cce.0_17	0
0x220532	NOTYPE	..lin.7c6425c1..96b15cce.0_18	0
0x220538	FUNC	GetTaskIdentification	200
0x220548	NOTYPE	..lin.7c6425c2..ca159ec2.0_1	0
0x220557	NOTYPE	..lin.7c6425c2..ca159ec2.0_2	0
0x220560	NOTYPE	..lin.7c6425c2..ca159ec2.0_3	0
0x220566	NOTYPE	..lin.7c6425c2..ca159ec2.0_4	0
0x22056c	NOTYPE	..lin.7c6425c2..ca159ec2.0_5	0
0x22057f	NOTYPE	..lin.7c6425c2..ca159ec2.0_6	0
0x22058e	NOTYPE	..lin.7c6425c2..ca159ec2.0_7	0
0x220598	NOTYPE	..lin.7c6425c2..ca159ec2.0_8	0
0x2205ab	NOTYPE	..lin.7c6425c2..ca159ec2.0_9	0
0x2205b1	NOTYPE	..lin.7c6425c2..ca159ec2.0_10	0
0x2205b9	NOTYPE	..lin.7c6425c2..ca159ec2.0_11	0
0x2205c1	NOTYPE	..lin.7c6425c2..ca159ec2.0_12	0
0x2205cb	NOTYPE	..lin.7c6425c2..ca159ec2.0_13	0
0x2205d3	NOTYPE	..lin.7c6425c2..ca159ec2.0_14	0
0x2205e1	NOTYPE	..lin.7c6425c2..ca159ec2.0_15	0
0x2205e9	NOTYPE	..lin.7c6425c2..ca159ec2.0_16	0
0x2205f1	NOTYPE	..lin.7c6425c2..ca159ec2.0_17	0
0x2205fa	NOTYPE	..lin.7c6425c2..ca159ec2.0_18	0
0x220600	FUNC	SetTaskInterruptVector	200
0x220610	NOTYPE	..lin.7c642604..100243c4.0_1	0
0x22061f	NOTYPE	..lin.7c642604..100243c4.0_2	0
0x220628	NOTYPE	..lin.7c642604..100243c4.0_3	0
0x22062e	NOTYPE	..lin.7c642604..100243c4.0_4	0
0x220634	NOTYPE	..lin.7c642604..100243c4.0_5	0
0x220647	NOTYPE	..lin.7c642604..100243c4.0_6	0
0x220656	NOTYPE	..lin.7c642604..100243c4.0_7	0
0x220660	NOTYPE	..lin.7c642604..100243c4.0_8	0
0x220673	NOTYPE	..lin.7c642604..100243c4.0_9	0
0x220679	NOTYPE	..lin.7c642604..100243c4.0_10	0
0x220681	NOTYPE	..lin.7c642604..100243c4.0_11	0
0x220689	NOTYPE	..lin.7c642604..100243c4.0_12	0
0x220693	NOTYPE	..lin.7c642604..100243c4.0_13	0
0x22069b	NOTYPE	..lin.7c642604..100243c4.0_14	0
0x2206a9	NOTYPE	..lin.7c642604..100243c4.0_15	0
0x2206b1	NOTYPE	..lin.7c642604..100243c4.0_16	0
0x2206b9	NOTYPE	..lin.7c642604..100243c4.0_17	0
0x2206c2	NOTYPE	..lin.7c642604..100243c4.0_18	0
0x2206c8	FUNC	GetTaskStackPointer	200
0x2206d8	NOTYPE	..lin.7c6425e3..1d05ff0f.0_1	0
0x2206e7	NOTYPE	..lin.7c6425e3..1d05ff0f.0_2	0
0x2206f0	NOTYPE	..lin.7c6425e3..1d05ff0f.0_3	0
0x2206f6	NOTYPE	..lin.7c6425e3..1d05ff0f.0_4	0
0x2206fc	NOTYPE	..lin.7c6425e3..1d05ff0f.0_5	0
0x22070f	NOTYPE	..lin.7c6425e3..1d05ff0f.0_6	0
0x22071e	NOTYPE	..lin.7c6425e3..1d05ff0f.0_7	0
0x220728	NOTYPE	..lin.7c6425e3..1d05ff0f.0_8	0
0x22073b	NOTYPE	..lin.7c6425e3..1d05ff0f.0_9	0
0x220741	NOTYPE	..lin.7c6425e3..1d05ff0f.0_10	0
0x220749	NOTYPE	..lin.7c6425e3..1d05ff0f.0_11	0
0x220751	NOTYPE	..lin.7c6425e3..1d05ff0f.0_12	0
0x22075b	NOTYPE	..lin.7c6425e3..1d05ff0f.0_13	0
0x220763	NOTYPE	..lin.7c6425e3..1d05ff0f.0_14	0
0x220771	NOTYPE	..lin.7c6425e3..1d05ff0f.0_15	0
0x220779	NOTYPE	..lin.7c6425e3..1d05ff0f.0_16	0
0x220781	NOTYPE	..lin.7c6425e3..1d05ff0f.0_17	0
0x22078a	NOTYPE	..lin.7c6425e3..1d05ff0f.0_18	0
0x220790	FUNC	SetTaskStackPointer	200
0x2207a0	NOTYPE	..lin.7c6425e4..6742ca1b.0_1	0
0x2207af	NOTYPE	..lin.7c6425e4..6742ca1b.0_2	0
0x2207b8	NOTYPE	..lin.7c6425e4..6742ca1b.0_3	0
0x2207be	NOTYPE	..lin.7c6425e4..6742ca1b.0_4	0
0x2207c4	NOTYPE	..lin.7c6425e4..6742ca1b.0_5	0
0x2207d7	NOTYPE	..lin.7c6425e4..6742ca1b.0_6	0
0x2207e6	NOTYPE	..lin.7c6425e4..6742ca1b.0_7	0
0x2207f0	NOTYPE	..lin.7c6425e4..6742ca1b.0_8	0
0x220803	NOTYPE	..lin.7c6425e4..6742ca1b.0_9	0
0x220809	NOTYPE	..lin.7c6425e4..6742ca1b.0_10	0
0x220811	NOTYPE	..lin.7c6425e4..6742ca1b.0_11	0
0x220819	NOTYPE	..lin.7c6425e4..6742ca1b.0_12	0
0x220823	NOTYPE	..lin.7c6425e4..6742ca1b.0_13	0
0x22082b	NOTYPE	..lin.7c6425e4..6742ca1b.0_14	0
0x220839	NOTYPE	..lin.7c6425e4..6742ca1b.0_15	0
0x220841	NOTYPE	..lin.7c6425e4..6742ca1b.0_16	0
0x220849	NOTYPE	..lin.7c6425e4..6742ca1b.0_17	0
0x220852	NOTYPE	..lin.7c6425e4..6742ca1b.0_18	0
0x220858	FUNC	GetTaskProgramCounter	200
0x220868	NOTYPE	..lin.7c6425e5..7e164050.0_1	0
0x220877	NOTYPE	..lin.7c6425e5..7e164050.0_2	0
0x220880	NOTYPE	..lin.7c6425e5..7e164050.0_3	0
0x220886	NOTYPE	..lin.7c6425e5..7e164050.0_4	0
0x22088c	NOTYPE	..lin.7c6425e5..7e164050.0_5	0
0x22089f	NOTYPE	..lin.7c6425e5..7e164050.0_6	0
0x2208ae	NOTYPE	..lin.7c6425e5..7e164050.0_7	0
0x2208b8	NOTYPE	..lin.7c6425e5..7e164050.0_8	0
0x2208cb	NOTYPE	..lin.7c6425e5..7e164050.0_9	0
0x2208d1	NOTYPE	..lin.7c6425e5..7e164050.0_10	0
0x2208d9	NOTYPE	..lin.7c6425e5..7e164050.0_11	0
0x2208e1	NOTYPE	..lin.7c6425e5..7e164050.0_12	0
0x2208eb	NOTYPE	..lin.7c6425e5..7e164050.0_13	0
0x2208f3	NOTYPE	..lin.7c6425e5..7e164050.0_14	0
0x220901	NOTYPE	..lin.7c6425e5..7e164050.0_15	0
0x220909	NOTYPE	..lin.7c6425e5..7e164050.0_16	0
0x220911	NOTYPE	..lin.7c6425e5..7e164050.0_17	0
0x22091a	NOTYPE	..lin.7c6425e5..7e164050.0_18	0
0x220920	FUNC	SetTaskProgramCounter	200
0x220930	NOTYPE	..lin.7c6425fd..4ab1fe5c.0_1	0
0x22093f	NOTYPE	..lin.7c6425fd..4ab1fe5c.0_2	0
0x220948	NOTYPE	..lin.7c6425fd..4ab1fe5c.0_3	0
0x22094e	NOTYPE	..lin.7c6425fd..4ab1fe5c.0_4	0
0x220954	NOTYPE	..lin.7c6425fd..4ab1fe5c.0_5	0
0x220967	NOTYPE	..lin.7c6425fd..4ab1fe5c.0_6	0
0x220976	NOTYPE	..lin.7c6425fd..4ab1fe5c.0_7	0
0x220980	NOTYPE	..lin.7c6425fd..4ab1fe5c.0_8	0
0x220993	NOTYPE	..lin.7c6425fd..4ab1fe5c.0_9	0
0x220999	NOTYPE	..lin.7c6425fd..4ab1fe5c.0_10	0
0x2209a1	NOTYPE	..lin.7c6425fd..4ab1fe5c.0_11	0
0x2209a9	NOTYPE	..lin.7c6425fd..4ab1fe5c.0_12	0
0x2209b3	NOTYPE	..lin.7c6425fd..4ab1fe5c.0_13	0
0x2209bb	NOTYPE	..lin.7c6425fd..4ab1fe5c.0_14	0
0x2209c9	NOTYPE	..lin.7c6425fd..4ab1fe5c.0_15	0
0x2209d1	NOTYPE	..lin.7c6425fd..4ab1fe5c.0_16	0
0x2209d9	NOTYPE	..lin.7c6425fd..4ab1fe5c.0_17	0
0x2209e2	NOTYPE	..lin.7c6425fd..4ab1fe5c.0_18	0
0x2209e8	FUNC	GetTaskRegister	212
0x2209fe	NOTYPE	..lin.7c6425fe..55da04fd.0_1	0
0x220a0d	NOTYPE	..lin.7c6425fe..55da04fd.0_2	0
0x220a16	NOTYPE	..lin.7c6425fe..55da04fd.0_3	0
0x220a1c	NOTYPE	..lin.7c6425fe..55da04fd.0_4	0
0x220a22	NOTYPE	..lin.7c6425fe..55da04fd.0_5	0
0x220a35	NOTYPE	..lin.7c6425fe..55da04fd.0_6	0
0x220a44	NOTYPE	..lin.7c6425fe..55da04fd.0_7	0
0x220a4e	NOTYPE	..lin.7c6425fe..55da04fd.0_8	0
0x220a61	NOTYPE	..lin.7c6425fe..55da04fd.0_9	0
0x220a67	NOTYPE	..lin.7c6425fe..55da04fd.0_10	0
0x220a6f	NOTYPE	..lin.7c6425fe..55da04fd.0_11	0
0x220a77	NOTYPE	..lin.7c6425fe..55da04fd.0_12	0
0x220a81	NOTYPE	..lin.7c6425fe..55da04fd.0_13	0
0x220a89	NOTYPE	..lin.7c6425fe..55da04fd.0_14	0
0x220a9a	NOTYPE	..lin.7c6425fe..55da04fd.0_15	0
0x220aa2	NOTYPE	..lin.7c6425fe..55da04fd.0_16	0
0x220aaa	NOTYPE	..lin.7c6425fe..55da04fd.0_17	0
0x220ab3	NOTYPE	..lin.7c6425fe..55da04fd.0_18	0
0x220abc	FUNC	SetTaskRegister	212
0x220ad2	NOTYPE	..lin.7c6425ff..fd332a09.0_1	0
0x220ae1	NOTYPE	..lin.7c6425ff..fd332a09.0_2	0
0x220aea	NOTYPE	..lin.7c6425ff..fd332a09.0_3	0
0x220af0	NOTYPE	..lin.7c6425ff..fd332a09.0_4	0
0x220af6	NOTYPE	..lin.7c6425ff..fd332a09.0_5	0
0x220b09	NOTYPE	..lin.7c6425ff..fd332a09.0_6	0
0x220b18	NOTYPE	..lin.7c6425ff..fd332a09.0_7	0
0x220b22	NOTYPE	..lin.7c6425ff..fd332a09.0_8	0
0x220b35	NOTYPE	..lin.7c6425ff..fd332a09.0_9	0
0x220b3b	NOTYPE	..lin.7c6425ff..fd332a09.0_10	0
0x220b43	NOTYPE	..lin.7c6425ff..fd332a09.0_11	0
0x220b4b	NOTYPE	..lin.7c6425ff..fd332a09.0_12	0
0x220b55	NOTYPE	..lin.7c6425ff..fd332a09.0_13	0
0x220b5d	NOTYPE	..lin.7c6425ff..fd332a09.0_14	0
0x220b6e	NOTYPE	..lin.7c6425ff..fd332a09.0_15	0
0x220b76	NOTYPE	..lin.7c6425ff..fd332a09.0_16	0
0x220b7e	NOTYPE	..lin.7c6425ff..fd332a09.0_17	0
0x220b87	NOTYPE	..lin.7c6425ff..fd332a09.0_18	0
0x220b90	FUNC	GetTaskStackLimits	212
0x220ba6	NOTYPE	..lin.8e8d4cd..7b0305c0.0_1	0
0x220bb5	NOTYPE	..lin.8e8d4cd..7b0305c0.0_2	0
0x220bbe	NOTYPE	..lin.8e8d4cd..7b0305c0.0_3	0
0x220bc4	NOTYPE	..lin.8e8d4cd..7b0305c0.0_4	0
0x220bca	NOTYPE	..lin.8e8d4cd..7b0305c0.0_5	0
0x220bdd	NOTYPE	..lin.8e8d4cd..7b0305c0.0_6	0
0x220bec	NOTYPE	..lin.8e8d4cd..7b0305c0.0_7	0
0x220bf6	NOTYPE	..lin.8e8d4cd..7b0305c0.0_8	0
0x220c09	NOTYPE	..lin.8e8d4cd..7b0305c0.0_9	0
0x220c0f	NOTYPE	..lin.8e8d4cd..7b0305c0.0_10	0
0x220c17	NOTYPE	..lin.8e8d4cd..7b0305c0.0_11	0
0x220c1f	NOTYPE	..lin.8e8d4cd..7b0305c0.0_12	0
0x220c29	NOTYPE	..lin.8e8d4cd..7b0305c0.0_13	0
0x220c31	NOTYPE	..lin.8e8d4cd..7b0305c0.0_14	0
0x220c42	NOTYPE	..lin.8e8d4cd..7b0305c0.0_15	0
0x220c4a	NOTYPE	..lin.8e8d4cd..7b0305c0.0_16	0
0x220c52	NOTYPE	..lin.8e8d4cd..7b0305c0.0_17	0
0x220c5b	NOTYPE	..lin.8e8d4cd..7b0305c0.0_18	0
0x220c64	FUNC	SetTaskStackLimits	212
0x220c7a	NOTYPE	..lin.8e8d4ce..a40c9f4c.0_1	0
0x220c89	NOTYPE	..lin.8e8d4ce..a40c9f4c.0_2	0
0x220c92	NOTYPE	..lin.8e8d4ce..a40c9f4c.0_3	0
0x220c98	NOTYPE	..lin.8e8d4ce..a40c9f4c.0_4	0
0x220c9e	NOTYPE	..lin.8e8d4ce..a40c9f4c.0_5	0
0x220cb1	NOTYPE	..lin.8e8d4ce..a40c9f4c.0_6	0
0x220cc0	NOTYPE	..lin.8e8d4ce..a40c9f4c.0_7	0
0x220cca	NOTYPE	..lin.8e8d4ce..a40c9f4c.0_8	0
0x220cdd	NOTYPE	..lin.8e8d4ce..a40c9f4c.0_9	0
0x220ce3	NOTYPE	..lin.8e8d4ce..a40c9f4c.0_10	0
0x220ceb	NOTYPE	..lin.8e8d4ce..a40c9f4c.0_11	0
0x220cf3	NOTYPE	..lin.8e8d4ce..a40c9f4c.0_12	0
0x220cfd	NOTYPE	..lin.8e8d4ce..a40c9f4c.0_13	0
0x220d05	NOTYPE	..lin.8e8d4ce..a40c9f4c.0_14	0
0x220d16	NOTYPE	..lin.8e8d4ce..a40c9f4c.0_15	0
0x220d1e	NOTYPE	..lin.8e8d4ce..a40c9f4c.0_16	0
0x220d26	NOTYPE	..lin.8e8d4ce..a40c9f4c.0_17	0
0x220d2f	NOTYPE	..lin.8e8d4ce..a40c9f4c.0_18	0
0x220d38	FUNC	RunTask	192
0x220d44	NOTYPE	..lin.7c642601..c4c8e7ed.0_1	0
0x220d53	NOTYPE	..lin.7c642601..c4c8e7ed.0_2	0
0x220d5c	NOTYPE	..lin.7c642601..c4c8e7ed.0_3	0
0x220d62	NOTYPE	..lin.7c642601..c4c8e7ed.0_4	0
0x220d68	NOTYPE	..lin.7c642601..c4c8e7ed.0_5	0
0x220d7b	NOTYPE	..lin.7c642601..c4c8e7ed.0_6	0
0x220d8a	NOTYPE	..lin.7c642601..c4c8e7ed.0_7	0
0x220d94	NOTYPE	..lin.7c642601..c4c8e7ed.0_8	0
0x220da7	NOTYPE	..lin.7c642601..c4c8e7ed.0_9	0
0x220dad	NOTYPE	..lin.7c642601..c4c8e7ed.0_10	0
0x220db5	NOTYPE	..lin.7c642601..c4c8e7ed.0_11	0
0x220dbd	NOTYPE	..lin.7c642601..c4c8e7ed.0_12	0
0x220dc7	NOTYPE	..lin.7c642601..c4c8e7ed.0_13	0
0x220dcf	NOTYPE	..lin.7c642601..c4c8e7ed.0_14	0
0x220dda	NOTYPE	..lin.7c642601..c4c8e7ed.0_15	0
0x220de2	NOTYPE	..lin.7c642601..c4c8e7ed.0_16	0
0x220dea	NOTYPE	..lin.7c642601..c4c8e7ed.0_17	0
0x220df3	NOTYPE	..lin.7c642601..c4c8e7ed.0_18	0
0x220df8	FUNC	YieldTask	192
0x220e04	NOTYPE	..lin.7c642681..ba488e6f.0_1	0
0x220e13	NOTYPE	..lin.7c642681..ba488e6f.0_2	0
0x220e1c	NOTYPE	..lin.7c642681..ba488e6f.0_3	0
0x220e22	NOTYPE	..lin.7c642681..ba488e6f.0_4	0
0x220e28	NOTYPE	..lin.7c642681..ba488e6f.0_5	0
0x220e3b	NOTYPE	..lin.7c642681..ba488e6f.0_6	0
0x220e4a	NOTYPE	..lin.7c642681..ba488e6f.0_7	0
0x220e54	NOTYPE	..lin.7c642681..ba488e6f.0_8	0
0x220e67	NOTYPE	..lin.7c642681..ba488e6f.0_9	0
0x220e6d	NOTYPE	..lin.7c642681..ba488e6f.0_10	0
0x220e75	NOTYPE	..lin.7c642681..ba488e6f.0_11	0
0x220e7d	NOTYPE	..lin.7c642681..ba488e6f.0_12	0
0x220e87	NOTYPE	..lin.7c642681..ba488e6f.0_13	0
0x220e8f	NOTYPE	..lin.7c642681..ba488e6f.0_14	0
0x220e9a	NOTYPE	..lin.7c642681..ba488e6f.0_15	0
0x220ea2	NOTYPE	..lin.7c642681..ba488e6f.0_16	0
0x220eaa	NOTYPE	..lin.7c642681..ba488e6f.0_17	0
0x220eb3	NOTYPE	..lin.7c642681..ba488e6f.0_18	0
0x220eb8	FUNC	HaltTask	192
0x220ec4	NOTYPE	..lin.7c642602..1d582881.0_1	0
0x220ed3	NOTYPE	..lin.7c642602..1d582881.0_2	0
0x220edc	NOTYPE	..lin.7c642602..1d582881.0_3	0
0x220ee2	NOTYPE	..lin.7c642602..1d582881.0_4	0
0x220ee8	NOTYPE	..lin.7c642602..1d582881.0_5	0
0x220efb	NOTYPE	..lin.7c642602..1d582881.0_6	0
0x220f0a	NOTYPE	..lin.7c642602..1d582881.0_7	0
0x220f14	NOTYPE	..lin.7c642602..1d582881.0_8	0
0x220f27	NOTYPE	..lin.7c642602..1d582881.0_9	0
0x220f2d	NOTYPE	..lin.7c642602..1d582881.0_10	0
0x220f35	NOTYPE	..lin.7c642602..1d582881.0_11	0
0x220f3d	NOTYPE	..lin.7c642602..1d582881.0_12	0
0x220f47	NOTYPE	..lin.7c642602..1d582881.0_13	0
0x220f4f	NOTYPE	..lin.7c642602..1d582881.0_14	0
0x220f5a	NOTYPE	..lin.7c642602..1d582881.0_15	0
0x220f62	NOTYPE	..lin.7c642602..1d582881.0_16	0
0x220f6a	NOTYPE	..lin.7c642602..1d582881.0_17	0
0x220f73	NOTYPE	..lin.7c642602..1d582881.0_18	0
0x220f78	FUNC	ExitTask	200
0x220f88	NOTYPE	..lin.7c642689..3c0ea552.0_1	0
0x220f97	NOTYPE	..lin.7c642689..3c0ea552.0_2	0
0x220fa0	NOTYPE	..lin.7c642689..3c0ea552.0_3	0
0x220fa6	NOTYPE	..lin.7c642689..3c0ea552.0_4	0
0x220fac	NOTYPE	..lin.7c642689..3c0ea552.0_5	0
0x220fbf	NOTYPE	..lin.7c642689..3c0ea552.0_6	0
0x220fce	NOTYPE	..lin.7c642689..3c0ea552.0_7	0
0x220fd8	NOTYPE	..lin.7c642689..3c0ea552.0_8	0
0x220feb	NOTYPE	..lin.7c642689..3c0ea552.0_9	0
0x220ff1	NOTYPE	..lin.7c642689..3c0ea552.0_10	0
0x220ff9	NOTYPE	..lin.7c642689..3c0ea552.0_11	0
0x221001	NOTYPE	..lin.7c642689..3c0ea552.0_12	0
0x22100b	NOTYPE	..lin.7c642689..3c0ea552.0_13	0
0x221013	NOTYPE	..lin.7c642689..3c0ea552.0_14	0
0x221021	NOTYPE	..lin.7c642689..3c0ea552.0_15	0
0x221029	NOTYPE	..lin.7c642689..3c0ea552.0_16	0
0x221031	NOTYPE	..lin.7c642689..3c0ea552.0_17	0
0x22103a	NOTYPE	..lin.7c642689..3c0ea552.0_18	0
0x221040	FUNC	CreateActivity	309
0x221066	NOTYPE	..lin.7c642621..604fac06.0_1	0
0x221071	NOTYPE	..lin.7c642621..604fac06.0_2	0
0x221076	NOTYPE	..lin.7c642621..604fac06.0_3	0
0x221085	NOTYPE	..lin.7c642621..604fac06.0_4	0
0x221091	NOTYPE	..lin.7c642621..604fac06.0_5	0
0x221097	NOTYPE	..lin.7c642621..604fac06.0_6	0
0x22109d	NOTYPE	..lin.7c642621..604fac06.0_7	0
0x2210b0	NOTYPE	..lin.7c642621..604fac06.0_8	0
0x2210bf	NOTYPE	..lin.7c642621..604fac06.0_9	0
0x2210c9	NOTYPE	..lin.7c642621..604fac06.0_10	0
0x2210dc	NOTYPE	..lin.7c642621..604fac06.0_11	0
0x2210e2	NOTYPE	..lin.7c642621..604fac06.0_12	0
0x2210eb	NOTYPE	..lin.7c642621..604fac06.0_13	0
0x2210f4	NOTYPE	..lin.7c642621..604fac06.0_14	0
0x2210fe	NOTYPE	..lin.7c642621..604fac06.0_15	0
0x221107	NOTYPE	..lin.7c642621..604fac06.0_16	0
0x22114c	NOTYPE	..lin.7c642621..604fac06.0_17	0
0x221155	NOTYPE	..lin.7c642621..604fac06.0_18	0
0x221161	NOTYPE	..lin.7c642621..604fac06.0_19	0
0x22116a	NOTYPE	..lin.7c642621..604fac06.0_20	0
0x221178	FUNC	AsynchronousReceive	212
0x22118e	NOTYPE	..lin.7c642606..872e1274.0_1	0
0x22119d	NOTYPE	..lin.7c642606..872e1274.0_2	0
0x2211a6	NOTYPE	..lin.7c642606..872e1274.0_3	0
0x2211ac	NOTYPE	..lin.7c642606..872e1274.0_4	0
0x2211b2	NOTYPE	..lin.7c642606..872e1274.0_5	0
0x2211c5	NOTYPE	..lin.7c642606..872e1274.0_6	0
0x2211d4	NOTYPE	..lin.7c642606..872e1274.0_7	0
0x2211de	NOTYPE	..lin.7c642606..872e1274.0_8	0
0x2211f1	NOTYPE	..lin.7c642606..872e1274.0_9	0
0x2211f7	NOTYPE	..lin.7c642606..872e1274.0_10	0
0x2211ff	NOTYPE	..lin.7c642606..872e1274.0_11	0
0x221207	NOTYPE	..lin.7c642606..872e1274.0_12	0
0x221211	NOTYPE	..lin.7c642606..872e1274.0_13	0
0x221219	NOTYPE	..lin.7c642606..872e1274.0_14	0
0x22122a	NOTYPE	..lin.7c642606..872e1274.0_15	0
0x221232	NOTYPE	..lin.7c642606..872e1274.0_16	0
0x22123a	NOTYPE	..lin.7c642606..872e1274.0_17	0
0x221243	NOTYPE	..lin.7c642606..872e1274.0_18	0
0x22124c	FUNC	AsynchronousSend	212
0x221262	NOTYPE	..lin.7c64261e..b507bffb.0_1	0
0x221271	NOTYPE	..lin.7c64261e..b507bffb.0_2	0
0x22127a	NOTYPE	..lin.7c64261e..b507bffb.0_3	0
0x221280	NOTYPE	..lin.7c64261e..b507bffb.0_4	0
0x221286	NOTYPE	..lin.7c64261e..b507bffb.0_5	0
0x221299	NOTYPE	..lin.7c64261e..b507bffb.0_6	0
0x2212a8	NOTYPE	..lin.7c64261e..b507bffb.0_7	0
0x2212b2	NOTYPE	..lin.7c64261e..b507bffb.0_8	0
0x2212c5	NOTYPE	..lin.7c64261e..b507bffb.0_9	0
0x2212cb	NOTYPE	..lin.7c64261e..b507bffb.0_10	0
0x2212d3	NOTYPE	..lin.7c64261e..b507bffb.0_11	0
0x2212db	NOTYPE	..lin.7c64261e..b507bffb.0_12	0
0x2212e5	NOTYPE	..lin.7c64261e..b507bffb.0_13	0
0x2212ed	NOTYPE	..lin.7c64261e..b507bffb.0_14	0
0x2212fe	NOTYPE	..lin.7c64261e..b507bffb.0_15	0
0x221306	NOTYPE	..lin.7c64261e..b507bffb.0_16	0
0x22130e	NOTYPE	..lin.7c64261e..b507bffb.0_17	0
0x221317	NOTYPE	..lin.7c64261e..b507bffb.0_18	0
0x221320	FUNC	GetActivityStatus	192
0x22132c	NOTYPE	..lin.7c64261f..7b6591b6.0_1	0
0x22133b	NOTYPE	..lin.7c64261f..7b6591b6.0_2	0
0x221344	NOTYPE	..lin.7c64261f..7b6591b6.0_3	0
0x22134a	NOTYPE	..lin.7c64261f..7b6591b6.0_4	0
0x221350	NOTYPE	..lin.7c64261f..7b6591b6.0_5	0
0x221363	NOTYPE	..lin.7c64261f..7b6591b6.0_6	0
0x221372	NOTYPE	..lin.7c64261f..7b6591b6.0_7	0
0x22137c	NOTYPE	..lin.7c64261f..7b6591b6.0_8	0
0x22138f	NOTYPE	..lin.7c64261f..7b6591b6.0_9	0
0x221395	NOTYPE	..lin.7c64261f..7b6591b6.0_10	0
0x22139d	NOTYPE	..lin.7c64261f..7b6591b6.0_11	0
0x2213a5	NOTYPE	..lin.7c64261f..7b6591b6.0_12	0
0x2213af	NOTYPE	..lin.7c64261f..7b6591b6.0_13	0
0x2213b7	NOTYPE	..lin.7c64261f..7b6591b6.0_14	0
0x2213c2	NOTYPE	..lin.7c64261f..7b6591b6.0_15	0
0x2213ca	NOTYPE	..lin.7c64261f..7b6591b6.0_16	0
0x2213d2	NOTYPE	..lin.7c64261f..7b6591b6.0_17	0
0x2213db	NOTYPE	..lin.7c64261f..7b6591b6.0_18	0
0x2213e0	FUNC	ResetActivityAndReturnStatus	230
0x2213f8	NOTYPE	..lin.7c642622..4d47e96c.0_1	0
0x221407	NOTYPE	..lin.7c642622..4d47e96c.0_2	0
0x221410	NOTYPE	..lin.7c642622..4d47e96c.0_3	0
0x221416	NOTYPE	..lin.7c642622..4d47e96c.0_4	0
0x22141c	NOTYPE	..lin.7c642622..4d47e96c.0_5	0
0x22142f	NOTYPE	..lin.7c642622..4d47e96c.0_6	0
0x22143e	NOTYPE	..lin.7c642622..4d47e96c.0_7	0
0x221448	NOTYPE	..lin.7c642622..4d47e96c.0_8	0
0x22145b	NOTYPE	..lin.7c642622..4d47e96c.0_9	0
0x221461	NOTYPE	..lin.7c642622..4d47e96c.0_10	0
0x221469	NOTYPE	..lin.7c642622..4d47e96c.0_11	0
0x221471	NOTYPE	..lin.7c642622..4d47e96c.0_12	0
0x22147b	NOTYPE	..lin.7c642622..4d47e96c.0_13	0
0x221483	NOTYPE	..lin.7c642622..4d47e96c.0_14	0
0x221492	NOTYPE	..lin.7c642622..4d47e96c.0_15	0
0x22149a	NOTYPE	..lin.7c642622..4d47e96c.0_16	0
0x2214a5	NOTYPE	..lin.7c642622..4d47e96c.0_17	0
0x2214af	NOTYPE	..lin.7c642622..4d47e96c.0_18	0
0x2214b5	NOTYPE	..lin.7c642622..4d47e96c.0_19	0
0x2214bc	NOTYPE	..lin.7c642622..4d47e96c.0_20	0
0x2214c6	FUNC	ResetActivity	7
0x2214cd	NOTYPE	..lin.7c642622..4a659ed5.0_21	0
0x2214d0	FUNC	ContinueActivity	192
0x2214dc	NOTYPE	..lin.7c642624..2fabadd7.0_1	0
0x2214eb	NOTYPE	..lin.7c642624..2fabadd7.0_2	0
0x2214f4	NOTYPE	..lin.7c642624..2fabadd7.0_3	0
0x2214fa	NOTYPE	..lin.7c642624..2fabadd7.0_4	0
0x221500	NOTYPE	..lin.7c642624..2fabadd7.0_5	0
0x221513	NOTYPE	..lin.7c642624..2fabadd7.0_6	0
0x221522	NOTYPE	..lin.7c642624..2fabadd7.0_7	0
0x22152c	NOTYPE	..lin.7c642624..2fabadd7.0_8	0
0x22153f	NOTYPE	..lin.7c642624..2fabadd7.0_9	0
0x221545	NOTYPE	..lin.7c642624..2fabadd7.0_10	0
0x22154d	NOTYPE	..lin.7c642624..2fabadd7.0_11	0
0x221555	NOTYPE	..lin.7c642624..2fabadd7.0_12	0
0x22155f	NOTYPE	..lin.7c642624..2fabadd7.0_13	0
0x221567	NOTYPE	..lin.7c642624..2fabadd7.0_14	0
0x221572	NOTYPE	..lin.7c642624..2fabadd7.0_15	0
0x22157a	NOTYPE	..lin.7c642624..2fabadd7.0_16	0
0x221582	NOTYPE	..lin.7c642624..2fabadd7.0_17	0
0x22158b	NOTYPE	..lin.7c642624..2fabadd7.0_18	0
0x221590	FUNC	GetCurrentActivity	226
0x2215a9	NOTYPE	..lin.8e8d4f0..cdd69835.0_1	0
0x2215b4	NOTYPE	..lin.8e8d4f0..cdd69835.0_2	0
0x2215b9	NOTYPE	..lin.8e8d4f0..cdd69835.0_3	0
0x2215c8	NOTYPE	..lin.8e8d4f0..cdd69835.0_4	0
0x2215d1	NOTYPE	..lin.8e8d4f0..cdd69835.0_5	0
0x2215d7	NOTYPE	..lin.8e8d4f0..cdd69835.0_6	0
0x2215dd	NOTYPE	..lin.8e8d4f0..cdd69835.0_7	0
0x2215f0	NOTYPE	..lin.8e8d4f0..cdd69835.0_8	0
0x2215ff	NOTYPE	..lin.8e8d4f0..cdd69835.0_9	0
0x221609	NOTYPE	..lin.8e8d4f0..cdd69835.0_10	0
0x22161c	NOTYPE	..lin.8e8d4f0..cdd69835.0_11	0
0x221622	NOTYPE	..lin.8e8d4f0..cdd69835.0_12	0
0x22162a	NOTYPE	..lin.8e8d4f0..cdd69835.0_13	0
0x221632	NOTYPE	..lin.8e8d4f0..cdd69835.0_14	0
0x22163c	NOTYPE	..lin.8e8d4f0..cdd69835.0_15	0
0x221644	NOTYPE	..lin.8e8d4f0..cdd69835.0_16	0
0x221652	NOTYPE	..lin.8e8d4f0..cdd69835.0_17	0
0x22165a	NOTYPE	..lin.8e8d4f0..cdd69835.0_18	0
0x221662	NOTYPE	..lin.8e8d4f0..cdd69835.0_19	0
0x22166b	NOTYPE	..lin.8e8d4f0..cdd69835.0_20	0
0x221674	FUNC	SetClockTime	200
0x221684	NOTYPE	..lin.7c642626..216ddb8c.0_1	0
0x221693	NOTYPE	..lin.7c642626..216ddb8c.0_2	0
0x22169c	NOTYPE	..lin.7c642626..216ddb8c.0_3	0
0x2216a2	NOTYPE	..lin.7c642626..216ddb8c.0_4	0
0x2216a8	NOTYPE	..lin.7c642626..216ddb8c.0_5	0
0x2216bb	NOTYPE	..lin.7c642626..216ddb8c.0_6	0
0x2216ca	NOTYPE	..lin.7c642626..216ddb8c.0_7	0
0x2216d4	NOTYPE	..lin.7c642626..216ddb8c.0_8	0
0x2216e7	NOTYPE	..lin.7c642626..216ddb8c.0_9	0
0x2216ed	NOTYPE	..lin.7c642626..216ddb8c.0_10	0
0x2216f5	NOTYPE	..lin.7c642626..216ddb8c.0_11	0
0x2216fd	NOTYPE	..lin.7c642626..216ddb8c.0_12	0
0x221707	NOTYPE	..lin.7c642626..216ddb8c.0_13	0
0x22170f	NOTYPE	..lin.7c642626..216ddb8c.0_14	0
0x22171d	NOTYPE	..lin.7c642626..216ddb8c.0_15	0
0x221725	NOTYPE	..lin.7c642626..216ddb8c.0_16	0
0x22172d	NOTYPE	..lin.7c642626..216ddb8c.0_17	0
0x221736	NOTYPE	..lin.7c642626..216ddb8c.0_18	0
0x22173c	FUNC	GetClockTime	200
0x22174c	NOTYPE	..lin.7c642627..d6057b00.0_1	0
0x22175b	NOTYPE	..lin.7c642627..d6057b00.0_2	0
0x221764	NOTYPE	..lin.7c642627..d6057b00.0_3	0
0x22176a	NOTYPE	..lin.7c642627..d6057b00.0_4	0
0x221770	NOTYPE	..lin.7c642627..d6057b00.0_5	0
0x221783	NOTYPE	..lin.7c642627..d6057b00.0_6	0
0x221792	NOTYPE	..lin.7c642627..d6057b00.0_7	0
0x22179c	NOTYPE	..lin.7c642627..d6057b00.0_8	0
0x2217af	NOTYPE	..lin.7c642627..d6057b00.0_9	0
0x2217b5	NOTYPE	..lin.7c642627..d6057b00.0_10	0
0x2217bd	NOTYPE	..lin.7c642627..d6057b00.0_11	0
0x2217c5	NOTYPE	..lin.7c642627..d6057b00.0_12	0
0x2217cf	NOTYPE	..lin.7c642627..d6057b00.0_13	0
0x2217d7	NOTYPE	..lin.7c642627..d6057b00.0_14	0
0x2217e5	NOTYPE	..lin.7c642627..d6057b00.0_15	0
0x2217ed	NOTYPE	..lin.7c642627..d6057b00.0_16	0
0x2217f5	NOTYPE	..lin.7c642627..d6057b00.0_17	0
0x2217fe	NOTYPE	..lin.7c642627..d6057b00.0_18	0
0x221804	FUNC	SetClockAlarm	220
0x22181e	NOTYPE	..lin.7c64263f..4dd2efaa.0_1	0
0x22182d	NOTYPE	..lin.7c64263f..4dd2efaa.0_2	0
0x221836	NOTYPE	..lin.7c64263f..4dd2efaa.0_3	0
0x22183c	NOTYPE	..lin.7c64263f..4dd2efaa.0_4	0
0x221842	NOTYPE	..lin.7c64263f..4dd2efaa.0_5	0
0x221855	NOTYPE	..lin.7c64263f..4dd2efaa.0_6	0
0x221864	NOTYPE	..lin.7c64263f..4dd2efaa.0_7	0
0x22186e	NOTYPE	..lin.7c64263f..4dd2efaa.0_8	0
0x221881	NOTYPE	..lin.7c64263f..4dd2efaa.0_9	0
0x221887	NOTYPE	..lin.7c64263f..4dd2efaa.0_10	0
0x22188f	NOTYPE	..lin.7c64263f..4dd2efaa.0_11	0
0x221897	NOTYPE	..lin.7c64263f..4dd2efaa.0_12	0
0x2218a1	NOTYPE	..lin.7c64263f..4dd2efaa.0_13	0
0x2218a9	NOTYPE	..lin.7c64263f..4dd2efaa.0_14	0
0x2218bd	NOTYPE	..lin.7c64263f..4dd2efaa.0_15	0
0x2218c5	NOTYPE	..lin.7c64263f..4dd2efaa.0_16	0
0x2218cd	NOTYPE	..lin.7c64263f..4dd2efaa.0_17	0
0x2218d6	NOTYPE	..lin.7c64263f..4dd2efaa.0_18	0
0x2218e0	FUNC	GetClockAlarm	250
0x221902	NOTYPE	..lin.7c642640..955e7d9e.0_1	0
0x221911	NOTYPE	..lin.7c642640..955e7d9e.0_2	0
0x22191a	NOTYPE	..lin.7c642640..955e7d9e.0_3	0
0x221920	NOTYPE	..lin.7c642640..955e7d9e.0_4	0
0x221926	NOTYPE	..lin.7c642640..955e7d9e.0_5	0
0x221939	NOTYPE	..lin.7c642640..955e7d9e.0_6	0
0x221948	NOTYPE	..lin.7c642640..955e7d9e.0_7	0
0x221952	NOTYPE	..lin.7c642640..955e7d9e.0_8	0
0x221965	NOTYPE	..lin.7c642640..955e7d9e.0_9	0
0x22196b	NOTYPE	..lin.7c642640..955e7d9e.0_10	0
0x221973	NOTYPE	..lin.7c642640..955e7d9e.0_11	0
0x22197b	NOTYPE	..lin.7c642640..955e7d9e.0_12	0
0x221985	NOTYPE	..lin.7c642640..955e7d9e.0_13	0
0x22198d	NOTYPE	..lin.7c642640..955e7d9e.0_14	0
0x2219a2	NOTYPE	..lin.7c642640..955e7d9e.0_15	0
0x2219aa	NOTYPE	..lin.7c642640..955e7d9e.0_16	0
0x2219b5	NOTYPE	..lin.7c642640..955e7d9e.0_17	0
0x2219bf	NOTYPE	..lin.7c642640..955e7d9e.0_18	0
0x2219c5	NOTYPE	..lin.7c642640..955e7d9e.0_19	0
0x2219cc	NOTYPE	..lin.7c642640..955e7d9e.0_20	0
0x2219dc	FUNC	GetClockPermissions	200
0x2219ec	NOTYPE	..lin.7c642641..9cd858d.0_1	0
0x2219fb	NOTYPE	..lin.7c642641..9cd858d.0_2	0
0x221a04	NOTYPE	..lin.7c642641..9cd858d.0_3	0
0x221a0a	NOTYPE	..lin.7c642641..9cd858d.0_4	0
0x221a10	NOTYPE	..lin.7c642641..9cd858d.0_5	0
0x221a23	NOTYPE	..lin.7c642641..9cd858d.0_6	0
0x221a32	NOTYPE	..lin.7c642641..9cd858d.0_7	0
0x221a3c	NOTYPE	..lin.7c642641..9cd858d.0_8	0
0x221a4f	NOTYPE	..lin.7c642641..9cd858d.0_9	0
0x221a55	NOTYPE	..lin.7c642641..9cd858d.0_10	0
0x221a5d	NOTYPE	..lin.7c642641..9cd858d.0_11	0
0x221a65	NOTYPE	..lin.7c642641..9cd858d.0_12	0
0x221a6f	NOTYPE	..lin.7c642641..9cd858d.0_13	0
0x221a77	NOTYPE	..lin.7c642641..9cd858d.0_14	0
0x221a85	NOTYPE	..lin.7c642641..9cd858d.0_15	0
0x221a8d	NOTYPE	..lin.7c642641..9cd858d.0_16	0
0x221a95	NOTYPE	..lin.7c642641..9cd858d.0_17	0
0x221a9e	NOTYPE	..lin.7c642641..9cd858d.0_18	0
0x221aa4	FUNC	GetClockResolution	200
0x221ab4	NOTYPE	..lin.7c642642..76b3f1c5.0_1	0
0x221ac3	NOTYPE	..lin.7c642642..76b3f1c5.0_2	0
0x221acc	NOTYPE	..lin.7c642642..76b3f1c5.0_3	0
0x221ad2	NOTYPE	..lin.7c642642..76b3f1c5.0_4	0
0x221ad8	NOTYPE	..lin.7c642642..76b3f1c5.0_5	0
0x221aeb	NOTYPE	..lin.7c642642..76b3f1c5.0_6	0
0x221afa	NOTYPE	..lin.7c642642..76b3f1c5.0_7	0
0x221b04	NOTYPE	..lin.7c642642..76b3f1c5.0_8	0
0x221b17	NOTYPE	..lin.7c642642..76b3f1c5.0_9	0
0x221b1d	NOTYPE	..lin.7c642642..76b3f1c5.0_10	0
0x221b25	NOTYPE	..lin.7c642642..76b3f1c5.0_11	0
0x221b2d	NOTYPE	..lin.7c642642..76b3f1c5.0_12	0
0x221b37	NOTYPE	..lin.7c642642..76b3f1c5.0_13	0
0x221b3f	NOTYPE	..lin.7c642642..76b3f1c5.0_14	0
0x221b4d	NOTYPE	..lin.7c642642..76b3f1c5.0_15	0
0x221b55	NOTYPE	..lin.7c642642..76b3f1c5.0_16	0
0x221b5d	NOTYPE	..lin.7c642642..76b3f1c5.0_17	0
0x221b66	NOTYPE	..lin.7c642642..76b3f1c5.0_18	0
0x221b6c	FUNC	GetClockAlarmOverruns	200
0x221b7c	NOTYPE	..lin.7c642643..12ea6282.0_1	0
0x221b8b	NOTYPE	..lin.7c642643..12ea6282.0_2	0
0x221b94	NOTYPE	..lin.7c642643..12ea6282.0_3	0
0x221b9a	NOTYPE	..lin.7c642643..12ea6282.0_4	0
0x221ba0	NOTYPE	..lin.7c642643..12ea6282.0_5	0
0x221bb3	NOTYPE	..lin.7c642643..12ea6282.0_6	0
0x221bc2	NOTYPE	..lin.7c642643..12ea6282.0_7	0
0x221bcc	NOTYPE	..lin.7c642643..12ea6282.0_8	0
0x221bdf	NOTYPE	..lin.7c642643..12ea6282.0_9	0
0x221be5	NOTYPE	..lin.7c642643..12ea6282.0_10	0
0x221bed	NOTYPE	..lin.7c642643..12ea6282.0_11	0
0x221bf5	NOTYPE	..lin.7c642643..12ea6282.0_12	0
0x221bff	NOTYPE	..lin.7c642643..12ea6282.0_13	0
0x221c07	NOTYPE	..lin.7c642643..12ea6282.0_14	0
0x221c15	NOTYPE	..lin.7c642643..12ea6282.0_15	0
0x221c1d	NOTYPE	..lin.7c642643..12ea6282.0_16	0
0x221c25	NOTYPE	..lin.7c642643..12ea6282.0_17	0
0x221c2e	NOTYPE	..lin.7c642643..12ea6282.0_18	0
0x221c34	FUNC	GetClockName	212
0x221c4a	NOTYPE	..lin.7c642663..d6020eb2.0_1	0
0x221c59	NOTYPE	..lin.7c642663..d6020eb2.0_2	0
0x221c62	NOTYPE	..lin.7c642663..d6020eb2.0_3	0
0x221c68	NOTYPE	..lin.7c642663..d6020eb2.0_4	0
0x221c6e	NOTYPE	..lin.7c642663..d6020eb2.0_5	0
0x221c81	NOTYPE	..lin.7c642663..d6020eb2.0_6	0
0x221c90	NOTYPE	..lin.7c642663..d6020eb2.0_7	0
0x221c9a	NOTYPE	..lin.7c642663..d6020eb2.0_8	0
0x221cad	NOTYPE	..lin.7c642663..d6020eb2.0_9	0
0x221cb3	NOTYPE	..lin.7c642663..d6020eb2.0_10	0
0x221cbb	NOTYPE	..lin.7c642663..d6020eb2.0_11	0
0x221cc3	NOTYPE	..lin.7c642663..d6020eb2.0_12	0
0x221ccd	NOTYPE	..lin.7c642663..d6020eb2.0_13	0
0x221cd5	NOTYPE	..lin.7c642663..d6020eb2.0_14	0
0x221ce6	NOTYPE	..lin.7c642663..d6020eb2.0_15	0
0x221cee	NOTYPE	..lin.7c642663..d6020eb2.0_16	0
0x221cf6	NOTYPE	..lin.7c642663..d6020eb2.0_17	0
0x221cff	NOTYPE	..lin.7c642663..d6020eb2.0_18	0
0x221d08	FUNC	GetIODeviceOverruns	200
0x221d18	NOTYPE	..lin.7c642662..c54e1131.0_1	0
0x221d27	NOTYPE	..lin.7c642662..c54e1131.0_2	0
0x221d30	NOTYPE	..lin.7c642662..c54e1131.0_3	0
0x221d36	NOTYPE	..lin.7c642662..c54e1131.0_4	0
0x221d3c	NOTYPE	..lin.7c642662..c54e1131.0_5	0
0x221d4f	NOTYPE	..lin.7c642662..c54e1131.0_6	0
0x221d5e	NOTYPE	..lin.7c642662..c54e1131.0_7	0
0x221d68	NOTYPE	..lin.7c642662..c54e1131.0_8	0
0x221d7b	NOTYPE	..lin.7c642662..c54e1131.0_9	0
0x221d81	NOTYPE	..lin.7c642662..c54e1131.0_10	0
0x221d89	NOTYPE	..lin.7c642662..c54e1131.0_11	0
0x221d91	NOTYPE	..lin.7c642662..c54e1131.0_12	0
0x221d9b	NOTYPE	..lin.7c642662..c54e1131.0_13	0
0x221da3	NOTYPE	..lin.7c642662..c54e1131.0_14	0
0x221db1	NOTYPE	..lin.7c642662..c54e1131.0_15	0
0x221db9	NOTYPE	..lin.7c642662..c54e1131.0_16	0
0x221dc1	NOTYPE	..lin.7c642662..c54e1131.0_17	0
0x221dca	NOTYPE	..lin.7c642662..c54e1131.0_18	0
0x221dd0	FUNC	ReadSubBlockFromIODevice	376
0x221e00	NOTYPE	..lin.7c642645..af192d92.0_1	0
0x221e0f	NOTYPE	..lin.7c642645..af192d92.0_2	0
0x221e1b	NOTYPE	..lin.7c642645..af192d92.0_3	0
0x221e25	NOTYPE	..lin.7c642645..af192d92.0_4	0
0x221e2d	NOTYPE	..lin.7c642645..af192d92.0_5	0
0x221e41	NOTYPE	..lin.7c642645..af192d92.0_6	0
0x221e50	NOTYPE	..lin.7c642645..af192d92.0_7	0
0x221e55	NOTYPE	..lin.7c642645..af192d92.0_8	0
0x221e5d	NOTYPE	..lin.7c642645..af192d92.0_9	0
0x221e71	NOTYPE	..lin.7c642645..af192d92.0_10	0
0x221e77	NOTYPE	..lin.7c642645..af192d92.0_11	0
0x221e79	NOTYPE	..lin.7c642645..af192d92.0_12	0
0x221e7e	NOTYPE	..lin.7c642645..af192d92.0_13	0
0x221e84	NOTYPE	..lin.7c642645..af192d92.0_14	0
0x221e8a	NOTYPE	..lin.7c642645..af192d92.0_15	0
0x221e9d	NOTYPE	..lin.7c642645..af192d92.0_16	0
0x221eac	NOTYPE	..lin.7c642645..af192d92.0_17	0
0x221eb6	NOTYPE	..lin.7c642645..af192d92.0_18	0
0x221ec9	NOTYPE	..lin.7c642645..af192d92.0_19	0
0x221ecf	NOTYPE	..lin.7c642645..af192d92.0_20	0
0x221ed8	NOTYPE	..lin.7c642645..af192d92.0_21	0
0x221ee1	NOTYPE	..lin.7c642645..af192d92.0_22	0
0x221eeb	NOTYPE	..lin.7c642645..af192d92.0_23	0
0x221ef4	NOTYPE	..lin.7c642645..af192d92.0_24	0
0x221f1f	NOTYPE	..lin.7c642645..af192d92.0_25	0
0x221f28	NOTYPE	..lin.7c642645..af192d92.0_26	0
0x221f34	NOTYPE	..lin.7c642645..af192d92.0_27	0
0x221f3d	NOTYPE	..lin.7c642645..af192d92.0_28	0
0x221f48	FUNC	WriteSubBlockToIODevice	376
0x221f78	NOTYPE	..lin.7c642646..969e8df0.0_1	0
0x221f87	NOTYPE	..lin.7c642646..969e8df0.0_2	0
0x221f93	NOTYPE	..lin.7c642646..969e8df0.0_3	0
0x221f9d	NOTYPE	..lin.7c642646..969e8df0.0_4	0
0x221fa5	NOTYPE	..lin.7c642646..969e8df0.0_5	0
0x221fb9	NOTYPE	..lin.7c642646..969e8df0.0_6	0
0x221fc8	NOTYPE	..lin.7c642646..969e8df0.0_7	0
0x221fcd	NOTYPE	..lin.7c642646..969e8df0.0_8	0
0x221fd5	NOTYPE	..lin.7c642646..969e8df0.0_9	0
0x221fe9	NOTYPE	..lin.7c642646..969e8df0.0_10	0
0x221fef	NOTYPE	..lin.7c642646..969e8df0.0_11	0
0x221ff1	NOTYPE	..lin.7c642646..969e8df0.0_12	0
0x221ff6	NOTYPE	..lin.7c642646..969e8df0.0_13	0
0x221ffc	NOTYPE	..lin.7c642646..969e8df0.0_14	0
0x222002	NOTYPE	..lin.7c642646..969e8df0.0_15	0
0x222015	NOTYPE	..lin.7c642646..969e8df0.0_16	0
0x222024	NOTYPE	..lin.7c642646..969e8df0.0_17	0
0x22202e	NOTYPE	..lin.7c642646..969e8df0.0_18	0
0x222041	NOTYPE	..lin.7c642646..969e8df0.0_19	0
0x222047	NOTYPE	..lin.7c642646..969e8df0.0_20	0
0x222050	NOTYPE	..lin.7c642646..969e8df0.0_21	0
0x222059	NOTYPE	..lin.7c642646..969e8df0.0_22	0
0x222063	NOTYPE	..lin.7c642646..969e8df0.0_23	0
0x22206c	NOTYPE	..lin.7c642646..969e8df0.0_24	0
0x222097	NOTYPE	..lin.7c642646..969e8df0.0_25	0
0x2220a0	NOTYPE	..lin.7c642646..969e8df0.0_26	0
0x2220ac	NOTYPE	..lin.7c642646..969e8df0.0_27	0
0x2220b5	NOTYPE	..lin.7c642646..969e8df0.0_28	0
0x2220c0	FUNC	ReadIODeviceRegister	212
0x2220d6	NOTYPE	..lin.7c642647..1be74d6e.0_1	0
0x2220e5	NOTYPE	..lin.7c642647..1be74d6e.0_2	0
0x2220ee	NOTYPE	..lin.7c642647..1be74d6e.0_3	0
0x2220f4	NOTYPE	..lin.7c642647..1be74d6e.0_4	0
0x2220fa	NOTYPE	..lin.7c642647..1be74d6e.0_5	0
0x22210d	NOTYPE	..lin.7c642647..1be74d6e.0_6	0
0x22211c	NOTYPE	..lin.7c642647..1be74d6e.0_7	0
0x222126	NOTYPE	..lin.7c642647..1be74d6e.0_8	0
0x222139	NOTYPE	..lin.7c642647..1be74d6e.0_9	0
0x22213f	NOTYPE	..lin.7c642647..1be74d6e.0_10	0
0x222147	NOTYPE	..lin.7c642647..1be74d6e.0_11	0
0x22214f	NOTYPE	..lin.7c642647..1be74d6e.0_12	0
0x222159	NOTYPE	..lin.7c642647..1be74d6e.0_13	0
0x222161	NOTYPE	..lin.7c642647..1be74d6e.0_14	0
0x222172	NOTYPE	..lin.7c642647..1be74d6e.0_15	0
0x22217a	NOTYPE	..lin.7c642647..1be74d6e.0_16	0
0x222182	NOTYPE	..lin.7c642647..1be74d6e.0_17	0
0x22218b	NOTYPE	..lin.7c642647..1be74d6e.0_18	0
0x222194	FUNC	ReadIODeviceStatus	220
0x2221ae	NOTYPE	..lin.7c642660..25ba532d.0_1	0
0x2221bd	NOTYPE	..lin.7c642660..25ba532d.0_2	0
0x2221c6	NOTYPE	..lin.7c642660..25ba532d.0_3	0
0x2221cc	NOTYPE	..lin.7c642660..25ba532d.0_4	0
0x2221d2	NOTYPE	..lin.7c642660..25ba532d.0_5	0
0x2221e5	NOTYPE	..lin.7c642660..25ba532d.0_6	0
0x2221f4	NOTYPE	..lin.7c642660..25ba532d.0_7	0
0x2221fe	NOTYPE	..lin.7c642660..25ba532d.0_8	0
0x222211	NOTYPE	..lin.7c642660..25ba532d.0_9	0
0x222217	NOTYPE	..lin.7c642660..25ba532d.0_10	0
0x22221f	NOTYPE	..lin.7c642660..25ba532d.0_11	0
0x222227	NOTYPE	..lin.7c642660..25ba532d.0_12	0
0x222231	NOTYPE	..lin.7c642660..25ba532d.0_13	0
0x222239	NOTYPE	..lin.7c642660..25ba532d.0_14	0
0x22224d	NOTYPE	..lin.7c642660..25ba532d.0_15	0
0x222255	NOTYPE	..lin.7c642660..25ba532d.0_16	0
0x22225d	NOTYPE	..lin.7c642660..25ba532d.0_17	0
0x222266	NOTYPE	..lin.7c642660..25ba532d.0_18	0
0x222270	FUNC	WriteIODeviceRegister	212
0x222286	NOTYPE	..lin.7c642648..e7cd6f7d.0_1	0
0x222295	NOTYPE	..lin.7c642648..e7cd6f7d.0_2	0
0x22229e	NOTYPE	..lin.7c642648..e7cd6f7d.0_3	0
0x2222a4	NOTYPE	..lin.7c642648..e7cd6f7d.0_4	0
0x2222aa	NOTYPE	..lin.7c642648..e7cd6f7d.0_5	0
0x2222bd	NOTYPE	..lin.7c642648..e7cd6f7d.0_6	0
0x2222cc	NOTYPE	..lin.7c642648..e7cd6f7d.0_7	0
0x2222d6	NOTYPE	..lin.7c642648..e7cd6f7d.0_8	0
0x2222e9	NOTYPE	..lin.7c642648..e7cd6f7d.0_9	0
0x2222ef	NOTYPE	..lin.7c642648..e7cd6f7d.0_10	0
0x2222f7	NOTYPE	..lin.7c642648..e7cd6f7d.0_11	0
0x2222ff	NOTYPE	..lin.7c642648..e7cd6f7d.0_12	0
0x222309	NOTYPE	..lin.7c642648..e7cd6f7d.0_13	0
0x222311	NOTYPE	..lin.7c642648..e7cd6f7d.0_14	0
0x222322	NOTYPE	..lin.7c642648..e7cd6f7d.0_15	0
0x22232a	NOTYPE	..lin.7c642648..e7cd6f7d.0_16	0
0x222332	NOTYPE	..lin.7c642648..e7cd6f7d.0_17	0
0x22233b	NOTYPE	..lin.7c642648..e7cd6f7d.0_18	0
0x222344	FUNC	WriteIODeviceStatus	220
0x22235e	NOTYPE	..lin.7c642661..ae42a57c.0_1	0
0x22236d	NOTYPE	..lin.7c642661..ae42a57c.0_2	0
0x222376	NOTYPE	..lin.7c642661..ae42a57c.0_3	0
0x22237c	NOTYPE	..lin.7c642661..ae42a57c.0_4	0
0x222382	NOTYPE	..lin.7c642661..ae42a57c.0_5	0
0x222395	NOTYPE	..lin.7c642661..ae42a57c.0_6	0
0x2223a4	NOTYPE	..lin.7c642661..ae42a57c.0_7	0
0x2223ae	NOTYPE	..lin.7c642661..ae42a57c.0_8	0
0x2223c1	NOTYPE	..lin.7c642661..ae42a57c.0_9	0
0x2223c7	NOTYPE	..lin.7c642661..ae42a57c.0_10	0
0x2223cf	NOTYPE	..lin.7c642661..ae42a57c.0_11	0
0x2223d7	NOTYPE	..lin.7c642661..ae42a57c.0_12	0
0x2223e1	NOTYPE	..lin.7c642661..ae42a57c.0_13	0
0x2223e9	NOTYPE	..lin.7c642661..ae42a57c.0_14	0
0x2223fd	NOTYPE	..lin.7c642661..ae42a57c.0_15	0
0x222405	NOTYPE	..lin.7c642661..ae42a57c.0_16	0
0x22240d	NOTYPE	..lin.7c642661..ae42a57c.0_17	0
0x222416	NOTYPE	..lin.7c642661..ae42a57c.0_18	0
0x222420	FUNC	CreateVirtualAddressSpace	281
0x22243e	NOTYPE	..lin.7c64257f..b68d392.0_1	0
0x222449	NOTYPE	..lin.7c64257f..b68d392.0_2	0
0x22244f	NOTYPE	..lin.7c64257f..b68d392.0_3	0
0x22245f	NOTYPE	..lin.7c64257f..b68d392.0_4	0
0x22246e	NOTYPE	..lin.7c64257f..b68d392.0_5	0
0x222477	NOTYPE	..lin.7c64257f..b68d392.0_6	0
0x22247d	NOTYPE	..lin.7c64257f..b68d392.0_7	0
0x222483	NOTYPE	..lin.7c64257f..b68d392.0_8	0
0x222496	NOTYPE	..lin.7c64257f..b68d392.0_9	0
0x2224a5	NOTYPE	..lin.7c64257f..b68d392.0_10	0
0x2224af	NOTYPE	..lin.7c64257f..b68d392.0_11	0
0x2224c2	NOTYPE	..lin.7c64257f..b68d392.0_12	0
0x2224c8	NOTYPE	..lin.7c64257f..b68d392.0_13	0
0x2224d0	NOTYPE	..lin.7c64257f..b68d392.0_14	0
0x2224d8	NOTYPE	..lin.7c64257f..b68d392.0_15	0
0x2224e2	NOTYPE	..lin.7c64257f..b68d392.0_16	0
0x2224ea	NOTYPE	..lin.7c64257f..b68d392.0_17	0
0x2224fb	NOTYPE	..lin.7c64257f..b68d392.0_18	0
0x222503	NOTYPE	..lin.7c64257f..b68d392.0_19	0
0x22250e	NOTYPE	..lin.7c64257f..b68d392.0_20	0
0x222518	NOTYPE	..lin.7c64257f..b68d392.0_21	0
0x22251d	NOTYPE	..lin.7c64257f..b68d392.0_22	0
0x22252d	NOTYPE	..lin.7c64257f..b68d392.0_23	0
0x22253c	FUNC	SetMemoryRegionAttributes	200
0x22254c	NOTYPE	..lin.7c64259a..cda7fa75.0_1	0
0x22255b	NOTYPE	..lin.7c64259a..cda7fa75.0_2	0
0x222564	NOTYPE	..lin.7c64259a..cda7fa75.0_3	0
0x22256a	NOTYPE	..lin.7c64259a..cda7fa75.0_4	0
0x222570	NOTYPE	..lin.7c64259a..cda7fa75.0_5	0
0x222583	NOTYPE	..lin.7c64259a..cda7fa75.0_6	0
0x222592	NOTYPE	..lin.7c64259a..cda7fa75.0_7	0
0x22259c	NOTYPE	..lin.7c64259a..cda7fa75.0_8	0
0x2225af	NOTYPE	..lin.7c64259a..cda7fa75.0_9	0
0x2225b5	NOTYPE	..lin.7c64259a..cda7fa75.0_10	0
0x2225bd	NOTYPE	..lin.7c64259a..cda7fa75.0_11	0
0x2225c5	NOTYPE	..lin.7c64259a..cda7fa75.0_12	0
0x2225cf	NOTYPE	..lin.7c64259a..cda7fa75.0_13	0
0x2225d7	NOTYPE	..lin.7c64259a..cda7fa75.0_14	0
0x2225e5	NOTYPE	..lin.7c64259a..cda7fa75.0_15	0
0x2225ed	NOTYPE	..lin.7c64259a..cda7fa75.0_16	0
0x2225f5	NOTYPE	..lin.7c64259a..cda7fa75.0_17	0
0x2225fe	NOTYPE	..lin.7c64259a..cda7fa75.0_18	0
0x222604	FUNC	MapMemoryRegion	269
0x222614	NOTYPE	..lin.7c64259b..d2031180.0_1	0
0x222623	NOTYPE	..lin.7c64259b..d2031180.0_2	0
0x22262c	NOTYPE	..lin.7c64259b..d2031180.0_3	0
0x222636	NOTYPE	..lin.7c64259b..d2031180.0_4	0
0x22263c	NOTYPE	..lin.7c64259b..d2031180.0_5	0
0x22264f	NOTYPE	..lin.7c64259b..d2031180.0_6	0
0x22265e	NOTYPE	..lin.7c64259b..d2031180.0_7	0
0x222668	NOTYPE	..lin.7c64259b..d2031180.0_8	0
0x222671	NOTYPE	..lin.7c64259b..d2031180.0_9	0
0x222677	NOTYPE	..lin.7c64259b..d2031180.0_10	0
0x222679	NOTYPE	..lin.7c64259b..d2031180.0_11	0
0x22267e	NOTYPE	..lin.7c64259b..d2031180.0_12	0
0x222684	NOTYPE	..lin.7c64259b..d2031180.0_13	0
0x22268c	NOTYPE	..lin.7c64259b..d2031180.0_14	0
0x222696	NOTYPE	..lin.7c64259b..d2031180.0_15	0
0x2226a5	NOTYPE	..lin.7c64259b..d2031180.0_16	0
0x2226aa	NOTYPE	..lin.7c64259b..d2031180.0_17	0
0x2226b2	NOTYPE	..lin.7c64259b..d2031180.0_18	0
0x2226bc	NOTYPE	..lin.7c64259b..d2031180.0_19	0
0x2226c2	NOTYPE	..lin.7c64259b..d2031180.0_20	0
0x2226ca	NOTYPE	..lin.7c64259b..d2031180.0_21	0
0x2226d2	NOTYPE	..lin.7c64259b..d2031180.0_22	0
0x2226dc	NOTYPE	..lin.7c64259b..d2031180.0_23	0
0x2226e4	NOTYPE	..lin.7c64259b..d2031180.0_24	0
0x2226f2	NOTYPE	..lin.7c64259b..d2031180.0_25	0
0x2226fa	NOTYPE	..lin.7c64259b..d2031180.0_26	0
0x222702	NOTYPE	..lin.7c64259b..d2031180.0_27	0
0x22270b	NOTYPE	..lin.7c64259b..d2031180.0_28	0
0x222714	FUNC	GetAddressSpaceUniqueId	200
0x222724	NOTYPE	..lin.8e8d4ed..7f070d7b.0_1	0
0x222733	NOTYPE	..lin.8e8d4ed..7f070d7b.0_2	0
0x22273c	NOTYPE	..lin.8e8d4ed..7f070d7b.0_3	0
0x222742	NOTYPE	..lin.8e8d4ed..7f070d7b.0_4	0
0x222748	NOTYPE	..lin.8e8d4ed..7f070d7b.0_5	0
0x22275b	NOTYPE	..lin.8e8d4ed..7f070d7b.0_6	0
0x22276a	NOTYPE	..lin.8e8d4ed..7f070d7b.0_7	0
0x222774	NOTYPE	..lin.8e8d4ed..7f070d7b.0_8	0
0x222787	NOTYPE	..lin.8e8d4ed..7f070d7b.0_9	0
0x22278d	NOTYPE	..lin.8e8d4ed..7f070d7b.0_10	0
0x222795	NOTYPE	..lin.8e8d4ed..7f070d7b.0_11	0
0x22279d	NOTYPE	..lin.8e8d4ed..7f070d7b.0_12	0
0x2227a7	NOTYPE	..lin.8e8d4ed..7f070d7b.0_13	0
0x2227af	NOTYPE	..lin.8e8d4ed..7f070d7b.0_14	0
0x2227bd	NOTYPE	..lin.8e8d4ed..7f070d7b.0_15	0
0x2227c5	NOTYPE	..lin.8e8d4ed..7f070d7b.0_16	0
0x2227cd	NOTYPE	..lin.8e8d4ed..7f070d7b.0_17	0
0x2227d6	NOTYPE	..lin.8e8d4ed..7f070d7b.0_18	0
0x2227dc	FUNC	FillTask	225
0x2227fc	NOTYPE	..lin.7c6425c3..ac15a0bf.0_1	0
0x22280b	NOTYPE	..lin.7c6425c3..ac15a0bf.0_2	0
0x222814	NOTYPE	..lin.7c6425c3..ac15a0bf.0_3	0
0x22281a	NOTYPE	..lin.7c6425c3..ac15a0bf.0_4	0
0x222820	NOTYPE	..lin.7c6425c3..ac15a0bf.0_5	0
0x222833	NOTYPE	..lin.7c6425c3..ac15a0bf.0_6	0
0x222842	NOTYPE	..lin.7c6425c3..ac15a0bf.0_7	0
0x22284c	NOTYPE	..lin.7c6425c3..ac15a0bf.0_8	0
0x22285f	NOTYPE	..lin.7c6425c3..ac15a0bf.0_9	0
0x222865	NOTYPE	..lin.7c6425c3..ac15a0bf.0_10	0
0x22286d	NOTYPE	..lin.7c6425c3..ac15a0bf.0_11	0
0x222875	NOTYPE	..lin.7c6425c3..ac15a0bf.0_12	0
0x22287f	NOTYPE	..lin.7c6425c3..ac15a0bf.0_13	0
0x222887	NOTYPE	..lin.7c6425c3..ac15a0bf.0_14	0
0x22289d	NOTYPE	..lin.7c6425c3..ac15a0bf.0_15	0
0x2228a5	NOTYPE	..lin.7c6425c3..ac15a0bf.0_16	0
0x2228ad	NOTYPE	..lin.7c6425c3..ac15a0bf.0_17	0
0x2228b6	NOTYPE	..lin.7c6425c3..ac15a0bf.0_18	0
0x2228c0	FUNC	TryToClearSemaphore	200
0x2228d0	NOTYPE	..lin.8e8d514..c5833b72.0_1	0
0x2228df	NOTYPE	..lin.8e8d514..c5833b72.0_2	0
0x2228e8	NOTYPE	..lin.8e8d514..c5833b72.0_3	0
0x2228ee	NOTYPE	..lin.8e8d514..c5833b72.0_4	0
0x2228f4	NOTYPE	..lin.8e8d514..c5833b72.0_5	0
0x222907	NOTYPE	..lin.8e8d514..c5833b72.0_6	0
0x222916	NOTYPE	..lin.8e8d514..c5833b72.0_7	0
0x222920	NOTYPE	..lin.8e8d514..c5833b72.0_8	0
0x222933	NOTYPE	..lin.8e8d514..c5833b72.0_9	0
0x222939	NOTYPE	..lin.8e8d514..c5833b72.0_10	0
0x222941	NOTYPE	..lin.8e8d514..c5833b72.0_11	0
0x222949	NOTYPE	..lin.8e8d514..c5833b72.0_12	0
0x222953	NOTYPE	..lin.8e8d514..c5833b72.0_13	0
0x22295b	NOTYPE	..lin.8e8d514..c5833b72.0_14	0
0x222969	NOTYPE	..lin.8e8d514..c5833b72.0_15	0
0x222971	NOTYPE	..lin.8e8d514..c5833b72.0_16	0
0x222979	NOTYPE	..lin.8e8d514..c5833b72.0_17	0
0x222982	NOTYPE	..lin.8e8d514..c5833b72.0_18	0
0x222988	FUNC	MevControl	212
0x22299e	NOTYPE	..lin.8e8d4c9..78bed6ae.0_1	0
0x2229ad	NOTYPE	..lin.8e8d4c9..78bed6ae.0_2	0
0x2229b6	NOTYPE	..lin.8e8d4c9..78bed6ae.0_3	0
0x2229bc	NOTYPE	..lin.8e8d4c9..78bed6ae.0_4	0
0x2229c2	NOTYPE	..lin.8e8d4c9..78bed6ae.0_5	0
0x2229d5	NOTYPE	..lin.8e8d4c9..78bed6ae.0_6	0
0x2229e4	NOTYPE	..lin.8e8d4c9..78bed6ae.0_7	0
0x2229ee	NOTYPE	..lin.8e8d4c9..78bed6ae.0_8	0
0x222a01	NOTYPE	..lin.8e8d4c9..78bed6ae.0_9	0
0x222a07	NOTYPE	..lin.8e8d4c9..78bed6ae.0_10	0
0x222a0f	NOTYPE	..lin.8e8d4c9..78bed6ae.0_11	0
0x222a17	NOTYPE	..lin.8e8d4c9..78bed6ae.0_12	0
0x222a21	NOTYPE	..lin.8e8d4c9..78bed6ae.0_13	0
0x222a29	NOTYPE	..lin.8e8d4c9..78bed6ae.0_14	0
0x222a3a	NOTYPE	..lin.8e8d4c9..78bed6ae.0_15	0
0x222a42	NOTYPE	..lin.8e8d4c9..78bed6ae.0_16	0
0x222a4a	NOTYPE	..lin.8e8d4c9..78bed6ae.0_17	0
0x222a53	NOTYPE	..lin.8e8d4c9..78bed6ae.0_18	0
0x222a5c	FUNC	GetTaskTimer	212
0x222a72	NOTYPE	..lin.7c6425e1..b0726ed9.0_1	0
0x222a81	NOTYPE	..lin.7c6425e1..b0726ed9.0_2	0
0x222a8a	NOTYPE	..lin.7c6425e1..b0726ed9.0_3	0
0x222a90	NOTYPE	..lin.7c6425e1..b0726ed9.0_4	0
0x222a96	NOTYPE	..lin.7c6425e1..b0726ed9.0_5	0
0x222aa9	NOTYPE	..lin.7c6425e1..b0726ed9.0_6	0
0x222ab8	NOTYPE	..lin.7c6425e1..b0726ed9.0_7	0
0x222ac2	NOTYPE	..lin.7c6425e1..b0726ed9.0_8	0
0x222ad5	NOTYPE	..lin.7c6425e1..b0726ed9.0_9	0
0x222adb	NOTYPE	..lin.7c6425e1..b0726ed9.0_10	0
0x222ae3	NOTYPE	..lin.7c6425e1..b0726ed9.0_11	0
0x222aeb	NOTYPE	..lin.7c6425e1..b0726ed9.0_12	0
0x222af5	NOTYPE	..lin.7c6425e1..b0726ed9.0_13	0
0x222afd	NOTYPE	..lin.7c6425e1..b0726ed9.0_14	0
0x222b0e	NOTYPE	..lin.7c6425e1..b0726ed9.0_15	0
0x222b16	NOTYPE	..lin.7c6425e1..b0726ed9.0_16	0
0x222b1e	NOTYPE	..lin.7c6425e1..b0726ed9.0_17	0
0x222b27	NOTYPE	..lin.7c6425e1..b0726ed9.0_18	0
0x222b30	FUNC	SetTaskTimer	220
0x222b4a	NOTYPE	..lin.7c6425e2..fbdacf65.0_1	0
0x222b59	NOTYPE	..lin.7c6425e2..fbdacf65.0_2	0
0x222b62	NOTYPE	..lin.7c6425e2..fbdacf65.0_3	0
0x222b68	NOTYPE	..lin.7c6425e2..fbdacf65.0_4	0
0x222b6e	NOTYPE	..lin.7c6425e2..fbdacf65.0_5	0
0x222b81	NOTYPE	..lin.7c6425e2..fbdacf65.0_6	0
0x222b90	NOTYPE	..lin.7c6425e2..fbdacf65.0_7	0
0x222b9a	NOTYPE	..lin.7c6425e2..fbdacf65.0_8	0
0x222bad	NOTYPE	..lin.7c6425e2..fbdacf65.0_9	0
0x222bb3	NOTYPE	..lin.7c6425e2..fbdacf65.0_10	0
0x222bbb	NOTYPE	..lin.7c6425e2..fbdacf65.0_11	0
0x222bc3	NOTYPE	..lin.7c6425e2..fbdacf65.0_12	0
0x222bcd	NOTYPE	..lin.7c6425e2..fbdacf65.0_13	0
0x222bd5	NOTYPE	..lin.7c6425e2..fbdacf65.0_14	0
0x222be9	NOTYPE	..lin.7c6425e2..fbdacf65.0_15	0
0x222bf1	NOTYPE	..lin.7c6425e2..fbdacf65.0_16	0
0x222bf9	NOTYPE	..lin.7c6425e2..fbdacf65.0_17	0
0x222c02	NOTYPE	..lin.7c6425e2..fbdacf65.0_18	0
0x222c0c	FUNC	TaskCheckForActivity...2Fhome.2Fmal.2Fgm_release.2FMY22.2D026.2Ffinal.2Fiot.2Frtos.2Flibs.2Fgm.2Di35.2Frel.2Fwork.2Flibkernel.2Flibkernel.2Fdirwaitact.	149
0x222c2a	NOTYPE	..lin.8a4fe989..f843806a.0_1	0
0x222c33	NOTYPE	..lin.8a4fe989..f843806a.0_2	0
0x222c42	NOTYPE	..lin.8a4fe989..f843806a.0_3	0
0x222c48	NOTYPE	..lin.8a4fe989..f843806a.0_4	0
0x222c71	NOTYPE	..lin.8a4fe989..f843806a.0_5	0
0x222c79	NOTYPE	..lin.8a4fe989..f843806a.0_6	0
0x222c84	NOTYPE	..lin.8a4fe989..f843806a.0_7	0
0x222c8a	NOTYPE	..lin.8a4fe989..f843806a.0_8	0
0x222c90	NOTYPE	..lin.8a4fe989..f843806a.0_9	0
0x222ca1	FUNC	CheckForActivityAndReturnStatus	13
0x222cae	NOTYPE	..lin.8a4fe989..ffb6ee8e.0_10	0
0x222cae	FUNC	CheckForActivity	12
0x222cba	NOTYPE	..lin.8a4fe989..bba2c437.0_11	0
0x222cba	FUNC	WaitForActivityAndReturnStatus	16
0x222cca	NOTYPE	..lin.8a4fe989..ff232045.0_12	0
0x222cca	FUNC	WaitForActivity	15
0x222cd9	NOTYPE	..lin.8a4fe989..351cdece.0_13	0
0x222cdc	FUNC	GetPhysicalAddress	262
0x222d07	NOTYPE	..lin.d272564..6a67c28.0_1	0
0x222d12	NOTYPE	..lin.d272564..6a67c28.0_2	0
0x222d1b	NOTYPE	..lin.d272564..6a67c28.0_3	0
0x222d2a	NOTYPE	..lin.d272564..6a67c28.0_4	0
0x222d33	NOTYPE	..lin.d272564..6a67c28.0_5	0
0x222d39	NOTYPE	..lin.d272564..6a67c28.0_6	0
0x222d3f	NOTYPE	..lin.d272564..6a67c28.0_7	0
0x222d52	NOTYPE	..lin.d272564..6a67c28.0_8	0
0x222d61	NOTYPE	..lin.d272564..6a67c28.0_9	0
0x222d6b	NOTYPE	..lin.d272564..6a67c28.0_10	0
0x222d7e	NOTYPE	..lin.d272564..6a67c28.0_11	0
0x222d84	NOTYPE	..lin.d272564..6a67c28.0_12	0
0x222d8c	NOTYPE	..lin.d272564..6a67c28.0_13	0
0x222d94	NOTYPE	..lin.d272564..6a67c28.0_14	0
0x222d9e	NOTYPE	..lin.d272564..6a67c28.0_15	0
0x222da6	NOTYPE	..lin.d272564..6a67c28.0_16	0
0x222dbe	NOTYPE	..lin.d272564..6a67c28.0_17	0
0x222dc6	NOTYPE	..lin.d272564..6a67c28.0_18	0
0x222dce	NOTYPE	..lin.d272564..6a67c28.0_19	0
0x222dd7	NOTYPE	..lin.d272564..6a67c28.0_20	0
0x222de4	FUNC	RestoreLink	220
0x222dfe	NOTYPE	..lin.285e703a..ebde677.0_1	0
0x222e0d	NOTYPE	..lin.285e703a..ebde677.0_2	0
0x222e16	NOTYPE	..lin.285e703a..ebde677.0_3	0
0x222e1c	NOTYPE	..lin.285e703a..ebde677.0_4	0
0x222e22	NOTYPE	..lin.285e703a..ebde677.0_5	0
0x222e35	NOTYPE	..lin.285e703a..ebde677.0_6	0
0x222e44	NOTYPE	..lin.285e703a..ebde677.0_7	0
0x222e4e	NOTYPE	..lin.285e703a..ebde677.0_8	0
0x222e61	NOTYPE	..lin.285e703a..ebde677.0_9	0
0x222e67	NOTYPE	..lin.285e703a..ebde677.0_10	0
0x222e6f	NOTYPE	..lin.285e703a..ebde677.0_11	0
0x222e77	NOTYPE	..lin.285e703a..ebde677.0_12	0
0x222e81	NOTYPE	..lin.285e703a..ebde677.0_13	0
0x222e89	NOTYPE	..lin.285e703a..ebde677.0_14	0
0x222e9d	NOTYPE	..lin.285e703a..ebde677.0_15	0
0x222ea5	NOTYPE	..lin.285e703a..ebde677.0_16	0
0x222ead	NOTYPE	..lin.285e703a..ebde677.0_17	0
0x222eb6	NOTYPE	..lin.285e703a..ebde677.0_18	0
0x222ec0	FUNC	CreateVirtualClockAtIndex	362
0x222ee6	NOTYPE	..lin.6b08c105..73a91d39.0_1	0
0x222ef6	NOTYPE	..lin.6b08c105..73a91d39.0_2	0
0x222f05	NOTYPE	..lin.6b08c105..73a91d39.0_3	0
0x222f11	NOTYPE	..lin.6b08c105..73a91d39.0_4	0
0x222f1b	NOTYPE	..lin.6b08c105..73a91d39.0_5	0
0x222f23	NOTYPE	..lin.6b08c105..73a91d39.0_6	0
0x222f37	NOTYPE	..lin.6b08c105..73a91d39.0_7	0
0x222f46	NOTYPE	..lin.6b08c105..73a91d39.0_8	0
0x222f4b	NOTYPE	..lin.6b08c105..73a91d39.0_9	0
0x222f53	NOTYPE	..lin.6b08c105..73a91d39.0_10	0
0x222f67	NOTYPE	..lin.6b08c105..73a91d39.0_11	0
0x222f6d	NOTYPE	..lin.6b08c105..73a91d39.0_12	0
0x222f6f	NOTYPE	..lin.6b08c105..73a91d39.0_13	0
0x222f74	NOTYPE	..lin.6b08c105..73a91d39.0_14	0
0x222f7a	NOTYPE	..lin.6b08c105..73a91d39.0_15	0
0x222f80	NOTYPE	..lin.6b08c105..73a91d39.0_16	0
0x222f93	NOTYPE	..lin.6b08c105..73a91d39.0_17	0
0x222fa2	NOTYPE	..lin.6b08c105..73a91d39.0_18	0
0x222fac	NOTYPE	..lin.6b08c105..73a91d39.0_19	0
0x222fbf	NOTYPE	..lin.6b08c105..73a91d39.0_20	0
0x222fc5	NOTYPE	..lin.6b08c105..73a91d39.0_21	0
0x222fce	NOTYPE	..lin.6b08c105..73a91d39.0_22	0
0x222fd7	NOTYPE	..lin.6b08c105..73a91d39.0_23	0
0x222fe1	NOTYPE	..lin.6b08c105..73a91d39.0_24	0
0x222fea	NOTYPE	..lin.6b08c105..73a91d39.0_25	0
0x223001	NOTYPE	..lin.6b08c105..73a91d39.0_26	0
0x22300a	NOTYPE	..lin.6b08c105..73a91d39.0_27	0
0x223016	NOTYPE	..lin.6b08c105..73a91d39.0_28	0
0x22301f	NOTYPE	..lin.6b08c105..73a91d39.0_29	0
0x22302c	FUNC	CreateSemaphoreAtIndex	246
0x22304f	NOTYPE	..lin.8fddb850..858afdca.0_1	0
0x22305a	NOTYPE	..lin.8fddb850..858afdca.0_2	0
0x22305f	NOTYPE	..lin.8fddb850..858afdca.0_3	0
0x22306e	NOTYPE	..lin.8fddb850..858afdca.0_4	0
0x223077	NOTYPE	..lin.8fddb850..858afdca.0_5	0
0x22307d	NOTYPE	..lin.8fddb850..858afdca.0_6	0
0x223083	NOTYPE	..lin.8fddb850..858afdca.0_7	0
0x223096	NOTYPE	..lin.8fddb850..858afdca.0_8	0
0x2230a5	NOTYPE	..lin.8fddb850..858afdca.0_9	0
0x2230af	NOTYPE	..lin.8fddb850..858afdca.0_10	0
0x2230c2	NOTYPE	..lin.8fddb850..858afdca.0_11	0
0x2230c8	NOTYPE	..lin.8fddb850..858afdca.0_12	0
0x2230d0	NOTYPE	..lin.8fddb850..858afdca.0_13	0
0x2230d8	NOTYPE	..lin.8fddb850..858afdca.0_14	0
0x2230e2	NOTYPE	..lin.8fddb850..858afdca.0_15	0
0x2230ea	NOTYPE	..lin.8fddb850..858afdca.0_16	0
0x2230fe	NOTYPE	..lin.8fddb850..858afdca.0_17	0
0x223106	NOTYPE	..lin.8fddb850..858afdca.0_18	0
0x22310e	NOTYPE	..lin.8fddb850..858afdca.0_19	0
0x223117	NOTYPE	..lin.8fddb850..858afdca.0_20	0
0x223124	FUNC	CreateHighestLockerSemaphoreWithOrderAtIndex	263
0x22314a	NOTYPE	..lin.ffe6b924..5eb28f4e.0_1	0
0x223155	NOTYPE	..lin.ffe6b924..5eb28f4e.0_2	0
0x22315a	NOTYPE	..lin.ffe6b924..5eb28f4e.0_3	0
0x223169	NOTYPE	..lin.ffe6b924..5eb28f4e.0_4	0
0x223175	NOTYPE	..lin.ffe6b924..5eb28f4e.0_5	0
0x22317b	NOTYPE	..lin.ffe6b924..5eb28f4e.0_6	0
0x223181	NOTYPE	..lin.ffe6b924..5eb28f4e.0_7	0
0x223194	NOTYPE	..lin.ffe6b924..5eb28f4e.0_8	0
0x2231a3	NOTYPE	..lin.ffe6b924..5eb28f4e.0_9	0
0x2231ad	NOTYPE	..lin.ffe6b924..5eb28f4e.0_10	0
0x2231c0	NOTYPE	..lin.ffe6b924..5eb28f4e.0_11	0
0x2231c6	NOTYPE	..lin.ffe6b924..5eb28f4e.0_12	0
0x2231cf	NOTYPE	..lin.ffe6b924..5eb28f4e.0_13	0
0x2231d8	NOTYPE	..lin.ffe6b924..5eb28f4e.0_14	0
0x2231e2	NOTYPE	..lin.ffe6b924..5eb28f4e.0_15	0
0x2231eb	NOTYPE	..lin.ffe6b924..5eb28f4e.0_16	0
0x223202	NOTYPE	..lin.ffe6b924..5eb28f4e.0_17	0
0x22320b	NOTYPE	..lin.ffe6b924..5eb28f4e.0_18	0
0x223217	NOTYPE	..lin.ffe6b924..5eb28f4e.0_19	0
0x223220	NOTYPE	..lin.ffe6b924..5eb28f4e.0_20	0
0x22322c	FUNC	CreateActivityAtIndex	403
0x223257	NOTYPE	..lin.65c082a3..75880493.0_1	0
0x22326e	NOTYPE	..lin.65c082a3..75880493.0_2	0
0x22327d	NOTYPE	..lin.65c082a3..75880493.0_3	0
0x223289	NOTYPE	..lin.65c082a3..75880493.0_4	0
0x223293	NOTYPE	..lin.65c082a3..75880493.0_5	0
0x22329b	NOTYPE	..lin.65c082a3..75880493.0_6	0
0x2232af	NOTYPE	..lin.65c082a3..75880493.0_7	0
0x2232be	NOTYPE	..lin.65c082a3..75880493.0_8	0
0x2232c3	NOTYPE	..lin.65c082a3..75880493.0_9	0
0x2232cb	NOTYPE	..lin.65c082a3..75880493.0_10	0
0x2232df	NOTYPE	..lin.65c082a3..75880493.0_11	0
0x2232e5	NOTYPE	..lin.65c082a3..75880493.0_12	0
0x2232e7	NOTYPE	..lin.65c082a3..75880493.0_13	0
0x2232ec	NOTYPE	..lin.65c082a3..75880493.0_14	0
0x2232f2	NOTYPE	..lin.65c082a3..75880493.0_15	0
0x2232f8	NOTYPE	..lin.65c082a3..75880493.0_16	0
0x22330b	NOTYPE	..lin.65c082a3..75880493.0_17	0
0x22331a	NOTYPE	..lin.65c082a3..75880493.0_18	0
0x223324	NOTYPE	..lin.65c082a3..75880493.0_19	0
0x223337	NOTYPE	..lin.65c082a3..75880493.0_20	0
0x22333d	NOTYPE	..lin.65c082a3..75880493.0_21	0
0x223346	NOTYPE	..lin.65c082a3..75880493.0_22	0
0x22334f	NOTYPE	..lin.65c082a3..75880493.0_23	0
0x223359	NOTYPE	..lin.65c082a3..75880493.0_24	0
0x223362	NOTYPE	..lin.65c082a3..75880493.0_25	0
0x223396	NOTYPE	..lin.65c082a3..75880493.0_26	0
0x22339f	NOTYPE	..lin.65c082a3..75880493.0_27	0
0x2233ab	NOTYPE	..lin.65c082a3..75880493.0_28	0
0x2233b4	NOTYPE	..lin.65c082a3..75880493.0_29	0
0x2233c0	FUNC	CreateConnectionWithFlagsAtIndex	393
0x2233ea	NOTYPE	..lin.dab77938..15962b7f.0_1	0
0x2233fb	NOTYPE	..lin.dab77938..15962b7f.0_2	0
0x223406	NOTYPE	..lin.dab77938..15962b7f.0_3	0
0x22340b	NOTYPE	..lin.dab77938..15962b7f.0_4	0
0x22341a	NOTYPE	..lin.dab77938..15962b7f.0_5	0
0x223426	NOTYPE	..lin.dab77938..15962b7f.0_6	0
0x223430	NOTYPE	..lin.dab77938..15962b7f.0_7	0
0x223436	NOTYPE	..lin.dab77938..15962b7f.0_8	0
0x223449	NOTYPE	..lin.dab77938..15962b7f.0_9	0
0x223458	NOTYPE	..lin.dab77938..15962b7f.0_10	0
0x223462	NOTYPE	..lin.dab77938..15962b7f.0_11	0
0x22346b	NOTYPE	..lin.dab77938..15962b7f.0_12	0
0x223471	NOTYPE	..lin.dab77938..15962b7f.0_13	0
0x223473	NOTYPE	..lin.dab77938..15962b7f.0_14	0
0x223478	NOTYPE	..lin.dab77938..15962b7f.0_15	0
0x22347f	NOTYPE	..lin.dab77938..15962b7f.0_16	0
0x223489	NOTYPE	..lin.dab77938..15962b7f.0_17	0
0x223492	NOTYPE	..lin.dab77938..15962b7f.0_18	0
0x2234a1	NOTYPE	..lin.dab77938..15962b7f.0_19	0
0x2234b7	NOTYPE	..lin.dab77938..15962b7f.0_20	0
0x2234c0	NOTYPE	..lin.dab77938..15962b7f.0_21	0
0x2234c6	NOTYPE	..lin.dab77938..15962b7f.0_22	0
0x2234cf	NOTYPE	..lin.dab77938..15962b7f.0_23	0
0x2234d8	NOTYPE	..lin.dab77938..15962b7f.0_24	0
0x2234e3	NOTYPE	..lin.dab77938..15962b7f.0_25	0
0x2234ec	NOTYPE	..lin.dab77938..15962b7f.0_26	0
0x223520	NOTYPE	..lin.dab77938..15962b7f.0_27	0
0x223529	NOTYPE	..lin.dab77938..15962b7f.0_28	0
0x223535	NOTYPE	..lin.dab77938..15962b7f.0_29	0
0x22353e	NOTYPE	..lin.dab77938..15962b7f.0_30	0
0x22354c	FUNC	RestoreConnectionAtIndex	340
0x223576	NOTYPE	..lin.cc5c13db..648de5c6.0_1	0
0x223586	NOTYPE	..lin.cc5c13db..648de5c6.0_2	0
0x223595	NOTYPE	..lin.cc5c13db..648de5c6.0_3	0
0x2235a1	NOTYPE	..lin.cc5c13db..648de5c6.0_4	0
0x2235ab	NOTYPE	..lin.cc5c13db..648de5c6.0_5	0
0x2235b3	NOTYPE	..lin.cc5c13db..648de5c6.0_6	0
0x2235c7	NOTYPE	..lin.cc5c13db..648de5c6.0_7	0
0x2235d6	NOTYPE	..lin.cc5c13db..648de5c6.0_8	0
0x2235db	NOTYPE	..lin.cc5c13db..648de5c6.0_9	0
0x2235e3	NOTYPE	..lin.cc5c13db..648de5c6.0_10	0
0x2235ed	NOTYPE	..lin.cc5c13db..648de5c6.0_11	0
0x2235f3	NOTYPE	..lin.cc5c13db..648de5c6.0_12	0
0x2235f5	NOTYPE	..lin.cc5c13db..648de5c6.0_13	0
0x2235fa	NOTYPE	..lin.cc5c13db..648de5c6.0_14	0
0x223600	NOTYPE	..lin.cc5c13db..648de5c6.0_15	0
0x223606	NOTYPE	..lin.cc5c13db..648de5c6.0_16	0
0x22360f	NOTYPE	..lin.cc5c13db..648de5c6.0_17	0
0x22361e	NOTYPE	..lin.cc5c13db..648de5c6.0_18	0
0x223628	NOTYPE	..lin.cc5c13db..648de5c6.0_19	0
0x223631	NOTYPE	..lin.cc5c13db..648de5c6.0_20	0
0x223637	NOTYPE	..lin.cc5c13db..648de5c6.0_21	0
0x223640	NOTYPE	..lin.cc5c13db..648de5c6.0_22	0
0x223649	NOTYPE	..lin.cc5c13db..648de5c6.0_23	0
0x223653	NOTYPE	..lin.cc5c13db..648de5c6.0_24	0
0x22365c	NOTYPE	..lin.cc5c13db..648de5c6.0_25	0
0x223677	NOTYPE	..lin.cc5c13db..648de5c6.0_26	0
0x223680	NOTYPE	..lin.cc5c13db..648de5c6.0_27	0
0x22368c	NOTYPE	..lin.cc5c13db..648de5c6.0_28	0
0x223695	NOTYPE	..lin.cc5c13db..648de5c6.0_29	0
0x2236a0	FUNC	CreateTaskAtIndex	338
0x2236cb	NOTYPE	..lin.cfa7f4be..78e2bc99.0_1	0
0x2236e4	NOTYPE	..lin.cfa7f4be..78e2bc99.0_2	0
0x2236fb	NOTYPE	..lin.cfa7f4be..78e2bc99.0_3	0
0x22370a	NOTYPE	..lin.cfa7f4be..78e2bc99.0_4	0
0x223716	NOTYPE	..lin.cfa7f4be..78e2bc99.0_5	0
0x22371c	NOTYPE	..lin.cfa7f4be..78e2bc99.0_6	0
0x223722	NOTYPE	..lin.cfa7f4be..78e2bc99.0_7	0
0x223735	NOTYPE	..lin.cfa7f4be..78e2bc99.0_8	0
0x223744	NOTYPE	..lin.cfa7f4be..78e2bc99.0_9	0
0x22374e	NOTYPE	..lin.cfa7f4be..78e2bc99.0_10	0
0x223761	NOTYPE	..lin.cfa7f4be..78e2bc99.0_11	0
0x223767	NOTYPE	..lin.cfa7f4be..78e2bc99.0_12	0
0x223770	NOTYPE	..lin.cfa7f4be..78e2bc99.0_13	0
0x223779	NOTYPE	..lin.cfa7f4be..78e2bc99.0_14	0
0x223783	NOTYPE	..lin.cfa7f4be..78e2bc99.0_15	0
0x22378c	NOTYPE	..lin.cfa7f4be..78e2bc99.0_16	0
0x2237c9	NOTYPE	..lin.cfa7f4be..78e2bc99.0_17	0
0x2237d2	NOTYPE	..lin.cfa7f4be..78e2bc99.0_18	0
0x2237de	NOTYPE	..lin.cfa7f4be..78e2bc99.0_19	0
0x2237e7	NOTYPE	..lin.cfa7f4be..78e2bc99.0_20	0
0x2237f4	FUNC	RestartComplete	70
0x223800	NOTYPE	..lin.c1383bf0..75b237e3.0_1	0
0x22380f	NOTYPE	..lin.c1383bf0..75b237e3.0_2	0
0x223815	NOTYPE	..lin.c1383bf0..75b237e3.0_3	0
0x223820	NOTYPE	..lin.c1383bf0..75b237e3.0_4	0
0x223828	NOTYPE	..lin.c1383bf0..75b237e3.0_5	0
0x223830	NOTYPE	..lin.c1383bf0..75b237e3.0_6	0
0x223835	NOTYPE	..lin.c1383bf0..75b237e3.0_7	0
0x22383c	FUNC	GetTaskCoreAffinity	200
0x22384c	NOTYPE	..lin.d539835c..6662d51b.0_1	0
0x22385b	NOTYPE	..lin.d539835c..6662d51b.0_2	0
0x223864	NOTYPE	..lin.d539835c..6662d51b.0_3	0
0x22386a	NOTYPE	..lin.d539835c..6662d51b.0_4	0
0x223870	NOTYPE	..lin.d539835c..6662d51b.0_5	0
0x223883	NOTYPE	..lin.d539835c..6662d51b.0_6	0
0x223892	NOTYPE	..lin.d539835c..6662d51b.0_7	0
0x22389c	NOTYPE	..lin.d539835c..6662d51b.0_8	0
0x2238af	NOTYPE	..lin.d539835c..6662d51b.0_9	0
0x2238b5	NOTYPE	..lin.d539835c..6662d51b.0_10	0
0x2238bd	NOTYPE	..lin.d539835c..6662d51b.0_11	0
0x2238c5	NOTYPE	..lin.d539835c..6662d51b.0_12	0
0x2238cf	NOTYPE	..lin.d539835c..6662d51b.0_13	0
0x2238d7	NOTYPE	..lin.d539835c..6662d51b.0_14	0
0x2238e5	NOTYPE	..lin.d539835c..6662d51b.0_15	0
0x2238ed	NOTYPE	..lin.d539835c..6662d51b.0_16	0
0x2238f5	NOTYPE	..lin.d539835c..6662d51b.0_17	0
0x2238fe	NOTYPE	..lin.d539835c..6662d51b.0_18	0
0x223904	FUNC	SetTaskCoreAffinity	212
0x22391a	NOTYPE	..lin.5b850e8..b09fa027.0_1	0
0x223929	NOTYPE	..lin.5b850e8..b09fa027.0_2	0
0x223932	NOTYPE	..lin.5b850e8..b09fa027.0_3	0
0x223938	NOTYPE	..lin.5b850e8..b09fa027.0_4	0
0x22393e	NOTYPE	..lin.5b850e8..b09fa027.0_5	0
0x223951	NOTYPE	..lin.5b850e8..b09fa027.0_6	0
0x223960	NOTYPE	..lin.5b850e8..b09fa027.0_7	0
0x22396a	NOTYPE	..lin.5b850e8..b09fa027.0_8	0
0x22397d	NOTYPE	..lin.5b850e8..b09fa027.0_9	0
0x223983	NOTYPE	..lin.5b850e8..b09fa027.0_10	0
0x22398b	NOTYPE	..lin.5b850e8..b09fa027.0_11	0
0x223993	NOTYPE	..lin.5b850e8..b09fa027.0_12	0
0x22399d	NOTYPE	..lin.5b850e8..b09fa027.0_13	0
0x2239a5	NOTYPE	..lin.5b850e8..b09fa027.0_14	0
0x2239b6	NOTYPE	..lin.5b850e8..b09fa027.0_15	0
0x2239be	NOTYPE	..lin.5b850e8..b09fa027.0_16	0
0x2239c6	NOTYPE	..lin.5b850e8..b09fa027.0_17	0
0x2239cf	NOTYPE	..lin.5b850e8..b09fa027.0_18	0
0x2239d8	FUNC	GetASProcessorAffinity	200
0x2239e8	NOTYPE	..lin.1a1c6a..2f65dd33.0_1	0
0x2239f7	NOTYPE	..lin.1a1c6a..2f65dd33.0_2	0
0x223a00	NOTYPE	..lin.1a1c6a..2f65dd33.0_3	0
0x223a06	NOTYPE	..lin.1a1c6a..2f65dd33.0_4	0
0x223a0c	NOTYPE	..lin.1a1c6a..2f65dd33.0_5	0
0x223a1f	NOTYPE	..lin.1a1c6a..2f65dd33.0_6	0
0x223a2e	NOTYPE	..lin.1a1c6a..2f65dd33.0_7	0
0x223a38	NOTYPE	..lin.1a1c6a..2f65dd33.0_8	0
0x223a4b	NOTYPE	..lin.1a1c6a..2f65dd33.0_9	0
0x223a51	NOTYPE	..lin.1a1c6a..2f65dd33.0_10	0
0x223a59	NOTYPE	..lin.1a1c6a..2f65dd33.0_11	0
0x223a61	NOTYPE	..lin.1a1c6a..2f65dd33.0_12	0
0x223a6b	NOTYPE	..lin.1a1c6a..2f65dd33.0_13	0
0x223a73	NOTYPE	..lin.1a1c6a..2f65dd33.0_14	0
0x223a81	NOTYPE	..lin.1a1c6a..2f65dd33.0_15	0
0x223a89	NOTYPE	..lin.1a1c6a..2f65dd33.0_16	0
0x223a91	NOTYPE	..lin.1a1c6a..2f65dd33.0_17	0
0x223a9a	NOTYPE	..lin.1a1c6a..2f65dd33.0_18	0
0x223aa0	FUNC	GetTaskCurrentCore	200
0x223ab0	NOTYPE	..lin.e72c68af..3f8354c4.0_1	0
0x223abf	NOTYPE	..lin.e72c68af..3f8354c4.0_2	0
0x223ac8	NOTYPE	..lin.e72c68af..3f8354c4.0_3	0
0x223ace	NOTYPE	..lin.e72c68af..3f8354c4.0_4	0
0x223ad4	NOTYPE	..lin.e72c68af..3f8354c4.0_5	0
0x223ae7	NOTYPE	..lin.e72c68af..3f8354c4.0_6	0
0x223af6	NOTYPE	..lin.e72c68af..3f8354c4.0_7	0
0x223b00	NOTYPE	..lin.e72c68af..3f8354c4.0_8	0
0x223b13	NOTYPE	..lin.e72c68af..3f8354c4.0_9	0
0x223b19	NOTYPE	..lin.e72c68af..3f8354c4.0_10	0
0x223b21	NOTYPE	..lin.e72c68af..3f8354c4.0_11	0
0x223b29	NOTYPE	..lin.e72c68af..3f8354c4.0_12	0
0x223b33	NOTYPE	..lin.e72c68af..3f8354c4.0_13	0
0x223b3b	NOTYPE	..lin.e72c68af..3f8354c4.0_14	0
0x223b49	NOTYPE	..lin.e72c68af..3f8354c4.0_15	0
0x223b51	NOTYPE	..lin.e72c68af..3f8354c4.0_16	0
0x223b59	NOTYPE	..lin.e72c68af..3f8354c4.0_17	0
0x223b62	NOTYPE	..lin.e72c68af..3f8354c4.0_18	0
0x223b68	FUNC	ClearObjectMessageOverruns	153
0x223b78	NOTYPE	..lin.9ec84087..c282b6c.0_1	0
0x223b87	NOTYPE	..lin.9ec84087..c282b6c.0_2	0
0x223b8d	NOTYPE	..lin.9ec84087..c282b6c.0_3	0
0x223b93	NOTYPE	..lin.9ec84087..c282b6c.0_4	0
0x223b99	NOTYPE	..lin.9ec84087..c282b6c.0_5	0
0x223ba9	NOTYPE	..lin.9ec84087..c282b6c.0_6	0
0x223bb3	NOTYPE	..lin.9ec84087..c282b6c.0_7	0
0x223bba	NOTYPE	..lin.9ec84087..c282b6c.0_8	0
0x223bc2	NOTYPE	..lin.9ec84087..c282b6c.0_9	0
0x223bcc	NOTYPE	..lin.9ec84087..c282b6c.0_10	0
0x223bd4	NOTYPE	..lin.9ec84087..c282b6c.0_11	0
0x223be2	NOTYPE	..lin.9ec84087..c282b6c.0_12	0
0x223bea	NOTYPE	..lin.9ec84087..c282b6c.0_13	0
0x223bf2	NOTYPE	..lin.9ec84087..c282b6c.0_14	0
0x223bfb	NOTYPE	..lin.9ec84087..c282b6c.0_15	0
0x223c04	FUNC	ExitTasksInAddressSpace	192
0x223c10	NOTYPE	..lin.fa6cf27..28480d4e.0_1	0
0x223c1f	NOTYPE	..lin.fa6cf27..28480d4e.0_2	0
0x223c28	NOTYPE	..lin.fa6cf27..28480d4e.0_3	0
0x223c2e	NOTYPE	..lin.fa6cf27..28480d4e.0_4	0
0x223c34	NOTYPE	..lin.fa6cf27..28480d4e.0_5	0
0x223c47	NOTYPE	..lin.fa6cf27..28480d4e.0_6	0
0x223c56	NOTYPE	..lin.fa6cf27..28480d4e.0_7	0
0x223c60	NOTYPE	..lin.fa6cf27..28480d4e.0_8	0
0x223c73	NOTYPE	..lin.fa6cf27..28480d4e.0_9	0
0x223c79	NOTYPE	..lin.fa6cf27..28480d4e.0_10	0
0x223c81	NOTYPE	..lin.fa6cf27..28480d4e.0_11	0
0x223c89	NOTYPE	..lin.fa6cf27..28480d4e.0_12	0
0x223c93	NOTYPE	..lin.fa6cf27..28480d4e.0_13	0
0x223c9b	NOTYPE	..lin.fa6cf27..28480d4e.0_14	0
0x223ca6	NOTYPE	..lin.fa6cf27..28480d4e.0_15	0
0x223cae	NOTYPE	..lin.fa6cf27..28480d4e.0_16	0
0x223cb6	NOTYPE	..lin.fa6cf27..28480d4e.0_17	0
0x223cbf	NOTYPE	..lin.fa6cf27..28480d4e.0_18	0
0x223cc4	FUNC	GetTaskLockPriority	200
0x223cd4	NOTYPE	..lin.768929e3..1841d343.0_1	0
0x223ce3	NOTYPE	..lin.768929e3..1841d343.0_2	0
0x223cec	NOTYPE	..lin.768929e3..1841d343.0_3	0
0x223cf2	NOTYPE	..lin.768929e3..1841d343.0_4	0
0x223cf8	NOTYPE	..lin.768929e3..1841d343.0_5	0
0x223d0b	NOTYPE	..lin.768929e3..1841d343.0_6	0
0x223d1a	NOTYPE	..lin.768929e3..1841d343.0_7	0
0x223d24	NOTYPE	..lin.768929e3..1841d343.0_8	0
0x223d37	NOTYPE	..lin.768929e3..1841d343.0_9	0
0x223d3d	NOTYPE	..lin.768929e3..1841d343.0_10	0
0x223d45	NOTYPE	..lin.768929e3..1841d343.0_11	0
0x223d4d	NOTYPE	..lin.768929e3..1841d343.0_12	0
0x223d57	NOTYPE	..lin.768929e3..1841d343.0_13	0
0x223d5f	NOTYPE	..lin.768929e3..1841d343.0_14	0
0x223d6d	NOTYPE	..lin.768929e3..1841d343.0_15	0
0x223d75	NOTYPE	..lin.768929e3..1841d343.0_16	0
0x223d7d	NOTYPE	..lin.768929e3..1841d343.0_17	0
0x223d86	NOTYPE	..lin.768929e3..1841d343.0_18	0
0x223d8c	FUNC	SetTaskLockPriority	200
0x223d9c	NOTYPE	..lin.3d8bdd6f..627e9e4f.0_1	0
0x223dab	NOTYPE	..lin.3d8bdd6f..627e9e4f.0_2	0
0x223db4	NOTYPE	..lin.3d8bdd6f..627e9e4f.0_3	0
0x223dba	NOTYPE	..lin.3d8bdd6f..627e9e4f.0_4	0
0x223dc0	NOTYPE	..lin.3d8bdd6f..627e9e4f.0_5	0
0x223dd3	NOTYPE	..lin.3d8bdd6f..627e9e4f.0_6	0
0x223de2	NOTYPE	..lin.3d8bdd6f..627e9e4f.0_7	0
0x223dec	NOTYPE	..lin.3d8bdd6f..627e9e4f.0_8	0
0x223dff	NOTYPE	..lin.3d8bdd6f..627e9e4f.0_9	0
0x223e05	NOTYPE	..lin.3d8bdd6f..627e9e4f.0_10	0
0x223e0d	NOTYPE	..lin.3d8bdd6f..627e9e4f.0_11	0
0x223e15	NOTYPE	..lin.3d8bdd6f..627e9e4f.0_12	0
0x223e1f	NOTYPE	..lin.3d8bdd6f..627e9e4f.0_13	0
0x223e27	NOTYPE	..lin.3d8bdd6f..627e9e4f.0_14	0
0x223e35	NOTYPE	..lin.3d8bdd6f..627e9e4f.0_15	0
0x223e3d	NOTYPE	..lin.3d8bdd6f..627e9e4f.0_16	0
0x223e45	NOTYPE	..lin.3d8bdd6f..627e9e4f.0_17	0
0x223e4e	NOTYPE	..lin.3d8bdd6f..627e9e4f.0_18	0
0x223e54	FUNC	MutexWaitForSemaphore	246
0x223e79	NOTYPE	..lin.73a6ca84..ec62a418.0_1	0
0x223e88	NOTYPE	..lin.73a6ca84..ec62a418.0_2	0
0x223e94	NOTYPE	..lin.73a6ca84..ec62a418.0_3	0
0x223e9a	NOTYPE	..lin.73a6ca84..ec62a418.0_4	0
0x223ea0	NOTYPE	..lin.73a6ca84..ec62a418.0_5	0
0x223eb3	NOTYPE	..lin.73a6ca84..ec62a418.0_6	0
0x223ec2	NOTYPE	..lin.73a6ca84..ec62a418.0_7	0
0x223ecc	NOTYPE	..lin.73a6ca84..ec62a418.0_8	0
0x223edf	NOTYPE	..lin.73a6ca84..ec62a418.0_9	0
0x223ee5	NOTYPE	..lin.73a6ca84..ec62a418.0_10	0
0x223eee	NOTYPE	..lin.73a6ca84..ec62a418.0_11	0
0x223ef7	NOTYPE	..lin.73a6ca84..ec62a418.0_12	0
0x223f01	NOTYPE	..lin.73a6ca84..ec62a418.0_13	0
0x223f0a	NOTYPE	..lin.73a6ca84..ec62a418.0_14	0
0x223f21	NOTYPE	..lin.73a6ca84..ec62a418.0_15	0
0x223f2a	NOTYPE	..lin.73a6ca84..ec62a418.0_16	0
0x223f36	NOTYPE	..lin.73a6ca84..ec62a418.0_17	0
0x223f3f	NOTYPE	..lin.73a6ca84..ec62a418.0_18	0
0x223f4c	FUNC	MutexReleaseSemaphore	200
0x223f5c	NOTYPE	..lin.91941a70..523a0b9d.0_1	0
0x223f6b	NOTYPE	..lin.91941a70..523a0b9d.0_2	0
0x223f74	NOTYPE	..lin.91941a70..523a0b9d.0_3	0
0x223f7a	NOTYPE	..lin.91941a70..523a0b9d.0_4	0
0x223f80	NOTYPE	..lin.91941a70..523a0b9d.0_5	0
0x223f93	NOTYPE	..lin.91941a70..523a0b9d.0_6	0
0x223fa2	NOTYPE	..lin.91941a70..523a0b9d.0_7	0
0x223fac	NOTYPE	..lin.91941a70..523a0b9d.0_8	0
0x223fbf	NOTYPE	..lin.91941a70..523a0b9d.0_9	0
0x223fc5	NOTYPE	..lin.91941a70..523a0b9d.0_10	0
0x223fcd	NOTYPE	..lin.91941a70..523a0b9d.0_11	0
0x223fd5	NOTYPE	..lin.91941a70..523a0b9d.0_12	0
0x223fdf	NOTYPE	..lin.91941a70..523a0b9d.0_13	0
0x223fe7	NOTYPE	..lin.91941a70..523a0b9d.0_14	0
0x223ff5	NOTYPE	..lin.91941a70..523a0b9d.0_15	0
0x223ffd	NOTYPE	..lin.91941a70..523a0b9d.0_16	0
0x224005	NOTYPE	..lin.91941a70..523a0b9d.0_17	0
0x22400e	NOTYPE	..lin.91941a70..523a0b9d.0_18	0
0x224014	FUNC	RunVmAndWaitForActivity	236
0x224031	NOTYPE	..lin.466595b2..5eedbd99.0_1	0
0x224040	NOTYPE	..lin.466595b2..5eedbd99.0_2	0
0x224049	NOTYPE	..lin.466595b2..5eedbd99.0_3	0
0x22404f	NOTYPE	..lin.466595b2..5eedbd99.0_4	0
0x224055	NOTYPE	..lin.466595b2..5eedbd99.0_5	0
0x224068	NOTYPE	..lin.466595b2..5eedbd99.0_6	0
0x224077	NOTYPE	..lin.466595b2..5eedbd99.0_7	0
0x224081	NOTYPE	..lin.466595b2..5eedbd99.0_8	0
0x224094	NOTYPE	..lin.466595b2..5eedbd99.0_9	0
0x22409a	NOTYPE	..lin.466595b2..5eedbd99.0_10	0
0x2240a2	NOTYPE	..lin.466595b2..5eedbd99.0_11	0
0x2240aa	NOTYPE	..lin.466595b2..5eedbd99.0_12	0
0x2240b7	NOTYPE	..lin.466595b2..5eedbd99.0_13	0
0x2240bf	NOTYPE	..lin.466595b2..5eedbd99.0_14	0
0x2240d1	NOTYPE	..lin.466595b2..5eedbd99.0_15	0
0x2240d7	NOTYPE	..lin.466595b2..5eedbd99.0_16	0
0x2240de	NOTYPE	..lin.466595b2..5eedbd99.0_17	0
0x2240e6	NOTYPE	..lin.466595b2..5eedbd99.0_18	0
0x2240ee	NOTYPE	..lin.466595b2..5eedbd99.0_19	0
0x2240f7	NOTYPE	..lin.466595b2..5eedbd99.0_20	0
0x224100	FUNC	__ghs_init_mem	705
0x22411e	NOTYPE	..lin.797bb1f0..5fde5dd6.0_1	0
0x22412c	NOTYPE	..lin.797bb1f0..5fde5dd6.0_2	0
0x224136	NOTYPE	..lin.797bb1f0..5fde5dd6.0_3	0
0x224140	NOTYPE	..lin.797bb1f0..5fde5dd6.0_4	0
0x22415a	NOTYPE	..lin.797bb1f0..5fde5dd6.0_5	0
0x224166	NOTYPE	..lin.797bb1f0..5fde5dd6.0_6	0
0x22417f	NOTYPE	..lin.797bb1f0..5fde5dd6.0_7	0
0x224187	NOTYPE	..lin.797bb1f0..5fde5dd6.0_8	0
0x22418c	NOTYPE	..lin.797bb1f0..5fde5dd6.0_9	0
0x22419c	NOTYPE	..lin.797bb1f0..5fde5dd6.0_10	0
0x2241bc	NOTYPE	..lin.797bb1f0..5fde5dd6.0_11	0
0x2241cc	NOTYPE	..lin.797bb1f0..5fde5dd6.0_12	0
0x2241dc	NOTYPE	..lin.797bb1f0..5fde5dd6.0_13	0
0x2241e6	NOTYPE	..lin.797bb1f0..5fde5dd6.0_14	0
0x224202	NOTYPE	..lin.797bb1f0..5fde5dd6.0_15	0
0x224216	NOTYPE	..lin.797bb1f0..5fde5dd6.0_16	0
0x224220	NOTYPE	..lin.797bb1f0..5fde5dd6.0_17	0
0x22422a	NOTYPE	..lin.797bb1f0..5fde5dd6.0_18	0
0x224248	NOTYPE	..lin.797bb1f0..5fde5dd6.0_19	0
0x224254	NOTYPE	..lin.797bb1f0..5fde5dd6.0_20	0
0x22425b	NOTYPE	..lin.797bb1f0..5fde5dd6.0_21	0
0x224264	NOTYPE	..lin.797bb1f0..5fde5dd6.0_22	0
0x22426d	NOTYPE	..lin.797bb1f0..5fde5dd6.0_23	0
0x224286	NOTYPE	..lin.797bb1f0..5fde5dd6.0_24	0
0x22429c	NOTYPE	..lin.797bb1f0..5fde5dd6.0_25	0
0x2242ad	NOTYPE	..lin.797bb1f0..5fde5dd6.0_26	0
0x2242bc	NOTYPE	..lin.797bb1f0..5fde5dd6.0_27	0
0x2242c7	NOTYPE	..lin.797bb1f0..5fde5dd6.0_28	0
0x2242cc	NOTYPE	..lin.797bb1f0..5fde5dd6.0_29	0
0x2242dc	NOTYPE	..lin.797bb1f0..5fde5dd6.0_30	0
0x2242fe	NOTYPE	..lin.797bb1f0..5fde5dd6.0_31	0
0x22430a	NOTYPE	..lin.797bb1f0..5fde5dd6.0_32	0
0x224319	NOTYPE	..lin.797bb1f0..5fde5dd6.0_33	0
0x224323	NOTYPE	..lin.797bb1f0..5fde5dd6.0_34	0
0x22433d	NOTYPE	..lin.797bb1f0..5fde5dd6.0_35	0
0x22435f	NOTYPE	..lin.797bb1f0..5fde5dd6.0_36	0
0x22436b	NOTYPE	..lin.797bb1f0..5fde5dd6.0_37	0
0x224384	NOTYPE	..lin.797bb1f0..5fde5dd6.0_38	0
0x22439d	NOTYPE	..lin.797bb1f0..5fde5dd6.0_39	0
0x2243ac	NOTYPE	..lin.797bb1f0..5fde5dd6.0_40	0
0x2243b6	NOTYPE	..lin.797bb1f0..5fde5dd6.0_41	0
0x2243c1	FUNC	FindBAndECopyPointers	74
0x2243e1	NOTYPE	..lin.797bb1f0..9405e9af.0_42	0
0x2243f0	NOTYPE	..lin.797bb1f0..9405e9af.0_43	0
0x2243fd	NOTYPE	..lin.797bb1f0..9405e9af.0_44	0
0x22440a	NOTYPE	..lin.797bb1f0..9405e9af.0_45	0
0x22440b	FUNC	CopyAddressSpaceSectionsFromRom	285
0x22445a	NOTYPE	..lin.797bb1f0..4fd2769c.0_46	0
0x224467	NOTYPE	..lin.797bb1f0..4fd2769c.0_47	0
0x22446c	NOTYPE	..lin.797bb1f0..4fd2769c.0_48	0
0x224493	NOTYPE	..lin.797bb1f0..4fd2769c.0_49	0
0x22449e	NOTYPE	..lin.797bb1f0..4fd2769c.0_50	0
0x2244af	NOTYPE	..lin.797bb1f0..4fd2769c.0_51	0
0x2244bb	NOTYPE	..lin.797bb1f0..4fd2769c.0_52	0
0x2244c6	NOTYPE	..lin.797bb1f0..4fd2769c.0_53	0
0x2244df	NOTYPE	..lin.797bb1f0..4fd2769c.0_54	0
0x2244ee	NOTYPE	..lin.797bb1f0..4fd2769c.0_55	0
0x2244f9	NOTYPE	..lin.797bb1f0..4fd2769c.0_56	0
0x2244fb	NOTYPE	..lin.797bb1f0..4fd2769c.0_57	0
0x22450b	NOTYPE	..lin.797bb1f0..4fd2769c.0_58	0
0x22451b	NOTYPE	..lin.797bb1f0..4fd2769c.0_59	0
0x224528	FUNC	GHS_Initialize	34
0x224533	NOTYPE	..lin.797bb1f0..2324ee78.0_60	0
0x224535	NOTYPE	..lin.797bb1f0..2324ee78.0_61	0
0x224548	NOTYPE	..lin.797bb1f0..2324ee78.0_62	0
0x22454c	FUNC	CalculateCRC32	71
0x224551	NOTYPE	..lin.d84f06a0..2ee9e330.0_1	0
0x224563	NOTYPE	..lin.d84f06a0..2ee9e330.0_2	0
0x22457b	NOTYPE	..lin.d84f06a0..2ee9e330.0_3	0
0x224585	NOTYPE	..lin.d84f06a0..2ee9e330.0_4	0
0x22458e	NOTYPE	..lin.d84f06a0..2ee9e330.0_5	0
0x224593	FUNC	__cksumsects	353
0x2245a8	NOTYPE	..lin.d84f06a0..96ffd468.0_6	0
0x2245b7	NOTYPE	..lin.d84f06a0..96ffd468.0_7	0
0x2245bc	NOTYPE	..lin.d84f06a0..96ffd468.0_8	0
0x2245c1	NOTYPE	..lin.d84f06a0..96ffd468.0_9	0
0x2245c6	NOTYPE	..lin.d84f06a0..96ffd468.0_10	0
0x2245dd	NOTYPE	..lin.d84f06a0..96ffd468.0_11	0
0x2245f3	NOTYPE	..lin.d84f06a0..96ffd468.0_12	0
0x224601	NOTYPE	..lin.d84f06a0..96ffd468.0_13	0
0x224603	NOTYPE	..lin.d84f06a0..96ffd468.0_14	0
0x22460d	NOTYPE	..lin.d84f06a0..96ffd468.0_15	0
0x224617	NOTYPE	..lin.d84f06a0..96ffd468.0_16	0
0x22461e	NOTYPE	..lin.d84f06a0..96ffd468.0_17	0
0x224627	NOTYPE	..lin.d84f06a0..96ffd468.0_18	0
0x224631	NOTYPE	..lin.d84f06a0..96ffd468.0_19	0
0x224639	NOTYPE	..lin.d84f06a0..96ffd468.0_20	0
0x22463f	NOTYPE	..lin.d84f06a0..96ffd468.0_21	0
0x22464b	NOTYPE	..lin.d84f06a0..96ffd468.0_22	0
0x224657	NOTYPE	..lin.d84f06a0..96ffd468.0_23	0
0x224665	NOTYPE	..lin.d84f06a0..96ffd468.0_24	0
0x22467e	NOTYPE	..lin.d84f06a0..96ffd468.0_25	0
0x224685	NOTYPE	..lin.d84f06a0..96ffd468.0_26	0
0x2246a1	NOTYPE	..lin.d84f06a0..96ffd468.0_27	0
0x2246ba	NOTYPE	..lin.d84f06a0..96ffd468.0_28	0
0x2246d5	NOTYPE	..lin.d84f06a0..96ffd468.0_29	0
0x2246da	NOTYPE	..lin.d84f06a0..96ffd468.0_30	0
0x2246de	NOTYPE	..lin.d84f06a0..96ffd468.0_31	0
0x2246e8	NOTYPE	..lin.d84f06a0..96ffd468.0_32	0
0x224700	FUNC	__ghs_dodotsyscall	49
0x224734	FUNC	__gh_errno_ptr	14
0x22473a	NOTYPE	..lin.797ccaae..577e7b8c.0_1	0
0x224742	FUNC	__gh_set_errno	18
0x22474a	NOTYPE	..lin.797ccaae..2d417022.0_2	0
0x224750	NOTYPE	..lin.797ccaae..2d417022.0_3	0
0x224754	FUNC	__gh_get_errno	20
0x22475a	NOTYPE	..lin.797ccaae..b76c2416.0_4	0
0x224760	NOTYPE	..lin.797ccaae..b76c2416.0_5	0
0x224764	NOTYPE	..lin.797ccaae..b76c2416.0_6	0
0x224768	FUNC	__ghs_syscall	26
0x224778	NOTYPE	..lin.8d311e32..f7e9dbf.0_1	0
0x22477d	NOTYPE	..lin.8d311e32..f7e9dbf.0_2	0
0x224782	NOTYPE	..lin.8d311e32..f7e9dbf.0_3	0
0x224784	FUNC	internal_sbrk...2Fhome.2Fmal.2Fgm_release.2FMY22.2D026.2Ffinal.2Fiot.2Frtos.2Flibs.2Fgm.2Di35.2Frel.2Fwork.2Flibkernel.2Flibkernel.2Find_heap.	75
0x224793	NOTYPE	..lin.797e3655..9b1f89d3.0_1	0
0x2247a7	NOTYPE	..lin.797e3655..9b1f89d3.0_2	0
0x2247b9	NOTYPE	..lin.797e3655..9b1f89d3.0_3	0
0x2247ca	NOTYPE	..lin.797e3655..9b1f89d3.0_4	0
0x2247cf	FUNC	sbrk	30
0x2247d8	NOTYPE	..lin.797e3655..7c9dcf17.0_5	0
0x2247e3	NOTYPE	..lin.797e3655..7c9dcf17.0_6	0
0x2247e8	NOTYPE	..lin.797e3655..7c9dcf17.0_7	0
0x2247ed	FUNC	__ghs_alloc	82
0x224803	NOTYPE	..lin.797e3655..3aa8936f.0_8	0
0x22480a	NOTYPE	..lin.797e3655..3aa8936f.0_9	0
0x22481a	NOTYPE	..lin.797e3655..3aa8936f.0_10	0
0x22481f	NOTYPE	..lin.797e3655..3aa8936f.0_11	0
0x22482f	NOTYPE	..lin.797e3655..3aa8936f.0_12	0
0x224836	NOTYPE	..lin.797e3655..3aa8936f.0_13	0
0x22483f	FUNC	__ghs_calloc	30
0x22484b	NOTYPE	..lin.797e3655..939e3a32.0_14	0
0x224851	NOTYPE	..lin.797e3655..939e3a32.0_15	0
0x22485b	NOTYPE	..lin.797e3655..939e3a32.0_16	0
0x224860	FUNC	BSP_NumVects	6
0x224866	FUNC	RTOS_TargetName	8
0x22486d	NOTYPE	..lin.ab5f513a..ca51fc14.0_1	0
0x22486e	FUNC	X86_Hook_GetTSCFrequency	79
0x224886	NOTYPE	..lin.ab5f513a..4392a136.0_2	0
0x2248ad	NOTYPE	..lin.ab5f513a..4392a136.0_3	0
0x2248b8	NOTYPE	..lin.ab5f513a..4392a136.0_4	0
0x2248bd	FUNC	CreateLocalEntry...2Fhome.2Fmal.2Fgm_release.2FMY22.2D026.2Ffinal.2Fiot.2Frtos.2Flibs.2Fgm.2Di35.2Frel.2Fwork.2Fintel.2Dgr.	23
0x2248d4	FUNC	AddLocalMapping...2Fhome.2Fmal.2Fgm_release.2FMY22.2D026.2Ffinal.2Fiot.2Frtos.2Flibs.2Fgm.2Di35.2Frel.2Fwork.2Fintel.2Dgr.	478
0x224905	NOTYPE	..lin.ab5f513a..a5f4e5.0_5	0
0x22490f	NOTYPE	..lin.ab5f513a..a5f4e5.0_6	0
0x224918	NOTYPE	..lin.ab5f513a..a5f4e5.0_7	0
0x224933	NOTYPE	..lin.ab5f513a..a5f4e5.0_8	0
0x22493d	NOTYPE	..lin.ab5f513a..a5f4e5.0_9	0
0x224959	NOTYPE	..lin.ab5f513a..a5f4e5.0_10	0
0x224963	NOTYPE	..lin.ab5f513a..a5f4e5.0_11	0
0x224979	NOTYPE	..lin.ab5f513a..a5f4e5.0_12	0
0x22498a	NOTYPE	..lin.ab5f513a..a5f4e5.0_13	0
0x2249a1	NOTYPE	..lin.ab5f513a..a5f4e5.0_14	0
0x2249a6	NOTYPE	..lin.ab5f513a..a5f4e5.0_15	0
0x2249b3	NOTYPE	..lin.ab5f513a..a5f4e5.0_16	0
0x2249be	NOTYPE	..lin.ab5f513a..a5f4e5.0_17	0
0x2249dd	NOTYPE	..lin.ab5f513a..a5f4e5.0_18	0
0x2249f1	NOTYPE	..lin.ab5f513a..a5f4e5.0_19	0
0x224a23	NOTYPE	..lin.ab5f513a..a5f4e5.0_20	0
0x224a2c	NOTYPE	..lin.ab5f513a..a5f4e5.0_21	0
0x224a3c	NOTYPE	..lin.ab5f513a..a5f4e5.0_22	0
0x224a7a	NOTYPE	..lin.ab5f513a..a5f4e5.0_23	0
0x224a84	NOTYPE	..lin.ab5f513a..a5f4e5.0_24	0
0x224aa7	NOTYPE	..lin.ab5f513a..a5f4e5.0_25	0
0x224ab2	FUNC	BSP_AddPhysicalMemoryRange...2Fhome.2Fmal.2Fgm_release.2FMY22.2D026.2Ffinal.2Fiot.2Frtos.2Flibs.2Fgm.2Di35.2Frel.2Fwork.2Fintel.2Dgr.	292
0x224adc	NOTYPE	..lin.ab5f513a..62462ff5.0_26	0
0x224af2	NOTYPE	..lin.ab5f513a..62462ff5.0_27	0
0x224afb	NOTYPE	..lin.ab5f513a..62462ff5.0_28	0
0x224b00	NOTYPE	..lin.ab5f513a..62462ff5.0_29	0
0x224b3f	NOTYPE	..lin.ab5f513a..62462ff5.0_30	0
0x224b71	NOTYPE	..lin.ab5f513a..62462ff5.0_31	0
0x224b73	NOTYPE	..lin.ab5f513a..62462ff5.0_32	0
0x224b9d	NOTYPE	..lin.ab5f513a..62462ff5.0_33	0
0x224ba2	NOTYPE	..lin.ab5f513a..62462ff5.0_34	0
0x224baf	NOTYPE	..lin.ab5f513a..62462ff5.0_35	0
0x224bb5	NOTYPE	..lin.ab5f513a..62462ff5.0_36	0
0x224bbf	NOTYPE	..lin.ab5f513a..62462ff5.0_37	0
0x224bcb	NOTYPE	..lin.ab5f513a..62462ff5.0_38	0
0x224bd6	FUNC	ProcessMultibootBootModules...2Fhome.2Fmal.2Fgm_release.2FMY22.2D026.2Ffinal.2Fiot.2Frtos.2Flibs.2Fgm.2Di35.2Frel.2Fwork.2Fintel.2Dgr.	364
0x224bee	NOTYPE	..lin.ab5f513a..e06dacd0.0_39	0
0x224bfb	NOTYPE	..lin.ab5f513a..e06dacd0.0_40	0
0x224c11	NOTYPE	..lin.ab5f513a..e06dacd0.0_41	0
0x224c2e	NOTYPE	..lin.ab5f513a..e06dacd0.0_42	0
0x224c46	NOTYPE	..lin.ab5f513a..e06dacd0.0_43	0
0x224c4e	NOTYPE	..lin.ab5f513a..e06dacd0.0_44	0
0x224c59	NOTYPE	..lin.ab5f513a..e06dacd0.0_45	0
0x224c71	NOTYPE	..lin.ab5f513a..e06dacd0.0_46	0
0x224c87	NOTYPE	..lin.ab5f513a..e06dacd0.0_47	0
0x224c99	NOTYPE	..lin.ab5f513a..e06dacd0.0_48	0
0x224ca4	NOTYPE	..lin.ab5f513a..e06dacd0.0_49	0
0x224cb7	NOTYPE	..lin.ab5f513a..e06dacd0.0_50	0
0x224ccf	NOTYPE	..lin.ab5f513a..e06dacd0.0_51	0
0x224ce3	NOTYPE	..lin.ab5f513a..e06dacd0.0_52	0
0x224cef	NOTYPE	..lin.ab5f513a..e06dacd0.0_53	0
0x224cf1	NOTYPE	..lin.ab5f513a..e06dacd0.0_54	0
0x224cf5	NOTYPE	..lin.ab5f513a..e06dacd0.0_55	0
0x224d07	NOTYPE	..lin.ab5f513a..e06dacd0.0_56	0
0x224d23	NOTYPE	..lin.ab5f513a..e06dacd0.0_57	0
0x224d37	NOTYPE	..lin.ab5f513a..e06dacd0.0_58	0
0x224d42	FUNC	ProcessMultibootMemoryTable...2Fhome.2Fmal.2Fgm_release.2FMY22.2D026.2Ffinal.2Fiot.2Frtos.2Flibs.2Fgm.2Di35.2Frel.2Fwork.2Fintel.2Dgr.	480
0x224d75	NOTYPE	..lin.ab5f513a..230f75c4.0_59	0
0x224d99	NOTYPE	..lin.ab5f513a..230f75c4.0_60	0
0x224da2	NOTYPE	..lin.ab5f513a..230f75c4.0_61	0
0x224db2	NOTYPE	..lin.ab5f513a..230f75c4.0_62	0
0x224ddd	NOTYPE	..lin.ab5f513a..230f75c4.0_63	0
0x224df7	NOTYPE	..lin.ab5f513a..230f75c4.0_64	0
0x224e06	NOTYPE	..lin.ab5f513a..230f75c4.0_65	0
0x224e18	NOTYPE	..lin.ab5f513a..230f75c4.0_66	0
0x224e46	NOTYPE	..lin.ab5f513a..230f75c4.0_67	0
0x224e53	NOTYPE	..lin.ab5f513a..230f75c4.0_68	0
0x224e87	NOTYPE	..lin.ab5f513a..230f75c4.0_69	0
0x224e8c	NOTYPE	..lin.ab5f513a..230f75c4.0_70	0
0x224eb6	NOTYPE	..lin.ab5f513a..230f75c4.0_71	0
0x224ecb	NOTYPE	..lin.ab5f513a..230f75c4.0_72	0
0x224efa	NOTYPE	..lin.ab5f513a..230f75c4.0_73	0
0x224f0d	NOTYPE	..lin.ab5f513a..230f75c4.0_74	0
0x224f12	NOTYPE	..lin.ab5f513a..230f75c4.0_75	0
0x224f17	NOTYPE	..lin.ab5f513a..230f75c4.0_76	0
0x224f22	FUNC	BSP_GetMemoryMap	592
0x224f49	NOTYPE	..lin.ab5f513a..e30c9b20.0_77	0
0x224f6f	NOTYPE	..lin.ab5f513a..e30c9b20.0_78	0
0x224f81	NOTYPE	..lin.ab5f513a..e30c9b20.0_79	0
0x224f99	NOTYPE	..lin.ab5f513a..e30c9b20.0_80	0
0x224fac	NOTYPE	..lin.ab5f513a..e30c9b20.0_81	0
0x224fb4	NOTYPE	..lin.ab5f513a..e30c9b20.0_82	0
0x224fcc	NOTYPE	..lin.ab5f513a..e30c9b20.0_83	0
0x224fdf	NOTYPE	..lin.ab5f513a..e30c9b20.0_84	0
0x224ffa	NOTYPE	..lin.ab5f513a..e30c9b20.0_85	0
0x225008	NOTYPE	..lin.ab5f513a..e30c9b20.0_86	0
0x22502e	NOTYPE	..lin.ab5f513a..e30c9b20.0_87	0
0x225040	NOTYPE	..lin.ab5f513a..e30c9b20.0_88	0
0x22504a	NOTYPE	..lin.ab5f513a..e30c9b20.0_89	0
0x225057	NOTYPE	..lin.ab5f513a..e30c9b20.0_90	0
0x22507f	NOTYPE	..lin.ab5f513a..e30c9b20.0_91	0
0x225099	NOTYPE	..lin.ab5f513a..e30c9b20.0_92	0
0x2250aa	NOTYPE	..lin.ab5f513a..e30c9b20.0_93	0
0x2250b8	NOTYPE	..lin.ab5f513a..e30c9b20.0_94	0
0x2250cd	NOTYPE	..lin.ab5f513a..e30c9b20.0_95	0
0x2250dd	NOTYPE	..lin.ab5f513a..e30c9b20.0_96	0
0x2250f3	NOTYPE	..lin.ab5f513a..e30c9b20.0_97	0
0x225114	NOTYPE	..lin.ab5f513a..e30c9b20.0_98	0
0x225116	NOTYPE	..lin.ab5f513a..e30c9b20.0_99	0
0x225120	NOTYPE	..lin.ab5f513a..e30c9b20.0_100	0
0x225126	NOTYPE	..lin.ab5f513a..e30c9b20.0_101	0
0x225133	NOTYPE	..lin.ab5f513a..e30c9b20.0_102	0
0x22513f	NOTYPE	..lin.ab5f513a..e30c9b20.0_103	0
0x225149	NOTYPE	..lin.ab5f513a..e30c9b20.0_104	0
0x22515e	NOTYPE	..lin.ab5f513a..e30c9b20.0_105	0
0x225168	NOTYPE	..lin.ab5f513a..e30c9b20.0_106	0
0x225172	FUNC	BSP_PciIrqLineToVector	11
0x22517d	FUNC	MapPCIInterrupt...2Fhome.2Fmal.2Fgm_release.2FMY22.2D026.2Ffinal.2Fiot.2Frtos.2Flibs.2Fgm.2Di35.2Frel.2Fwork.2Fintel.2Dgr.	57
0x22518b	NOTYPE	..lin.ab5f513a..cdf0e2cc.0_107	0
0x22519e	NOTYPE	..lin.ab5f513a..cdf0e2cc.0_108	0
0x2251a8	NOTYPE	..lin.ab5f513a..cdf0e2cc.0_109	0
0x2251b2	NOTYPE	..lin.ab5f513a..cdf0e2cc.0_110	0
0x2251b6	FUNC	PciInit...2Fhome.2Fmal.2Fgm_release.2FMY22.2D026.2Ffinal.2Fiot.2Frtos.2Flibs.2Fgm.2Di35.2Frel.2Fwork.2Fintel.2Dgr.	289
0x2251e2	NOTYPE	..lin.ab5f513a..774675.0_111	0
0x2251fb	NOTYPE	..lin.ab5f513a..774675.0_112	0
0x225219	NOTYPE	..lin.ab5f513a..774675.0_113	0
0x225222	NOTYPE	..lin.ab5f513a..774675.0_114	0
0x225227	NOTYPE	..lin.ab5f513a..774675.0_115	0
0x22522f	NOTYPE	..lin.ab5f513a..774675.0_116	0
0x225237	NOTYPE	..lin.ab5f513a..774675.0_117	0
0x225244	NOTYPE	..lin.ab5f513a..774675.0_118	0
0x225264	NOTYPE	..lin.ab5f513a..774675.0_119	0
0x2252a7	NOTYPE	..lin.ab5f513a..774675.0_120	0
0x2252c1	NOTYPE	..lin.ab5f513a..774675.0_121	0
0x2252d2	NOTYPE	..lin.ab5f513a..774675.0_122	0
0x2252d7	FUNC	PciFunction_GetTranslationWindows	42
0x2252fe	NOTYPE	..lin.ab5f513a..bea45300.0_123	0
0x225301	FUNC	hex_to_bin...2Fhome.2Fmal.2Fgm_release.2FMY22.2D026.2Ffinal.2Fiot.2Frtos.2Flibs.2Fgm.2Di35.2Frel.2Fwork.2Fintel.2Dgr.	66
0x22530d	NOTYPE	..lin.ab5f513a..356e8ee4.0_124	0
0x22531a	NOTYPE	..lin.ab5f513a..356e8ee4.0_125	0
0x225326	NOTYPE	..lin.ab5f513a..356e8ee4.0_126	0
0x22532d	NOTYPE	..lin.ab5f513a..356e8ee4.0_127	0
0x225339	NOTYPE	..lin.ab5f513a..356e8ee4.0_128	0
0x225340	NOTYPE	..lin.ab5f513a..356e8ee4.0_129	0
0x225343	FUNC	HandleOemKeyManifestArgument...2Fhome.2Fmal.2Fgm_release.2FMY22.2D026.2Ffinal.2Fiot.2Frtos.2Flibs.2Fgm.2Di35.2Frel.2Fwork.2Fintel.2Dgr.	272
0x225387	NOTYPE	..lin.ab5f513a..4b93c355.0_130	0
0x22538f	NOTYPE	..lin.ab5f513a..4b93c355.0_131	0
0x225396	NOTYPE	..lin.ab5f513a..4b93c355.0_132	0
0x22539c	NOTYPE	..lin.ab5f513a..4b93c355.0_133	0
0x2253a1	NOTYPE	..lin.ab5f513a..4b93c355.0_134	0
0x2253ab	NOTYPE	..lin.ab5f513a..4b93c355.0_135	0
0x2253b4	NOTYPE	..lin.ab5f513a..4b93c355.0_136	0
0x2253c4	NOTYPE	..lin.ab5f513a..4b93c355.0_137	0
0x2253c9	NOTYPE	..lin.ab5f513a..4b93c355.0_138	0
0x2253da	NOTYPE	..lin.ab5f513a..4b93c355.0_139	0
0x2253f0	NOTYPE	..lin.ab5f513a..4b93c355.0_140	0
0x2253fa	NOTYPE	..lin.ab5f513a..4b93c355.0_141	0
0x2253fc	NOTYPE	..lin.ab5f513a..4b93c355.0_142	0
0x22540d	NOTYPE	..lin.ab5f513a..4b93c355.0_143	0
0x225423	NOTYPE	..lin.ab5f513a..4b93c355.0_144	0
0x225440	NOTYPE	..lin.ab5f513a..4b93c355.0_145	0
0x225444	NOTYPE	..lin.ab5f513a..4b93c355.0_146	0
0x225453	FUNC	BadChecksum...2Fhome.2Fmal.2Fgm_release.2FMY22.2D026.2Ffinal.2Fiot.2Frtos.2Flibs.2Fgm.2Di35.2Frel.2Fwork.2Fintel.2Dgr.	27
0x225459	NOTYPE	..lin.ab5f513a..63a6307f.0_147	0
0x22545c	NOTYPE	..lin.ab5f513a..63a6307f.0_148	0
0x225465	NOTYPE	..lin.ab5f513a..63a6307f.0_149	0
0x22546e	FUNC	FindAndMapFACSTable...2Fhome.2Fmal.2Fgm_release.2FMY22.2D026.2Ffinal.2Fiot.2Frtos.2Flibs.2Fgm.2Di35.2Frel.2Fwork.2Fintel.2Dgr.	405
0x2254a8	NOTYPE	..lin.ab5f513a..ca8d44bc.0_150	0
0x2254c0	NOTYPE	..lin.ab5f513a..ca8d44bc.0_151	0
0x2254c9	NOTYPE	..lin.ab5f513a..ca8d44bc.0_152	0
0x2254ce	NOTYPE	..lin.ab5f513a..ca8d44bc.0_153	0
0x2254d5	NOTYPE	..lin.ab5f513a..ca8d44bc.0_154	0
0x2254e6	NOTYPE	..lin.ab5f513a..ca8d44bc.0_155	0
0x2254ed	NOTYPE	..lin.ab5f513a..ca8d44bc.0_156	0
0x225500	NOTYPE	..lin.ab5f513a..ca8d44bc.0_157	0
0x225511	NOTYPE	..lin.ab5f513a..ca8d44bc.0_158	0
0x22552f	NOTYPE	..lin.ab5f513a..ca8d44bc.0_159	0
0x225535	NOTYPE	..lin.ab5f513a..ca8d44bc.0_160	0
0x225548	NOTYPE	..lin.ab5f513a..ca8d44bc.0_161	0
0x225552	NOTYPE	..lin.ab5f513a..ca8d44bc.0_162	0
0x22556a	NOTYPE	..lin.ab5f513a..ca8d44bc.0_163	0
0x22557c	NOTYPE	..lin.ab5f513a..ca8d44bc.0_164	0
0x22558e	NOTYPE	..lin.ab5f513a..ca8d44bc.0_165	0
0x2255b3	NOTYPE	..lin.ab5f513a..ca8d44bc.0_166	0
0x2255bf	NOTYPE	..lin.ab5f513a..ca8d44bc.0_167	0
0x2255c8	NOTYPE	..lin.ab5f513a..ca8d44bc.0_168	0
0x2255f5	NOTYPE	..lin.ab5f513a..ca8d44bc.0_169	0
0x225603	FUNC	SetWakeupVectorInFACS...2Fhome.2Fmal.2Fgm_release.2FMY22.2D026.2Ffinal.2Fiot.2Frtos.2Flibs.2Fgm.2Di35.2Frel.2Fwork.2Fintel.2Dgr.	25
0x22560c	NOTYPE	..lin.ab5f513a..8848ec5.0_170	0
0x225611	NOTYPE	..lin.ab5f513a..8848ec5.0_171	0
0x225617	NOTYPE	..lin.ab5f513a..8848ec5.0_172	0
0x22561c	FUNC	BSP_InitializeOnBootCpu	457
0x225627	NOTYPE	..lin.ab5f513a..ef2e874.0_173	0
0x225642	NOTYPE	..lin.ab5f513a..ef2e874.0_174	0
0x22564b	NOTYPE	..lin.ab5f513a..ef2e874.0_175	0
0x225652	NOTYPE	..lin.ab5f513a..ef2e874.0_176	0
0x225664	NOTYPE	..lin.ab5f513a..ef2e874.0_177	0
0x22566d	NOTYPE	..lin.ab5f513a..ef2e874.0_178	0
0x22567b	NOTYPE	..lin.ab5f513a..ef2e874.0_179	0
0x225690	NOTYPE	..lin.ab5f513a..ef2e874.0_180	0
0x2256a1	NOTYPE	..lin.ab5f513a..ef2e874.0_181	0
0x2256b6	NOTYPE	..lin.ab5f513a..ef2e874.0_182	0
0x2256be	NOTYPE	..lin.ab5f513a..ef2e874.0_183	0
0x2256c3	NOTYPE	..lin.ab5f513a..ef2e874.0_184	0
0x2256c8	NOTYPE	..lin.ab5f513a..ef2e874.0_185	0
0x2256cd	NOTYPE	..lin.ab5f513a..ef2e874.0_186	0
0x2256d2	NOTYPE	..lin.ab5f513a..ef2e874.0_187	0
0x2256d7	NOTYPE	..lin.ab5f513a..ef2e874.0_188	0
0x2256dc	NOTYPE	..lin.ab5f513a..ef2e874.0_189	0
0x225702	NOTYPE	..lin.ab5f513a..ef2e874.0_190	0
0x22570f	NOTYPE	..lin.ab5f513a..ef2e874.0_191	0
0x225714	NOTYPE	..lin.ab5f513a..ef2e874.0_192	0
0x225719	NOTYPE	..lin.ab5f513a..ef2e874.0_193	0
0x225733	NOTYPE	..lin.ab5f513a..ef2e874.0_194	0
0x225748	NOTYPE	..lin.ab5f513a..ef2e874.0_195	0
0x225762	NOTYPE	..lin.ab5f513a..ef2e874.0_196	0
0x225777	NOTYPE	..lin.ab5f513a..ef2e874.0_197	0
0x22577c	NOTYPE	..lin.ab5f513a..ef2e874.0_198	0
0x225789	NOTYPE	..lin.ab5f513a..ef2e874.0_199	0
0x22579e	NOTYPE	..lin.ab5f513a..ef2e874.0_200	0
0x2257a3	NOTYPE	..lin.ab5f513a..ef2e874.0_201	0
0x2257b0	NOTYPE	..lin.ab5f513a..ef2e874.0_202	0
0x2257c5	NOTYPE	..lin.ab5f513a..ef2e874.0_203	0
0x2257ca	NOTYPE	..lin.ab5f513a..ef2e874.0_204	0
0x2257cf	NOTYPE	..lin.ab5f513a..ef2e874.0_205	0
0x2257e0	NOTYPE	..lin.ab5f513a..ef2e874.0_206	0
0x2257e5	FUNC	BSP_InitializeConcurrentlyOnAllCpus	32
0x2257ee	NOTYPE	..lin.ab5f513a..596e5354.0_207	0
0x2257f4	NOTYPE	..lin.ab5f513a..596e5354.0_208	0
0x2257f9	NOTYPE	..lin.ab5f513a..596e5354.0_209	0
0x2257fe	NOTYPE	..lin.ab5f513a..596e5354.0_210	0
0x225803	NOTYPE	..lin.ab5f513a..596e5354.0_211	0
0x225805	FUNC	BSP_Initialize	73
0x225814	NOTYPE	..lin.ab5f513a..d11f1ebb.0_212	0
0x22581b	NOTYPE	..lin.ab5f513a..d11f1ebb.0_213	0
0x225823	NOTYPE	..lin.ab5f513a..d11f1ebb.0_214	0
0x225830	NOTYPE	..lin.ab5f513a..d11f1ebb.0_215	0
0x22583a	NOTYPE	..lin.ab5f513a..d11f1ebb.0_216	0
0x225844	NOTYPE	..lin.ab5f513a..d11f1ebb.0_217	0
0x225849	NOTYPE	..lin.ab5f513a..d11f1ebb.0_218	0
0x22584e	FUNC	BSP_TurnOnErrorIndicator	1
0x22584f	FUNC	BSP_TurnOffErrorIndicator	1
0x225850	FUNC	BSP_ReadPciMmcfg	72
0x22586e	NOTYPE	..lin.ab5f513a..b417752b.0_219	0
0x225882	NOTYPE	..lin.ab5f513a..b417752b.0_220	0
0x225886	NOTYPE	..lin.ab5f513a..b417752b.0_221	0
0x22588b	NOTYPE	..lin.ab5f513a..b417752b.0_222	0
0x225890	NOTYPE	..lin.ab5f513a..b417752b.0_223	0
0x225894	NOTYPE	..lin.ab5f513a..b417752b.0_224	0
0x225898	FUNC	BSP_WritePciMmcfg	69
0x2258b6	NOTYPE	..lin.ab5f513a..2253a0ba.0_225	0
0x2258cc	NOTYPE	..lin.ab5f513a..2253a0ba.0_226	0
0x2258d0	NOTYPE	..lin.ab5f513a..2253a0ba.0_227	0
0x2258d5	NOTYPE	..lin.ab5f513a..2253a0ba.0_228	0
0x2258d9	NOTYPE	..lin.ab5f513a..2253a0ba.0_229	0
0x2258e0	FUNC	ConsoleCreateIODevice...2Fhome.2Fmal.2Fgm_release.2FMY22.2D026.2Ffinal.2Fiot.2Frtos.2Flibs.2Fgm.2Di35.2Frel.2Fwork.2Fconsole_logging.	3
0x2258e3	FUNC	ConsoleReadStatus...2Fhome.2Fmal.2Fgm_release.2FMY22.2D026.2Ffinal.2Fiot.2Frtos.2Flibs.2Fgm.2Di35.2Frel.2Fwork.2Fconsole_logging.	171
0x225901	NOTYPE	..lin.7c54c59a..477ef038.0_1	0
0x225907	NOTYPE	..lin.7c54c59a..477ef038.0_2	0
0x22590d	NOTYPE	..lin.7c54c59a..477ef038.0_3	0
0x225917	NOTYPE	..lin.7c54c59a..477ef038.0_4	0
0x225922	NOTYPE	..lin.7c54c59a..477ef038.0_5	0
0x225936	NOTYPE	..lin.7c54c59a..477ef038.0_6	0
0x22593e	NOTYPE	..lin.7c54c59a..477ef038.0_7	0
0x225950	NOTYPE	..lin.7c54c59a..477ef038.0_8	0
0x22595f	NOTYPE	..lin.7c54c59a..477ef038.0_9	0
0x22596d	NOTYPE	..lin.7c54c59a..477ef038.0_10	0
0x22597f	NOTYPE	..lin.7c54c59a..477ef038.0_11	0
0x225981	NOTYPE	..lin.7c54c59a..477ef038.0_12	0
0x22598e	FUNC	_strnlen...2Fhome.2Fmal.2Fgm_release.2FMY22.2D026.2Ffinal.2Fiot.2Frtos.2Flibs.2Fgm.2Di35.2Frel.2Fwork.2Fconsole_logging.	31
0x225992	NOTYPE	..lin.7c54c59a..d36e112a.0_13	0
0x225997	NOTYPE	..lin.7c54c59a..d36e112a.0_14	0
0x2259ac	NOTYPE	..lin.7c54c59a..d36e112a.0_15	0
0x2259ad	FUNC	_logchar...2Fhome.2Fmal.2Fgm_release.2FMY22.2D026.2Ffinal.2Fiot.2Frtos.2Flibs.2Fgm.2Di35.2Frel.2Fwork.2Fconsole_logging.	62
0x2259c4	NOTYPE	..lin.7c54c59a..ac1f7584.0_16	0
0x2259d1	NOTYPE	..lin.7c54c59a..ac1f7584.0_17	0
0x2259d5	NOTYPE	..lin.7c54c59a..ac1f7584.0_18	0
0x2259e5	NOTYPE	..lin.7c54c59a..ac1f7584.0_19	0
0x2259eb	FUNC	_logstring...2Fhome.2Fmal.2Fgm_release.2FMY22.2D026.2Ffinal.2Fiot.2Frtos.2Flibs.2Fgm.2Di35.2Frel.2Fwork.2Fconsole_logging.	47
0x2259fb	NOTYPE	..lin.7c54c59a..5807d15d.0_20	0
0x225a0a	NOTYPE	..lin.7c54c59a..5807d15d.0_21	0
0x225a14	NOTYPE	..lin.7c54c59a..5807d15d.0_22	0
0x225a1a	FUNC	logstring...2Fhome.2Fmal.2Fgm_release.2FMY22.2D026.2Ffinal.2Fiot.2Frtos.2Flibs.2Fgm.2Di35.2Frel.2Fwork.2Fconsole_logging.	97
0x225a3e	NOTYPE	..lin.7c54c59a..948aa17e.0_23	0
0x225a5d	NOTYPE	..lin.7c54c59a..948aa17e.0_24	0
0x225a6d	NOTYPE	..lin.7c54c59a..948aa17e.0_25	0
0x225a76	NOTYPE	..lin.7c54c59a..948aa17e.0_26	0
0x225a7b	FUNC	consolestring	5
0x225a80	NOTYPE	..lin.7c54c59a..1800048f.0_27	0
0x225a80	FUNC	ConsoleWriteStatus...2Fhome.2Fmal.2Fgm_release.2FMY22.2D026.2Ffinal.2Fiot.2Frtos.2Flibs.2Fgm.2Di35.2Frel.2Fwork.2Fconsole_logging.	81
0x225a97	NOTYPE	..lin.7c54c59a..8ca221e7.0_28	0
0x225aa7	NOTYPE	..lin.7c54c59a..8ca221e7.0_29	0
0x225ab6	NOTYPE	..lin.7c54c59a..8ca221e7.0_30	0
0x225abb	NOTYPE	..lin.7c54c59a..8ca221e7.0_31	0
0x225ac4	NOTYPE	..lin.7c54c59a..8ca221e7.0_32	0
0x225ac8	NOTYPE	..lin.7c54c59a..8ca221e7.0_33	0
0x225ad1	FUNC	InitializeConsoleIODevice...2Fhome.2Fmal.2Fgm_release.2FMY22.2D026.2Ffinal.2Fiot.2Frtos.2Flibs.2Fgm.2Di35.2Frel.2Fwork.2Fconsole_logging.	51
0x225ae2	NOTYPE	..lin.7c54c59a..44578c52.0_34	0
0x225aed	NOTYPE	..lin.7c54c59a..44578c52.0_35	0
0x225af8	NOTYPE	..lin.7c54c59a..44578c52.0_36	0
0x225b04	NOTYPE	..lin.7c54c59a..44578c52.0_37	0
0x225b04	FUNC	_log_endline...2Fhome.2Fmal.2Fgm_release.2FMY22.2D026.2Ffinal.2Fiot.2Frtos.2Flibs.2Fgm.2Di35.2Frel.2Fwork.2Fconsole_logging.	113
0x225b0f	NOTYPE	..lin.7c54c59a..77c34d04.0_38	0
0x225b1c	NOTYPE	..lin.7c54c59a..77c34d04.0_39	0
0x225b34	NOTYPE	..lin.7c54c59a..77c34d04.0_40	0
0x225b43	NOTYPE	..lin.7c54c59a..77c34d04.0_41	0
0x225b55	NOTYPE	..lin.7c54c59a..77c34d04.0_42	0
0x225b6b	NOTYPE	..lin.7c54c59a..77c34d04.0_43	0
0x225b75	FUNC	log_Puts...2Fhome.2Fmal.2Fgm_release.2FMY22.2D026.2Ffinal.2Fiot.2Frtos.2Flibs.2Fgm.2Di35.2Frel.2Fwork.2Fconsole_logging.	110
0x225b99	NOTYPE	..lin.7c54c59a..7f21c0b2.0_44	0
0x225bbc	NOTYPE	..lin.7c54c59a..7f21c0b2.0_45	0
0x225bcc	NOTYPE	..lin.7c54c59a..7f21c0b2.0_46	0
0x225bd5	NOTYPE	..lin.7c54c59a..7f21c0b2.0_47	0
0x225bde	NOTYPE	..lin.7c54c59a..7f21c0b2.0_48	0
0x225be3	FUNC	OutputBootBannerStart...2Fhome.2Fmal.2Fgm_release.2FMY22.2D026.2Ffinal.2Fiot.2Frtos.2Flibs.2Fgm.2Di35.2Frel.2Fwork.2Fconsole_logging.	33
0x225be8	NOTYPE	..lin.7c54c59a..eee2a2ce.0_49	0
0x225bf8	NOTYPE	..lin.7c54c59a..eee2a2ce.0_50	0
0x225c02	NOTYPE	..lin.7c54c59a..eee2a2ce.0_51	0
0x225c04	FUNC	HostConsoleOutput...2Fhome.2Fmal.2Fgm_release.2FMY22.2D026.2Ffinal.2Fiot.2Frtos.2Flibs.2Fgm.2Di35.2Frel.2Fwork.2Fconsole_logging.	97
0x225c1e	NOTYPE	..lin.7c54c59a..acfbdfc7.0_52	0
0x225c2e	NOTYPE	..lin.7c54c59a..acfbdfc7.0_53	0
0x225c38	NOTYPE	..lin.7c54c59a..acfbdfc7.0_54	0
0x225c4b	NOTYPE	..lin.7c54c59a..acfbdfc7.0_55	0
0x225c50	NOTYPE	..lin.7c54c59a..acfbdfc7.0_56	0
0x225c61	NOTYPE	..lin.7c54c59a..acfbdfc7.0_57	0
0x225c65	FUNC	ConsoleTickHandler...2Fhome.2Fmal.2Fgm_release.2FMY22.2D026.2Ffinal.2Fiot.2Frtos.2Flibs.2Fgm.2Di35.2Frel.2Fwork.2Fconsole_logging.	143
0x225c76	NOTYPE	..lin.7c54c59a..36d60b01.0_58	0
0x225c7d	NOTYPE	..lin.7c54c59a..36d60b01.0_59	0
0x225c91	NOTYPE	..lin.7c54c59a..36d60b01.0_60	0
0x225ca3	NOTYPE	..lin.7c54c59a..36d60b01.0_61	0
0x225cb3	NOTYPE	..lin.7c54c59a..36d60b01.0_62	0
0x225cbd	NOTYPE	..lin.7c54c59a..36d60b01.0_63	0
0x225cd0	NOTYPE	..lin.7c54c59a..36d60b01.0_64	0
0x225ce1	NOTYPE	..lin.7c54c59a..36d60b01.0_65	0
0x225cf1	NOTYPE	..lin.7c54c59a..36d60b01.0_66	0
0x225cf4	FUNC	BSP_InitializeConsoleOutput	137
0x225d09	NOTYPE	..lin.7c54c59a..a5670f3f.0_67	0
0x225d15	NOTYPE	..lin.7c54c59a..a5670f3f.0_68	0
0x225d29	NOTYPE	..lin.7c54c59a..a5670f3f.0_69	0
0x225d3d	NOTYPE	..lin.7c54c59a..a5670f3f.0_70	0
0x225d59	NOTYPE	..lin.7c54c59a..a5670f3f.0_71	0
0x225d5e	NOTYPE	..lin.7c54c59a..a5670f3f.0_72	0
0x225d7b	NOTYPE	..lin.7c54c59a..a5670f3f.0_73	0
0x225d7d	FUNC	BSP_FlushConsoleOutput	203
0x225d95	NOTYPE	..lin.7c54c59a..caaa18f.0_74	0
0x225db0	NOTYPE	..lin.7c54c59a..caaa18f.0_75	0
0x225db8	NOTYPE	..lin.7c54c59a..caaa18f.0_76	0
0x225dbf	NOTYPE	..lin.7c54c59a..caaa18f.0_77	0
0x225dd3	NOTYPE	..lin.7c54c59a..caaa18f.0_78	0
0x225ddf	NOTYPE	..lin.7c54c59a..caaa18f.0_79	0
0x225df1	NOTYPE	..lin.7c54c59a..caaa18f.0_80	0
0x225e01	NOTYPE	..lin.7c54c59a..caaa18f.0_81	0
0x225e08	NOTYPE	..lin.7c54c59a..caaa18f.0_82	0
0x225e1c	NOTYPE	..lin.7c54c59a..caaa18f.0_83	0
0x225e2c	NOTYPE	..lin.7c54c59a..caaa18f.0_84	0
0x225e34	NOTYPE	..lin.7c54c59a..caaa18f.0_85	0
0x225e36	NOTYPE	..lin.7c54c59a..caaa18f.0_86	0
0x225e43	NOTYPE	..lin.7c54c59a..caaa18f.0_87	0
0x225e48	FUNC	_fmtdec...2Fhome.2Fmal.2Fgm_release.2FMY22.2D026.2Ffinal.2Fiot.2Frtos.2Flibs.2Fgm.2Di35.2Frel.2Fwork.2Fconsole_logging.	95
0x225e61	NOTYPE	..lin.7c54c59a..8a801ad7.0_88	0
0x225e7b	NOTYPE	..lin.7c54c59a..8a801ad7.0_89	0
0x225e8f	NOTYPE	..lin.7c54c59a..8a801ad7.0_90	0
0x225e95	NOTYPE	..lin.7c54c59a..8a801ad7.0_91	0
0x225e9f	NOTYPE	..lin.7c54c59a..8a801ad7.0_92	0
0x225ea7	FUNC	_logdec...2Fhome.2Fmal.2Fgm_release.2FMY22.2D026.2Ffinal.2Fiot.2Frtos.2Flibs.2Fgm.2Di35.2Frel.2Fwork.2Fconsole_logging.	65
0x225ec9	NOTYPE	..lin.7c54c59a..989c1eb2.0_93	0
0x225ed5	NOTYPE	..lin.7c54c59a..989c1eb2.0_94	0
0x225ee3	NOTYPE	..lin.7c54c59a..989c1eb2.0_95	0
0x225ee8	FUNC	_loghex...2Fhome.2Fmal.2Fgm_release.2FMY22.2D026.2Ffinal.2Fiot.2Frtos.2Flibs.2Fgm.2Di35.2Frel.2Fwork.2Fconsole_logging.	96
0x225f09	NOTYPE	..lin.7c54c59a..989c2fcb.0_96	0
0x225f10	NOTYPE	..lin.7c54c59a..989c2fcb.0_97	0
0x225f29	NOTYPE	..lin.7c54c59a..989c2fcb.0_98	0
0x225f36	NOTYPE	..lin.7c54c59a..989c2fcb.0_99	0
0x225f45	NOTYPE	..lin.7c54c59a..989c2fcb.0_100	0
0x225f48	FUNC	logval...2Fhome.2Fmal.2Fgm_release.2FMY22.2D026.2Ffinal.2Fiot.2Frtos.2Flibs.2Fgm.2Di35.2Frel.2Fwork.2Fconsole_logging.	169
0x225f71	NOTYPE	..lin.7c54c59a..bdf468a.0_101	0
0x225f94	NOTYPE	..lin.7c54c59a..bdf468a.0_102	0
0x225fa6	NOTYPE	..lin.7c54c59a..bdf468a.0_103	0
0x225fb6	NOTYPE	..lin.7c54c59a..bdf468a.0_104	0
0x225fc8	NOTYPE	..lin.7c54c59a..bdf468a.0_105	0
0x225fd8	NOTYPE	..lin.7c54c59a..bdf468a.0_106	0
0x225fe1	NOTYPE	..lin.7c54c59a..bdf468a.0_107	0
0x225fea	NOTYPE	..lin.7c54c59a..bdf468a.0_108	0
0x225ff1	FUNC	_declen...2Fhome.2Fmal.2Fgm_release.2FMY22.2D026.2Ffinal.2Fiot.2Frtos.2Flibs.2Fgm.2Di35.2Frel.2Fwork.2Fconsole_logging.	53
0x22600d	NOTYPE	..lin.7c54c59a..853bd52f.0_109	0
0x226019	NOTYPE	..lin.7c54c59a..853bd52f.0_110	0
0x226026	FUNC	logintval...2Fhome.2Fmal.2Fgm_release.2FMY22.2D026.2Ffinal.2Fiot.2Frtos.2Flibs.2Fgm.2Di35.2Frel.2Fwork.2Fconsole_logging.	191
0x22604d	NOTYPE	..lin.7c54c59a..7ccbc695.0_111	0
0x226086	NOTYPE	..lin.7c54c59a..7ccbc695.0_112	0
0x226098	NOTYPE	..lin.7c54c59a..7ccbc695.0_113	0
0x2260a8	NOTYPE	..lin.7c54c59a..7ccbc695.0_114	0
0x2260ba	NOTYPE	..lin.7c54c59a..7ccbc695.0_115	0
0x2260ca	NOTYPE	..lin.7c54c59a..7ccbc695.0_116	0
0x2260d3	NOTYPE	..lin.7c54c59a..7ccbc695.0_117	0
0x2260dc	NOTYPE	..lin.7c54c59a..7ccbc695.0_118	0
0x2260e5	FUNC	log_PutVal...2Fhome.2Fmal.2Fgm_release.2FMY22.2D026.2Ffinal.2Fiot.2Frtos.2Flibs.2Fgm.2Di35.2Frel.2Fwork.2Fconsole_logging.	94
0x226103	NOTYPE	..lin.7c54c59a..ce9446c2.0_119	0
0x22611e	NOTYPE	..lin.7c54c59a..ce9446c2.0_120	0
0x22612e	NOTYPE	..lin.7c54c59a..ce9446c2.0_121	0
0x226137	NOTYPE	..lin.7c54c59a..ce9446c2.0_122	0
0x226140	NOTYPE	..lin.7c54c59a..ce9446c2.0_123	0
0x226143	FUNC	consoleval	5
0x226148	NOTYPE	..lin.7c54c59a..6b341b3b.0_124	0
0x226148	FUNC	consoleintval	5
0x22614d	NOTYPE	..lin.7c54c59a..4129a6.0_125	0
0x22614d	FUNC	console_Puts	5
0x226152	FUNC	BSP_OutputConsoleString	5
0x226152	NOTYPE	..lin.7c54c59a..6fe85a3.0_126	0
0x226157	FUNC	BSP_OutputConsoleValue	5
0x226157	NOTYPE	..lin.7c54c59a..46533904.0_127	0
0x22615c	NOTYPE	..lin.7c54c59a..bc7bdf4a.0_128	0
0x22615c	FUNC	BSP_WriteToConsole	229
0x226189	NOTYPE	..lin.7c54c59a..3414dd2a.0_129	0
0x226194	NOTYPE	..lin.7c54c59a..3414dd2a.0_130	0
0x2261a5	NOTYPE	..lin.7c54c59a..3414dd2a.0_131	0
0x2261b4	NOTYPE	..lin.7c54c59a..3414dd2a.0_132	0
0x2261c5	NOTYPE	..lin.7c54c59a..3414dd2a.0_133	0
0x2261e0	NOTYPE	..lin.7c54c59a..3414dd2a.0_134	0
0x2261e9	NOTYPE	..lin.7c54c59a..3414dd2a.0_135	0
0x2261ec	NOTYPE	..lin.7c54c59a..3414dd2a.0_136	0
0x2261fc	NOTYPE	..lin.7c54c59a..3414dd2a.0_137	0
0x226207	NOTYPE	..lin.7c54c59a..3414dd2a.0_138	0
0x226218	NOTYPE	..lin.7c54c59a..3414dd2a.0_139	0
0x22622a	NOTYPE	..lin.7c54c59a..3414dd2a.0_140	0
0x226233	NOTYPE	..lin.7c54c59a..3414dd2a.0_141	0
0x22624a	NOTYPE	..lin.7c54c59a..1a3c12ff.0_142	0
0x226250	NOTYPE	..lin.7c54c59a..1a3c12ff.0_143	0
0x226256	NOTYPE	..lin.7c54c59a..1a3c12ff.0_144	0
0x226261	NOTYPE	..lin.7c54c59a..1a3c12ff.0_145	0
0x226269	NOTYPE	..lin.7c54c59a..1a3c12ff.0_146	0
0x226272	NOTYPE	..lin.7c54c59a..1a3c12ff.0_147	0
0x226278	NOTYPE	..lin.7c54c59a..1a3c12ff.0_148	0
0x22627e	NOTYPE	..lin.7c54c59a..1a3c12ff.0_149	0
0x226284	NOTYPE	..lin.7c54c59a..1a3c12ff.0_150	0
0x22628c	NOTYPE	..lin.7c54c59a..1a3c12ff.0_151	0
0x22628c	FUNC	log_mem_size...2Fhome.2Fmal.2Fgm_release.2FMY22.2D026.2Ffinal.2Fiot.2Frtos.2Flibs.2Fgm.2Di35.2Frel.2Fwork.2Fconsole_logging.	225
0x2262b0	NOTYPE	..lin.7c54c59a..a8eaf2ff.0_152	0
0x2262bb	NOTYPE	..lin.7c54c59a..a8eaf2ff.0_153	0
0x2262cd	NOTYPE	..lin.7c54c59a..a8eaf2ff.0_154	0
0x2262d3	NOTYPE	..lin.7c54c59a..a8eaf2ff.0_155	0
0x2262d9	NOTYPE	..lin.7c54c59a..a8eaf2ff.0_156	0
0x2262f9	NOTYPE	..lin.7c54c59a..a8eaf2ff.0_157	0
0x22630a	NOTYPE	..lin.7c54c59a..a8eaf2ff.0_158	0
0x22632d	NOTYPE	..lin.7c54c59a..a8eaf2ff.0_159	0
0x22633d	NOTYPE	..lin.7c54c59a..a8eaf2ff.0_160	0
0x22635b	NOTYPE	..lin.7c54c59a..a8eaf2ff.0_161	0
0x226364	NOTYPE	..lin.7c54c59a..a8eaf2ff.0_162	0
0x22636d	FUNC	BSP_OutputBootBannerEnd	205
0x22637d	NOTYPE	..lin.7c54c59a..d25ed61b.0_163	0
0x226389	NOTYPE	..lin.7c54c59a..d25ed61b.0_164	0
0x2263a7	NOTYPE	..lin.7c54c59a..d25ed61b.0_165	0
0x2263a9	NOTYPE	..lin.7c54c59a..d25ed61b.0_166	0
0x2263ae	NOTYPE	..lin.7c54c59a..d25ed61b.0_167	0
0x2263b6	NOTYPE	..lin.7c54c59a..d25ed61b.0_168	0
0x2263b8	NOTYPE	..lin.7c54c59a..d25ed61b.0_169	0
0x2263bd	NOTYPE	..lin.7c54c59a..d25ed61b.0_170	0
0x2263ca	NOTYPE	..lin.7c54c59a..d25ed61b.0_171	0
0x2263cc	NOTYPE	..lin.7c54c59a..d25ed61b.0_172	0
0x2263d1	NOTYPE	..lin.7c54c59a..d25ed61b.0_173	0
0x2263d8	NOTYPE	..lin.7c54c59a..d25ed61b.0_174	0
0x2263da	NOTYPE	..lin.7c54c59a..d25ed61b.0_175	0
0x2263df	NOTYPE	..lin.7c54c59a..d25ed61b.0_176	0
0x2263eb	NOTYPE	..lin.7c54c59a..d25ed61b.0_177	0
0x2263f2	NOTYPE	..lin.7c54c59a..d25ed61b.0_178	0
0x2263f4	NOTYPE	..lin.7c54c59a..d25ed61b.0_179	0
0x22640a	NOTYPE	..lin.7c54c59a..d25ed61b.0_180	0
0x226412	NOTYPE	..lin.7c54c59a..d25ed61b.0_181	0
0x226422	NOTYPE	..lin.7c54c59a..d25ed61b.0_182	0
0x22642f	NOTYPE	..lin.7c54c59a..d25ed61b.0_183	0
0x226434	NOTYPE	..lin.7c54c59a..d25ed61b.0_184	0
0x22643b	FUNC	RingBuffer_Reserve	174
0x226473	NOTYPE	..lin.8787fc2b..beb36eaa.0_1	0
0x226478	NOTYPE	..lin.8787fc2b..beb36eaa.0_2	0
0x226488	NOTYPE	..lin.8787fc2b..beb36eaa.0_3	0
0x22648d	NOTYPE	..lin.8787fc2b..beb36eaa.0_4	0
0x2264a0	NOTYPE	..lin.8787fc2b..beb36eaa.0_5	0
0x2264ac	NOTYPE	..lin.8787fc2b..beb36eaa.0_6	0
0x2264c4	NOTYPE	..lin.8787fc2b..beb36eaa.0_7	0
0x2264e9	FUNC	RingBuffer_ReleaseReservation	111
0x2264f2	NOTYPE	..lin.8787fc2b..65434281.0_8	0
0x226504	NOTYPE	..lin.8787fc2b..65434281.0_9	0
0x22651a	NOTYPE	..lin.8787fc2b..65434281.0_10	0
0x226533	NOTYPE	..lin.8787fc2b..65434281.0_11	0
0x226547	NOTYPE	..lin.8787fc2b..65434281.0_12	0
0x226553	NOTYPE	..lin.8787fc2b..65434281.0_13	0
0x226558	FUNC	RingBuffer_Append	144
0x22658d	NOTYPE	..lin.8787fc2b..7249eec6.0_14	0
0x22659a	NOTYPE	..lin.8787fc2b..7249eec6.0_15	0
0x2265af	NOTYPE	..lin.8787fc2b..7249eec6.0_16	0
0x2265c1	NOTYPE	..lin.8787fc2b..7249eec6.0_17	0
0x2265c3	NOTYPE	..lin.8787fc2b..7249eec6.0_18	0
0x2265c9	NOTYPE	..lin.8787fc2b..7249eec6.0_19	0
0x2265db	NOTYPE	..lin.8787fc2b..7249eec6.0_20	0
0x2265e8	FUNC	RingBuffer_ReserveAppendRelease	205
0x226611	NOTYPE	..lin.8787fc2b..301cddc3.0_21	0
0x22661c	NOTYPE	..lin.8787fc2b..301cddc3.0_22	0
0x226632	NOTYPE	..lin.8787fc2b..301cddc3.0_23	0
0x226636	NOTYPE	..lin.8787fc2b..301cddc3.0_24	0
0x226654	NOTYPE	..lin.8787fc2b..301cddc3.0_25	0
0x22665f	NOTYPE	..lin.8787fc2b..301cddc3.0_26	0
0x22666e	NOTYPE	..lin.8787fc2b..301cddc3.0_27	0
0x226670	NOTYPE	..lin.8787fc2b..301cddc3.0_28	0
0x226678	NOTYPE	..lin.8787fc2b..301cddc3.0_29	0
0x22668f	NOTYPE	..lin.8787fc2b..301cddc3.0_30	0
0x226694	NOTYPE	..lin.8787fc2b..301cddc3.0_31	0
0x22669a	NOTYPE	..lin.8787fc2b..301cddc3.0_32	0
0x2266a7	NOTYPE	..lin.8787fc2b..301cddc3.0_33	0
0x2266b5	FUNC	RingBuffer_GetBuffer	124
0x2266de	NOTYPE	..lin.8787fc2b..33742a08.0_34	0
0x226728	NOTYPE	..lin.8787fc2b..33742a08.0_35	0
0x226731	FUNC	RingBuffer_BytesConsumed	17
0x226740	NOTYPE	..lin.8787fc2b..2dc99333.0_36	0
0x226742	FUNC	RingBuffer_CopyAndConsume	166
0x22676d	NOTYPE	..lin.8787fc2b..58211236.0_37	0
0x226779	NOTYPE	..lin.8787fc2b..58211236.0_38	0
0x22677d	NOTYPE	..lin.8787fc2b..58211236.0_39	0
0x226782	NOTYPE	..lin.8787fc2b..58211236.0_40	0
0x22678e	NOTYPE	..lin.8787fc2b..58211236.0_41	0
0x2267a3	NOTYPE	..lin.8787fc2b..58211236.0_42	0
0x2267b1	NOTYPE	..lin.8787fc2b..58211236.0_43	0
0x2267b3	NOTYPE	..lin.8787fc2b..58211236.0_44	0
0x2267b9	NOTYPE	..lin.8787fc2b..58211236.0_45	0
0x2267cb	NOTYPE	..lin.8787fc2b..58211236.0_46	0
0x2267d6	NOTYPE	..lin.8787fc2b..58211236.0_47	0
0x2267de	NOTYPE	..lin.8787fc2b..58211236.0_48	0
0x2267e8	FUNC	RingBuffer_NumBytesReady	18
0x2267f9	NOTYPE	..lin.8787fc2b..ea7f725a.0_49	0
0x2267fa	FUNC	RingBuffer_NumBytesFree	32
0x226812	NOTYPE	..lin.8787fc2b..7b71dd07.0_50	0
0x22681a	FUNC	RingBuffer_Init	56
0x226853	FUNC	GetBuffer...2Fhome.2Fmal.2Fgm_release.2FMY22.2D026.2Ffinal.2Fiot.2Frtos.2Flibs.2Fgm.2Di35.2Frel.2Fwork.2Fio_copy.	433
0x22687c	NOTYPE	..lin.a81e2633..fa6fc09f.0_1	0
0x22688d	NOTYPE	..lin.a81e2633..fa6fc09f.0_2	0
0x22689f	NOTYPE	..lin.a81e2633..fa6fc09f.0_3	0
0x2268ab	NOTYPE	..lin.a81e2633..fa6fc09f.0_4	0
0x226910	NOTYPE	..lin.a81e2633..fa6fc09f.0_5	0
0x22691a	NOTYPE	..lin.a81e2633..fa6fc09f.0_6	0
0x226934	NOTYPE	..lin.a81e2633..fa6fc09f.0_7	0
0x226992	NOTYPE	..lin.a81e2633..fa6fc09f.0_8	0
0x2269a2	NOTYPE	..lin.a81e2633..fa6fc09f.0_9	0
0x2269ab	NOTYPE	..lin.a81e2633..fa6fc09f.0_10	0
0x2269b2	NOTYPE	..lin.a81e2633..fa6fc09f.0_11	0
0x2269bb	NOTYPE	..lin.a81e2633..fa6fc09f.0_12	0
0x2269c4	NOTYPE	..lin.a81e2633..fa6fc09f.0_13	0
0x2269cd	NOTYPE	..lin.a81e2633..fa6fc09f.0_14	0
0x2269d6	NOTYPE	..lin.a81e2633..fa6fc09f.0_15	0
0x2269e0	NOTYPE	..lin.a81e2633..fa6fc09f.0_16	0
0x2269e6	NOTYPE	..lin.a81e2633..fa6fc09f.0_17	0
0x2269f5	NOTYPE	..lin.a81e2633..fa6fc09f.0_18	0
0x226a04	FUNC	IOCopyStart	136
0x226a2a	NOTYPE	..lin.a81e2633..ed132386.0_19	0
0x226a3d	NOTYPE	..lin.a81e2633..ed132386.0_20	0
0x226a69	NOTYPE	..lin.a81e2633..ed132386.0_21	0
0x226a77	NOTYPE	..lin.a81e2633..ed132386.0_22	0
0x226a83	NOTYPE	..lin.a81e2633..ed132386.0_23	0
0x226a8c	FUNC	SyncBuffer...2Fhome.2Fmal.2Fgm_release.2FMY22.2D026.2Ffinal.2Fiot.2Frtos.2Flibs.2Fgm.2Di35.2Frel.2Fwork.2Fio_copy.	23
0x226a96	NOTYPE	..lin.a81e2633..7f6ea83c.0_24	0
0x226a9f	NOTYPE	..lin.a81e2633..7f6ea83c.0_25	0
0x226aa3	FUNC	IOCopyNext	531
0x226ac0	NOTYPE	..lin.a81e2633..92cf0e17.0_26	0
0x226ad1	NOTYPE	..lin.a81e2633..92cf0e17.0_27	0
0x226adb	NOTYPE	..lin.a81e2633..92cf0e17.0_28	0
0x226af9	NOTYPE	..lin.a81e2633..92cf0e17.0_29	0
0x226b16	NOTYPE	..lin.a81e2633..92cf0e17.0_30	0
0x226b1f	NOTYPE	..lin.a81e2633..92cf0e17.0_31	0
0x226b2b	NOTYPE	..lin.a81e2633..92cf0e17.0_32	0
0x226b33	NOTYPE	..lin.a81e2633..92cf0e17.0_33	0
0x226bcf	NOTYPE	..lin.a81e2633..92cf0e17.0_34	0
0x226bdb	NOTYPE	..lin.a81e2633..92cf0e17.0_35	0
0x226be4	NOTYPE	..lin.a81e2633..92cf0e17.0_36	0
0x226c52	NOTYPE	..lin.a81e2633..92cf0e17.0_37	0
0x226c69	NOTYPE	..lin.a81e2633..92cf0e17.0_38	0
0x226c75	NOTYPE	..lin.a81e2633..92cf0e17.0_39	0
0x226c7f	NOTYPE	..lin.a81e2633..92cf0e17.0_40	0
0x226c8f	NOTYPE	..lin.a81e2633..92cf0e17.0_41	0
0x226c99	NOTYPE	..lin.a81e2633..92cf0e17.0_42	0
0x226ca7	NOTYPE	..lin.a81e2633..92cf0e17.0_43	0
0x226cb6	FUNC	IOCopyNextItem	760
0x226cd7	NOTYPE	..lin.a81e2633..61704426.0_44	0
0x226cde	NOTYPE	..lin.a81e2633..61704426.0_45	0
0x226cfe	NOTYPE	..lin.a81e2633..61704426.0_46	0
0x226d16	NOTYPE	..lin.a81e2633..61704426.0_47	0
0x226d1d	NOTYPE	..lin.a81e2633..61704426.0_48	0
0x226d2c	NOTYPE	..lin.a81e2633..61704426.0_49	0
0x226d4b	NOTYPE	..lin.a81e2633..61704426.0_50	0
0x226d61	NOTYPE	..lin.a81e2633..61704426.0_51	0
0x226d70	NOTYPE	..lin.a81e2633..61704426.0_52	0
0x226d8f	NOTYPE	..lin.a81e2633..61704426.0_53	0
0x226d96	NOTYPE	..lin.a81e2633..61704426.0_54	0
0x226da5	NOTYPE	..lin.a81e2633..61704426.0_55	0
0x226db2	NOTYPE	..lin.a81e2633..61704426.0_56	0
0x226dc3	NOTYPE	..lin.a81e2633..61704426.0_57	0
0x226de9	NOTYPE	..lin.a81e2633..61704426.0_58	0
0x226dee	NOTYPE	..lin.a81e2633..61704426.0_59	0
0x226e21	NOTYPE	..lin.a81e2633..61704426.0_60	0
0x226eaa	NOTYPE	..lin.a81e2633..61704426.0_61	0
0x226eb8	NOTYPE	..lin.a81e2633..61704426.0_62	0
0x226ed2	NOTYPE	..lin.a81e2633..61704426.0_63	0
0x226eda	NOTYPE	..lin.a81e2633..61704426.0_64	0
0x226f4e	NOTYPE	..lin.a81e2633..61704426.0_65	0
0x226f6e	NOTYPE	..lin.a81e2633..61704426.0_66	0
0x226f7a	NOTYPE	..lin.a81e2633..61704426.0_67	0
0x226f85	NOTYPE	..lin.a81e2633..61704426.0_68	0
0x226f93	NOTYPE	..lin.a81e2633..61704426.0_69	0
0x226f9c	NOTYPE	..lin.a81e2633..61704426.0_70	0
0x226fae	FUNC	IOCopyFinish	25
0x226fbf	NOTYPE	..lin.a81e2633..70647179.0_71	0
0x226fc7	FUNC	IORing_Init	178
0x226fec	NOTYPE	..lin.a8264608..73a33860.0_1	0
0x226ff6	NOTYPE	..lin.a8264608..73a33860.0_2	0
0x227008	NOTYPE	..lin.a8264608..73a33860.0_3	0
0x227011	NOTYPE	..lin.a8264608..73a33860.0_4	0
0x22701b	NOTYPE	..lin.a8264608..73a33860.0_5	0
0x227072	NOTYPE	..lin.a8264608..73a33860.0_6	0
0x227079	FUNC	IORing_PrepForCopy...2Fhome.2Fmal.2Fgm_release.2FMY22.2D026.2Ffinal.2Fiot.2Frtos.2Flibs.2Fgm.2Di35.2Frel.2Fwork.2Fio_ring.	207
0x227097	NOTYPE	..lin.a8264608..e7ccf6a5.0_7	0
0x2270a2	NOTYPE	..lin.a8264608..e7ccf6a5.0_8	0
0x2270b2	NOTYPE	..lin.a8264608..e7ccf6a5.0_9	0
0x2270bd	NOTYPE	..lin.a8264608..e7ccf6a5.0_10	0
0x2270c3	NOTYPE	..lin.a8264608..e7ccf6a5.0_11	0
0x2270c7	NOTYPE	..lin.a8264608..e7ccf6a5.0_12	0
0x2270d5	NOTYPE	..lin.a8264608..e7ccf6a5.0_13	0
0x2270e7	NOTYPE	..lin.a8264608..e7ccf6a5.0_14	0
0x22711d	NOTYPE	..lin.a8264608..e7ccf6a5.0_15	0
0x227148	FUNC	IORing_ElementsRead	31
0x227157	NOTYPE	..lin.a8264608..a0529105.0_16	0
0x227167	FUNC	IORing_ElementsWritten	31
0x227176	NOTYPE	..lin.a8264608..866973d6.0_17	0
0x227186	FUNC	IORing_CopyNextItem	106
0x2271a9	NOTYPE	..lin.a8264608..8b774775.0_18	0
0x2271c9	NOTYPE	..lin.a8264608..8b774775.0_19	0
0x2271d0	NOTYPE	..lin.a8264608..8b774775.0_20	0
0x2271d5	NOTYPE	..lin.a8264608..8b774775.0_21	0
0x2271e9	NOTYPE	..lin.a8264608..8b774775.0_22	0
0x2271f0	FUNC	IORing_CopyItems	134
0x22721e	NOTYPE	..lin.a8264608..f986c89.0_23	0
0x22723e	NOTYPE	..lin.a8264608..f986c89.0_24	0
0x227257	NOTYPE	..lin.a8264608..f986c89.0_25	0
0x22725d	NOTYPE	..lin.a8264608..f986c89.0_26	0
0x227261	NOTYPE	..lin.a8264608..f986c89.0_27	0
0x22726d	NOTYPE	..lin.a8264608..f986c89.0_28	0
0x227276	FUNC	IORing_GetImmediateData	15
0x227285	FUNC	IORing_NumWriteable	19
0x227298	FUNC	IORing_WriteElements	150
0x2272b6	NOTYPE	..lin.a8264608..39a7f274.0_29	0
0x2272d1	NOTYPE	..lin.a8264608..39a7f274.0_30	0
0x2272d7	NOTYPE	..lin.a8264608..39a7f274.0_31	0
0x2272f1	NOTYPE	..lin.a8264608..39a7f274.0_32	0
0x2272f6	NOTYPE	..lin.a8264608..39a7f274.0_33	0
0x227317	NOTYPE	..lin.a8264608..39a7f274.0_34	0
0x227322	NOTYPE	..lin.a8264608..39a7f274.0_35	0
0x22732e	FUNC	IORing_GetWritePointer	86
0x22735c	NOTYPE	..lin.a8264608..43ea9118.0_36	0
0x227362	NOTYPE	..lin.a8264608..43ea9118.0_37	0
0x227366	NOTYPE	..lin.a8264608..43ea9118.0_38	0
0x22736c	NOTYPE	..lin.a8264608..43ea9118.0_39	0
0x227370	NOTYPE	..lin.a8264608..43ea9118.0_40	0
0x227384	FUNC	IORing_GetWritePointerAndIndex	86
0x2273aa	NOTYPE	..lin.a8264608..f47e3563.0_41	0
0x2273b8	NOTYPE	..lin.a8264608..f47e3563.0_42	0
0x2273bc	NOTYPE	..lin.a8264608..f47e3563.0_43	0
0x2273c2	NOTYPE	..lin.a8264608..f47e3563.0_44	0
0x2273c6	NOTYPE	..lin.a8264608..f47e3563.0_45	0
0x2273da	FUNC	IORing_NumReadable	9
0x2273e3	FUNC	IORing_ReadElements	156
0x22740f	NOTYPE	..lin.a8264608..90ca685.0_46	0
0x22741e	NOTYPE	..lin.a8264608..90ca685.0_47	0
0x227424	NOTYPE	..lin.a8264608..90ca685.0_48	0
0x227441	NOTYPE	..lin.a8264608..90ca685.0_49	0
0x227446	NOTYPE	..lin.a8264608..90ca685.0_50	0
0x227467	NOTYPE	..lin.a8264608..90ca685.0_51	0
0x227472	NOTYPE	..lin.a8264608..90ca685.0_52	0
0x22747f	FUNC	IORing_GetReadPointer	86
0x2274ad	NOTYPE	..lin.a8264608..26ed8709.0_53	0
0x2274b3	NOTYPE	..lin.a8264608..26ed8709.0_54	0
0x2274b7	NOTYPE	..lin.a8264608..26ed8709.0_55	0
0x2274bd	NOTYPE	..lin.a8264608..26ed8709.0_56	0
0x2274c1	NOTYPE	..lin.a8264608..26ed8709.0_57	0
0x2274d5	FUNC	IORing_GetReadPointerAndIndex	86
0x2274fb	NOTYPE	..lin.a8264608..7acc8c54.0_58	0
0x227509	NOTYPE	..lin.a8264608..7acc8c54.0_59	0
0x22750d	NOTYPE	..lin.a8264608..7acc8c54.0_60	0
0x227513	NOTYPE	..lin.a8264608..7acc8c54.0_61	0
0x227517	NOTYPE	..lin.a8264608..7acc8c54.0_62	0
0x22752b	FUNC	IORing_IteratorStart	11
0x227536	FUNC	IORing_IteratorNext	70
0x22755f	NOTYPE	..lin.a8264608..e68bec75.0_63	0
0x227563	NOTYPE	..lin.a8264608..e68bec75.0_64	0
0x22757d	FUNC	SuperUART_IODName...2Fhome.2Fmal.2Fgm_release.2FMY22.2D026.2Ffinal.2Fiot.2Frtos.2Flibs.2Fgm.2Di35.2Frel.2Fwork.2Fkuart.	22
0x227583	NOTYPE	..lin.2a634288..ceae58ec.0_1	0
0x227590	NOTYPE	..lin.2a634288..ceae58ec.0_2	0
0x227593	FUNC	SuperUART_SafeNotifyCallback...2Fhome.2Fmal.2Fgm_release.2FMY22.2D026.2Ffinal.2Fiot.2Frtos.2Flibs.2Fgm.2Di35.2Frel.2Fwork.2Fkuart.	18
0x22759d	NOTYPE	..lin.2a634288..b2270154.0_3	0
0x2275a4	NOTYPE	..lin.2a634288..b2270154.0_4	0
0x2275a5	FUNC	SuperUART_Initialize...2Fhome.2Fmal.2Fgm_release.2FMY22.2D026.2Ffinal.2Fiot.2Frtos.2Flibs.2Fgm.2Di35.2Frel.2Fwork.2Fkuart.	257
0x2275cf	NOTYPE	..lin.2a634288..6840fe21.0_5	0
0x2275db	NOTYPE	..lin.2a634288..6840fe21.0_6	0
0x2275e5	NOTYPE	..lin.2a634288..6840fe21.0_7	0
0x2275f0	NOTYPE	..lin.2a634288..6840fe21.0_8	0
0x22761e	NOTYPE	..lin.2a634288..6840fe21.0_9	0
0x227665	NOTYPE	..lin.2a634288..6840fe21.0_10	0
0x22769b	NOTYPE	..lin.2a634288..6840fe21.0_11	0
0x2276a6	FUNC	SuperUART_InitializationComplete...2Fhome.2Fmal.2Fgm_release.2FMY22.2D026.2Ffinal.2Fiot.2Frtos.2Flibs.2Fgm.2Di35.2Frel.2Fwork.2Fkuart.	17
0x2276b3	NOTYPE	..lin.2a634288..fcf13e70.0_12	0
0x2276b7	FUNC	SuperVirtUART_IODName...2Fhome.2Fmal.2Fgm_release.2FMY22.2D026.2Ffinal.2Fiot.2Frtos.2Flibs.2Fgm.2Di35.2Frel.2Fwork.2Fkuart.	21
0x2276bd	NOTYPE	..lin.2a634288..125508d1.0_13	0
0x2276c9	NOTYPE	..lin.2a634288..125508d1.0_14	0
0x2276cc	FUNC	SuperVirtUART_Initialize...2Fhome.2Fmal.2Fgm_release.2FMY22.2D026.2Ffinal.2Fiot.2Frtos.2Flibs.2Fgm.2Di35.2Frel.2Fwork.2Fkuart.	190
0x2276f3	NOTYPE	..lin.2a634288..329adfe6.0_15	0
0x227718	NOTYPE	..lin.2a634288..329adfe6.0_16	0
0x22774d	NOTYPE	..lin.2a634288..329adfe6.0_17	0
0x22777f	NOTYPE	..lin.2a634288..329adfe6.0_18	0
0x22778a	FUNC	UARTDriver_BytesReceived	73
0x2277a7	NOTYPE	..lin.2a634288..fc5eae5a.0_19	0
0x2277ac	NOTYPE	..lin.2a634288..fc5eae5a.0_20	0
0x2277bf	NOTYPE	..lin.2a634288..fc5eae5a.0_21	0
0x2277ce	NOTYPE	..lin.2a634288..fc5eae5a.0_22	0
0x2277d3	FUNC	UARTDriver_GetTransmitBuffer	23
0x2277e8	NOTYPE	..lin.2a634288..82bf9bb8.0_23	0
0x2277ea	FUNC	UARTDriver_BytesTransmitted	39
0x2277f7	NOTYPE	..lin.2a634288..f8eec002.0_24	0
0x227800	NOTYPE	..lin.2a634288..f8eec002.0_25	0
0x22780f	NOTYPE	..lin.2a634288..f8eec002.0_26	0
0x227811	FUNC	UARTDriver_GetDmaReceiveBuffer	30
0x22782d	NOTYPE	..lin.2a634288..75591ebb.0_27	0
0x22782f	FUNC	UARTDriver_DmaBytesReceived	46
0x227843	NOTYPE	..lin.2a634288..d33a2bcc.0_28	0
0x22784c	NOTYPE	..lin.2a634288..d33a2bcc.0_29	0
0x22785b	NOTYPE	..lin.2a634288..d33a2bcc.0_30	0
0x22785d	FUNC	KUART_CommonTransmitBytes...2Fhome.2Fmal.2Fgm_release.2FMY22.2D026.2Ffinal.2Fiot.2Frtos.2Flibs.2Fgm.2Di35.2Frel.2Fwork.2Fkuart.	59
0x22787d	NOTYPE	..lin.2a634288..fca700ad.0_31	0
0x227883	NOTYPE	..lin.2a634288..fca700ad.0_32	0
0x227893	NOTYPE	..lin.2a634288..fca700ad.0_33	0
0x227898	FUNC	SuperUART_ReadRegister...2Fhome.2Fmal.2Fgm_release.2FMY22.2D026.2Ffinal.2Fiot.2Frtos.2Flibs.2Fgm.2Di35.2Frel.2Fwork.2Fkuart.	300
0x2278af	NOTYPE	..lin.2a634288..afad8b0.0_34	0
0x2278d7	NOTYPE	..lin.2a634288..afad8b0.0_35	0
0x2278e0	NOTYPE	..lin.2a634288..afad8b0.0_36	0
0x227906	NOTYPE	..lin.2a634288..afad8b0.0_37	0
0x227932	NOTYPE	..lin.2a634288..afad8b0.0_38	0
0x22794e	NOTYPE	..lin.2a634288..afad8b0.0_39	0
0x227952	NOTYPE	..lin.2a634288..afad8b0.0_40	0
0x227968	NOTYPE	..lin.2a634288..afad8b0.0_41	0
0x227972	NOTYPE	..lin.2a634288..afad8b0.0_42	0
0x22797c	NOTYPE	..lin.2a634288..afad8b0.0_43	0
0x227992	NOTYPE	..lin.2a634288..afad8b0.0_44	0
0x2279a4	NOTYPE	..lin.2a634288..afad8b0.0_45	0
0x2279b6	NOTYPE	..lin.2a634288..afad8b0.0_46	0
0x2279c4	FUNC	GetUARTDeviceByDevno...2Fhome.2Fmal.2Fgm_release.2FMY22.2D026.2Ffinal.2Fiot.2Frtos.2Flibs.2Fgm.2Di35.2Frel.2Fwork.2Fkuart.	89
0x2279de	NOTYPE	..lin.2a634288..46dfc548.0_47	0
0x2279e6	NOTYPE	..lin.2a634288..46dfc548.0_48	0
0x2279ea	NOTYPE	..lin.2a634288..46dfc548.0_49	0
0x2279f2	NOTYPE	..lin.2a634288..46dfc548.0_50	0
0x227a0e	NOTYPE	..lin.2a634288..46dfc548.0_51	0
0x227a1a	NOTYPE	..lin.2a634288..46dfc548.0_52	0
0x227a1d	FUNC	KUART_SetSpecialDevnoBinding	195
0x227a31	NOTYPE	..lin.2a634288..4e4132f.0_53	0
0x227a3a	NOTYPE	..lin.2a634288..4e4132f.0_54	0
0x227a3f	NOTYPE	..lin.2a634288..4e4132f.0_55	0
0x227a4c	NOTYPE	..lin.2a634288..4e4132f.0_56	0
0x227a52	NOTYPE	..lin.2a634288..4e4132f.0_57	0
0x227a82	NOTYPE	..lin.2a634288..4e4132f.0_58	0
0x227a8f	NOTYPE	..lin.2a634288..4e4132f.0_59	0
0x227a9c	NOTYPE	..lin.2a634288..4e4132f.0_60	0
0x227aa2	NOTYPE	..lin.2a634288..4e4132f.0_61	0
0x227ade	NOTYPE	..lin.2a634288..4e4132f.0_62	0
0x227ae0	FUNC	SuperUART_WriteRegister...2Fhome.2Fmal.2Fgm_release.2FMY22.2D026.2Ffinal.2Fiot.2Frtos.2Flibs.2Fgm.2Di35.2Frel.2Fwork.2Fkuart.	304
0x227afb	NOTYPE	..lin.2a634288..5c2120ff.0_63	0
0x227b10	NOTYPE	..lin.2a634288..5c2120ff.0_64	0
0x227b1f	NOTYPE	..lin.2a634288..5c2120ff.0_65	0
0x227b34	NOTYPE	..lin.2a634288..5c2120ff.0_66	0
0x227b3c	NOTYPE	..lin.2a634288..5c2120ff.0_67	0
0x227b45	NOTYPE	..lin.2a634288..5c2120ff.0_68	0
0x227b52	NOTYPE	..lin.2a634288..5c2120ff.0_69	0
0x227b59	NOTYPE	..lin.2a634288..5c2120ff.0_70	0
0x227b7d	NOTYPE	..lin.2a634288..5c2120ff.0_71	0
0x227b86	NOTYPE	..lin.2a634288..5c2120ff.0_72	0
0x227b9a	NOTYPE	..lin.2a634288..5c2120ff.0_73	0
0x227ba0	NOTYPE	..lin.2a634288..5c2120ff.0_74	0
0x227bc4	NOTYPE	..lin.2a634288..5c2120ff.0_75	0
0x227bd4	NOTYPE	..lin.2a634288..5c2120ff.0_76	0
0x227be4	NOTYPE	..lin.2a634288..5c2120ff.0_77	0
0x227bee	NOTYPE	..lin.2a634288..5c2120ff.0_78	0
0x227bfb	NOTYPE	..lin.2a634288..5c2120ff.0_79	0
0x227c10	FUNC	SuperUART_Notification...2Fhome.2Fmal.2Fgm_release.2FMY22.2D026.2Ffinal.2Fiot.2Frtos.2Flibs.2Fgm.2Di35.2Frel.2Fwork.2Fkuart.	169
0x227c2e	NOTYPE	..lin.2a634288..af2bff16.0_80	0
0x227c37	NOTYPE	..lin.2a634288..af2bff16.0_81	0
0x227c49	NOTYPE	..lin.2a634288..af2bff16.0_82	0
0x227c54	NOTYPE	..lin.2a634288..af2bff16.0_83	0
0x227c76	NOTYPE	..lin.2a634288..af2bff16.0_84	0
0x227c80	NOTYPE	..lin.2a634288..af2bff16.0_85	0
0x227c85	NOTYPE	..lin.2a634288..af2bff16.0_86	0
0x227c8e	NOTYPE	..lin.2a634288..af2bff16.0_87	0
0x227c96	NOTYPE	..lin.2a634288..af2bff16.0_88	0
0x227cab	NOTYPE	..lin.2a634288..af2bff16.0_89	0
0x227cb3	NOTYPE	..lin.2a634288..af2bff16.0_90	0
0x227cb9	FUNC	SuperUART_WriteStatus...2Fhome.2Fmal.2Fgm_release.2FMY22.2D026.2Ffinal.2Fiot.2Frtos.2Flibs.2Fgm.2Di35.2Frel.2Fwork.2Fkuart.	403
0x227cd6	NOTYPE	..lin.2a634288..77980e7e.0_91	0
0x227cfe	NOTYPE	..lin.2a634288..77980e7e.0_92	0
0x227d07	NOTYPE	..lin.2a634288..77980e7e.0_93	0
0x227d2d	NOTYPE	..lin.2a634288..77980e7e.0_94	0
0x227d43	NOTYPE	..lin.2a634288..77980e7e.0_95	0
0x227d59	NOTYPE	..lin.2a634288..77980e7e.0_96	0
0x227d5e	NOTYPE	..lin.2a634288..77980e7e.0_97	0
0x227d7a	NOTYPE	..lin.2a634288..77980e7e.0_98	0
0x227d82	NOTYPE	..lin.2a634288..77980e7e.0_99	0
0x227d8a	NOTYPE	..lin.2a634288..77980e7e.0_100	0
0x227da9	NOTYPE	..lin.2a634288..77980e7e.0_101	0
0x227dad	NOTYPE	..lin.2a634288..77980e7e.0_102	0
0x227db4	NOTYPE	..lin.2a634288..77980e7e.0_103	0
0x227dba	NOTYPE	..lin.2a634288..77980e7e.0_104	0
0x227dd4	NOTYPE	..lin.2a634288..77980e7e.0_105	0
0x227de1	NOTYPE	..lin.2a634288..77980e7e.0_106	0
0x227dff	NOTYPE	..lin.2a634288..77980e7e.0_107	0
0x227e01	NOTYPE	..lin.2a634288..77980e7e.0_108	0
0x227e07	NOTYPE	..lin.2a634288..77980e7e.0_109	0
0x227e10	NOTYPE	..lin.2a634288..77980e7e.0_110	0
0x227e16	NOTYPE	..lin.2a634288..77980e7e.0_111	0
0x227e28	NOTYPE	..lin.2a634288..77980e7e.0_112	0
0x227e3a	NOTYPE	..lin.2a634288..77980e7e.0_113	0
0x227e3e	NOTYPE	..lin.2a634288..77980e7e.0_114	0
0x227e4c	FUNC	SuperUART_ReadStatus...2Fhome.2Fmal.2Fgm_release.2FMY22.2D026.2Ffinal.2Fiot.2Frtos.2Flibs.2Fgm.2Di35.2Frel.2Fwork.2Fkuart.	101
0x227e5b	NOTYPE	..lin.2a634288..108e25ef.0_115	0
0x227e83	NOTYPE	..lin.2a634288..108e25ef.0_116	0
0x227e89	NOTYPE	..lin.2a634288..108e25ef.0_117	0
0x227e93	NOTYPE	..lin.2a634288..108e25ef.0_118	0
0x227e99	NOTYPE	..lin.2a634288..108e25ef.0_119	0
0x227eaa	NOTYPE	..lin.2a634288..108e25ef.0_120	0
0x227eb1	FUNC	KUART_PanicDrainTxBuffer	49
0x227eba	NOTYPE	..lin.2a634288..aea305ca.0_121	0
0x227ec0	NOTYPE	..lin.2a634288..aea305ca.0_122	0
0x227ecf	NOTYPE	..lin.2a634288..aea305ca.0_123	0
0x227ee0	NOTYPE	..lin.2a634288..aea305ca.0_124	0
0x227ee2	FUNC	KUART_SpecialDevnoIsBound	18
0x227ef2	NOTYPE	..lin.2a634288..dcfa349c.0_125	0
0x227ef4	FUNC	KUART_TransmitBytes	49
0x227f06	NOTYPE	..lin.2a634288..81d53004.0_126	0
0x227f0c	NOTYPE	..lin.2a634288..81d53004.0_127	0
0x227f15	NOTYPE	..lin.2a634288..81d53004.0_128	0
0x227f20	NOTYPE	..lin.2a634288..81d53004.0_129	0
0x227f25	FUNC	InsertField	57
0x227f31	NOTYPE	..lin.ac15bbbc..94770dbe.0_1	0
0x227f3d	NOTYPE	..lin.ac15bbbc..94770dbe.0_2	0
0x227f59	NOTYPE	..lin.ac15bbbc..94770dbe.0_3	0
0x227f5e	FUNC	ExtractField_Slow	33
0x227f7b	NOTYPE	..lin.ac15bbbc..149b4368.0_4	0
0x227f7f	FUNC	InsertField64	57
0x227f8b	NOTYPE	..lin.ac15bbbc..8e717c68.0_5	0
0x227f97	NOTYPE	..lin.ac15bbbc..8e717c68.0_6	0
0x227fb3	NOTYPE	..lin.ac15bbbc..8e717c68.0_7	0
0x227fb8	FUNC	ExtractField64_Slow	33
0x227fd5	NOTYPE	..lin.ac15bbbc..b1b5dd2.0_8	0
0x227fd9	FUNC	IOBus_Read	253
0x227fe2	NOTYPE	..lin.71b35302..7995d102.0_1	0
0x228008	NOTYPE	..lin.71b35302..7995d102.0_2	0
0x228023	NOTYPE	..lin.71b35302..7995d102.0_3	0
0x228051	NOTYPE	..lin.71b35302..7995d102.0_4	0
0x228053	NOTYPE	..lin.71b35302..7995d102.0_5	0
0x22806b	NOTYPE	..lin.71b35302..7995d102.0_6	0
0x228071	NOTYPE	..lin.71b35302..7995d102.0_7	0
0x228077	NOTYPE	..lin.71b35302..7995d102.0_8	0
0x22807c	NOTYPE	..lin.71b35302..7995d102.0_9	0
0x228081	NOTYPE	..lin.71b35302..7995d102.0_10	0
0x228092	NOTYPE	..lin.71b35302..7995d102.0_11	0
0x2280a8	NOTYPE	..lin.71b35302..7995d102.0_12	0
0x2280be	NOTYPE	..lin.71b35302..7995d102.0_13	0
0x2280d6	FUNC	IOBus_Read64	13
0x2280dd	NOTYPE	..lin.71b35302..364e20ac.0_14	0
0x2280e2	NOTYPE	..lin.71b35302..364e20ac.0_15	0
0x2280e3	FUNC	IOBus_Write	250
0x2280ec	NOTYPE	..lin.71b35302..acb1b131.0_16	0
0x228114	NOTYPE	..lin.71b35302..acb1b131.0_17	0
0x22812f	NOTYPE	..lin.71b35302..acb1b131.0_18	0
0x228164	NOTYPE	..lin.71b35302..acb1b131.0_19	0
0x22817c	NOTYPE	..lin.71b35302..acb1b131.0_20	0
0x228181	NOTYPE	..lin.71b35302..acb1b131.0_21	0
0x228187	NOTYPE	..lin.71b35302..acb1b131.0_22	0
0x22818c	NOTYPE	..lin.71b35302..acb1b131.0_23	0
0x228191	NOTYPE	..lin.71b35302..acb1b131.0_24	0
0x2281a2	NOTYPE	..lin.71b35302..acb1b131.0_25	0
0x2281b5	NOTYPE	..lin.71b35302..acb1b131.0_26	0
0x2281c8	NOTYPE	..lin.71b35302..acb1b131.0_27	0
0x2281dd	FUNC	IOBus_Write64	11
0x2281e2	NOTYPE	..lin.71b35302..9fe2c89b.0_28	0
0x2281e7	NOTYPE	..lin.71b35302..9fe2c89b.0_29	0
0x2281e9	FUNC	IOReg_TryRead	16
0x2281f4	NOTYPE	..lin.22b5a0ea..594ff135.0_1	0
0x2281f9	FUNC	IOReg_TryWrite	16
0x228204	NOTYPE	..lin.22b5a0ea..83afd7c4.0_2	0
0x228209	FUNC	IOReg_Read	38
0x228229	NOTYPE	..lin.22b5a0ea..52116b76.0_3	0
0x22822f	FUNC	IOReg_Write	16
0x22823d	NOTYPE	..lin.22b5a0ea..94a09a25.0_4	0
0x22823f	FUNC	IOStatus_TryRead	16
0x22824a	NOTYPE	..lin.22b5a0ea..f107103b.0_5	0
0x22824f	FUNC	IOStatus_TryWrite	16
0x22825a	NOTYPE	..lin.22b5a0ea..124ad78a.0_6	0
0x22825f	FUNC	IOStatus_Read	16
0x22826d	NOTYPE	..lin.22b5a0ea..ae87783c.0_7	0
0x22826f	FUNC	IOStatus_Write	16
0x22827d	NOTYPE	..lin.22b5a0ea..7fd83fab.0_8	0
0x22827f	FUNC	IOReg_GetField	22
0x22828b	NOTYPE	..lin.22b5a0ea..8ec0855e.0_9	0
0x228293	NOTYPE	..lin.22b5a0ea..8ec0855e.0_10	0
0x228295	FUNC	IOReg_SetField	62
0x2282ae	NOTYPE	..lin.22b5a0ea..a1d67fea.0_11	0
0x2282bc	NOTYPE	..lin.22b5a0ea..a1d67fea.0_12	0
0x2282ca	NOTYPE	..lin.22b5a0ea..a1d67fea.0_13	0
0x2282d3	FUNC	IOReg_SetBits	42
0x2282e9	NOTYPE	..lin.22b5a0ea..ed9f7738.0_14	0
0x2282f7	NOTYPE	..lin.22b5a0ea..ed9f7738.0_15	0
0x2282fd	FUNC	IOReg_ClearBits	45
0x228310	NOTYPE	..lin.22b5a0ea..c78d99f3.0_16	0
0x228324	NOTYPE	..lin.22b5a0ea..c78d99f3.0_17	0
0x22832a	FUNC	IOReg_TestBits	20
0x228333	NOTYPE	..lin.22b5a0ea..8eee42ac.0_18	0
0x22833e	FUNC	IOReg_ClearAndSetBits	57
0x228357	NOTYPE	..lin.22b5a0ea..f014e2f2.0_19	0
0x22836e	NOTYPE	..lin.22b5a0ea..f014e2f2.0_20	0
0x228377	FUNC	AssertKernelIsStillInitializing...2Fhome.2Fmal.2Fgm_release.2FMY22.2D026.2Ffinal.2Fiot.2Frtos.2Flibs.2Fgm.2Di35.2Frel.2Fwork.2Fio_access.	1
0x228378	FUNC	WaitForBits...2Fhome.2Fmal.2Fgm_release.2FMY22.2D026.2Ffinal.2Fiot.2Frtos.2Flibs.2Fgm.2Di35.2Frel.2Fwork.2Fio_access.	185
0x2283c3	NOTYPE	..lin.22b5a0ea..b25950f3.0_21	0
0x2283d2	NOTYPE	..lin.22b5a0ea..b25950f3.0_22	0
0x2283d4	NOTYPE	..lin.22b5a0ea..b25950f3.0_23	0
0x2283e0	NOTYPE	..lin.22b5a0ea..b25950f3.0_24	0
0x2283eb	NOTYPE	..lin.22b5a0ea..b25950f3.0_25	0
0x2283f4	NOTYPE	..lin.22b5a0ea..b25950f3.0_26	0
0x228400	NOTYPE	..lin.22b5a0ea..b25950f3.0_27	0
0x228404	NOTYPE	..lin.22b5a0ea..b25950f3.0_28	0
0x22840c	NOTYPE	..lin.22b5a0ea..b25950f3.0_29	0
0x228416	NOTYPE	..lin.22b5a0ea..b25950f3.0_30	0
0x228431	FUNC	IOReg_TryWaitForBits	62
0x228449	NOTYPE	..lin.22b5a0ea..d7ac2287.0_31	0
0x228469	NOTYPE	..lin.22b5a0ea..d7ac2287.0_32	0
0x22846f	FUNC	WaitFailed...2Fhome.2Fmal.2Fgm_release.2FMY22.2D026.2Ffinal.2Fiot.2Frtos.2Flibs.2Fgm.2Di35.2Frel.2Fwork.2Fio_access.	108
0x22847f	NOTYPE	..lin.22b5a0ea..2b2fac1f.0_33	0
0x22848c	NOTYPE	..lin.22b5a0ea..2b2fac1f.0_34	0
0x228494	NOTYPE	..lin.22b5a0ea..2b2fac1f.0_35	0
0x2284a1	NOTYPE	..lin.22b5a0ea..2b2fac1f.0_36	0
0x2284b0	NOTYPE	..lin.22b5a0ea..2b2fac1f.0_37	0
0x2284bd	NOTYPE	..lin.22b5a0ea..2b2fac1f.0_38	0
0x2284cc	NOTYPE	..lin.22b5a0ea..2b2fac1f.0_39	0
0x2284d6	NOTYPE	..lin.22b5a0ea..2b2fac1f.0_40	0
0x2284db	FUNC	IOReg_WaitForBits	71
0x228505	NOTYPE	..lin.22b5a0ea..a97769a8.0_41	0
0x228517	NOTYPE	..lin.22b5a0ea..a97769a8.0_42	0
0x228522	FUNC	IOReg_TryAccumulatingWaitForBits	57
0x228535	NOTYPE	..lin.22b5a0ea..be1038e4.0_43	0
0x228556	NOTYPE	..lin.22b5a0ea..be1038e4.0_44	0
0x22855b	FUNC	IOReg_AccumulatingWaitForBits	77
0x22858c	NOTYPE	..lin.22b5a0ea..2f3e3985.0_45	0
0x22859f	NOTYPE	..lin.22b5a0ea..2f3e3985.0_46	0
0x2285a8	FUNC	IOReg_SpecialRead	38
0x2285c8	NOTYPE	..lin.22b5a0ea..b37c63b7.0_47	0
0x2285ce	FUNC	IOReg_SpecialWrite	16
0x2285dc	NOTYPE	..lin.22b5a0ea..236a9a86.0_48	0
0x2285de	FUNC	IOAccessor_CheckAndGetRegister	230
0x2285f9	NOTYPE	..lin.71b34c68..db6c3905.0_1	0
0x228606	NOTYPE	..lin.71b34c68..db6c3905.0_2	0
0x228614	NOTYPE	..lin.71b34c68..db6c3905.0_3	0
0x22861d	NOTYPE	..lin.71b34c68..db6c3905.0_4	0
0x228634	NOTYPE	..lin.71b34c68..db6c3905.0_5	0
0x228647	NOTYPE	..lin.71b34c68..db6c3905.0_6	0
0x228649	NOTYPE	..lin.71b34c68..db6c3905.0_7	0
0x228660	NOTYPE	..lin.71b34c68..db6c3905.0_8	0
0x22866b	NOTYPE	..lin.71b34c68..db6c3905.0_9	0
0x22867d	NOTYPE	..lin.71b34c68..db6c3905.0_10	0
0x228688	NOTYPE	..lin.71b34c68..db6c3905.0_11	0
0x228695	NOTYPE	..lin.71b34c68..db6c3905.0_12	0
0x22869b	NOTYPE	..lin.71b34c68..db6c3905.0_13	0
0x2286a1	NOTYPE	..lin.71b34c68..db6c3905.0_14	0
0x2286a3	NOTYPE	..lin.71b34c68..db6c3905.0_15	0
0x2286a9	NOTYPE	..lin.71b34c68..db6c3905.0_16	0
0x2286b1	NOTYPE	..lin.71b34c68..db6c3905.0_17	0
0x2286bc	NOTYPE	..lin.71b34c68..db6c3905.0_18	0
0x2286c4	FUNC	IOAccessor_RequestInterrupt...2Fhome.2Fmal.2Fgm_release.2FMY22.2D026.2Ffinal.2Fiot.2Frtos.2Flibs.2Fgm.2Di35.2Frel.2Fwork.2Fio_acl.	117
0x228702	NOTYPE	..lin.71b34c68..85c06da5.0_19	0
0x228707	NOTYPE	..lin.71b34c68..85c06da5.0_20	0
0x228714	NOTYPE	..lin.71b34c68..85c06da5.0_21	0
0x22872d	NOTYPE	..lin.71b34c68..85c06da5.0_22	0
0x228737	NOTYPE	..lin.71b34c68..85c06da5.0_23	0
0x228739	FUNC	IOAccessor_AccessTableRegister...2Fhome.2Fmal.2Fgm_release.2FMY22.2D026.2Ffinal.2Fiot.2Frtos.2Flibs.2Fgm.2Di35.2Frel.2Fwork.2Fio_acl.	430
0x228775	NOTYPE	..lin.71b34c68..2a0b608e.0_24	0
0x22879a	NOTYPE	..lin.71b34c68..2a0b608e.0_25	0
0x2287a1	NOTYPE	..lin.71b34c68..2a0b608e.0_26	0
0x2287b6	NOTYPE	..lin.71b34c68..2a0b608e.0_27	0
0x2287be	NOTYPE	..lin.71b34c68..2a0b608e.0_28	0
0x2287d5	NOTYPE	..lin.71b34c68..2a0b608e.0_29	0
0x2287e1	NOTYPE	..lin.71b34c68..2a0b608e.0_30	0
0x2287eb	NOTYPE	..lin.71b34c68..2a0b608e.0_31	0
0x228807	NOTYPE	..lin.71b34c68..2a0b608e.0_32	0
0x228811	NOTYPE	..lin.71b34c68..2a0b608e.0_33	0
0x22882e	NOTYPE	..lin.71b34c68..2a0b608e.0_34	0
0x228844	NOTYPE	..lin.71b34c68..2a0b608e.0_35	0
0x228857	NOTYPE	..lin.71b34c68..2a0b608e.0_36	0
0x22885f	NOTYPE	..lin.71b34c68..2a0b608e.0_37	0
0x228861	NOTYPE	..lin.71b34c68..2a0b608e.0_38	0
0x22886b	NOTYPE	..lin.71b34c68..2a0b608e.0_39	0
0x22888e	NOTYPE	..lin.71b34c68..2a0b608e.0_40	0
0x228896	NOTYPE	..lin.71b34c68..2a0b608e.0_41	0
0x2288a0	NOTYPE	..lin.71b34c68..2a0b608e.0_42	0
0x2288be	NOTYPE	..lin.71b34c68..2a0b608e.0_43	0
0x2288cf	NOTYPE	..lin.71b34c68..2a0b608e.0_44	0
0x2288db	NOTYPE	..lin.71b34c68..2a0b608e.0_45	0
0x2288e7	FUNC	IOAccessor_ReadRegister	274
0x22890c	NOTYPE	..lin.71b34c68..f4e51850.0_46	0
0x22891a	NOTYPE	..lin.71b34c68..f4e51850.0_47	0
0x228920	NOTYPE	..lin.71b34c68..f4e51850.0_48	0
0x228928	NOTYPE	..lin.71b34c68..f4e51850.0_49	0
0x22892b	NOTYPE	..lin.71b34c68..f4e51850.0_50	0
0x22893c	NOTYPE	..lin.71b34c68..f4e51850.0_51	0
0x228941	NOTYPE	..lin.71b34c68..f4e51850.0_52	0
0x228964	NOTYPE	..lin.71b34c68..f4e51850.0_53	0
0x228967	NOTYPE	..lin.71b34c68..f4e51850.0_54	0
0x228984	NOTYPE	..lin.71b34c68..f4e51850.0_55	0
0x2289ab	NOTYPE	..lin.71b34c68..f4e51850.0_56	0
0x2289b2	NOTYPE	..lin.71b34c68..f4e51850.0_57	0
0x2289b5	NOTYPE	..lin.71b34c68..f4e51850.0_58	0
0x2289d3	NOTYPE	..lin.71b34c68..f4e51850.0_59	0
0x2289dd	NOTYPE	..lin.71b34c68..f4e51850.0_60	0
0x2289ee	NOTYPE	..lin.71b34c68..f4e51850.0_61	0
0x2289f9	FUNC	IOAccessor_EnableInterruptVectors	116
0x228a14	NOTYPE	..lin.71b34c68..c79530e9.0_62	0
0x228a1e	NOTYPE	..lin.71b34c68..c79530e9.0_63	0
0x228a24	NOTYPE	..lin.71b34c68..c79530e9.0_64	0
0x228a2d	NOTYPE	..lin.71b34c68..c79530e9.0_65	0
0x228a33	NOTYPE	..lin.71b34c68..c79530e9.0_66	0
0x228a38	NOTYPE	..lin.71b34c68..c79530e9.0_67	0
0x228a41	NOTYPE	..lin.71b34c68..c79530e9.0_68	0
0x228a5f	NOTYPE	..lin.71b34c68..c79530e9.0_69	0
0x228a68	NOTYPE	..lin.71b34c68..c79530e9.0_70	0
0x228a6d	FUNC	IOAccessor_DisableInterruptVectors	83
0x228a80	NOTYPE	..lin.71b34c68..19ae136.0_71	0
0x228a86	NOTYPE	..lin.71b34c68..19ae136.0_72	0
0x228a8b	NOTYPE	..lin.71b34c68..19ae136.0_73	0
0x228a94	NOTYPE	..lin.71b34c68..19ae136.0_74	0
0x228ab2	NOTYPE	..lin.71b34c68..19ae136.0_75	0
0x228abb	NOTYPE	..lin.71b34c68..19ae136.0_76	0
0x228ac0	FUNC	IOAccessor_HasIpiPending...2Fhome.2Fmal.2Fgm_release.2FMY22.2D026.2Ffinal.2Fiot.2Frtos.2Flibs.2Fgm.2Di35.2Frel.2Fwork.2Fio_acl.	55
0x228af6	NOTYPE	..lin.71b34c68..ad507f2.0_77	0
0x228af7	FUNC	IOAccessor_WriteRegister	814
0x228b20	NOTYPE	..lin.71b34c68..8353549f.0_78	0
0x228b31	NOTYPE	..lin.71b34c68..8353549f.0_79	0
0x228b37	NOTYPE	..lin.71b34c68..8353549f.0_80	0
0x228b3f	NOTYPE	..lin.71b34c68..8353549f.0_81	0
0x228b42	NOTYPE	..lin.71b34c68..8353549f.0_82	0
0x228b58	NOTYPE	..lin.71b34c68..8353549f.0_83	0
0x228b6d	NOTYPE	..lin.71b34c68..8353549f.0_84	0
0x228b89	NOTYPE	..lin.71b34c68..8353549f.0_85	0
0x228b8e	NOTYPE	..lin.71b34c68..8353549f.0_86	0
0x228bb0	NOTYPE	..lin.71b34c68..8353549f.0_87	0
0x228bb3	NOTYPE	..lin.71b34c68..8353549f.0_88	0
0x228bcd	NOTYPE	..lin.71b34c68..8353549f.0_89	0
0x228bf4	NOTYPE	..lin.71b34c68..8353549f.0_90	0
0x228bfb	NOTYPE	..lin.71b34c68..8353549f.0_91	0
0x228bfe	NOTYPE	..lin.71b34c68..8353549f.0_92	0
0x228c22	NOTYPE	..lin.71b34c68..8353549f.0_93	0
0x228c3a	NOTYPE	..lin.71b34c68..8353549f.0_94	0
0x228c4f	NOTYPE	..lin.71b34c68..8353549f.0_95	0
0x228c55	NOTYPE	..lin.71b34c68..8353549f.0_96	0
0x228c5b	NOTYPE	..lin.71b34c68..8353549f.0_97	0
0x228c64	NOTYPE	..lin.71b34c68..8353549f.0_98	0
0x228c6d	NOTYPE	..lin.71b34c68..8353549f.0_99	0
0x228c70	NOTYPE	..lin.71b34c68..8353549f.0_100	0
0x228c7a	NOTYPE	..lin.71b34c68..8353549f.0_101	0
0x228c89	NOTYPE	..lin.71b34c68..8353549f.0_102	0
0x228c96	NOTYPE	..lin.71b34c68..8353549f.0_103	0
0x228ca0	NOTYPE	..lin.71b34c68..8353549f.0_104	0
0x228cc6	NOTYPE	..lin.71b34c68..8353549f.0_105	0
0x228cce	NOTYPE	..lin.71b34c68..8353549f.0_106	0
0x228cd0	NOTYPE	..lin.71b34c68..8353549f.0_107	0
0x228cda	NOTYPE	..lin.71b34c68..8353549f.0_108	0
0x228ce3	NOTYPE	..lin.71b34c68..8353549f.0_109	0
0x228ceb	NOTYPE	..lin.71b34c68..8353549f.0_110	0
0x228cff	NOTYPE	..lin.71b34c68..8353549f.0_111	0
0x228d07	NOTYPE	..lin.71b34c68..8353549f.0_112	0
0x228d13	NOTYPE	..lin.71b34c68..8353549f.0_113	0
0x228d27	NOTYPE	..lin.71b34c68..8353549f.0_114	0
0x228d43	NOTYPE	..lin.71b34c68..8353549f.0_115	0
0x228d5b	NOTYPE	..lin.71b34c68..8353549f.0_116	0
0x228d70	NOTYPE	..lin.71b34c68..8353549f.0_117	0
0x228d73	NOTYPE	..lin.71b34c68..8353549f.0_118	0
0x228d86	NOTYPE	..lin.71b34c68..8353549f.0_119	0
0x228d97	NOTYPE	..lin.71b34c68..8353549f.0_120	0
0x228db3	NOTYPE	..lin.71b34c68..8353549f.0_121	0
0x228dbd	NOTYPE	..lin.71b34c68..8353549f.0_122	0
0x228dd8	NOTYPE	..lin.71b34c68..8353549f.0_123	0
0x228de0	NOTYPE	..lin.71b34c68..8353549f.0_124	0
0x228de5	NOTYPE	..lin.71b34c68..8353549f.0_125	0
0x228def	NOTYPE	..lin.71b34c68..8353549f.0_126	0
0x228df9	NOTYPE	..lin.71b34c68..8353549f.0_127	0
0x228e09	NOTYPE	..lin.71b34c68..8353549f.0_128	0
0x228e18	NOTYPE	..lin.71b34c68..8353549f.0_129	0
0x228e25	FUNC	IOAccessor_ReadStatus	203
0x228e4b	NOTYPE	..lin.71b34c68..5da3fd8f.0_130	0
0x228e72	NOTYPE	..lin.71b34c68..5da3fd8f.0_131	0
0x228e7c	NOTYPE	..lin.71b34c68..5da3fd8f.0_132	0
0x228e81	NOTYPE	..lin.71b34c68..5da3fd8f.0_133	0
0x228e99	NOTYPE	..lin.71b34c68..5da3fd8f.0_134	0
0x228e9f	NOTYPE	..lin.71b34c68..5da3fd8f.0_135	0
0x228ea9	NOTYPE	..lin.71b34c68..5da3fd8f.0_136	0
0x228eb9	NOTYPE	..lin.71b34c68..5da3fd8f.0_137	0
0x228ed8	NOTYPE	..lin.71b34c68..5da3fd8f.0_138	0
0x228ee6	NOTYPE	..lin.71b34c68..5da3fd8f.0_139	0
0x228eea	NOTYPE	..lin.71b34c68..5da3fd8f.0_140	0
0x228ef0	FUNC	IOAccessor_WriteStatus	101
0x228f16	NOTYPE	..lin.71b34c68..6768da1e.0_141	0
0x228f3d	NOTYPE	..lin.71b34c68..6768da1e.0_142	0
0x228f47	NOTYPE	..lin.71b34c68..6768da1e.0_143	0
0x228f4f	NOTYPE	..lin.71b34c68..6768da1e.0_144	0
0x228f55	FUNC	IOAccessor_IPIHandler	202
0x228f62	NOTYPE	..lin.71b34c68..39c22aef.0_145	0
0x228f69	NOTYPE	..lin.71b34c68..39c22aef.0_146	0
0x228f89	NOTYPE	..lin.71b34c68..39c22aef.0_147	0
0x228f8b	NOTYPE	..lin.71b34c68..39c22aef.0_148	0
0x228f9b	NOTYPE	..lin.71b34c68..39c22aef.0_149	0
0x228fa9	NOTYPE	..lin.71b34c68..39c22aef.0_150	0
0x228fbd	NOTYPE	..lin.71b34c68..39c22aef.0_151	0
0x228fce	NOTYPE	..lin.71b34c68..39c22aef.0_152	0
0x228fe0	NOTYPE	..lin.71b34c68..39c22aef.0_153	0
0x228fe6	NOTYPE	..lin.71b34c68..39c22aef.0_154	0
0x228fef	NOTYPE	..lin.71b34c68..39c22aef.0_155	0
0x229009	NOTYPE	..lin.71b34c68..39c22aef.0_156	0
0x229017	NOTYPE	..lin.71b34c68..39c22aef.0_157	0
0x22901f	FUNC	IOAccessor_ExceptionHandler	46
0x229030	NOTYPE	..lin.71b34c68..4b15df1c.0_158	0
0x229036	NOTYPE	..lin.71b34c68..4b15df1c.0_159	0
0x22904a	NOTYPE	..lin.71b34c68..4b15df1c.0_160	0
0x22904d	FUNC	IOAccessor_ChainedExceptionHandler	37
0x229062	NOTYPE	..lin.71b34c68..26895e28.0_161	0
0x229068	NOTYPE	..lin.71b34c68..26895e28.0_162	0
0x22906d	NOTYPE	..lin.71b34c68..26895e28.0_163	0
0x229072	FUNC	IOAccessor_SpuriousChainedExceptionHandler	3
0x229075	FUNC	IOAccessor_IsKernelId	10
0x22907f	FUNC	IOAccessor_SetClassPrivatePtr	12
0x22908b	FUNC	IOAccessor_GetClassPrivatePtr	12
0x229097	FUNC	IOAccessor_SetSuperPrivatePtr	12
0x2290a3	FUNC	IOAccessor_GetSuperPrivatePtr	12
0x2290af	FUNC	IOAccessor_GetName	11
0x2290ba	FUNC	IOAccessor_GetMode	12
0x2290c6	FUNC	IOAccessor_GetRegion	52
0x2290d2	NOTYPE	..lin.71b34c68..60c64f13.0_164	0
0x2290f5	NOTYPE	..lin.71b34c68..60c64f13.0_165	0
0x2290fa	FUNC	BSP_GetIODeviceRegionInfo	84
0x229108	NOTYPE	..lin.71b34c68..b4a32d61.0_166	0
0x229121	NOTYPE	..lin.71b34c68..b4a32d61.0_167	0
0x22912a	NOTYPE	..lin.71b34c68..b4a32d61.0_168	0
0x229136	NOTYPE	..lin.71b34c68..b4a32d61.0_169	0
0x229148	NOTYPE	..lin.71b34c68..b4a32d61.0_170	0
0x22914e	FUNC	IOAccessor_SetRegionAddress	53
0x229154	NOTYPE	..lin.71b34c68..ee3720a5.0_171	0
0x22916f	NOTYPE	..lin.71b34c68..ee3720a5.0_172	0
0x229176	NOTYPE	..lin.71b34c68..ee3720a5.0_173	0
0x22917e	NOTYPE	..lin.71b34c68..ee3720a5.0_174	0
0x229183	FUNC	IOAccessor_NotifyIODevice	19
0x229190	NOTYPE	..lin.71b34c68..a6e3be30.0_175	0
0x229195	NOTYPE	..lin.71b34c68..a6e3be30.0_176	0
0x229196	FUNC	FindWindow...2Fhome.2Fmal.2Fgm_release.2FMY22.2D026.2Ffinal.2Fiot.2Frtos.2Flibs.2Fgm.2Di35.2Frel.2Fwork.2Fio_acl.	59
0x22919c	NOTYPE	..lin.71b34c68..8040013e.0_177	0
0x2291b4	NOTYPE	..lin.71b34c68..8040013e.0_178	0
0x2291bd	NOTYPE	..lin.71b34c68..8040013e.0_179	0
0x2291c5	NOTYPE	..lin.71b34c68..8040013e.0_180	0
0x2291cd	NOTYPE	..lin.71b34c68..8040013e.0_181	0
0x2291d1	FUNC	IOAccessor_TranslatePhysicalToDevRelative	139
0x2291f3	NOTYPE	..lin.71b34c68..e636ba98.0_182	0
0x229207	NOTYPE	..lin.71b34c68..e636ba98.0_183	0
0x22920d	NOTYPE	..lin.71b34c68..e636ba98.0_184	0
0x229213	NOTYPE	..lin.71b34c68..e636ba98.0_185	0
0x229221	NOTYPE	..lin.71b34c68..e636ba98.0_186	0
0x229227	NOTYPE	..lin.71b34c68..e636ba98.0_187	0
0x229237	NOTYPE	..lin.71b34c68..e636ba98.0_188	0
0x22923d	NOTYPE	..lin.71b34c68..e636ba98.0_189	0
0x229243	NOTYPE	..lin.71b34c68..e636ba98.0_190	0
0x229247	NOTYPE	..lin.71b34c68..e636ba98.0_191	0
0x22924d	NOTYPE	..lin.71b34c68..e636ba98.0_192	0
0x22925c	FUNC	IOAccessor_GetDevRelativeAddress	18
0x22926e	NOTYPE	..lin.71b34c68..f00e9b0.0_193	0
0x22926e	FUNC	IOAccessor_DmaAccessPermitted	44
0x229298	NOTYPE	..lin.71b34c68..d80d6bc1.0_194	0
0x22929a	FUNC	IOAccessor_IODevCreate	3
0x22929d	FUNC	IOAccessor_IODevReadRegister	12
0x2292a9	NOTYPE	..lin.71b34c68..1e9a49a7.0_195	0
0x2292a9	FUNC	IOAccessor_IODevWriteRegister	12
0x2292b5	NOTYPE	..lin.71b34c68..e3aeb0d6.0_196	0
0x2292b5	FUNC	IOAccessor_IODevReadStatus	12
0x2292c1	NOTYPE	..lin.71b34c68..ccdeed26.0_197	0
0x2292c1	FUNC	IOAccessor_IODevWriteStatus	12
0x2292cd	NOTYPE	..lin.71b34c68..be01bc95.0_198	0
0x2292cd	FUNC	IOAccessor_IODevClearTranslationWindows	22
0x2292e3	FUNC	IOAccessor_IODevAddTranslationWindow	76
0x2292fc	NOTYPE	..lin.71b34c68..df919836.0_199	0
0x229302	NOTYPE	..lin.71b34c68..df919836.0_200	0
0x229320	NOTYPE	..lin.71b34c68..df919836.0_201	0
0x22932f	FUNC	IOAccessor_IODevAddPermissionWindow	76
0x229348	NOTYPE	..lin.71b34c68..55dccbf0.0_202	0
0x22934e	NOTYPE	..lin.71b34c68..55dccbf0.0_203	0
0x22936c	NOTYPE	..lin.71b34c68..55dccbf0.0_204	0
0x22937b	FUNC	BSP_AddPermissionWindowForIODevice	5
0x229380	NOTYPE	..lin.71b34c68..b1146842.0_205	0
0x229382	FUNC	ValidateDeviceClass...2Fhome.2Fmal.2Fgm_release.2FMY22.2D026.2Ffinal.2Fiot.2Frtos.2Flibs.2Fgm.2Di35.2Frel.2Fwork.2Fio_acl_init.	582
0x229392	NOTYPE	..lin.bb2ddafb..9ddb84d5.0_1	0
0x2293ab	NOTYPE	..lin.bb2ddafb..9ddb84d5.0_2	0
0x2293b5	NOTYPE	..lin.bb2ddafb..9ddb84d5.0_3	0
0x2293bf	NOTYPE	..lin.bb2ddafb..9ddb84d5.0_4	0
0x2293d8	NOTYPE	..lin.bb2ddafb..9ddb84d5.0_5	0
0x2293e2	NOTYPE	..lin.bb2ddafb..9ddb84d5.0_6	0
0x2293f0	NOTYPE	..lin.bb2ddafb..9ddb84d5.0_7	0
0x229409	NOTYPE	..lin.bb2ddafb..9ddb84d5.0_8	0
0x229413	NOTYPE	..lin.bb2ddafb..9ddb84d5.0_9	0
0x22941a	NOTYPE	..lin.bb2ddafb..9ddb84d5.0_10	0
0x229433	NOTYPE	..lin.bb2ddafb..9ddb84d5.0_11	0
0x22943d	NOTYPE	..lin.bb2ddafb..9ddb84d5.0_12	0
0x22944b	NOTYPE	..lin.bb2ddafb..9ddb84d5.0_13	0
0x229456	NOTYPE	..lin.bb2ddafb..9ddb84d5.0_14	0
0x22946a	NOTYPE	..lin.bb2ddafb..9ddb84d5.0_15	0
0x229470	NOTYPE	..lin.bb2ddafb..9ddb84d5.0_16	0
0x229489	NOTYPE	..lin.bb2ddafb..9ddb84d5.0_17	0
0x229493	NOTYPE	..lin.bb2ddafb..9ddb84d5.0_18	0
0x22949d	NOTYPE	..lin.bb2ddafb..9ddb84d5.0_19	0
0x2294b6	NOTYPE	..lin.bb2ddafb..9ddb84d5.0_20	0
0x2294c0	NOTYPE	..lin.bb2ddafb..9ddb84d5.0_21	0
0x2294d5	NOTYPE	..lin.bb2ddafb..9ddb84d5.0_22	0
0x2294ee	NOTYPE	..lin.bb2ddafb..9ddb84d5.0_23	0
0x2294f8	NOTYPE	..lin.bb2ddafb..9ddb84d5.0_24	0
0x2294fe	NOTYPE	..lin.bb2ddafb..9ddb84d5.0_25	0
0x229508	NOTYPE	..lin.bb2ddafb..9ddb84d5.0_26	0
0x229521	NOTYPE	..lin.bb2ddafb..9ddb84d5.0_27	0
0x22952b	NOTYPE	..lin.bb2ddafb..9ddb84d5.0_28	0
0x229535	NOTYPE	..lin.bb2ddafb..9ddb84d5.0_29	0
0x22954e	NOTYPE	..lin.bb2ddafb..9ddb84d5.0_30	0
0x229558	NOTYPE	..lin.bb2ddafb..9ddb84d5.0_31	0
0x22956c	NOTYPE	..lin.bb2ddafb..9ddb84d5.0_32	0
0x229585	NOTYPE	..lin.bb2ddafb..9ddb84d5.0_33	0
0x22958f	NOTYPE	..lin.bb2ddafb..9ddb84d5.0_34	0
0x2295a0	NOTYPE	..lin.bb2ddafb..9ddb84d5.0_35	0
0x2295b9	NOTYPE	..lin.bb2ddafb..9ddb84d5.0_36	0
0x2295c3	NOTYPE	..lin.bb2ddafb..9ddb84d5.0_37	0
0x2295c8	FUNC	ValidateRegister...2Fhome.2Fmal.2Fgm_release.2FMY22.2D026.2Ffinal.2Fiot.2Frtos.2Flibs.2Fgm.2Di35.2Frel.2Fwork.2Fio_acl_init.	648
0x2295d8	NOTYPE	..lin.bb2ddafb..b79e1cd4.0_38	0
0x2295f1	NOTYPE	..lin.bb2ddafb..b79e1cd4.0_39	0
0x2295fb	NOTYPE	..lin.bb2ddafb..b79e1cd4.0_40	0
0x229610	NOTYPE	..lin.bb2ddafb..b79e1cd4.0_41	0
0x229629	NOTYPE	..lin.bb2ddafb..b79e1cd4.0_42	0
0x229633	NOTYPE	..lin.bb2ddafb..b79e1cd4.0_43	0
0x229640	NOTYPE	..lin.bb2ddafb..b79e1cd4.0_44	0
0x22964c	NOTYPE	..lin.bb2ddafb..b79e1cd4.0_45	0
0x229659	NOTYPE	..lin.bb2ddafb..b79e1cd4.0_46	0
0x229672	NOTYPE	..lin.bb2ddafb..b79e1cd4.0_47	0
0x22967c	NOTYPE	..lin.bb2ddafb..b79e1cd4.0_48	0
0x2296b4	NOTYPE	..lin.bb2ddafb..b79e1cd4.0_49	0
0x2296d1	NOTYPE	..lin.bb2ddafb..b79e1cd4.0_50	0
0x2296d6	NOTYPE	..lin.bb2ddafb..b79e1cd4.0_51	0
0x2296dd	NOTYPE	..lin.bb2ddafb..b79e1cd4.0_52	0
0x2296e7	NOTYPE	..lin.bb2ddafb..b79e1cd4.0_53	0
0x229700	NOTYPE	..lin.bb2ddafb..b79e1cd4.0_54	0
0x22970a	NOTYPE	..lin.bb2ddafb..b79e1cd4.0_55	0
0x22972e	NOTYPE	..lin.bb2ddafb..b79e1cd4.0_56	0
0x229747	NOTYPE	..lin.bb2ddafb..b79e1cd4.0_57	0
0x229749	NOTYPE	..lin.bb2ddafb..b79e1cd4.0_58	0
0x22975d	NOTYPE	..lin.bb2ddafb..b79e1cd4.0_59	0
0x229776	NOTYPE	..lin.bb2ddafb..b79e1cd4.0_60	0
0x229780	NOTYPE	..lin.bb2ddafb..b79e1cd4.0_61	0
0x229788	NOTYPE	..lin.bb2ddafb..b79e1cd4.0_62	0
0x229796	NOTYPE	..lin.bb2ddafb..b79e1cd4.0_63	0
0x2297af	NOTYPE	..lin.bb2ddafb..b79e1cd4.0_64	0
0x2297b9	NOTYPE	..lin.bb2ddafb..b79e1cd4.0_65	0
0x2297c2	NOTYPE	..lin.bb2ddafb..b79e1cd4.0_66	0
0x2297cc	NOTYPE	..lin.bb2ddafb..b79e1cd4.0_67	0
0x2297e5	NOTYPE	..lin.bb2ddafb..b79e1cd4.0_68	0
0x2297ef	NOTYPE	..lin.bb2ddafb..b79e1cd4.0_69	0
0x2297f5	NOTYPE	..lin.bb2ddafb..b79e1cd4.0_70	0
0x22980e	NOTYPE	..lin.bb2ddafb..b79e1cd4.0_71	0
0x229818	NOTYPE	..lin.bb2ddafb..b79e1cd4.0_72	0
0x229828	NOTYPE	..lin.bb2ddafb..b79e1cd4.0_73	0
0x229841	NOTYPE	..lin.bb2ddafb..b79e1cd4.0_74	0
0x22984b	NOTYPE	..lin.bb2ddafb..b79e1cd4.0_75	0
0x229850	FUNC	IOAccessor_InternalInit...2Fhome.2Fmal.2Fgm_release.2FMY22.2D026.2Ffinal.2Fiot.2Frtos.2Flibs.2Fgm.2Di35.2Frel.2Fwork.2Fio_acl_init.	1740
0x229886	NOTYPE	..lin.bb2ddafb..dd055960.0_76	0
0x22989f	NOTYPE	..lin.bb2ddafb..dd055960.0_77	0
0x2298a9	NOTYPE	..lin.bb2ddafb..dd055960.0_78	0
0x2298c5	NOTYPE	..lin.bb2ddafb..dd055960.0_79	0
0x2298f2	NOTYPE	..lin.bb2ddafb..dd055960.0_80	0
0x2298f7	NOTYPE	..lin.bb2ddafb..dd055960.0_81	0
0x22990e	NOTYPE	..lin.bb2ddafb..dd055960.0_82	0
0x229924	NOTYPE	..lin.bb2ddafb..dd055960.0_83	0
0x22992f	NOTYPE	..lin.bb2ddafb..dd055960.0_84	0
0x229939	NOTYPE	..lin.bb2ddafb..dd055960.0_85	0
0x229944	NOTYPE	..lin.bb2ddafb..dd055960.0_86	0
0x229955	NOTYPE	..lin.bb2ddafb..dd055960.0_87	0
0x22996f	NOTYPE	..lin.bb2ddafb..dd055960.0_88	0
0x22997c	NOTYPE	..lin.bb2ddafb..dd055960.0_89	0
0x22999b	NOTYPE	..lin.bb2ddafb..dd055960.0_90	0
0x2299b3	NOTYPE	..lin.bb2ddafb..dd055960.0_91	0
0x2299cf	NOTYPE	..lin.bb2ddafb..dd055960.0_92	0
0x2299ef	NOTYPE	..lin.bb2ddafb..dd055960.0_93	0
0x229a04	NOTYPE	..lin.bb2ddafb..dd055960.0_94	0
0x229a16	NOTYPE	..lin.bb2ddafb..dd055960.0_95	0
0x229a1e	NOTYPE	..lin.bb2ddafb..dd055960.0_96	0
0x229a36	NOTYPE	..lin.bb2ddafb..dd055960.0_97	0
0x229a44	NOTYPE	..lin.bb2ddafb..dd055960.0_98	0
0x229a5d	NOTYPE	..lin.bb2ddafb..dd055960.0_99	0
0x229a67	NOTYPE	..lin.bb2ddafb..dd055960.0_100	0
0x229a6e	NOTYPE	..lin.bb2ddafb..dd055960.0_101	0
0x229a87	NOTYPE	..lin.bb2ddafb..dd055960.0_102	0
0x229a91	NOTYPE	..lin.bb2ddafb..dd055960.0_103	0
0x229a9b	NOTYPE	..lin.bb2ddafb..dd055960.0_104	0
0x229aa2	NOTYPE	..lin.bb2ddafb..dd055960.0_105	0
0x229abb	NOTYPE	..lin.bb2ddafb..dd055960.0_106	0
0x229ac5	NOTYPE	..lin.bb2ddafb..dd055960.0_107	0
0x229ad4	NOTYPE	..lin.bb2ddafb..dd055960.0_108	0
0x229ae2	NOTYPE	..lin.bb2ddafb..dd055960.0_109	0
0x229aea	NOTYPE	..lin.bb2ddafb..dd055960.0_110	0
0x229b0e	NOTYPE	..lin.bb2ddafb..dd055960.0_111	0
0x229b19	NOTYPE	..lin.bb2ddafb..dd055960.0_112	0
0x229b24	NOTYPE	..lin.bb2ddafb..dd055960.0_113	0
0x229b3c	NOTYPE	..lin.bb2ddafb..dd055960.0_114	0
0x229b41	NOTYPE	..lin.bb2ddafb..dd055960.0_115	0
0x229b5a	NOTYPE	..lin.bb2ddafb..dd055960.0_116	0
0x229b64	NOTYPE	..lin.bb2ddafb..dd055960.0_117	0
0x229b72	NOTYPE	..lin.bb2ddafb..dd055960.0_118	0
0x229b83	NOTYPE	..lin.bb2ddafb..dd055960.0_119	0
0x229b8c	NOTYPE	..lin.bb2ddafb..dd055960.0_120	0
0x229b9a	NOTYPE	..lin.bb2ddafb..dd055960.0_121	0
0x229bb8	NOTYPE	..lin.bb2ddafb..dd055960.0_122	0
0x229bc7	NOTYPE	..lin.bb2ddafb..dd055960.0_123	0
0x229bd8	NOTYPE	..lin.bb2ddafb..dd055960.0_124	0
0x229c0b	NOTYPE	..lin.bb2ddafb..dd055960.0_125	0
0x229c20	NOTYPE	..lin.bb2ddafb..dd055960.0_126	0
0x229c34	NOTYPE	..lin.bb2ddafb..dd055960.0_127	0
0x229c50	NOTYPE	..lin.bb2ddafb..dd055960.0_128	0
0x229c78	NOTYPE	..lin.bb2ddafb..dd055960.0_129	0
0x229ca9	NOTYPE	..lin.bb2ddafb..dd055960.0_130	0
0x229cb6	NOTYPE	..lin.bb2ddafb..dd055960.0_131	0
0x229cc9	NOTYPE	..lin.bb2ddafb..dd055960.0_132	0
0x229ccf	NOTYPE	..lin.bb2ddafb..dd055960.0_133	0
0x229ce8	NOTYPE	..lin.bb2ddafb..dd055960.0_134	0
0x229cf2	NOTYPE	..lin.bb2ddafb..dd055960.0_135	0
0x229cfa	NOTYPE	..lin.bb2ddafb..dd055960.0_136	0
0x229d04	NOTYPE	..lin.bb2ddafb..dd055960.0_137	0
0x229d18	NOTYPE	..lin.bb2ddafb..dd055960.0_138	0
0x229d26	NOTYPE	..lin.bb2ddafb..dd055960.0_139	0
0x229d33	NOTYPE	..lin.bb2ddafb..dd055960.0_140	0
0x229d3d	NOTYPE	..lin.bb2ddafb..dd055960.0_141	0
0x229d4f	NOTYPE	..lin.bb2ddafb..dd055960.0_142	0
0x229d68	NOTYPE	..lin.bb2ddafb..dd055960.0_143	0
0x229d72	NOTYPE	..lin.bb2ddafb..dd055960.0_144	0
0x229dd3	NOTYPE	..lin.bb2ddafb..dd055960.0_145	0
0x229e3f	NOTYPE	..lin.bb2ddafb..dd055960.0_146	0
0x229e64	NOTYPE	..lin.bb2ddafb..dd055960.0_147	0
0x229e8b	NOTYPE	..lin.bb2ddafb..dd055960.0_148	0
0x229e90	NOTYPE	..lin.bb2ddafb..dd055960.0_149	0
0x229eb2	NOTYPE	..lin.bb2ddafb..dd055960.0_150	0
0x229ecd	NOTYPE	..lin.bb2ddafb..dd055960.0_151	0
0x229ed6	NOTYPE	..lin.bb2ddafb..dd055960.0_152	0
0x229ee1	NOTYPE	..lin.bb2ddafb..dd055960.0_153	0
0x229f0f	NOTYPE	..lin.bb2ddafb..dd055960.0_154	0
0x229f1c	FUNC	IOAccessor_InitFromList	431
0x229f46	NOTYPE	..lin.bb2ddafb..3d2ffad3.0_155	0
0x229f52	NOTYPE	..lin.bb2ddafb..3d2ffad3.0_156	0
0x229f6e	NOTYPE	..lin.bb2ddafb..3d2ffad3.0_157	0
0x229f7a	NOTYPE	..lin.bb2ddafb..3d2ffad3.0_158	0
0x229f87	NOTYPE	..lin.bb2ddafb..3d2ffad3.0_159	0
0x229f8f	NOTYPE	..lin.bb2ddafb..3d2ffad3.0_160	0
0x229f9b	NOTYPE	..lin.bb2ddafb..3d2ffad3.0_161	0
0x229fae	NOTYPE	..lin.bb2ddafb..3d2ffad3.0_162	0
0x229fb5	NOTYPE	..lin.bb2ddafb..3d2ffad3.0_163	0
0x229fce	NOTYPE	..lin.bb2ddafb..3d2ffad3.0_164	0
0x229fd8	NOTYPE	..lin.bb2ddafb..3d2ffad3.0_165	0
0x229ff2	NOTYPE	..lin.bb2ddafb..3d2ffad3.0_166	0
0x22a007	NOTYPE	..lin.bb2ddafb..3d2ffad3.0_167	0
0x22a01b	NOTYPE	..lin.bb2ddafb..3d2ffad3.0_168	0
0x22a037	NOTYPE	..lin.bb2ddafb..3d2ffad3.0_169	0
0x22a041	NOTYPE	..lin.bb2ddafb..3d2ffad3.0_170	0
0x22a04f	NOTYPE	..lin.bb2ddafb..3d2ffad3.0_171	0
0x22a063	NOTYPE	..lin.bb2ddafb..3d2ffad3.0_172	0
0x22a071	NOTYPE	..lin.bb2ddafb..3d2ffad3.0_173	0
0x22a081	NOTYPE	..lin.bb2ddafb..3d2ffad3.0_174	0
0x22a08e	NOTYPE	..lin.bb2ddafb..3d2ffad3.0_175	0
0x22a094	NOTYPE	..lin.bb2ddafb..3d2ffad3.0_176	0
0x22a0b0	NOTYPE	..lin.bb2ddafb..3d2ffad3.0_177	0
0x22a0c0	NOTYPE	..lin.bb2ddafb..3d2ffad3.0_178	0
0x22a0cb	FUNC	IOAccessor_GetAccessor	133
0x22a101	NOTYPE	..lin.bb2ddafb..57a81462.0_179	0
0x22a122	NOTYPE	..lin.bb2ddafb..57a81462.0_180	0
0x22a12c	NOTYPE	..lin.bb2ddafb..57a81462.0_181	0
0x22a14a	NOTYPE	..lin.bb2ddafb..57a81462.0_182	0
0x22a150	FUNC	IOAccessor_PciInitResourcesHelper...2Fhome.2Fmal.2Fgm_release.2FMY22.2D026.2Ffinal.2Fiot.2Frtos.2Flibs.2Fgm.2Di35.2Frel.2Fwork.2Fio_acl_init.	755
0x22a184	NOTYPE	..lin.bb2ddafb..30359bba.0_183	0
0x22a19f	NOTYPE	..lin.bb2ddafb..30359bba.0_184	0
0x22a1b2	NOTYPE	..lin.bb2ddafb..30359bba.0_185	0
0x22a1cd	NOTYPE	..lin.bb2ddafb..30359bba.0_186	0
0x22a1da	NOTYPE	..lin.bb2ddafb..30359bba.0_187	0
0x22a1e6	NOTYPE	..lin.bb2ddafb..30359bba.0_188	0
0x22a1f6	NOTYPE	..lin.bb2ddafb..30359bba.0_189	0
0x22a218	NOTYPE	..lin.bb2ddafb..30359bba.0_190	0
0x22a222	NOTYPE	..lin.bb2ddafb..30359bba.0_191	0
0x22a22c	NOTYPE	..lin.bb2ddafb..30359bba.0_192	0
0x22a238	NOTYPE	..lin.bb2ddafb..30359bba.0_193	0
0x22a251	NOTYPE	..lin.bb2ddafb..30359bba.0_194	0
0x22a25b	NOTYPE	..lin.bb2ddafb..30359bba.0_195	0
0x22a269	NOTYPE	..lin.bb2ddafb..30359bba.0_196	0
0x22a26f	NOTYPE	..lin.bb2ddafb..30359bba.0_197	0
0x22a276	NOTYPE	..lin.bb2ddafb..30359bba.0_198	0
0x22a281	NOTYPE	..lin.bb2ddafb..30359bba.0_199	0
0x22a2b8	NOTYPE	..lin.bb2ddafb..30359bba.0_200	0
0x22a2d1	NOTYPE	..lin.bb2ddafb..30359bba.0_201	0
0x22a317	NOTYPE	..lin.bb2ddafb..30359bba.0_202	0
0x22a335	NOTYPE	..lin.bb2ddafb..30359bba.0_203	0
0x22a34a	NOTYPE	..lin.bb2ddafb..30359bba.0_204	0
0x22a362	NOTYPE	..lin.bb2ddafb..30359bba.0_205	0
0x22a37e	NOTYPE	..lin.bb2ddafb..30359bba.0_206	0
0x22a384	NOTYPE	..lin.bb2ddafb..30359bba.0_207	0
0x22a390	NOTYPE	..lin.bb2ddafb..30359bba.0_208	0
0x22a39d	NOTYPE	..lin.bb2ddafb..30359bba.0_209	0
0x22a3ae	NOTYPE	..lin.bb2ddafb..30359bba.0_210	0
0x22a3b9	NOTYPE	..lin.bb2ddafb..30359bba.0_211	0
0x22a3d0	NOTYPE	..lin.bb2ddafb..30359bba.0_212	0
0x22a3dd	NOTYPE	..lin.bb2ddafb..30359bba.0_213	0
0x22a3e2	NOTYPE	..lin.bb2ddafb..30359bba.0_214	0
0x22a400	NOTYPE	..lin.bb2ddafb..30359bba.0_215	0
0x22a40c	NOTYPE	..lin.bb2ddafb..30359bba.0_216	0
0x22a438	NOTYPE	..lin.bb2ddafb..30359bba.0_217	0
0x22a443	FUNC	IOAccessor_PciInitResources	7
0x22a44a	NOTYPE	..lin.bb2ddafb..bffddd3a.0_218	0
0x22a44a	FUNC	IOAccessor_PciInitResourcesPassthru	10
0x22a454	NOTYPE	..lin.bb2ddafb..52c3aa74.0_219	0
0x22a454	FUNC	IOAccessor_SetVectorTypeDedicated	67
0x22a461	NOTYPE	..lin.bb2ddafb..c94de947.0_220	0
0x22a467	NOTYPE	..lin.bb2ddafb..c94de947.0_221	0
0x22a482	NOTYPE	..lin.bb2ddafb..c94de947.0_222	0
0x22a493	NOTYPE	..lin.bb2ddafb..c94de947.0_223	0
0x22a499	FUNC	ChainedExceptionHandler...2Fhome.2Fmal.2Fgm_release.2FMY22.2D026.2Ffinal.2Fiot.2Frtos.2Flibs.2Fgm.2Di35.2Frel.2Fwork.2Finterrupt.	110
0x22a4af	NOTYPE	..lin.9167574e..edaa29e.0_1	0
0x22a4b1	NOTYPE	..lin.9167574e..edaa29e.0_2	0
0x22a4b9	NOTYPE	..lin.9167574e..edaa29e.0_3	0
0x22a4bb	NOTYPE	..lin.9167574e..edaa29e.0_4	0
0x22a4d2	NOTYPE	..lin.9167574e..edaa29e.0_5	0
0x22a4db	NOTYPE	..lin.9167574e..edaa29e.0_6	0
0x22a4df	NOTYPE	..lin.9167574e..edaa29e.0_7	0
0x22a4ef	NOTYPE	..lin.9167574e..edaa29e.0_8	0
0x22a4fa	NOTYPE	..lin.9167574e..edaa29e.0_9	0
0x22a507	FUNC	SetChainedExceptionPriority	30
0x22a512	NOTYPE	..lin.9167574e..3fab550e.0_10	0
0x22a51b	NOTYPE	..lin.9167574e..3fab550e.0_11	0
0x22a520	NOTYPE	..lin.9167574e..3fab550e.0_12	0
0x22a525	NOTYPE	..lin.9167574e..3fab550e.0_13	0
0x22a525	FUNC	InsertHandler...2Fhome.2Fmal.2Fgm_release.2FMY22.2D026.2Ffinal.2Fiot.2Frtos.2Flibs.2Fgm.2Di35.2Frel.2Fwork.2Finterrupt.	132
0x22a548	NOTYPE	..lin.9167574e..165b52b8.0_14	0
0x22a54a	NOTYPE	..lin.9167574e..165b52b8.0_15	0
0x22a55d	NOTYPE	..lin.9167574e..165b52b8.0_16	0
0x22a569	NOTYPE	..lin.9167574e..165b52b8.0_17	0
0x22a577	NOTYPE	..lin.9167574e..165b52b8.0_18	0
0x22a585	NOTYPE	..lin.9167574e..165b52b8.0_19	0
0x22a58e	NOTYPE	..lin.9167574e..165b52b8.0_20	0
0x22a598	NOTYPE	..lin.9167574e..165b52b8.0_21	0
0x22a5a1	NOTYPE	..lin.9167574e..165b52b8.0_22	0
0x22a5a9	FUNC	SetChainedExceptionHandler	130
0x22a5c5	NOTYPE	..lin.9167574e..1d73558a.0_23	0
0x22a5cb	NOTYPE	..lin.9167574e..1d73558a.0_24	0
0x22a5d8	NOTYPE	..lin.9167574e..1d73558a.0_25	0
0x22a5e2	NOTYPE	..lin.9167574e..1d73558a.0_26	0
0x22a5e8	NOTYPE	..lin.9167574e..1d73558a.0_27	0
0x22a5f9	NOTYPE	..lin.9167574e..1d73558a.0_28	0
0x22a612	NOTYPE	..lin.9167574e..1d73558a.0_29	0
0x22a625	NOTYPE	..lin.9167574e..1d73558a.0_30	0
0x22a62b	FUNC	DeleteHandler...2Fhome.2Fmal.2Fgm_release.2FMY22.2D026.2Ffinal.2Fiot.2Frtos.2Flibs.2Fgm.2Di35.2Frel.2Fwork.2Finterrupt.	172
0x22a64b	NOTYPE	..lin.9167574e..3c864ed6.0_31	0
0x22a64d	NOTYPE	..lin.9167574e..3c864ed6.0_32	0
0x22a664	NOTYPE	..lin.9167574e..3c864ed6.0_33	0
0x22a66d	NOTYPE	..lin.9167574e..3c864ed6.0_34	0
0x22a677	NOTYPE	..lin.9167574e..3c864ed6.0_35	0
0x22a67c	NOTYPE	..lin.9167574e..3c864ed6.0_36	0
0x22a682	NOTYPE	..lin.9167574e..3c864ed6.0_37	0
0x22a687	NOTYPE	..lin.9167574e..3c864ed6.0_38	0
0x22a693	NOTYPE	..lin.9167574e..3c864ed6.0_39	0
0x22a699	NOTYPE	..lin.9167574e..3c864ed6.0_40	0
0x22a6a3	NOTYPE	..lin.9167574e..3c864ed6.0_41	0
0x22a6b0	NOTYPE	..lin.9167574e..3c864ed6.0_42	0
0x22a6ba	NOTYPE	..lin.9167574e..3c864ed6.0_43	0
0x22a6c0	NOTYPE	..lin.9167574e..3c864ed6.0_44	0
0x22a6d7	FUNC	SetChainedHandlerPriority	60
0x22a6e7	NOTYPE	..lin.9167574e..2ebce39d.0_45	0
0x22a6ed	NOTYPE	..lin.9167574e..2ebce39d.0_46	0
0x22a6f3	NOTYPE	..lin.9167574e..2ebce39d.0_47	0
0x22a6f8	NOTYPE	..lin.9167574e..2ebce39d.0_48	0
0x22a6fc	NOTYPE	..lin.9167574e..2ebce39d.0_49	0
0x22a708	NOTYPE	..lin.9167574e..2ebce39d.0_50	0
0x22a70c	NOTYPE	..lin.9167574e..2ebce39d.0_51	0
0x22a713	FUNC	GetBootTableBounds	69
0x22a721	NOTYPE	..lin.71a3f821..cf337a8c.0_1	0
0x22a727	NOTYPE	..lin.71a3f821..cf337a8c.0_2	0
0x22a734	NOTYPE	..lin.71a3f821..cf337a8c.0_3	0
0x22a753	NOTYPE	..lin.71a3f821..cf337a8c.0_4	0
0x22a758	FUNC	GetBootTableBoundsFirst	29
0x22a766	NOTYPE	..lin.71a3f821..28302d54.0_5	0
0x22a76c	NOTYPE	..lin.71a3f821..28302d54.0_6	0
0x22a775	FUNC	GetBootTableBoundsNext	73
0x22a77d	NOTYPE	..lin.71a3f821..da7263ab.0_7	0
0x22a796	NOTYPE	..lin.71a3f821..da7263ab.0_8	0
0x22a79a	NOTYPE	..lin.71a3f821..da7263ab.0_9	0
0x22a7b1	NOTYPE	..lin.71a3f821..da7263ab.0_10	0
0x22a7be	FUNC	GetBootTableBoundsFromCookie	96
0x22a7ce	NOTYPE	..lin.71a3f821..9dcd3bfa.0_11	0
0x22a7e0	NOTYPE	..lin.71a3f821..9dcd3bfa.0_12	0
0x22a7e7	NOTYPE	..lin.71a3f821..9dcd3bfa.0_13	0
0x22a7ed	NOTYPE	..lin.71a3f821..9dcd3bfa.0_14	0
0x22a7f9	NOTYPE	..lin.71a3f821..9dcd3bfa.0_15	0
0x22a819	NOTYPE	..lin.71a3f821..9dcd3bfa.0_16	0
0x22a821	FUNC	ShrinkBootTableSegment	256
0x22a83b	NOTYPE	..lin.24a37523..8c23e4a3.0_1	0
0x22a859	NOTYPE	..lin.24a37523..8c23e4a3.0_2	0
0x22a874	NOTYPE	..lin.24a37523..8c23e4a3.0_3	0
0x22a87c	NOTYPE	..lin.24a37523..8c23e4a3.0_4	0
0x22a88b	NOTYPE	..lin.24a37523..8c23e4a3.0_5	0
0x22a89f	NOTYPE	..lin.24a37523..8c23e4a3.0_6	0
0x22a8a4	NOTYPE	..lin.24a37523..8c23e4a3.0_7	0
0x22a8b8	NOTYPE	..lin.24a37523..8c23e4a3.0_8	0
0x22a8be	NOTYPE	..lin.24a37523..8c23e4a3.0_9	0
0x22a8c5	NOTYPE	..lin.24a37523..8c23e4a3.0_10	0
0x22a8d0	NOTYPE	..lin.24a37523..8c23e4a3.0_11	0
0x22a8d4	NOTYPE	..lin.24a37523..8c23e4a3.0_12	0
0x22a8e2	NOTYPE	..lin.24a37523..8c23e4a3.0_13	0
0x22a8ef	NOTYPE	..lin.24a37523..8c23e4a3.0_14	0
0x22a90f	NOTYPE	..lin.24a37523..8c23e4a3.0_15	0
0x22a918	NOTYPE	..lin.24a37523..8c23e4a3.0_16	0
0x22a922	FUNC	BSP_MemoryTableSetup	245
0x22a932	NOTYPE	..lin.bd98b096..6879a1db.0_1	0
0x22a939	NOTYPE	..lin.bd98b096..6879a1db.0_2	0
0x22a93f	NOTYPE	..lin.bd98b096..6879a1db.0_3	0
0x22a962	NOTYPE	..lin.bd98b096..6879a1db.0_4	0
0x22a975	NOTYPE	..lin.bd98b096..6879a1db.0_5	0
0x22a985	NOTYPE	..lin.bd98b096..6879a1db.0_6	0
0x22a9a1	NOTYPE	..lin.bd98b096..6879a1db.0_7	0
0x22a9b1	NOTYPE	..lin.bd98b096..6879a1db.0_8	0
0x22a9c5	NOTYPE	..lin.bd98b096..6879a1db.0_9	0
0x22a9d5	NOTYPE	..lin.bd98b096..6879a1db.0_10	0
0x22aa02	NOTYPE	..lin.bd98b096..6879a1db.0_11	0
0x22aa12	NOTYPE	..lin.bd98b096..6879a1db.0_12	0
0x22aa18	FUNC	GetSectionNameStartPtr...2Fhome.2Fmal.2Fgm_release.2FMY22.2D026.2Ffinal.2Fiot.2Frtos.2Flibs.2Fgm.2Di35.2Frel.2Fwork.2Flinkermemreg.	67
0x22aa25	NOTYPE	..lin.23d28363..79c71b3f.0_1	0
0x22aa3f	NOTYPE	..lin.23d28363..79c71b3f.0_2	0
0x22aa45	NOTYPE	..lin.23d28363..79c71b3f.0_3	0
0x22aa57	NOTYPE	..lin.23d28363..79c71b3f.0_4	0
0x22aa5b	FUNC	GetSectionName...2Fhome.2Fmal.2Fgm_release.2FMY22.2D026.2Ffinal.2Fiot.2Frtos.2Flibs.2Fgm.2Di35.2Frel.2Fwork.2Flinkermemreg.	15
0x22aa61	NOTYPE	..lin.23d28363..86abb5bb.0_5	0
0x22aa68	NOTYPE	..lin.23d28363..86abb5bb.0_6	0
0x22aa6a	FUNC	GetAttributes...2Fhome.2Fmal.2Fgm_release.2FMY22.2D026.2Ffinal.2Fiot.2Frtos.2Flibs.2Fgm.2Di35.2Frel.2Fwork.2Flinkermemreg.	176
0x22aa82	NOTYPE	..lin.23d28363..4ecfb10c.0_7	0
0x22aa89	NOTYPE	..lin.23d28363..4ecfb10c.0_8	0
0x22aab2	NOTYPE	..lin.23d28363..4ecfb10c.0_9	0
0x22aab8	NOTYPE	..lin.23d28363..4ecfb10c.0_10	0
0x22aabe	NOTYPE	..lin.23d28363..4ecfb10c.0_11	0
0x22aac4	NOTYPE	..lin.23d28363..4ecfb10c.0_12	0
0x22aacd	NOTYPE	..lin.23d28363..4ecfb10c.0_13	0
0x22aad6	NOTYPE	..lin.23d28363..4ecfb10c.0_14	0
0x22aaed	NOTYPE	..lin.23d28363..4ecfb10c.0_15	0
0x22aaf3	NOTYPE	..lin.23d28363..4ecfb10c.0_16	0
0x22ab05	NOTYPE	..lin.23d28363..4ecfb10c.0_17	0
0x22ab1a	FUNC	SectionFilter...2Fhome.2Fmal.2Fgm_release.2FMY22.2D026.2Ffinal.2Fiot.2Frtos.2Flibs.2Fgm.2Di35.2Frel.2Fwork.2Flinkermemreg.	43
0x22ab24	NOTYPE	..lin.23d28363..d6813b00.0_18	0
0x22ab41	NOTYPE	..lin.23d28363..d6813b00.0_19	0
0x22ab45	FUNC	CreateMMEntry...2Fhome.2Fmal.2Fgm_release.2FMY22.2D026.2Ffinal.2Fiot.2Frtos.2Flibs.2Fgm.2Di35.2Frel.2Fwork.2Flinkermemreg.	68
0x22ab72	NOTYPE	..lin.23d28363..32b8005.0_20	0
0x22ab7d	NOTYPE	..lin.23d28363..32b8005.0_21	0
0x22ab89	FUNC	BSP_MergeSecInfoAndMemoryMap	530
0x22abb1	NOTYPE	..lin.23d28363..996372ea.0_22	0
0x22abc1	NOTYPE	..lin.23d28363..996372ea.0_23	0
0x22abcb	NOTYPE	..lin.23d28363..996372ea.0_24	0
0x22abd0	NOTYPE	..lin.23d28363..996372ea.0_25	0
0x22abe0	NOTYPE	..lin.23d28363..996372ea.0_26	0
0x22abea	NOTYPE	..lin.23d28363..996372ea.0_27	0
0x22abf4	NOTYPE	..lin.23d28363..996372ea.0_28	0
0x22abfd	NOTYPE	..lin.23d28363..996372ea.0_29	0
0x22ac0b	NOTYPE	..lin.23d28363..996372ea.0_30	0
0x22ac1b	NOTYPE	..lin.23d28363..996372ea.0_31	0
0x22ac21	NOTYPE	..lin.23d28363..996372ea.0_32	0
0x22ac32	NOTYPE	..lin.23d28363..996372ea.0_33	0
0x22ac40	NOTYPE	..lin.23d28363..996372ea.0_34	0
0x22ac61	NOTYPE	..lin.23d28363..996372ea.0_35	0
0x22ac72	NOTYPE	..lin.23d28363..996372ea.0_36	0
0x22ac7d	NOTYPE	..lin.23d28363..996372ea.0_37	0
0x22ac94	NOTYPE	..lin.23d28363..996372ea.0_38	0
0x22aca0	NOTYPE	..lin.23d28363..996372ea.0_39	0
0x22acbf	NOTYPE	..lin.23d28363..996372ea.0_40	0
0x22accf	NOTYPE	..lin.23d28363..996372ea.0_41	0
0x22ad01	NOTYPE	..lin.23d28363..996372ea.0_42	0
0x22ad0b	NOTYPE	..lin.23d28363..996372ea.0_43	0
0x22ad20	NOTYPE	..lin.23d28363..996372ea.0_44	0
0x22ad52	NOTYPE	..lin.23d28363..996372ea.0_45	0
0x22ad64	NOTYPE	..lin.23d28363..996372ea.0_46	0
0x22ad90	NOTYPE	..lin.23d28363..996372ea.0_47	0
0x22ad9e	FUNC	BSP_NumCpus	11
0x22ada8	NOTYPE	..lin.3fa9d5cf..3d140cd4.0_1	0
0x22ada9	FUNC	EnableVectorForCpu	5
0x22adae	NOTYPE	..lin.3fa9d5cf..e07a0d8e.0_2	0
0x22adae	FUNC	BSP_PhysicalSafeRead	5
0x22adb3	FUNC	BSP_PhysicalSafeWrite	5
0x22adb8	FUNC	BSP_PhysicalFill	5
0x22adbd	FUNC	inb	8
0x22adc1	NOTYPE	..lin.3fa9d5cf..b88801e.0_3	0
0x22adc5	FUNC	outb	8
0x22adcc	NOTYPE	..lin.3fa9d5cf..7c9bee9f.0_4	0
0x22adcd	FUNC	inw	9
0x22add2	NOTYPE	..lin.3fa9d5cf..b888033.0_5	0
0x22add6	FUNC	outw	9
0x22adde	NOTYPE	..lin.3fa9d5cf..7c9beeb4.0_6	0
0x22addf	FUNC	inl	5
0x22ade3	NOTYPE	..lin.3fa9d5cf..b888028.0_7	0
0x22ade4	FUNC	outl	8
0x22adeb	NOTYPE	..lin.3fa9d5cf..7c9beea9.0_8	0
0x22adec	FUNC	BSP_GetTickTimerFrequency	50
0x22adf2	NOTYPE	..lin.3fa9d5cf..9131bec7.0_9	0
0x22adff	NOTYPE	..lin.3fa9d5cf..9131bec7.0_10	0
0x22ae0b	NOTYPE	..lin.3fa9d5cf..9131bec7.0_11	0
0x22ae17	NOTYPE	..lin.3fa9d5cf..9131bec7.0_12	0
0x22ae1e	FUNC	CalibrateTSCAgainstPIT	145
0x22ae2c	NOTYPE	..lin.3fa9d5cf..f2f95ca.0_13	0
0x22ae35	NOTYPE	..lin.3fa9d5cf..f2f95ca.0_14	0
0x22ae44	NOTYPE	..lin.3fa9d5cf..f2f95ca.0_15	0
0x22ae5f	NOTYPE	..lin.3fa9d5cf..f2f95ca.0_16	0
0x22ae6d	NOTYPE	..lin.3fa9d5cf..f2f95ca.0_17	0
0x22ae91	NOTYPE	..lin.3fa9d5cf..f2f95ca.0_18	0
0x22aeaa	NOTYPE	..lin.3fa9d5cf..f2f95ca.0_19	0
0x22aeaf	FUNC	TimerExceptionHandler...2Fhome.2Fmal.2Fgm_release.2FMY22.2D026.2Ffinal.2Fiot.2Frtos.2Flibs.2Fgm.2Di35.2Frel.2Fwork.2Fx86_common.	10
0x22aeb5	NOTYPE	..lin.3fa9d5cf..7a67e4b3.0_20	0
0x22aeb9	FUNC	BSP_GetTimeStampFrequency	11
0x22aec3	NOTYPE	..lin.3fa9d5cf..3cd5fd2f.0_21	0
0x22aec4	FUNC	BSP_GetTimestamp	51
0x22aef1	NOTYPE	..lin.3fa9d5cf..ac37209d.0_22	0
0x22aef7	FUNC	BSP_GetTimestamp64	10
0x22af01	FUNC	usDelay	41
0x22af19	NOTYPE	..lin.3fa9d5cf..43665edc.0_23	0
0x22af1b	NOTYPE	..lin.3fa9d5cf..43665edc.0_24	0
0x22af29	NOTYPE	..lin.3fa9d5cf..43665edc.0_25	0
0x22af2a	FUNC	Div64_64_64f...2Fhome.2Fmal.2Fgm_release.2FMY22.2D026.2Ffinal.2Fiot.2Frtos.2Flibs.2Fgm.2Di35.2Frel.2Fwork.2Fx86_common.	56
0x22af48	NOTYPE	..lin.3fa9d5cf..8b80ffaa.0_26	0
0x22af57	NOTYPE	..lin.3fa9d5cf..8b80ffaa.0_27	0
0x22af61	NOTYPE	..lin.3fa9d5cf..8b80ffaa.0_28	0
0x22af62	FUNC	BSP_DecrementerInterruptInterval	91
0x22af9c	NOTYPE	..lin.3fa9d5cf..a7328c9.0_29	0
0x22afba	NOTYPE	..lin.3fa9d5cf..a7328c9.0_30	0
0x22afbd	FUNC	BSP_CalibrateTimer	123
0x22afce	NOTYPE	..lin.3fa9d5cf..7730f831.0_31	0
0x22afe9	NOTYPE	..lin.3fa9d5cf..7730f831.0_32	0
0x22aff6	NOTYPE	..lin.3fa9d5cf..7730f831.0_33	0
0x22affe	NOTYPE	..lin.3fa9d5cf..7730f831.0_34	0
0x22b017	NOTYPE	..lin.3fa9d5cf..7730f831.0_35	0
0x22b01d	NOTYPE	..lin.3fa9d5cf..7730f831.0_36	0
0x22b022	NOTYPE	..lin.3fa9d5cf..7730f831.0_37	0
0x22b033	NOTYPE	..lin.3fa9d5cf..7730f831.0_38	0
0x22b038	FUNC	X86_Timer_ConcurrentInit	76
0x22b045	NOTYPE	..lin.3fa9d5cf..4519c321.0_39	0
0x22b050	NOTYPE	..lin.3fa9d5cf..4519c321.0_40	0
0x22b06b	NOTYPE	..lin.3fa9d5cf..4519c321.0_41	0
0x22b073	NOTYPE	..lin.3fa9d5cf..4519c321.0_42	0
0x22b07e	NOTYPE	..lin.3fa9d5cf..4519c321.0_43	0
0x22b084	FUNC	X86_PerfMon_ConcurrentInit	52
0x22b08d	NOTYPE	..lin.3fa9d5cf..473fa1d7.0_44	0
0x22b096	NOTYPE	..lin.3fa9d5cf..473fa1d7.0_45	0
0x22b0ae	NOTYPE	..lin.3fa9d5cf..473fa1d7.0_46	0
0x22b0b6	NOTYPE	..lin.3fa9d5cf..473fa1d7.0_47	0
0x22b0b8	FUNC	DetermineProcessorTopology...2Fhome.2Fmal.2Fgm_release.2FMY22.2D026.2Ffinal.2Fiot.2Frtos.2Flibs.2Fgm.2Di35.2Frel.2Fwork.2Fx86_common.	197
0x22b0d0	NOTYPE	..lin.3fa9d5cf..8965627f.0_48	0
0x22b0eb	NOTYPE	..lin.3fa9d5cf..8965627f.0_49	0
0x22b0f8	NOTYPE	..lin.3fa9d5cf..8965627f.0_50	0
0x22b10d	NOTYPE	..lin.3fa9d5cf..8965627f.0_51	0
0x22b133	NOTYPE	..lin.3fa9d5cf..8965627f.0_52	0
0x22b140	NOTYPE	..lin.3fa9d5cf..8965627f.0_53	0
0x22b155	NOTYPE	..lin.3fa9d5cf..8965627f.0_54	0
0x22b162	NOTYPE	..lin.3fa9d5cf..8965627f.0_55	0
0x22b17a	NOTYPE	..lin.3fa9d5cf..8965627f.0_56	0
0x22b17d	FUNC	SetupIoapic...2Fhome.2Fmal.2Fgm_release.2FMY22.2D026.2Ffinal.2Fiot.2Frtos.2Flibs.2Fgm.2Di35.2Frel.2Fwork.2Fx86_common.	78
0x22b1a7	NOTYPE	..lin.3fa9d5cf..e2f032ab.0_57	0
0x22b1af	NOTYPE	..lin.3fa9d5cf..e2f032ab.0_58	0
0x22b1c9	NOTYPE	..lin.3fa9d5cf..e2f032ab.0_59	0
0x22b1cb	FUNC	BSP_BootSecondaryCpus	790
0x22b208	NOTYPE	..lin.3fa9d5cf..d42e4ee0.0_60	0
0x22b229	NOTYPE	..lin.3fa9d5cf..d42e4ee0.0_61	0
0x22b22e	NOTYPE	..lin.3fa9d5cf..d42e4ee0.0_62	0
0x22b233	NOTYPE	..lin.3fa9d5cf..d42e4ee0.0_63	0
0x22b252	NOTYPE	..lin.3fa9d5cf..d42e4ee0.0_64	0
0x22b26f	NOTYPE	..lin.3fa9d5cf..d42e4ee0.0_65	0
0x22b279	NOTYPE	..lin.3fa9d5cf..d42e4ee0.0_66	0
0x22b280	NOTYPE	..lin.3fa9d5cf..d42e4ee0.0_67	0
0x22b299	NOTYPE	..lin.3fa9d5cf..d42e4ee0.0_68	0
0x22b2a7	NOTYPE	..lin.3fa9d5cf..d42e4ee0.0_69	0
0x22b2b5	NOTYPE	..lin.3fa9d5cf..d42e4ee0.0_70	0
0x22b2ba	NOTYPE	..lin.3fa9d5cf..d42e4ee0.0_71	0
0x22b2d3	NOTYPE	..lin.3fa9d5cf..d42e4ee0.0_72	0
0x22b2dd	NOTYPE	..lin.3fa9d5cf..d42e4ee0.0_73	0
0x22b2e5	NOTYPE	..lin.3fa9d5cf..d42e4ee0.0_74	0
0x22b2ef	NOTYPE	..lin.3fa9d5cf..d42e4ee0.0_75	0
0x22b2f7	NOTYPE	..lin.3fa9d5cf..d42e4ee0.0_76	0
0x22b30d	NOTYPE	..lin.3fa9d5cf..d42e4ee0.0_77	0
0x22b30f	NOTYPE	..lin.3fa9d5cf..d42e4ee0.0_78	0
0x22b327	NOTYPE	..lin.3fa9d5cf..d42e4ee0.0_79	0
0x22b335	NOTYPE	..lin.3fa9d5cf..d42e4ee0.0_80	0
0x22b339	NOTYPE	..lin.3fa9d5cf..d42e4ee0.0_81	0
0x22b340	NOTYPE	..lin.3fa9d5cf..d42e4ee0.0_82	0
0x22b36f	NOTYPE	..lin.3fa9d5cf..d42e4ee0.0_83	0
0x22b37f	NOTYPE	..lin.3fa9d5cf..d42e4ee0.0_84	0
0x22b38a	NOTYPE	..lin.3fa9d5cf..d42e4ee0.0_85	0
0x22b39b	NOTYPE	..lin.3fa9d5cf..d42e4ee0.0_86	0
0x22b3a8	NOTYPE	..lin.3fa9d5cf..d42e4ee0.0_87	0
0x22b3b0	NOTYPE	..lin.3fa9d5cf..d42e4ee0.0_88	0
0x22b3c1	NOTYPE	..lin.3fa9d5cf..d42e4ee0.0_89	0
0x22b3d2	NOTYPE	..lin.3fa9d5cf..d42e4ee0.0_90	0
0x22b3dc	NOTYPE	..lin.3fa9d5cf..d42e4ee0.0_91	0
0x22b3ea	NOTYPE	..lin.3fa9d5cf..d42e4ee0.0_92	0
0x22b40d	NOTYPE	..lin.3fa9d5cf..d42e4ee0.0_93	0
0x22b42f	NOTYPE	..lin.3fa9d5cf..d42e4ee0.0_94	0
0x22b450	NOTYPE	..lin.3fa9d5cf..d42e4ee0.0_95	0
0x22b471	NOTYPE	..lin.3fa9d5cf..d42e4ee0.0_96	0
0x22b499	NOTYPE	..lin.3fa9d5cf..d42e4ee0.0_97	0
0x22b4c1	NOTYPE	..lin.3fa9d5cf..d42e4ee0.0_98	0
0x22b4c6	NOTYPE	..lin.3fa9d5cf..d42e4ee0.0_99	0
0x22b4d7	NOTYPE	..lin.3fa9d5cf..d42e4ee0.0_100	0
0x22b4e1	FUNC	BSP_InterruptCpu	25
0x22b4fa	NOTYPE	..lin.3fa9d5cf..6ef328be.0_101	0
0x22b4fa	FUNC	BSP_DebugIPIVector	12
0x22b505	NOTYPE	..lin.3fa9d5cf..f2d6aa25.0_102	0
0x22b506	FUNC	BSP_DeviceIPIVector	13
0x22b512	NOTYPE	..lin.3fa9d5cf..cc338eae.0_103	0
0x22b513	FUNC	BSP_VmxIPIVector	13
0x22b51f	NOTYPE	..lin.3fa9d5cf..ba8e9dd9.0_104	0
0x22b520	FUNC	BSP_VmxUnpendIPIVector	13
0x22b52c	NOTYPE	..lin.3fa9d5cf..365bb7a3.0_105	0
0x22b52d	FUNC	X86_SuspendIpiVector	13
0x22b539	NOTYPE	..lin.3fa9d5cf..4fbe9f01.0_106	0
0x22b53a	FUNC	X86_DvfsIpiVector	13
0x22b546	NOTYPE	..lin.3fa9d5cf..9ba6baf2.0_107	0
0x22b547	FUNC	X86_Cpu2APIC	12
0x22b552	NOTYPE	..lin.3fa9d5cf..449b921.0_108	0
0x22b556	FUNC	CseSeed_Init	19
0x22b569	NOTYPE	..lin.1fd1df84..f2555bb4.0_1	0
0x22b569	FUNC	hex_to_bin...2Fhome.2Fmal.2Fgm_release.2FMY22.2D026.2Ffinal.2Fiot.2Frtos.2Flibs.2Fgm.2Di35.2Frel.2Fwork.2Fcseseed_iodevice.	66
0x22b575	NOTYPE	..lin.1fd1df84..356e8ee4.0_2	0
0x22b582	NOTYPE	..lin.1fd1df84..356e8ee4.0_3	0
0x22b58e	NOTYPE	..lin.1fd1df84..356e8ee4.0_4	0
0x22b595	NOTYPE	..lin.1fd1df84..356e8ee4.0_5	0
0x22b5a1	NOTYPE	..lin.1fd1df84..356e8ee4.0_6	0
0x22b5a8	NOTYPE	..lin.1fd1df84..356e8ee4.0_7	0
0x22b5ab	FUNC	ParseAddress...2Fhome.2Fmal.2Fgm_release.2FMY22.2D026.2Ffinal.2Fiot.2Frtos.2Flibs.2Fgm.2Di35.2Frel.2Fwork.2Fcseseed_iodevice.	87
0x22b5c3	NOTYPE	..lin.1fd1df84..ff841fc6.0_8	0
0x22b5d4	NOTYPE	..lin.1fd1df84..ff841fc6.0_9	0
0x22b5da	NOTYPE	..lin.1fd1df84..ff841fc6.0_10	0
0x22b5f9	NOTYPE	..lin.1fd1df84..ff841fc6.0_11	0
0x22b602	FUNC	HandleAblSeedArgument...2Fhome.2Fmal.2Fgm_release.2FMY22.2D026.2Ffinal.2Fiot.2Frtos.2Flibs.2Fgm.2Di35.2Frel.2Fwork.2Fcseseed_iodevice.	352
0x22b649	NOTYPE	..lin.1fd1df84..bb5b8824.0_12	0
0x22b654	NOTYPE	..lin.1fd1df84..bb5b8824.0_13	0
0x22b66d	NOTYPE	..lin.1fd1df84..bb5b8824.0_14	0
0x22b67d	NOTYPE	..lin.1fd1df84..bb5b8824.0_15	0
0x22b681	NOTYPE	..lin.1fd1df84..bb5b8824.0_16	0
0x22b687	NOTYPE	..lin.1fd1df84..bb5b8824.0_17	0
0x22b68c	NOTYPE	..lin.1fd1df84..bb5b8824.0_18	0
0x22b696	NOTYPE	..lin.1fd1df84..bb5b8824.0_19	0
0x22b6a2	NOTYPE	..lin.1fd1df84..bb5b8824.0_20	0
0x22b6b2	NOTYPE	..lin.1fd1df84..bb5b8824.0_21	0
0x22b6cb	NOTYPE	..lin.1fd1df84..bb5b8824.0_22	0
0x22b6e4	NOTYPE	..lin.1fd1df84..bb5b8824.0_23	0
0x22b6f8	NOTYPE	..lin.1fd1df84..bb5b8824.0_24	0
0x22b722	NOTYPE	..lin.1fd1df84..bb5b8824.0_25	0
0x22b733	NOTYPE	..lin.1fd1df84..bb5b8824.0_26	0
0x22b742	NOTYPE	..lin.1fd1df84..bb5b8824.0_27	0
0x22b751	NOTYPE	..lin.1fd1df84..bb5b8824.0_28	0
0x22b755	NOTYPE	..lin.1fd1df84..bb5b8824.0_29	0
0x22b762	FUNC	HandleAblSeedListArgument...2Fhome.2Fmal.2Fgm_release.2FMY22.2D026.2Ffinal.2Fiot.2Frtos.2Flibs.2Fgm.2Di35.2Frel.2Fwork.2Fcseseed_iodevice.	407
0x22b7a0	NOTYPE	..lin.1fd1df84..f3fff760.0_30	0
0x22b7a9	NOTYPE	..lin.1fd1df84..f3fff760.0_31	0
0x22b7b4	NOTYPE	..lin.1fd1df84..f3fff760.0_32	0
0x22b7cd	NOTYPE	..lin.1fd1df84..f3fff760.0_33	0
0x22b7d1	NOTYPE	..lin.1fd1df84..f3fff760.0_34	0
0x22b7d7	NOTYPE	..lin.1fd1df84..f3fff760.0_35	0
0x22b7dc	NOTYPE	..lin.1fd1df84..f3fff760.0_36	0
0x22b7e6	NOTYPE	..lin.1fd1df84..f3fff760.0_37	0
0x22b7f2	NOTYPE	..lin.1fd1df84..f3fff760.0_38	0
0x22b802	NOTYPE	..lin.1fd1df84..f3fff760.0_39	0
0x22b81b	NOTYPE	..lin.1fd1df84..f3fff760.0_40	0
0x22b838	NOTYPE	..lin.1fd1df84..f3fff760.0_41	0
0x22b854	NOTYPE	..lin.1fd1df84..f3fff760.0_42	0
0x22b863	NOTYPE	..lin.1fd1df84..f3fff760.0_43	0
0x22b87c	NOTYPE	..lin.1fd1df84..f3fff760.0_44	0
0x22b897	NOTYPE	..lin.1fd1df84..f3fff760.0_45	0
0x22b8af	NOTYPE	..lin.1fd1df84..f3fff760.0_46	0
0x22b8ce	NOTYPE	..lin.1fd1df84..f3fff760.0_47	0
0x22b8db	NOTYPE	..lin.1fd1df84..f3fff760.0_48	0
0x22b8e8	NOTYPE	..lin.1fd1df84..f3fff760.0_49	0
0x22b8ec	NOTYPE	..lin.1fd1df84..f3fff760.0_50	0
0x22b8f9	FUNC	HandleDevSecInfoArgument...2Fhome.2Fmal.2Fgm_release.2FMY22.2D026.2Ffinal.2Fiot.2Frtos.2Flibs.2Fgm.2Di35.2Frel.2Fwork.2Fcseseed_iodevice.	276
0x22b932	NOTYPE	..lin.1fd1df84..adf84bfa.0_51	0
0x22b93b	NOTYPE	..lin.1fd1df84..adf84bfa.0_52	0
0x22b94e	NOTYPE	..lin.1fd1df84..adf84bfa.0_53	0
0x22b964	NOTYPE	..lin.1fd1df84..adf84bfa.0_54	0
0x22b97b	NOTYPE	..lin.1fd1df84..adf84bfa.0_55	0
0x22b98e	NOTYPE	..lin.1fd1df84..adf84bfa.0_56	0
0x22b99f	NOTYPE	..lin.1fd1df84..adf84bfa.0_57	0
0x22b9ae	NOTYPE	..lin.1fd1df84..adf84bfa.0_58	0
0x22b9b4	NOTYPE	..lin.1fd1df84..adf84bfa.0_59	0
0x22b9b8	NOTYPE	..lin.1fd1df84..adf84bfa.0_60	0
0x22b9bc	NOTYPE	..lin.1fd1df84..adf84bfa.0_61	0
0x22b9da	NOTYPE	..lin.1fd1df84..adf84bfa.0_62	0
0x22b9f3	NOTYPE	..lin.1fd1df84..adf84bfa.0_63	0
0x22ba00	NOTYPE	..lin.1fd1df84..adf84bfa.0_64	0
0x22ba04	NOTYPE	..lin.1fd1df84..adf84bfa.0_65	0
0x22ba0d	FUNC	CseSeed_CreateIODevice...2Fhome.2Fmal.2Fgm_release.2FMY22.2D026.2Ffinal.2Fiot.2Frtos.2Flibs.2Fgm.2Di35.2Frel.2Fwork.2Fcseseed_iodevice.	3
0x22ba10	FUNC	CseSeed_ReadStatus...2Fhome.2Fmal.2Fgm_release.2FMY22.2D026.2Ffinal.2Fiot.2Frtos.2Flibs.2Fgm.2Di35.2Frel.2Fwork.2Fcseseed_iodevice.	214
0x22ba17	NOTYPE	..lin.1fd1df84..55f37520.0_66	0
0x22ba1d	NOTYPE	..lin.1fd1df84..55f37520.0_67	0
0x22ba26	NOTYPE	..lin.1fd1df84..55f37520.0_68	0
0x22ba38	NOTYPE	..lin.1fd1df84..55f37520.0_69	0
0x22ba3f	NOTYPE	..lin.1fd1df84..55f37520.0_70	0
0x22ba45	NOTYPE	..lin.1fd1df84..55f37520.0_71	0
0x22ba4b	NOTYPE	..lin.1fd1df84..55f37520.0_72	0
0x22ba58	NOTYPE	..lin.1fd1df84..55f37520.0_73	0
0x22ba63	NOTYPE	..lin.1fd1df84..55f37520.0_74	0
0x22ba79	NOTYPE	..lin.1fd1df84..55f37520.0_75	0
0x22ba90	NOTYPE	..lin.1fd1df84..55f37520.0_76	0
0x22ba97	NOTYPE	..lin.1fd1df84..55f37520.0_77	0
0x22ba99	NOTYPE	..lin.1fd1df84..55f37520.0_78	0
0x22ba9f	NOTYPE	..lin.1fd1df84..55f37520.0_79	0
0x22bab9	NOTYPE	..lin.1fd1df84..55f37520.0_80	0
0x22bad0	NOTYPE	..lin.1fd1df84..55f37520.0_81	0
0x22badb	NOTYPE	..lin.1fd1df84..55f37520.0_82	0
0x22bae0	NOTYPE	..lin.1fd1df84..55f37520.0_83	0
0x22bae6	FUNC	AplAcpiSleep_Init	19
0x22baf9	NOTYPE	..lin.c632de39..e941998b.0_1	0
0x22baf9	FUNC	AplAcpiSleep_Finish...2Fhome.2Fmal.2Fgm_release.2FMY22.2D026.2Ffinal.2Fiot.2Frtos.2Flibs.2Fgm.2Di35.2Frel.2Fwork.2Fapl_acpi_sleep_iodevice.	27
0x22bb13	NOTYPE	..lin.c632de39..38b6d238.0_2	0
0x22bb14	FUNC	AplAcpiSleep_Callback...2Fhome.2Fmal.2Fgm_release.2FMY22.2D026.2Ffinal.2Fiot.2Frtos.2Flibs.2Fgm.2Di35.2Frel.2Fwork.2Fapl_acpi_sleep_iodevice.	70
0x22bb1c	NOTYPE	..lin.c632de39..109f70c4.0_3	0
0x22bb1f	NOTYPE	..lin.c632de39..109f70c4.0_4	0
0x22bb35	NOTYPE	..lin.c632de39..109f70c4.0_5	0
0x22bb3a	NOTYPE	..lin.c632de39..109f70c4.0_6	0
0x22bb40	NOTYPE	..lin.c632de39..109f70c4.0_7	0
0x22bb52	NOTYPE	..lin.c632de39..109f70c4.0_8	0
0x22bb57	NOTYPE	..lin.c632de39..109f70c4.0_9	0
0x22bb58	NOTYPE	..lin.c632de39..109f70c4.0_10	0
0x22bb5a	FUNC	AplAcpiSleep_IpiHandler...2Fhome.2Fmal.2Fgm_release.2FMY22.2D026.2Ffinal.2Fiot.2Frtos.2Flibs.2Fgm.2Di35.2Frel.2Fwork.2Fapl_acpi_sleep_iodevice.	60
0x22bb60	NOTYPE	..lin.c632de39..86961d7.0_11	0
0x22bb88	NOTYPE	..lin.c632de39..86961d7.0_12	0
0x22bb92	NOTYPE	..lin.c632de39..86961d7.0_13	0
0x22bb96	FUNC	AplAcpiSleep_CreateIODevice...2Fhome.2Fmal.2Fgm_release.2FMY22.2D026.2Ffinal.2Fiot.2Frtos.2Flibs.2Fgm.2Di35.2Frel.2Fwork.2Fapl_acpi_sleep_iodevice.	33
0x22bbb3	NOTYPE	..lin.c632de39..c05ce873.0_14	0
0x22bbb7	FUNC	AplAcpiSleep_WriteRegister...2Fhome.2Fmal.2Fgm_release.2FMY22.2D026.2Ffinal.2Fiot.2Frtos.2Flibs.2Fgm.2Di35.2Frel.2Fwork.2Fapl_acpi_sleep_iodevice.	78
0x22bbbe	NOTYPE	..lin.c632de39..78b3ae47.0_15	0
0x22bbc4	NOTYPE	..lin.c632de39..78b3ae47.0_16	0
0x22bbca	NOTYPE	..lin.c632de39..78b3ae47.0_17	0
0x22bbd7	NOTYPE	..lin.c632de39..78b3ae47.0_18	0
0x22bbe6	NOTYPE	..lin.c632de39..78b3ae47.0_19	0
0x22bbea	NOTYPE	..lin.c632de39..78b3ae47.0_20	0
0x22bbf0	NOTYPE	..lin.c632de39..78b3ae47.0_21	0
0x22bbff	NOTYPE	..lin.c632de39..78b3ae47.0_22	0
0x22bc05	FUNC	SuspendToRAM_HandleWakeup	13
0x22bc11	NOTYPE	..lin.c632de39..db6de562.0_23	0
0x22bc13	FUNC	PC16550_InitializeResources...2Fhome.2Fmal.2Fgm_release.2FMY22.2D026.2Ffinal.2Fiot.2Frtos.2Flibs.2Fgm.2Di35.2Frel.2Fwork.2Fserial_pc16550.	292
0x22bc46	NOTYPE	..lin.f8e60b74..476289c5.0_1	0
0x22bc55	NOTYPE	..lin.f8e60b74..476289c5.0_2	0
0x22bd1f	NOTYPE	..lin.f8e60b74..476289c5.0_3	0
0x22bd28	NOTYPE	..lin.f8e60b74..476289c5.0_4	0
0x22bd37	FUNC	iDMA_Initialize...2Fhome.2Fmal.2Fgm_release.2FMY22.2D026.2Ffinal.2Fiot.2Frtos.2Flibs.2Fgm.2Di35.2Frel.2Fwork.2Fserial_pc16550.	197
0x22bd54	NOTYPE	..lin.f8e60b74..122e1d11.0_5	0
0x22bd6d	NOTYPE	..lin.f8e60b74..122e1d11.0_6	0
0x22bd7f	NOTYPE	..lin.f8e60b74..122e1d11.0_7	0
0x22bd91	NOTYPE	..lin.f8e60b74..122e1d11.0_8	0
0x22bda0	NOTYPE	..lin.f8e60b74..122e1d11.0_9	0
0x22bdb2	NOTYPE	..lin.f8e60b74..122e1d11.0_10	0
0x22bdc4	NOTYPE	..lin.f8e60b74..122e1d11.0_11	0
0x22bdd6	NOTYPE	..lin.f8e60b74..122e1d11.0_12	0
0x22bde8	NOTYPE	..lin.f8e60b74..122e1d11.0_13	0
0x22bdfa	NOTYPE	..lin.f8e60b74..122e1d11.0_14	0
0x22bdfc	FUNC	PC16550_SetOptions...2Fhome.2Fmal.2Fgm_release.2FMY22.2D026.2Ffinal.2Fiot.2Frtos.2Flibs.2Fgm.2Di35.2Frel.2Fwork.2Fserial_pc16550.	644
0x22be12	NOTYPE	..lin.f8e60b74..7b1a6b10.0_15	0
0x22be17	NOTYPE	..lin.f8e60b74..7b1a6b10.0_16	0
0x22be1e	NOTYPE	..lin.f8e60b74..7b1a6b10.0_17	0
0x22be37	NOTYPE	..lin.f8e60b74..7b1a6b10.0_18	0
0x22be46	NOTYPE	..lin.f8e60b74..7b1a6b10.0_19	0
0x22be4d	NOTYPE	..lin.f8e60b74..7b1a6b10.0_20	0
0x22be63	NOTYPE	..lin.f8e60b74..7b1a6b10.0_21	0
0x22be70	NOTYPE	..lin.f8e60b74..7b1a6b10.0_22	0
0x22be8f	NOTYPE	..lin.f8e60b74..7b1a6b10.0_23	0
0x22be95	NOTYPE	..lin.f8e60b74..7b1a6b10.0_24	0
0x22be9b	NOTYPE	..lin.f8e60b74..7b1a6b10.0_25	0
0x22beb0	NOTYPE	..lin.f8e60b74..7b1a6b10.0_26	0
0x22bec5	NOTYPE	..lin.f8e60b74..7b1a6b10.0_27	0
0x22becb	NOTYPE	..lin.f8e60b74..7b1a6b10.0_28	0
0x22bee0	NOTYPE	..lin.f8e60b74..7b1a6b10.0_29	0
0x22bef2	NOTYPE	..lin.f8e60b74..7b1a6b10.0_30	0
0x22bf01	NOTYPE	..lin.f8e60b74..7b1a6b10.0_31	0
0x22bf05	NOTYPE	..lin.f8e60b74..7b1a6b10.0_32	0
0x22bf0f	NOTYPE	..lin.f8e60b74..7b1a6b10.0_33	0
0x22bf35	NOTYPE	..lin.f8e60b74..7b1a6b10.0_34	0
0x22bf3c	NOTYPE	..lin.f8e60b74..7b1a6b10.0_35	0
0x22bf49	NOTYPE	..lin.f8e60b74..7b1a6b10.0_36	0
0x22bf4e	NOTYPE	..lin.f8e60b74..7b1a6b10.0_37	0
0x22bf50	NOTYPE	..lin.f8e60b74..7b1a6b10.0_38	0
0x22bf5d	NOTYPE	..lin.f8e60b74..7b1a6b10.0_39	0
0x22bf75	NOTYPE	..lin.f8e60b74..7b1a6b10.0_40	0
0x22bfa2	NOTYPE	..lin.f8e60b74..7b1a6b10.0_41	0
0x22bfb4	NOTYPE	..lin.f8e60b74..7b1a6b10.0_42	0
0x22bfc3	NOTYPE	..lin.f8e60b74..7b1a6b10.0_43	0
0x22bfd5	NOTYPE	..lin.f8e60b74..7b1a6b10.0_44	0
0x22bfe4	NOTYPE	..lin.f8e60b74..7b1a6b10.0_45	0
0x22c008	NOTYPE	..lin.f8e60b74..7b1a6b10.0_46	0
0x22c00a	NOTYPE	..lin.f8e60b74..7b1a6b10.0_47	0
0x22c014	NOTYPE	..lin.f8e60b74..7b1a6b10.0_48	0
0x22c027	NOTYPE	..lin.f8e60b74..7b1a6b10.0_49	0
0x22c03c	NOTYPE	..lin.f8e60b74..7b1a6b10.0_50	0
0x22c04e	NOTYPE	..lin.f8e60b74..7b1a6b10.0_51	0
0x22c05b	NOTYPE	..lin.f8e60b74..7b1a6b10.0_52	0
0x22c068	NOTYPE	..lin.f8e60b74..7b1a6b10.0_53	0
0x22c075	NOTYPE	..lin.f8e60b74..7b1a6b10.0_54	0
0x22c080	FUNC	PC16550_Initialize...2Fhome.2Fmal.2Fgm_release.2FMY22.2D026.2Ffinal.2Fiot.2Frtos.2Flibs.2Fgm.2Di35.2Frel.2Fwork.2Fserial_pc16550.	82
0x22c08f	NOTYPE	..lin.f8e60b74..52bcfa2a.0_55	0
0x22c09c	NOTYPE	..lin.f8e60b74..52bcfa2a.0_56	0
0x22c0a0	NOTYPE	..lin.f8e60b74..52bcfa2a.0_57	0
0x22c0a8	NOTYPE	..lin.f8e60b74..52bcfa2a.0_58	0
0x22c0b1	NOTYPE	..lin.f8e60b74..52bcfa2a.0_59	0
0x22c0b9	NOTYPE	..lin.f8e60b74..52bcfa2a.0_60	0
0x22c0cb	NOTYPE	..lin.f8e60b74..52bcfa2a.0_61	0
0x22c0d2	FUNC	PC16550_WriteStatus...2Fhome.2Fmal.2Fgm_release.2FMY22.2D026.2Ffinal.2Fiot.2Frtos.2Flibs.2Fgm.2Di35.2Frel.2Fwork.2Fserial_pc16550.	28
0x22c0db	NOTYPE	..lin.f8e60b74..b1938ba7.0_62	0
0x22c0e1	NOTYPE	..lin.f8e60b74..b1938ba7.0_63	0
0x22c0e9	NOTYPE	..lin.f8e60b74..b1938ba7.0_64	0
0x22c0ee	FUNC	iDMA_ExceptionHandler...2Fhome.2Fmal.2Fgm_release.2FMY22.2D026.2Ffinal.2Fiot.2Frtos.2Flibs.2Fgm.2Di35.2Frel.2Fwork.2Fserial_pc16550.	679
0x22c113	NOTYPE	..lin.f8e60b74..2239626c.0_65	0
0x22c125	NOTYPE	..lin.f8e60b74..2239626c.0_66	0
0x22c135	NOTYPE	..lin.f8e60b74..2239626c.0_67	0
0x22c145	NOTYPE	..lin.f8e60b74..2239626c.0_68	0
0x22c14f	NOTYPE	..lin.f8e60b74..2239626c.0_69	0
0x22c15c	NOTYPE	..lin.f8e60b74..2239626c.0_70	0
0x22c176	NOTYPE	..lin.f8e60b74..2239626c.0_71	0
0x22c183	NOTYPE	..lin.f8e60b74..2239626c.0_72	0
0x22c1ad	NOTYPE	..lin.f8e60b74..2239626c.0_73	0
0x22c1ba	NOTYPE	..lin.f8e60b74..2239626c.0_74	0
0x22c1c8	NOTYPE	..lin.f8e60b74..2239626c.0_75	0
0x22c248	NOTYPE	..lin.f8e60b74..2239626c.0_76	0
0x22c275	NOTYPE	..lin.f8e60b74..2239626c.0_77	0
0x22c282	NOTYPE	..lin.f8e60b74..2239626c.0_78	0
0x22c290	NOTYPE	..lin.f8e60b74..2239626c.0_79	0
0x22c325	NOTYPE	..lin.f8e60b74..2239626c.0_80	0
0x22c344	NOTYPE	..lin.f8e60b74..2239626c.0_81	0
0x22c34d	NOTYPE	..lin.f8e60b74..2239626c.0_82	0
0x22c388	NOTYPE	..lin.f8e60b74..2239626c.0_83	0
0x22c395	FUNC	PC16550_ExceptionHandler...2Fhome.2Fmal.2Fgm_release.2FMY22.2D026.2Ffinal.2Fiot.2Frtos.2Flibs.2Fgm.2Di35.2Frel.2Fwork.2Fserial_pc16550.	308
0x22c3b3	NOTYPE	..lin.f8e60b74..a029ee45.0_84	0
0x22c3b9	NOTYPE	..lin.f8e60b74..a029ee45.0_85	0
0x22c3c9	NOTYPE	..lin.f8e60b74..a029ee45.0_86	0
0x22c3d6	NOTYPE	..lin.f8e60b74..a029ee45.0_87	0
0x22c3d8	NOTYPE	..lin.f8e60b74..a029ee45.0_88	0
0x22c3e5	NOTYPE	..lin.f8e60b74..a029ee45.0_89	0
0x22c3f7	NOTYPE	..lin.f8e60b74..a029ee45.0_90	0
0x22c40d	NOTYPE	..lin.f8e60b74..a029ee45.0_91	0
0x22c414	NOTYPE	..lin.f8e60b74..a029ee45.0_92	0
0x22c42a	NOTYPE	..lin.f8e60b74..a029ee45.0_93	0
0x22c437	NOTYPE	..lin.f8e60b74..a029ee45.0_94	0
0x22c446	NOTYPE	..lin.f8e60b74..a029ee45.0_95	0
0x22c458	NOTYPE	..lin.f8e60b74..a029ee45.0_96	0
0x22c465	NOTYPE	..lin.f8e60b74..a029ee45.0_97	0
0x22c467	NOTYPE	..lin.f8e60b74..a029ee45.0_98	0
0x22c479	NOTYPE	..lin.f8e60b74..a029ee45.0_99	0
0x22c487	NOTYPE	..lin.f8e60b74..a029ee45.0_100	0
0x22c490	NOTYPE	..lin.f8e60b74..a029ee45.0_101	0
0x22c49d	NOTYPE	..lin.f8e60b74..a029ee45.0_102	0
0x22c4c0	NOTYPE	..lin.f8e60b74..a029ee45.0_103	0
0x22c4cc	FUNC	LpssUartMatch...2Fhome.2Fmal.2Fgm_release.2FMY22.2D026.2Ffinal.2Fiot.2Frtos.2Flibs.2Fgm.2Di35.2Frel.2Fwork.2Fintel_lpss_uart.	69
0x22c4dc	NOTYPE	..lin.82760b59..af00cf90.0_1	0
0x22c4e0	NOTYPE	..lin.82760b59..af00cf90.0_2	0
0x22c4f0	NOTYPE	..lin.82760b59..af00cf90.0_3	0
0x22c4fb	NOTYPE	..lin.82760b59..af00cf90.0_4	0
0x22c505	NOTYPE	..lin.82760b59..af00cf90.0_5	0
0x22c511	FUNC	SetDeviceState...2Fhome.2Fmal.2Fgm_release.2FMY22.2D026.2Ffinal.2Fiot.2Frtos.2Flibs.2Fgm.2Di35.2Frel.2Fwork.2Fintel_lpss_uart.	28
0x22c515	NOTYPE	..lin.82760b59..14a346c2.0_6	0
0x22c51f	NOTYPE	..lin.82760b59..14a346c2.0_7	0
0x22c524	NOTYPE	..lin.82760b59..14a346c2.0_8	0
0x22c52d	FUNC	LpssUartInit...2Fhome.2Fmal.2Fgm_release.2FMY22.2D026.2Ffinal.2Fiot.2Frtos.2Flibs.2Fgm.2Di35.2Frel.2Fwork.2Fintel_lpss_uart.	922
0x22c55a	NOTYPE	..lin.82760b59..d0d8e97.0_9	0
0x22c56a	NOTYPE	..lin.82760b59..d0d8e97.0_10	0
0x22c573	NOTYPE	..lin.82760b59..d0d8e97.0_11	0
0x22c585	NOTYPE	..lin.82760b59..d0d8e97.0_12	0
0x22c590	NOTYPE	..lin.82760b59..d0d8e97.0_13	0
0x22c594	NOTYPE	..lin.82760b59..d0d8e97.0_14	0
0x22c5a4	NOTYPE	..lin.82760b59..d0d8e97.0_15	0
0x22c5ab	NOTYPE	..lin.82760b59..d0d8e97.0_16	0
0x22c5ad	NOTYPE	..lin.82760b59..d0d8e97.0_17	0
0x22c5b7	NOTYPE	..lin.82760b59..d0d8e97.0_18	0
0x22c5c3	NOTYPE	..lin.82760b59..d0d8e97.0_19	0
0x22c5d1	NOTYPE	..lin.82760b59..d0d8e97.0_20	0
0x22c5ee	NOTYPE	..lin.82760b59..d0d8e97.0_21	0
0x22c5f6	NOTYPE	..lin.82760b59..d0d8e97.0_22	0
0x22c628	NOTYPE	..lin.82760b59..d0d8e97.0_23	0
0x22c661	NOTYPE	..lin.82760b59..d0d8e97.0_24	0
0x22c66c	NOTYPE	..lin.82760b59..d0d8e97.0_25	0
0x22c6f8	NOTYPE	..lin.82760b59..d0d8e97.0_26	0
0x22c751	NOTYPE	..lin.82760b59..d0d8e97.0_27	0
0x22c768	NOTYPE	..lin.82760b59..d0d8e97.0_28	0
0x22c77e	NOTYPE	..lin.82760b59..d0d8e97.0_29	0
0x22c794	NOTYPE	..lin.82760b59..d0d8e97.0_30	0
0x22c80c	NOTYPE	..lin.82760b59..d0d8e97.0_31	0
0x22c837	NOTYPE	..lin.82760b59..d0d8e97.0_32	0
0x22c848	NOTYPE	..lin.82760b59..d0d8e97.0_33	0
0x22c84f	NOTYPE	..lin.82760b59..d0d8e97.0_34	0
0x22c85c	NOTYPE	..lin.82760b59..d0d8e97.0_35	0
0x22c86b	NOTYPE	..lin.82760b59..d0d8e97.0_36	0
0x22c879	NOTYPE	..lin.82760b59..d0d8e97.0_37	0
0x22c894	NOTYPE	..lin.82760b59..d0d8e97.0_38	0
0x22c8af	NOTYPE	..lin.82760b59..d0d8e97.0_39	0
0x22c8c8	FUNC	KETH_IODName...2Fhome.2Fmal.2Fgm_release.2FMY22.2D026.2Ffinal.2Fiot.2Frtos.2Flibs.2Fgm.2Di35.2Frel.2Fwork.2Fkethernet.	22
0x22c8ce	NOTYPE	..lin.3223d98b..156f30ad.0_1	0
0x22c8db	NOTYPE	..lin.3223d98b..156f30ad.0_2	0
0x22c8de	FUNC	KETH_RegisterDevice...2Fhome.2Fmal.2Fgm_release.2FMY22.2D026.2Ffinal.2Fiot.2Frtos.2Flibs.2Fgm.2Di35.2Frel.2Fwork.2Fkethernet.	135
0x22c8ff	NOTYPE	..lin.3223d98b..d2091565.0_3	0
0x22c90a	NOTYPE	..lin.3223d98b..d2091565.0_4	0
0x22c917	NOTYPE	..lin.3223d98b..d2091565.0_5	0
0x22c91d	NOTYPE	..lin.3223d98b..d2091565.0_6	0
0x22c92a	NOTYPE	..lin.3223d98b..d2091565.0_7	0
0x22c937	NOTYPE	..lin.3223d98b..d2091565.0_8	0
0x22c943	NOTYPE	..lin.3223d98b..d2091565.0_9	0
0x22c94d	NOTYPE	..lin.3223d98b..d2091565.0_10	0
0x22c965	FUNC	Append...2Fhome.2Fmal.2Fgm_release.2FMY22.2D026.2Ffinal.2Fiot.2Frtos.2Flibs.2Fgm.2Di35.2Frel.2Fwork.2Fkethernet.	30
0x22c96b	NOTYPE	..lin.3223d98b..a7a834bd.0_11	0
0x22c978	NOTYPE	..lin.3223d98b..a7a834bd.0_12	0
0x22c983	FUNC	Remove...2Fhome.2Fmal.2Fgm_release.2FMY22.2D026.2Ffinal.2Fiot.2Frtos.2Flibs.2Fgm.2Di35.2Frel.2Fwork.2Fkethernet.	66
0x22c98d	NOTYPE	..lin.3223d98b..ce876053.0_13	0
0x22c99c	NOTYPE	..lin.3223d98b..ce876053.0_14	0
0x22c9a5	NOTYPE	..lin.3223d98b..ce876053.0_15	0
0x22c9ae	NOTYPE	..lin.3223d98b..ce876053.0_16	0
0x22c9c5	FUNC	KETH_InitializationCompleteHelper...2Fhome.2Fmal.2Fgm_release.2FMY22.2D026.2Ffinal.2Fiot.2Frtos.2Flibs.2Fgm.2Di35.2Frel.2Fwork.2Fkethernet.	865
0x22ca13	NOTYPE	..lin.3223d98b..4a8807d1.0_17	0
0x22ca3b	NOTYPE	..lin.3223d98b..4a8807d1.0_18	0
0x22ca4a	NOTYPE	..lin.3223d98b..4a8807d1.0_19	0
0x22ca52	NOTYPE	..lin.3223d98b..4a8807d1.0_20	0
0x22ca5a	NOTYPE	..lin.3223d98b..4a8807d1.0_21	0
0x22ca65	NOTYPE	..lin.3223d98b..4a8807d1.0_22	0
0x22ca70	NOTYPE	..lin.3223d98b..4a8807d1.0_23	0
0x22ca7b	NOTYPE	..lin.3223d98b..4a8807d1.0_24	0
0x22ca86	NOTYPE	..lin.3223d98b..4a8807d1.0_25	0
0x22ca91	NOTYPE	..lin.3223d98b..4a8807d1.0_26	0
0x22ca9c	NOTYPE	..lin.3223d98b..4a8807d1.0_27	0
0x22caab	NOTYPE	..lin.3223d98b..4a8807d1.0_28	0
0x22cab3	NOTYPE	..lin.3223d98b..4a8807d1.0_29	0
0x22cab8	NOTYPE	..lin.3223d98b..4a8807d1.0_30	0
0x22cacc	NOTYPE	..lin.3223d98b..4a8807d1.0_31	0
0x22caee	NOTYPE	..lin.3223d98b..4a8807d1.0_32	0
0x22cafa	NOTYPE	..lin.3223d98b..4a8807d1.0_33	0
0x22cb1f	NOTYPE	..lin.3223d98b..4a8807d1.0_34	0
0x22cb2b	NOTYPE	..lin.3223d98b..4a8807d1.0_35	0
0x22cb46	NOTYPE	..lin.3223d98b..4a8807d1.0_36	0
0x22cb5a	NOTYPE	..lin.3223d98b..4a8807d1.0_37	0
0x22cb67	NOTYPE	..lin.3223d98b..4a8807d1.0_38	0
0x22cb7b	NOTYPE	..lin.3223d98b..4a8807d1.0_39	0
0x22cb9d	NOTYPE	..lin.3223d98b..4a8807d1.0_40	0
0x22cba9	NOTYPE	..lin.3223d98b..4a8807d1.0_41	0
0x22cbd5	NOTYPE	..lin.3223d98b..4a8807d1.0_42	0
0x22cbe2	NOTYPE	..lin.3223d98b..4a8807d1.0_43	0
0x22cc3f	NOTYPE	..lin.3223d98b..4a8807d1.0_44	0
0x22cc4b	NOTYPE	..lin.3223d98b..4a8807d1.0_45	0
0x22cc57	NOTYPE	..lin.3223d98b..4a8807d1.0_46	0
0x22cc87	NOTYPE	..lin.3223d98b..4a8807d1.0_47	0
0x22ccb3	NOTYPE	..lin.3223d98b..4a8807d1.0_48	0
0x22cd19	NOTYPE	..lin.3223d98b..4a8807d1.0_49	0
0x22cd26	FUNC	KETH_InitializationComplete...2Fhome.2Fmal.2Fgm_release.2FMY22.2D026.2Ffinal.2Fiot.2Frtos.2Flibs.2Fgm.2Di35.2Frel.2Fwork.2Fkethernet.	30
0x22cd2f	NOTYPE	..lin.3223d98b..c292c411.0_50	0
0x22cd39	NOTYPE	..lin.3223d98b..c292c411.0_51	0
0x22cd40	NOTYPE	..lin.3223d98b..c292c411.0_52	0
0x22cd44	FUNC	KETHDriver_LateInitComplete	5
0x22cd49	NOTYPE	..lin.3223d98b..e53b9d8f.0_53	0
0x22cd49	FUNC	DummyEtherInit	128
0x22cd5c	NOTYPE	..lin.3223d98b..45d49c3d.0_54	0
0x22cd64	NOTYPE	..lin.3223d98b..45d49c3d.0_55	0
0x22cd72	NOTYPE	..lin.3223d98b..45d49c3d.0_56	0
0x22cdaa	NOTYPE	..lin.3223d98b..45d49c3d.0_57	0
0x22cdb8	NOTYPE	..lin.3223d98b..45d49c3d.0_58	0
0x22cdc7	NOTYPE	..lin.3223d98b..45d49c3d.0_59	0
0x22cdc9	FUNC	KETH_ReadRegister...2Fhome.2Fmal.2Fgm_release.2FMY22.2D026.2Ffinal.2Fiot.2Frtos.2Flibs.2Fgm.2Di35.2Frel.2Fwork.2Fkethernet.	289
0x22cddf	NOTYPE	..lin.3223d98b..d10db111.0_60	0
0x22cded	NOTYPE	..lin.3223d98b..d10db111.0_61	0
0x22ce39	NOTYPE	..lin.3223d98b..d10db111.0_62	0
0x22ce4e	NOTYPE	..lin.3223d98b..d10db111.0_63	0
0x22ce55	NOTYPE	..lin.3223d98b..d10db111.0_64	0
0x22ce86	NOTYPE	..lin.3223d98b..d10db111.0_65	0
0x22ceaa	NOTYPE	..lin.3223d98b..d10db111.0_66	0
0x22ceb3	NOTYPE	..lin.3223d98b..d10db111.0_67	0
0x22cebc	NOTYPE	..lin.3223d98b..d10db111.0_68	0
0x22cedc	NOTYPE	..lin.3223d98b..d10db111.0_69	0
0x22cee1	NOTYPE	..lin.3223d98b..d10db111.0_70	0
0x22ceea	FUNC	KETH_FreeRxDescriptor...2Fhome.2Fmal.2Fgm_release.2FMY22.2D026.2Ffinal.2Fiot.2Frtos.2Flibs.2Fgm.2Di35.2Frel.2Fwork.2Fkethernet.	267
0x22cf0f	NOTYPE	..lin.3223d98b..9003f79b.0_71	0
0x22cf17	NOTYPE	..lin.3223d98b..9003f79b.0_72	0
0x22cf1c	NOTYPE	..lin.3223d98b..9003f79b.0_73	0
0x22cf25	NOTYPE	..lin.3223d98b..9003f79b.0_74	0
0x22cf2e	NOTYPE	..lin.3223d98b..9003f79b.0_75	0
0x22cf37	NOTYPE	..lin.3223d98b..9003f79b.0_76	0
0x22cf3c	NOTYPE	..lin.3223d98b..9003f79b.0_77	0
0x22cf48	NOTYPE	..lin.3223d98b..9003f79b.0_78	0
0x22cf5c	NOTYPE	..lin.3223d98b..9003f79b.0_79	0
0x22cf7b	NOTYPE	..lin.3223d98b..9003f79b.0_80	0
0x22cf8a	NOTYPE	..lin.3223d98b..9003f79b.0_81	0
0x22cff0	NOTYPE	..lin.3223d98b..9003f79b.0_82	0
0x22cff5	FUNC	NotificationAcked...2Fhome.2Fmal.2Fgm_release.2FMY22.2D026.2Ffinal.2Fiot.2Frtos.2Flibs.2Fgm.2Di35.2Frel.2Fwork.2Fkethernet.	11
0x22d000	FUNC	UpdateStarvingClients...2Fhome.2Fmal.2Fgm_release.2FMY22.2D026.2Ffinal.2Fiot.2Frtos.2Flibs.2Fgm.2Di35.2Frel.2Fwork.2Fkethernet.	46
0x22d02d	NOTYPE	..lin.3223d98b..5010e188.0_83	0
0x22d02e	FUNC	KETH_WritePacket...2Fhome.2Fmal.2Fgm_release.2FMY22.2D026.2Ffinal.2Fiot.2Frtos.2Flibs.2Fgm.2Di35.2Frel.2Fwork.2Fkethernet.	182
0x22d069	NOTYPE	..lin.3223d98b..563a83b3.0_84	0
0x22d07e	NOTYPE	..lin.3223d98b..563a83b3.0_85	0
0x22d0a0	NOTYPE	..lin.3223d98b..563a83b3.0_86	0
0x22d0ad	NOTYPE	..lin.3223d98b..563a83b3.0_87	0
0x22d0c3	NOTYPE	..lin.3223d98b..563a83b3.0_88	0
0x22d0ca	NOTYPE	..lin.3223d98b..563a83b3.0_89	0
0x22d0d7	NOTYPE	..lin.3223d98b..563a83b3.0_90	0
0x22d0e4	FUNC	KETH_WriteRegister...2Fhome.2Fmal.2Fgm_release.2FMY22.2D026.2Ffinal.2Fiot.2Frtos.2Flibs.2Fgm.2Di35.2Frel.2Fwork.2Fkethernet.	874
0x22d101	NOTYPE	..lin.3223d98b..e48f0580.0_91	0
0x22d112	NOTYPE	..lin.3223d98b..e48f0580.0_92	0
0x22d142	NOTYPE	..lin.3223d98b..e48f0580.0_93	0
0x22d147	NOTYPE	..lin.3223d98b..e48f0580.0_94	0
0x22d155	NOTYPE	..lin.3223d98b..e48f0580.0_95	0
0x22d15f	NOTYPE	..lin.3223d98b..e48f0580.0_96	0
0x22d167	NOTYPE	..lin.3223d98b..e48f0580.0_97	0
0x22d173	NOTYPE	..lin.3223d98b..e48f0580.0_98	0
0x22d183	NOTYPE	..lin.3223d98b..e48f0580.0_99	0
0x22d19a	NOTYPE	..lin.3223d98b..e48f0580.0_100	0
0x22d1a3	NOTYPE	..lin.3223d98b..e48f0580.0_101	0
0x22d1a5	NOTYPE	..lin.3223d98b..e48f0580.0_102	0
0x22d1b4	NOTYPE	..lin.3223d98b..e48f0580.0_103	0
0x22d1c0	NOTYPE	..lin.3223d98b..e48f0580.0_104	0
0x22d1d5	NOTYPE	..lin.3223d98b..e48f0580.0_105	0
0x22d1e6	NOTYPE	..lin.3223d98b..e48f0580.0_106	0
0x22d1f5	NOTYPE	..lin.3223d98b..e48f0580.0_107	0
0x22d20d	NOTYPE	..lin.3223d98b..e48f0580.0_108	0
0x22d215	NOTYPE	..lin.3223d98b..e48f0580.0_109	0
0x22d21a	NOTYPE	..lin.3223d98b..e48f0580.0_110	0
0x22d224	NOTYPE	..lin.3223d98b..e48f0580.0_111	0
0x22d249	NOTYPE	..lin.3223d98b..e48f0580.0_112	0
0x22d26f	NOTYPE	..lin.3223d98b..e48f0580.0_113	0
0x22d29b	NOTYPE	..lin.3223d98b..e48f0580.0_114	0
0x22d2a5	NOTYPE	..lin.3223d98b..e48f0580.0_115	0
0x22d2b3	NOTYPE	..lin.3223d98b..e48f0580.0_116	0
0x22d2c0	NOTYPE	..lin.3223d98b..e48f0580.0_117	0
0x22d2ce	NOTYPE	..lin.3223d98b..e48f0580.0_118	0
0x22d2f4	NOTYPE	..lin.3223d98b..e48f0580.0_119	0
0x22d2f6	NOTYPE	..lin.3223d98b..e48f0580.0_120	0
0x22d30a	NOTYPE	..lin.3223d98b..e48f0580.0_121	0
0x22d31c	NOTYPE	..lin.3223d98b..e48f0580.0_122	0
0x22d326	NOTYPE	..lin.3223d98b..e48f0580.0_123	0
0x22d33c	NOTYPE	..lin.3223d98b..e48f0580.0_124	0
0x22d341	NOTYPE	..lin.3223d98b..e48f0580.0_125	0
0x22d35c	NOTYPE	..lin.3223d98b..e48f0580.0_126	0
0x22d364	NOTYPE	..lin.3223d98b..e48f0580.0_127	0
0x22d36e	NOTYPE	..lin.3223d98b..e48f0580.0_128	0
0x22d37f	NOTYPE	..lin.3223d98b..e48f0580.0_129	0
0x22d38b	NOTYPE	..lin.3223d98b..e48f0580.0_130	0
0x22d399	NOTYPE	..lin.3223d98b..e48f0580.0_131	0
0x22d3be	NOTYPE	..lin.3223d98b..e48f0580.0_132	0
0x22d3c8	NOTYPE	..lin.3223d98b..e48f0580.0_133	0
0x22d3d5	NOTYPE	..lin.3223d98b..e48f0580.0_134	0
0x22d3f6	NOTYPE	..lin.3223d98b..e48f0580.0_135	0
0x22d41d	NOTYPE	..lin.3223d98b..e48f0580.0_136	0
0x22d42d	NOTYPE	..lin.3223d98b..e48f0580.0_137	0
0x22d432	NOTYPE	..lin.3223d98b..e48f0580.0_138	0
0x22d43c	NOTYPE	..lin.3223d98b..e48f0580.0_139	0
0x22d442	NOTYPE	..lin.3223d98b..e48f0580.0_140	0
0x22d44e	FUNC	KETHDriver_AddTransmitTimestamp	8
0x22d456	FUNC	KETHDriver_PacketReceived	149
0x22d4a4	NOTYPE	..lin.3223d98b..33e7579b.0_141	0
0x22d4b9	NOTYPE	..lin.3223d98b..33e7579b.0_142	0
0x22d4c5	NOTYPE	..lin.3223d98b..33e7579b.0_143	0
0x22d4ce	NOTYPE	..lin.3223d98b..33e7579b.0_144	0
0x22d4eb	FUNC	KETHDriver_PacketReceivedWithTs	9
0x22d4f4	NOTYPE	..lin.3223d98b..bded9d1e.0_145	0
0x22d4f4	FUNC	KETHDriver_GetPacketKernelAddress	5
0x22d4f9	FUNC	KETHDriver_PacketRxError	85
0x22d509	NOTYPE	..lin.3223d98b..98683788.0_146	0
0x22d50d	NOTYPE	..lin.3223d98b..98683788.0_147	0
0x22d52c	NOTYPE	..lin.3223d98b..98683788.0_148	0
0x22d530	NOTYPE	..lin.3223d98b..98683788.0_149	0
0x22d535	NOTYPE	..lin.3223d98b..98683788.0_150	0
0x22d548	NOTYPE	..lin.3223d98b..98683788.0_151	0
0x22d54e	FUNC	KETHDriver_PacketTxError	143
0x22d566	NOTYPE	..lin.3223d98b..325cb10a.0_152	0
0x22d579	NOTYPE	..lin.3223d98b..325cb10a.0_153	0
0x22d58e	NOTYPE	..lin.3223d98b..325cb10a.0_154	0
0x22d597	NOTYPE	..lin.3223d98b..325cb10a.0_155	0
0x22d5af	NOTYPE	..lin.3223d98b..325cb10a.0_156	0
0x22d5c8	NOTYPE	..lin.3223d98b..325cb10a.0_157	0
0x22d5d7	NOTYPE	..lin.3223d98b..325cb10a.0_158	0
0x22d5dd	FUNC	KETHDriver_PacketTransmitted	7
0x22d5e4	NOTYPE	..lin.3223d98b..c0466da3.0_159	0
0x22d5e4	FUNC	KETHDriver_NotifyTask	52
0x22d5f1	NOTYPE	..lin.3223d98b..cac3e128.0_160	0
0x22d604	NOTYPE	..lin.3223d98b..cac3e128.0_161	0
0x22d60c	NOTYPE	..lin.3223d98b..cac3e128.0_162	0
0x22d618	FUNC	ProtocolWritePacket	148
0x22d647	NOTYPE	..lin.3223d98b..8d69aaba.0_163	0
0x22d64d	NOTYPE	..lin.3223d98b..8d69aaba.0_164	0
0x22d655	NOTYPE	..lin.3223d98b..8d69aaba.0_165	0
0x22d65b	NOTYPE	..lin.3223d98b..8d69aaba.0_166	0
0x22d667	NOTYPE	..lin.3223d98b..8d69aaba.0_167	0
0x22d67d	NOTYPE	..lin.3223d98b..8d69aaba.0_168	0
0x22d68d	NOTYPE	..lin.3223d98b..8d69aaba.0_169	0
0x22d6a2	NOTYPE	..lin.3223d98b..8d69aaba.0_170	0
0x22d6af	FUNC	read_be_word...2Fhome.2Fmal.2Fgm_release.2FMY22.2D026.2Ffinal.2Fiot.2Frtos.2Flibs.2Fgm.2Di35.2Frel.2Fwork.2Findether_min.	31
0x22d6ce	FUNC	write_be_word...2Fhome.2Fmal.2Fgm_release.2FMY22.2D026.2Ffinal.2Fiot.2Frtos.2Flibs.2Fgm.2Di35.2Frel.2Fwork.2Findether_min.	28
0x22d6ea	FUNC	EtherGetTransmitBuffer...2Fhome.2Fmal.2Fgm_release.2FMY22.2D026.2Ffinal.2Fiot.2Frtos.2Flibs.2Fgm.2Di35.2Frel.2Fwork.2Findether_min.	8
0x22d6f1	NOTYPE	..lin.cc2f557..ad1b3549.0_1	0
0x22d6f2	FUNC	ProcessARP	346
0x22d70c	NOTYPE	..lin.cc2f557..81b090a7.0_2	0
0x22d71d	NOTYPE	..lin.cc2f557..81b090a7.0_3	0
0x22d734	NOTYPE	..lin.cc2f557..81b090a7.0_4	0
0x22d746	NOTYPE	..lin.cc2f557..81b090a7.0_5	0
0x22d74f	NOTYPE	..lin.cc2f557..81b090a7.0_6	0
0x22d75e	NOTYPE	..lin.cc2f557..81b090a7.0_7	0
0x22d778	NOTYPE	..lin.cc2f557..81b090a7.0_8	0
0x22d78b	NOTYPE	..lin.cc2f557..81b090a7.0_9	0
0x22d794	NOTYPE	..lin.cc2f557..81b090a7.0_10	0
0x22d7ac	NOTYPE	..lin.cc2f557..81b090a7.0_11	0
0x22d7b1	NOTYPE	..lin.cc2f557..81b090a7.0_12	0
0x22d7b8	NOTYPE	..lin.cc2f557..81b090a7.0_13	0
0x22d7c9	NOTYPE	..lin.cc2f557..81b090a7.0_14	0
0x22d7db	NOTYPE	..lin.cc2f557..81b090a7.0_15	0
0x22d7ee	NOTYPE	..lin.cc2f557..81b090a7.0_16	0
0x22d7fe	NOTYPE	..lin.cc2f557..81b090a7.0_17	0
0x22d810	NOTYPE	..lin.cc2f557..81b090a7.0_18	0
0x22d81e	NOTYPE	..lin.cc2f557..81b090a7.0_19	0
0x22d831	NOTYPE	..lin.cc2f557..81b090a7.0_20	0
0x22d83f	NOTYPE	..lin.cc2f557..81b090a7.0_21	0
0x22d84c	FUNC	EthernetSendARP	301
0x22d87f	NOTYPE	..lin.cc2f557..e98ed51.0_22	0
0x22d888	NOTYPE	..lin.cc2f557..e98ed51.0_23	0
0x22d8a1	NOTYPE	..lin.cc2f557..e98ed51.0_24	0
0x22d8ae	NOTYPE	..lin.cc2f557..e98ed51.0_25	0
0x22d8b9	NOTYPE	..lin.cc2f557..e98ed51.0_26	0
0x22d8cc	NOTYPE	..lin.cc2f557..e98ed51.0_27	0
0x22d8db	NOTYPE	..lin.cc2f557..e98ed51.0_28	0
0x22d8f4	NOTYPE	..lin.cc2f557..e98ed51.0_29	0
0x22d905	NOTYPE	..lin.cc2f557..e98ed51.0_30	0
0x22d912	NOTYPE	..lin.cc2f557..e98ed51.0_31	0
0x22d92d	NOTYPE	..lin.cc2f557..e98ed51.0_32	0
0x22d93e	NOTYPE	..lin.cc2f557..e98ed51.0_33	0
0x22d94f	NOTYPE	..lin.cc2f557..e98ed51.0_34	0
0x22d95e	NOTYPE	..lin.cc2f557..e98ed51.0_35	0
0x22d96e	NOTYPE	..lin.cc2f557..e98ed51.0_36	0
0x22d979	FUNC	EthernetCheckARP	65
0x22d987	NOTYPE	..lin.cc2f557..ef8e39a5.0_37	0
0x22d98b	NOTYPE	..lin.cc2f557..ef8e39a5.0_38	0
0x22d9a1	NOTYPE	..lin.cc2f557..ef8e39a5.0_39	0
0x22d9a8	NOTYPE	..lin.cc2f557..ef8e39a5.0_40	0
0x22d9ac	NOTYPE	..lin.cc2f557..ef8e39a5.0_41	0
0x22d9b6	NOTYPE	..lin.cc2f557..ef8e39a5.0_42	0
0x22d9ba	FUNC	EthernetWriteGratuitousARP	302
0x22d9e2	NOTYPE	..lin.cc2f557..88c68069.0_43	0
0x22d9ef	NOTYPE	..lin.cc2f557..88c68069.0_44	0
0x22d9f6	NOTYPE	..lin.cc2f557..88c68069.0_45	0
0x22da07	NOTYPE	..lin.cc2f557..88c68069.0_46	0
0x22da15	NOTYPE	..lin.cc2f557..88c68069.0_47	0
0x22da2b	NOTYPE	..lin.cc2f557..88c68069.0_48	0
0x22da4c	NOTYPE	..lin.cc2f557..88c68069.0_49	0
0x22da66	NOTYPE	..lin.cc2f557..88c68069.0_50	0
0x22da8e	NOTYPE	..lin.cc2f557..88c68069.0_51	0
0x22da9e	NOTYPE	..lin.cc2f557..88c68069.0_52	0
0x22dabf	NOTYPE	..lin.cc2f557..88c68069.0_53	0
0x22dace	NOTYPE	..lin.cc2f557..88c68069.0_54	0
0x22dadf	NOTYPE	..lin.cc2f557..88c68069.0_55	0
0x22dae8	FUNC	IsIndrtInterface	16
0x22daf7	NOTYPE	..lin.cc2f557..7a5dd4d3.0_56	0
0x22daf8	FUNC	SameEther	55
0x22db08	NOTYPE	..lin.cc2f557..f2adbb83.0_57	0
0x22db18	NOTYPE	..lin.cc2f557..f2adbb83.0_58	0
0x22db2c	NOTYPE	..lin.cc2f557..f2adbb83.0_59	0
0x22db2f	FUNC	IndEtherInit	29
0x22db38	NOTYPE	..lin.cc2f557..dcd86c2c.0_60	0
0x22db3d	NOTYPE	..lin.cc2f557..dcd86c2c.0_61	0
0x22db4a	NOTYPE	..lin.cc2f557..dcd86c2c.0_62	0
0x22db4f	FUNC	Dummy_InitializeResources...2Fhome.2Fmal.2Fgm_release.2FMY22.2D026.2Ffinal.2Fiot.2Frtos.2Flibs.2Fgm.2Di35.2Frel.2Fwork.2Feth_dummy.	197
0x22db80	NOTYPE	..lin.9e4aef6d..f6378d3d.0_1	0
0x22db84	NOTYPE	..lin.9e4aef6d..f6378d3d.0_2	0
0x22db8d	NOTYPE	..lin.9e4aef6d..f6378d3d.0_3	0
0x22db98	NOTYPE	..lin.9e4aef6d..f6378d3d.0_4	0
0x22dc0b	NOTYPE	..lin.9e4aef6d..f6378d3d.0_5	0
0x22dc14	FUNC	Dummy_Initialize...2Fhome.2Fmal.2Fgm_release.2FMY22.2D026.2Ffinal.2Fiot.2Frtos.2Flibs.2Fgm.2Di35.2Frel.2Fwork.2Feth_dummy.	39
0x22dc23	NOTYPE	..lin.9e4aef6d..3ab276a2.0_6	0
0x22dc2f	NOTYPE	..lin.9e4aef6d..3ab276a2.0_7	0
0x22dc34	NOTYPE	..lin.9e4aef6d..3ab276a2.0_8	0
0x22dc3b	FUNC	Dummy_ReadPacket...2Fhome.2Fmal.2Fgm_release.2FMY22.2D026.2Ffinal.2Fiot.2Frtos.2Flibs.2Fgm.2Di35.2Frel.2Fwork.2Feth_dummy.	3
0x22dc3e	FUNC	Dummy_WritePacket...2Fhome.2Fmal.2Fgm_release.2FMY22.2D026.2Ffinal.2Fiot.2Frtos.2Flibs.2Fgm.2Di35.2Frel.2Fwork.2Feth_dummy.	5
0x22dc43	FUNC	Dummy_ConfigureInterrupts...2Fhome.2Fmal.2Fgm_release.2FMY22.2D026.2Ffinal.2Fiot.2Frtos.2Flibs.2Fgm.2Di35.2Frel.2Fwork.2Feth_dummy.	5
0x22dc48	FUNC	Dummy_GetMacAddress...2Fhome.2Fmal.2Fgm_release.2FMY22.2D026.2Ffinal.2Fiot.2Frtos.2Flibs.2Fgm.2Di35.2Frel.2Fwork.2Feth_dummy.	32
0x22dc4f	NOTYPE	..lin.9e4aef6d..d5fbc2a7.0_9	0
0x22dc55	NOTYPE	..lin.9e4aef6d..d5fbc2a7.0_10	0
0x22dc64	NOTYPE	..lin.9e4aef6d..d5fbc2a7.0_11	0
0x22dc69	FUNC	I8254X_InitializeResources...2Fhome.2Fmal.2Fgm_release.2FMY22.2D026.2Ffinal.2Fiot.2Frtos.2Flibs.2Fgm.2Di35.2Frel.2Fwork.2Feth_i8254x.	343
0x22dc95	NOTYPE	..lin.6ee18075..f40192a5.0_1	0
0x22dcad	NOTYPE	..lin.6ee18075..f40192a5.0_2	0
0x22dcc9	NOTYPE	..lin.6ee18075..f40192a5.0_3	0
0x22ddac	NOTYPE	..lin.6ee18075..f40192a5.0_4	0
0x22ddb7	NOTYPE	..lin.6ee18075..f40192a5.0_5	0
0x22ddc0	FUNC	ProcessTx...2Fhome.2Fmal.2Fgm_release.2FMY22.2D026.2Ffinal.2Fiot.2Frtos.2Flibs.2Fgm.2Di35.2Frel.2Fwork.2Feth_i8254x.	130
0x22ddca	NOTYPE	..lin.6ee18075..dd246410.0_6	0
0x22ddfc	NOTYPE	..lin.6ee18075..dd246410.0_7	0
0x22de08	NOTYPE	..lin.6ee18075..dd246410.0_8	0
0x22de19	NOTYPE	..lin.6ee18075..dd246410.0_9	0
0x22de29	NOTYPE	..lin.6ee18075..dd246410.0_10	0
0x22de3c	NOTYPE	..lin.6ee18075..dd246410.0_11	0
0x22de42	FUNC	I8254X_ReadPacket...2Fhome.2Fmal.2Fgm_release.2FMY22.2D026.2Ffinal.2Fiot.2Frtos.2Flibs.2Fgm.2Di35.2Frel.2Fwork.2Feth_i8254x.	287
0x22de64	NOTYPE	..lin.6ee18075..347653cc.0_12	0
0x22de78	NOTYPE	..lin.6ee18075..347653cc.0_13	0
0x22de81	NOTYPE	..lin.6ee18075..347653cc.0_14	0
0x22de94	NOTYPE	..lin.6ee18075..347653cc.0_15	0
0x22de9d	NOTYPE	..lin.6ee18075..347653cc.0_16	0
0x22ded4	NOTYPE	..lin.6ee18075..347653cc.0_17	0
0x22dee5	NOTYPE	..lin.6ee18075..347653cc.0_18	0
0x22def1	NOTYPE	..lin.6ee18075..347653cc.0_19	0
0x22defe	NOTYPE	..lin.6ee18075..347653cc.0_20	0
0x22df07	NOTYPE	..lin.6ee18075..347653cc.0_21	0
0x22df15	NOTYPE	..lin.6ee18075..347653cc.0_22	0
0x22df1e	NOTYPE	..lin.6ee18075..347653cc.0_23	0
0x22df2c	NOTYPE	..lin.6ee18075..347653cc.0_24	0
0x22df3e	NOTYPE	..lin.6ee18075..347653cc.0_25	0
0x22df54	NOTYPE	..lin.6ee18075..347653cc.0_26	0
0x22df61	FUNC	ProcessAdvRx...2Fhome.2Fmal.2Fgm_release.2FMY22.2D026.2Ffinal.2Fiot.2Frtos.2Flibs.2Fgm.2Di35.2Frel.2Fwork.2Feth_i8254x.	314
0x22df72	NOTYPE	..lin.6ee18075..b021e1e9.0_27	0
0x22df90	NOTYPE	..lin.6ee18075..b021e1e9.0_28	0
0x22dfa6	NOTYPE	..lin.6ee18075..b021e1e9.0_29	0
0x22dfb3	NOTYPE	..lin.6ee18075..b021e1e9.0_30	0
0x22dfc3	NOTYPE	..lin.6ee18075..b021e1e9.0_31	0
0x22dfd7	NOTYPE	..lin.6ee18075..b021e1e9.0_32	0
0x22dfe0	NOTYPE	..lin.6ee18075..b021e1e9.0_33	0
0x22dfe9	NOTYPE	..lin.6ee18075..b021e1e9.0_34	0
0x22dffc	NOTYPE	..lin.6ee18075..b021e1e9.0_35	0
0x22e011	NOTYPE	..lin.6ee18075..b021e1e9.0_36	0
0x22e03d	NOTYPE	..lin.6ee18075..b021e1e9.0_37	0
0x22e04b	NOTYPE	..lin.6ee18075..b021e1e9.0_38	0
0x22e04d	NOTYPE	..lin.6ee18075..b021e1e9.0_39	0
0x22e05f	NOTYPE	..lin.6ee18075..b021e1e9.0_40	0
0x22e063	NOTYPE	..lin.6ee18075..b021e1e9.0_41	0
0x22e07a	NOTYPE	..lin.6ee18075..b021e1e9.0_42	0
0x22e091	NOTYPE	..lin.6ee18075..b021e1e9.0_43	0
0x22e09b	FUNC	ProcessRx...2Fhome.2Fmal.2Fgm_release.2FMY22.2D026.2Ffinal.2Fiot.2Frtos.2Flibs.2Fgm.2Di35.2Frel.2Fwork.2Feth_i8254x.	255
0x22e0ac	NOTYPE	..lin.6ee18075..dd2463ce.0_44	0
0x22e0ca	NOTYPE	..lin.6ee18075..dd2463ce.0_45	0
0x22e0e0	NOTYPE	..lin.6ee18075..dd2463ce.0_46	0
0x22e0f2	NOTYPE	..lin.6ee18075..dd2463ce.0_47	0
0x22e0fb	NOTYPE	..lin.6ee18075..dd2463ce.0_48	0
0x22e10b	NOTYPE	..lin.6ee18075..dd2463ce.0_49	0
0x22e11f	NOTYPE	..lin.6ee18075..dd2463ce.0_50	0
0x22e124	NOTYPE	..lin.6ee18075..dd2463ce.0_51	0
0x22e138	NOTYPE	..lin.6ee18075..dd2463ce.0_52	0
0x22e148	NOTYPE	..lin.6ee18075..dd2463ce.0_53	0
0x22e15e	NOTYPE	..lin.6ee18075..dd2463ce.0_54	0
0x22e162	NOTYPE	..lin.6ee18075..dd2463ce.0_55	0
0x22e179	NOTYPE	..lin.6ee18075..dd2463ce.0_56	0
0x22e190	NOTYPE	..lin.6ee18075..dd2463ce.0_57	0
0x22e19a	FUNC	I8254X_ExceptionCallback...2Fhome.2Fmal.2Fgm_release.2FMY22.2D026.2Ffinal.2Fiot.2Frtos.2Flibs.2Fgm.2Di35.2Frel.2Fwork.2Feth_i8254x.	240
0x22e1b6	NOTYPE	..lin.6ee18075..3186c3d4.0_58	0
0x22e1ca	NOTYPE	..lin.6ee18075..3186c3d4.0_59	0
0x22e1da	NOTYPE	..lin.6ee18075..3186c3d4.0_60	0
0x22e1e2	NOTYPE	..lin.6ee18075..3186c3d4.0_61	0
0x22e1eb	NOTYPE	..lin.6ee18075..3186c3d4.0_62	0
0x22e1f7	NOTYPE	..lin.6ee18075..3186c3d4.0_63	0
0x22e1fe	NOTYPE	..lin.6ee18075..3186c3d4.0_64	0
0x22e203	NOTYPE	..lin.6ee18075..3186c3d4.0_65	0
0x22e20c	NOTYPE	..lin.6ee18075..3186c3d4.0_66	0
0x22e21a	NOTYPE	..lin.6ee18075..3186c3d4.0_67	0
0x22e221	NOTYPE	..lin.6ee18075..3186c3d4.0_68	0
0x22e232	NOTYPE	..lin.6ee18075..3186c3d4.0_69	0
0x22e247	NOTYPE	..lin.6ee18075..3186c3d4.0_70	0
0x22e252	NOTYPE	..lin.6ee18075..3186c3d4.0_71	0
0x22e262	NOTYPE	..lin.6ee18075..3186c3d4.0_72	0
0x22e274	NOTYPE	..lin.6ee18075..3186c3d4.0_73	0
0x22e27b	NOTYPE	..lin.6ee18075..3186c3d4.0_74	0
0x22e285	NOTYPE	..lin.6ee18075..3186c3d4.0_75	0
0x22e28a	FUNC	I8254X_Initialize...2Fhome.2Fmal.2Fgm_release.2FMY22.2D026.2Ffinal.2Fiot.2Frtos.2Flibs.2Fgm.2Di35.2Frel.2Fwork.2Feth_i8254x.	135
0x22e299	NOTYPE	..lin.6ee18075..947f870a.0_76	0
0x22e2a5	NOTYPE	..lin.6ee18075..947f870a.0_77	0
0x22e2aa	NOTYPE	..lin.6ee18075..947f870a.0_78	0
0x22e2d2	NOTYPE	..lin.6ee18075..947f870a.0_79	0
0x22e2e6	NOTYPE	..lin.6ee18075..947f870a.0_80	0
0x22e2fe	NOTYPE	..lin.6ee18075..947f870a.0_81	0
0x22e306	NOTYPE	..lin.6ee18075..947f870a.0_82	0
0x22e30a	NOTYPE	..lin.6ee18075..947f870a.0_83	0
0x22e311	FUNC	I8254X_ReadRegister...2Fhome.2Fmal.2Fgm_release.2FMY22.2D026.2Ffinal.2Fiot.2Frtos.2Flibs.2Fgm.2Di35.2Frel.2Fwork.2Feth_i8254x.	78
0x22e320	NOTYPE	..lin.6ee18075..40ff3fd9.0_84	0
0x22e332	NOTYPE	..lin.6ee18075..40ff3fd9.0_85	0
0x22e33c	NOTYPE	..lin.6ee18075..40ff3fd9.0_86	0
0x22e345	NOTYPE	..lin.6ee18075..40ff3fd9.0_87	0
0x22e34e	NOTYPE	..lin.6ee18075..40ff3fd9.0_88	0
0x22e356	NOTYPE	..lin.6ee18075..40ff3fd9.0_89	0
0x22e35f	FUNC	I8254X_WriteRegister...2Fhome.2Fmal.2Fgm_release.2FMY22.2D026.2Ffinal.2Fiot.2Frtos.2Flibs.2Fgm.2Di35.2Frel.2Fwork.2Feth_i8254x.	248
0x22e36e	NOTYPE	..lin.6ee18075..52b26d48.0_90	0
0x22e37b	NOTYPE	..lin.6ee18075..52b26d48.0_91	0
0x22e388	NOTYPE	..lin.6ee18075..52b26d48.0_92	0
0x22e395	NOTYPE	..lin.6ee18075..52b26d48.0_93	0
0x22e3a8	NOTYPE	..lin.6ee18075..52b26d48.0_94	0
0x22e3bc	NOTYPE	..lin.6ee18075..52b26d48.0_95	0
0x22e3d0	NOTYPE	..lin.6ee18075..52b26d48.0_96	0
0x22e3e4	NOTYPE	..lin.6ee18075..52b26d48.0_97	0
0x22e3f8	NOTYPE	..lin.6ee18075..52b26d48.0_98	0
0x22e40c	NOTYPE	..lin.6ee18075..52b26d48.0_99	0
0x22e420	NOTYPE	..lin.6ee18075..52b26d48.0_100	0
0x22e42f	NOTYPE	..lin.6ee18075..52b26d48.0_101	0
0x22e43e	NOTYPE	..lin.6ee18075..52b26d48.0_102	0
0x22e44a	NOTYPE	..lin.6ee18075..52b26d48.0_103	0
0x22e44e	NOTYPE	..lin.6ee18075..52b26d48.0_104	0
0x22e457	FUNC	I8254X_WritePacket...2Fhome.2Fmal.2Fgm_release.2FMY22.2D026.2Ffinal.2Fiot.2Frtos.2Flibs.2Fgm.2Di35.2Frel.2Fwork.2Feth_i8254x.	340
0x22e474	NOTYPE	..lin.6ee18075..2351597b.0_105	0
0x22e493	NOTYPE	..lin.6ee18075..2351597b.0_106	0
0x22e49c	NOTYPE	..lin.6ee18075..2351597b.0_107	0
0x22e4b8	NOTYPE	..lin.6ee18075..2351597b.0_108	0
0x22e4d4	NOTYPE	..lin.6ee18075..2351597b.0_109	0
0x22e4e6	NOTYPE	..lin.6ee18075..2351597b.0_110	0
0x22e4f1	NOTYPE	..lin.6ee18075..2351597b.0_111	0
0x22e507	NOTYPE	..lin.6ee18075..2351597b.0_112	0
0x22e524	NOTYPE	..lin.6ee18075..2351597b.0_113	0
0x22e53c	NOTYPE	..lin.6ee18075..2351597b.0_114	0
0x22e54d	NOTYPE	..lin.6ee18075..2351597b.0_115	0
0x22e559	NOTYPE	..lin.6ee18075..2351597b.0_116	0
0x22e56f	NOTYPE	..lin.6ee18075..2351597b.0_117	0
0x22e581	NOTYPE	..lin.6ee18075..2351597b.0_118	0
0x22e59f	NOTYPE	..lin.6ee18075..2351597b.0_119	0
0x22e5ab	FUNC	I8254X_ExceptionHandler...2Fhome.2Fmal.2Fgm_release.2FMY22.2D026.2Ffinal.2Fiot.2Frtos.2Flibs.2Fgm.2Di35.2Frel.2Fwork.2Feth_i8254x.	99
0x22e5bd	NOTYPE	..lin.6ee18075..df9aa325.0_120	0
0x22e5ca	NOTYPE	..lin.6ee18075..df9aa325.0_121	0
0x22e5d7	NOTYPE	..lin.6ee18075..df9aa325.0_122	0
0x22e5db	NOTYPE	..lin.6ee18075..df9aa325.0_123	0
0x22e5e1	NOTYPE	..lin.6ee18075..df9aa325.0_124	0
0x22e5e8	NOTYPE	..lin.6ee18075..df9aa325.0_125	0
0x22e5fa	NOTYPE	..lin.6ee18075..df9aa325.0_126	0
0x22e607	NOTYPE	..lin.6ee18075..df9aa325.0_127	0
0x22e60e	FUNC	I8254X_ConfigureInterrupts...2Fhome.2Fmal.2Fgm_release.2FMY22.2D026.2Ffinal.2Fiot.2Frtos.2Flibs.2Fgm.2Di35.2Frel.2Fwork.2Feth_i8254x.	5
0x22e613	FUNC	I8254X_GetMacAddress...2Fhome.2Fmal.2Fgm_release.2FMY22.2D026.2Ffinal.2Fiot.2Frtos.2Flibs.2Fgm.2Di35.2Frel.2Fwork.2Feth_i8254x.	49
0x22e61c	NOTYPE	..lin.6ee18075..1a7da0f.0_128	0
0x22e622	NOTYPE	..lin.6ee18075..1a7da0f.0_129	0
0x22e628	NOTYPE	..lin.6ee18075..1a7da0f.0_130	0
0x22e62c	NOTYPE	..lin.6ee18075..1a7da0f.0_131	0
0x22e636	NOTYPE	..lin.6ee18075..1a7da0f.0_132	0
0x22e640	NOTYPE	..lin.6ee18075..1a7da0f.0_133	0
0x22e644	FUNC	i8254x_driver_match...2Fhome.2Fmal.2Fgm_release.2FMY22.2D026.2Ffinal.2Fiot.2Frtos.2Flibs.2Fgm.2Di35.2Frel.2Fwork.2Feth_i8254x.	62
0x22e649	NOTYPE	..lin.6ee18075..ab669cb0.0_134	0
0x22e66a	NOTYPE	..lin.6ee18075..ab669cb0.0_135	0
0x22e675	NOTYPE	..lin.6ee18075..ab669cb0.0_136	0
0x22e67c	NOTYPE	..lin.6ee18075..ab669cb0.0_137	0
0x22e682	FUNC	i8254x_msi_info...2Fhome.2Fmal.2Fgm_release.2FMY22.2D026.2Ffinal.2Fiot.2Frtos.2Flibs.2Fgm.2Di35.2Frel.2Fwork.2Feth_i8254x.	26
0x22e69c	FUNC	i8254x_driver_init...2Fhome.2Fmal.2Fgm_release.2FMY22.2D026.2Ffinal.2Fiot.2Frtos.2Flibs.2Fgm.2Di35.2Frel.2Fwork.2Feth_i8254x.	243
0x22e6bd	NOTYPE	..lin.6ee18075..bf5e37b7.0_138	0
0x22e6d8	NOTYPE	..lin.6ee18075..bf5e37b7.0_139	0
0x22e6dc	NOTYPE	..lin.6ee18075..bf5e37b7.0_140	0
0x22e6f8	NOTYPE	..lin.6ee18075..bf5e37b7.0_141	0
0x22e708	NOTYPE	..lin.6ee18075..bf5e37b7.0_142	0
0x22e70c	NOTYPE	..lin.6ee18075..bf5e37b7.0_143	0
0x22e712	NOTYPE	..lin.6ee18075..bf5e37b7.0_144	0
0x22e72c	NOTYPE	..lin.6ee18075..bf5e37b7.0_145	0
0x22e73e	NOTYPE	..lin.6ee18075..bf5e37b7.0_146	0
0x22e749	NOTYPE	..lin.6ee18075..bf5e37b7.0_147	0
0x22e771	NOTYPE	..lin.6ee18075..bf5e37b7.0_148	0
0x22e77f	NOTYPE	..lin.6ee18075..bf5e37b7.0_149	0
0x22e788	NOTYPE	..lin.6ee18075..bf5e37b7.0_150	0
0x22e791	FUNC	i82544_disable_interrupts...2Fhome.2Fmal.2Fgm_release.2FMY22.2D026.2Ffinal.2Fiot.2Frtos.2Flibs.2Fgm.2Di35.2Frel.2Fwork.2Feth_i8254x_init.	19
0x22e7a4	NOTYPE	..lin.8faf9f28..c7da5ca7.0_1	0
0x22e7a4	FUNC	i82544_device_reset...2Fhome.2Fmal.2Fgm_release.2FMY22.2D026.2Ffinal.2Fiot.2Frtos.2Flibs.2Fgm.2Di35.2Frel.2Fwork.2Feth_i8254x_init.	80
0x22e7be	NOTYPE	..lin.8faf9f28..b1fda3c6.0_2	0
0x22e7c8	NOTYPE	..lin.8faf9f28..b1fda3c6.0_3	0
0x22e7ce	NOTYPE	..lin.8faf9f28..b1fda3c6.0_4	0
0x22e7d2	NOTYPE	..lin.8faf9f28..b1fda3c6.0_5	0
0x22e7ea	NOTYPE	..lin.8faf9f28..b1fda3c6.0_6	0
0x22e7f4	FUNC	phy_acquire_swflag...2Fhome.2Fmal.2Fgm_release.2FMY22.2D026.2Ffinal.2Fiot.2Frtos.2Flibs.2Fgm.2Di35.2Frel.2Fwork.2Feth_i8254x_init.	58
0x22e80b	NOTYPE	..lin.8faf9f28..a4d61322.0_7	0
0x22e815	NOTYPE	..lin.8faf9f28..a4d61322.0_8	0
0x22e82c	NOTYPE	..lin.8faf9f28..a4d61322.0_9	0
0x22e82e	FUNC	wait_for_phy_ready...2Fhome.2Fmal.2Fgm_release.2FMY22.2D026.2Ffinal.2Fiot.2Frtos.2Flibs.2Fgm.2Di35.2Frel.2Fwork.2Feth_i8254x_init.	119
0x22e853	NOTYPE	..lin.8faf9f28..a07000a4.0_10	0
0x22e85c	NOTYPE	..lin.8faf9f28..a07000a4.0_11	0
0x22e866	NOTYPE	..lin.8faf9f28..a07000a4.0_12	0
0x22e86f	NOTYPE	..lin.8faf9f28..a07000a4.0_13	0
0x22e878	NOTYPE	..lin.8faf9f28..a07000a4.0_14	0
0x22e882	NOTYPE	..lin.8faf9f28..a07000a4.0_15	0
0x22e88b	NOTYPE	..lin.8faf9f28..a07000a4.0_16	0
0x22e895	NOTYPE	..lin.8faf9f28..a07000a4.0_17	0
0x22e8a5	FUNC	phy_write_reg...2Fhome.2Fmal.2Fgm_release.2FMY22.2D026.2Ffinal.2Fiot.2Frtos.2Flibs.2Fgm.2Di35.2Frel.2Fwork.2Feth_i8254x_init.	92
0x22e8c4	NOTYPE	..lin.8faf9f28..95e750fd.0_18	0
0x22e8d3	NOTYPE	..lin.8faf9f28..95e750fd.0_19	0
0x22e8e2	NOTYPE	..lin.8faf9f28..95e750fd.0_20	0
0x22e8f3	NOTYPE	..lin.8faf9f28..95e750fd.0_21	0
0x22e8fb	NOTYPE	..lin.8faf9f28..95e750fd.0_22	0
0x22e901	FUNC	phy_read_reg...2Fhome.2Fmal.2Fgm_release.2FMY22.2D026.2Ffinal.2Fiot.2Frtos.2Flibs.2Fgm.2Di35.2Frel.2Fwork.2Feth_i8254x_init.	75
0x22e91c	NOTYPE	..lin.8faf9f28..91888f6e.0_23	0
0x22e92b	NOTYPE	..lin.8faf9f28..91888f6e.0_24	0
0x22e93c	NOTYPE	..lin.8faf9f28..91888f6e.0_25	0
0x22e944	NOTYPE	..lin.8faf9f28..91888f6e.0_26	0
0x22e94c	FUNC	phy_release_swflag...2Fhome.2Fmal.2Fgm_release.2FMY22.2D026.2Ffinal.2Fiot.2Frtos.2Flibs.2Fgm.2Di35.2Frel.2Fwork.2Feth_i8254x_init.	19
0x22e95f	NOTYPE	..lin.8faf9f28..3c73bad9.0_27	0
0x22e95f	FUNC	i82544_link_configure...2Fhome.2Fmal.2Fgm_release.2FMY22.2D026.2Ffinal.2Fiot.2Frtos.2Flibs.2Fgm.2Di35.2Frel.2Fwork.2Feth_i8254x_init.	131
0x22e976	NOTYPE	..lin.8faf9f28..5b44b403.0_28	0
0x22e984	NOTYPE	..lin.8faf9f28..5b44b403.0_29	0
0x22e98d	NOTYPE	..lin.8faf9f28..5b44b403.0_30	0
0x22e995	NOTYPE	..lin.8faf9f28..5b44b403.0_31	0
0x22e9a9	NOTYPE	..lin.8faf9f28..5b44b403.0_32	0
0x22e9c1	NOTYPE	..lin.8faf9f28..5b44b403.0_33	0
0x22e9d8	NOTYPE	..lin.8faf9f28..5b44b403.0_34	0
0x22e9e0	NOTYPE	..lin.8faf9f28..5b44b403.0_35	0
0x22e9e2	FUNC	i82544_reset_rx_ring...2Fhome.2Fmal.2Fgm_release.2FMY22.2D026.2Ffinal.2Fiot.2Frtos.2Flibs.2Fgm.2Di35.2Frel.2Fwork.2Feth_i8254x_init.	94
0x22e9fb	NOTYPE	..lin.8faf9f28..9f81286f.0_36	0
0x22ea0b	NOTYPE	..lin.8faf9f28..9f81286f.0_37	0
0x22ea1e	NOTYPE	..lin.8faf9f28..9f81286f.0_38	0
0x22ea2e	NOTYPE	..lin.8faf9f28..9f81286f.0_39	0
0x22ea3e	NOTYPE	..lin.8faf9f28..9f81286f.0_40	0
0x22ea40	FUNC	i82544_receiver_configure...2Fhome.2Fmal.2Fgm_release.2FMY22.2D026.2Ffinal.2Fiot.2Frtos.2Flibs.2Fgm.2Di35.2Frel.2Fwork.2Feth_i8254x_init.	211
0x22ea59	NOTYPE	..lin.8faf9f28..bae5894a.0_41	0
0x22ea6a	NOTYPE	..lin.8faf9f28..bae5894a.0_42	0
0x22ea74	NOTYPE	..lin.8faf9f28..bae5894a.0_43	0
0x22ea7d	NOTYPE	..lin.8faf9f28..bae5894a.0_44	0
0x22ea9f	NOTYPE	..lin.8faf9f28..bae5894a.0_45	0
0x22ead6	NOTYPE	..lin.8faf9f28..bae5894a.0_46	0
0x22eae9	NOTYPE	..lin.8faf9f28..bae5894a.0_47	0
0x22eaf2	NOTYPE	..lin.8faf9f28..bae5894a.0_48	0
0x22eb05	NOTYPE	..lin.8faf9f28..bae5894a.0_49	0
0x22eb0d	NOTYPE	..lin.8faf9f28..bae5894a.0_50	0
0x22eb13	FUNC	i82544_reset_tx_ring...2Fhome.2Fmal.2Fgm_release.2FMY22.2D026.2Ffinal.2Fiot.2Frtos.2Flibs.2Fgm.2Di35.2Frel.2Fwork.2Feth_i8254x_init.	101
0x22eb33	NOTYPE	..lin.8faf9f28..3975a1f1.0_51	0
0x22eb43	NOTYPE	..lin.8faf9f28..3975a1f1.0_52	0
0x22eb56	NOTYPE	..lin.8faf9f28..3975a1f1.0_53	0
0x22eb66	NOTYPE	..lin.8faf9f28..3975a1f1.0_54	0
0x22eb76	NOTYPE	..lin.8faf9f28..3975a1f1.0_55	0
0x22eb78	FUNC	i82544_transmitter_configure...2Fhome.2Fmal.2Fgm_release.2FMY22.2D026.2Ffinal.2Fiot.2Frtos.2Flibs.2Fgm.2Di35.2Frel.2Fwork.2Feth_i8254x_init.	165
0x22eb8d	NOTYPE	..lin.8faf9f28..2f42d52.0_56	0
0x22eb9f	NOTYPE	..lin.8faf9f28..2f42d52.0_57	0
0x22ebb0	NOTYPE	..lin.8faf9f28..2f42d52.0_58	0
0x22ebc0	NOTYPE	..lin.8faf9f28..2f42d52.0_59	0
0x22ebd2	NOTYPE	..lin.8faf9f28..2f42d52.0_60	0
0x22ebd9	NOTYPE	..lin.8faf9f28..2f42d52.0_61	0
0x22ebe3	NOTYPE	..lin.8faf9f28..2f42d52.0_62	0
0x22ec13	NOTYPE	..lin.8faf9f28..2f42d52.0_63	0
0x22ec1b	NOTYPE	..lin.8faf9f28..2f42d52.0_64	0
0x22ec1d	FUNC	i82544_enable_interrupts...2Fhome.2Fmal.2Fgm_release.2FMY22.2D026.2Ffinal.2Fiot.2Frtos.2Flibs.2Fgm.2Di35.2Frel.2Fwork.2Feth_i8254x_init.	19
0x22ec30	NOTYPE	..lin.8faf9f28..2a3447da.0_65	0
0x22ec30	FUNC	I8254X_InitDevice	172
0x22ec39	NOTYPE	..lin.8faf9f28..3e7e829c.0_66	0
0x22ec45	NOTYPE	..lin.8faf9f28..3e7e829c.0_67	0
0x22ec4e	NOTYPE	..lin.8faf9f28..3e7e829c.0_68	0
0x22ec56	NOTYPE	..lin.8faf9f28..3e7e829c.0_69	0
0x22ec5e	NOTYPE	..lin.8faf9f28..3e7e829c.0_70	0
0x22ec66	NOTYPE	..lin.8faf9f28..3e7e829c.0_71	0
0x22ec7f	NOTYPE	..lin.8faf9f28..3e7e829c.0_72	0
0x22ecaa	NOTYPE	..lin.8faf9f28..3e7e829c.0_73	0
0x22ecb2	NOTYPE	..lin.8faf9f28..3e7e829c.0_74	0
0x22ecc5	NOTYPE	..lin.8faf9f28..3e7e829c.0_75	0
0x22ecd8	NOTYPE	..lin.8faf9f28..3e7e829c.0_76	0
0x22ecdd	FUNC	LpssI2CDriver_TickCallback...2Fhome.2Fmal.2Fgm_release.2FMY22.2D026.2Ffinal.2Fiot.2Frtos.2Flibs.2Fgm.2Di35.2Frel.2Fwork.2Fi2c_lpss.	44
0x22ece3	NOTYPE	..lin.5d4d0da0..96ae4d88.0_1	0
0x22ecea	NOTYPE	..lin.5d4d0da0..96ae4d88.0_2	0
0x22ecef	NOTYPE	..lin.5d4d0da0..96ae4d88.0_3	0
0x22ed05	NOTYPE	..lin.5d4d0da0..96ae4d88.0_4	0
0x22ed09	FUNC	LpssI2CDriver_InitializeResources...2Fhome.2Fmal.2Fgm_release.2FMY22.2D026.2Ffinal.2Fiot.2Frtos.2Flibs.2Fgm.2Di35.2Frel.2Fwork.2Fi2c_lpss.	235
0x22ed33	NOTYPE	..lin.5d4d0da0..579cf35d.0_5	0
0x22ed38	NOTYPE	..lin.5d4d0da0..579cf35d.0_6	0
0x22ed41	NOTYPE	..lin.5d4d0da0..579cf35d.0_7	0
0x22ed9b	NOTYPE	..lin.5d4d0da0..579cf35d.0_8	0
0x22eda8	NOTYPE	..lin.5d4d0da0..579cf35d.0_9	0
0x22edb9	NOTYPE	..lin.5d4d0da0..579cf35d.0_10	0
0x22edc5	NOTYPE	..lin.5d4d0da0..579cf35d.0_11	0
0x22edcb	NOTYPE	..lin.5d4d0da0..579cf35d.0_12	0
0x22edeb	NOTYPE	..lin.5d4d0da0..579cf35d.0_13	0
0x22edf4	FUNC	LpssI2CDriver_Initialize...2Fhome.2Fmal.2Fgm_release.2FMY22.2D026.2Ffinal.2Fiot.2Frtos.2Flibs.2Fgm.2Di35.2Frel.2Fwork.2Fi2c_lpss.	104
0x22ee03	NOTYPE	..lin.5d4d0da0..aa8378c2.0_14	0
0x22ee18	NOTYPE	..lin.5d4d0da0..aa8378c2.0_15	0
0x22ee30	NOTYPE	..lin.5d4d0da0..aa8378c2.0_16	0
0x22ee36	NOTYPE	..lin.5d4d0da0..aa8378c2.0_17	0
0x22ee45	NOTYPE	..lin.5d4d0da0..aa8378c2.0_18	0
0x22ee4d	NOTYPE	..lin.5d4d0da0..aa8378c2.0_19	0
0x22ee55	NOTYPE	..lin.5d4d0da0..aa8378c2.0_20	0
0x22ee5c	FUNC	LpssI2CDriver_ExceptionHandler...2Fhome.2Fmal.2Fgm_release.2FMY22.2D026.2Ffinal.2Fiot.2Frtos.2Flibs.2Fgm.2Di35.2Frel.2Fwork.2Fi2c_lpss.	31
0x22ee6f	NOTYPE	..lin.5d4d0da0..12eafedd.0_21	0
0x22ee77	NOTYPE	..lin.5d4d0da0..12eafedd.0_22	0
0x22ee7b	FUNC	LpssI2CDriver_WriteStatus...2Fhome.2Fmal.2Fgm_release.2FMY22.2D026.2Ffinal.2Fiot.2Frtos.2Flibs.2Fgm.2Di35.2Frel.2Fwork.2Fi2c_lpss.	158
0x22ee98	NOTYPE	..lin.5d4d0da0..229dd3f.0_23	0
0x22eea1	NOTYPE	..lin.5d4d0da0..229dd3f.0_24	0
0x22eea7	NOTYPE	..lin.5d4d0da0..229dd3f.0_25	0
0x22eead	NOTYPE	..lin.5d4d0da0..229dd3f.0_26	0
0x22eeb3	NOTYPE	..lin.5d4d0da0..229dd3f.0_27	0
0x22eeb7	NOTYPE	..lin.5d4d0da0..229dd3f.0_28	0
0x22eece	NOTYPE	..lin.5d4d0da0..229dd3f.0_29	0
0x22eedd	NOTYPE	..lin.5d4d0da0..229dd3f.0_30	0
0x22eef0	NOTYPE	..lin.5d4d0da0..229dd3f.0_31	0
0x22eefd	NOTYPE	..lin.5d4d0da0..229dd3f.0_32	0
0x22ef19	FUNC	LpssI2CDriver_ReadStatus...2Fhome.2Fmal.2Fgm_release.2FMY22.2D026.2Ffinal.2Fiot.2Frtos.2Flibs.2Fgm.2Di35.2Frel.2Fwork.2Fi2c_lpss.	125
0x22ef30	NOTYPE	..lin.5d4d0da0..52d0a090.0_33	0
0x22ef36	NOTYPE	..lin.5d4d0da0..52d0a090.0_34	0
0x22ef3c	NOTYPE	..lin.5d4d0da0..52d0a090.0_35	0
0x22ef42	NOTYPE	..lin.5d4d0da0..52d0a090.0_36	0
0x22ef5f	NOTYPE	..lin.5d4d0da0..52d0a090.0_37	0
0x22ef64	NOTYPE	..lin.5d4d0da0..52d0a090.0_38	0
0x22ef7e	NOTYPE	..lin.5d4d0da0..52d0a090.0_39	0
0x22ef8b	NOTYPE	..lin.5d4d0da0..52d0a090.0_40	0
0x22ef96	FUNC	LpssI2CDriver_ReadRegister...2Fhome.2Fmal.2Fgm_release.2FMY22.2D026.2Ffinal.2Fiot.2Frtos.2Flibs.2Fgm.2Di35.2Frel.2Fwork.2Fi2c_lpss.	93
0x22efaf	NOTYPE	..lin.5d4d0da0..e7c67f91.0_41	0
0x22efb8	NOTYPE	..lin.5d4d0da0..e7c67f91.0_42	0
0x22efc8	NOTYPE	..lin.5d4d0da0..e7c67f91.0_43	0
0x22efcf	NOTYPE	..lin.5d4d0da0..e7c67f91.0_44	0
0x22efe6	NOTYPE	..lin.5d4d0da0..e7c67f91.0_45	0
0x22eff3	FUNC	LpssI2CDriver_WriteRegister...2Fhome.2Fmal.2Fgm_release.2FMY22.2D026.2Ffinal.2Fiot.2Frtos.2Flibs.2Fgm.2Di35.2Frel.2Fwork.2Fi2c_lpss.	59
0x22f002	NOTYPE	..lin.5d4d0da0..d261a400.0_46	0
0x22f00b	NOTYPE	..lin.5d4d0da0..d261a400.0_47	0
0x22f011	NOTYPE	..lin.5d4d0da0..d261a400.0_48	0
0x22f01a	NOTYPE	..lin.5d4d0da0..d261a400.0_49	0
0x22f025	NOTYPE	..lin.5d4d0da0..d261a400.0_50	0
0x22f02e	FUNC	LpssI2cMatch...2Fhome.2Fmal.2Fgm_release.2FMY22.2D026.2Ffinal.2Fiot.2Frtos.2Flibs.2Fgm.2Di35.2Frel.2Fwork.2Fi2c_lpss.	51
0x22f044	NOTYPE	..lin.5d4d0da0..b2549152.0_51	0
0x22f04b	NOTYPE	..lin.5d4d0da0..b2549152.0_52	0
0x22f056	NOTYPE	..lin.5d4d0da0..b2549152.0_53	0
0x22f061	FUNC	LpssI2cInit...2Fhome.2Fmal.2Fgm_release.2FMY22.2D026.2Ffinal.2Fiot.2Frtos.2Flibs.2Fgm.2Di35.2Frel.2Fwork.2Fi2c_lpss.	81
0x22f074	NOTYPE	..lin.5d4d0da0..2c2f2019.0_54	0
0x22f07a	NOTYPE	..lin.5d4d0da0..2c2f2019.0_55	0
0x22f08d	NOTYPE	..lin.5d4d0da0..2c2f2019.0_56	0
0x22f0ae	NOTYPE	..lin.5d4d0da0..2c2f2019.0_57	0
0x22f0b5	FUNC	SDHC_TransferCreate...2Fhome.2Fmal.2Fgm_release.2FMY22.2D026.2Ffinal.2Fiot.2Frtos.2Flibs.2Fgm.2Di35.2Frel.2Fwork.2Fsdhc.	3
0x22f0b8	FUNC	SDHC_TransferWriteRegister...2Fhome.2Fmal.2Fgm_release.2FMY22.2D026.2Ffinal.2Fiot.2Frtos.2Flibs.2Fgm.2Di35.2Frel.2Fwork.2Fsdhc.	112
0x22f0cf	NOTYPE	..lin.c33d6b23..2fc0867b.0_1	0
0x22f0d5	NOTYPE	..lin.c33d6b23..2fc0867b.0_2	0
0x22f0db	NOTYPE	..lin.c33d6b23..2fc0867b.0_3	0
0x22f0fb	NOTYPE	..lin.c33d6b23..2fc0867b.0_4	0
0x22f10e	NOTYPE	..lin.c33d6b23..2fc0867b.0_5	0
0x22f122	NOTYPE	..lin.c33d6b23..2fc0867b.0_6	0
0x22f128	FUNC	SDHC_TickCallback...2Fhome.2Fmal.2Fgm_release.2FMY22.2D026.2Ffinal.2Fiot.2Frtos.2Flibs.2Fgm.2Di35.2Frel.2Fwork.2Fsdhc.	83
0x22f135	NOTYPE	..lin.c33d6b23..3af523fe.0_7	0
0x22f143	NOTYPE	..lin.c33d6b23..3af523fe.0_8	0
0x22f165	NOTYPE	..lin.c33d6b23..3af523fe.0_9	0
0x22f171	NOTYPE	..lin.c33d6b23..3af523fe.0_10	0
0x22f173	NOTYPE	..lin.c33d6b23..3af523fe.0_11	0
0x22f17b	FUNC	SDHC_Initialize	649
0x22f19a	NOTYPE	..lin.c33d6b23..df1639b8.0_12	0
0x22f1af	NOTYPE	..lin.c33d6b23..df1639b8.0_13	0
0x22f1c1	NOTYPE	..lin.c33d6b23..df1639b8.0_14	0
0x22f1ca	NOTYPE	..lin.c33d6b23..df1639b8.0_15	0
0x22f1e9	NOTYPE	..lin.c33d6b23..df1639b8.0_16	0
0x22f1fe	NOTYPE	..lin.c33d6b23..df1639b8.0_17	0
0x22f204	NOTYPE	..lin.c33d6b23..df1639b8.0_18	0
0x22f216	NOTYPE	..lin.c33d6b23..df1639b8.0_19	0
0x22f2a8	NOTYPE	..lin.c33d6b23..df1639b8.0_20	0
0x22f2c4	NOTYPE	..lin.c33d6b23..df1639b8.0_21	0
0x22f334	NOTYPE	..lin.c33d6b23..df1639b8.0_22	0
0x22f358	NOTYPE	..lin.c33d6b23..df1639b8.0_23	0
0x22f368	NOTYPE	..lin.c33d6b23..df1639b8.0_24	0
0x22f37e	NOTYPE	..lin.c33d6b23..df1639b8.0_25	0
0x22f3ad	NOTYPE	..lin.c33d6b23..df1639b8.0_26	0
0x22f3c1	NOTYPE	..lin.c33d6b23..df1639b8.0_27	0
0x22f3cc	NOTYPE	..lin.c33d6b23..df1639b8.0_28	0
0x22f3d4	NOTYPE	..lin.c33d6b23..df1639b8.0_29	0
0x22f3eb	NOTYPE	..lin.c33d6b23..df1639b8.0_30	0
0x22f3f7	NOTYPE	..lin.c33d6b23..df1639b8.0_31	0
0x22f404	FUNC	SDHC_InterruptHandler	406
0x22f423	NOTYPE	..lin.c33d6b23..d805ce11.0_32	0
0x22f434	NOTYPE	..lin.c33d6b23..d805ce11.0_33	0
0x22f445	NOTYPE	..lin.c33d6b23..d805ce11.0_34	0
0x22f45a	NOTYPE	..lin.c33d6b23..d805ce11.0_35	0
0x22f46b	NOTYPE	..lin.c33d6b23..d805ce11.0_36	0
0x22f471	NOTYPE	..lin.c33d6b23..d805ce11.0_37	0
0x22f482	NOTYPE	..lin.c33d6b23..d805ce11.0_38	0
0x22f488	NOTYPE	..lin.c33d6b23..d805ce11.0_39	0
0x22f499	NOTYPE	..lin.c33d6b23..d805ce11.0_40	0
0x22f4c2	NOTYPE	..lin.c33d6b23..d805ce11.0_41	0
0x22f4de	NOTYPE	..lin.c33d6b23..d805ce11.0_42	0
0x22f4f0	NOTYPE	..lin.c33d6b23..d805ce11.0_43	0
0x22f4f5	NOTYPE	..lin.c33d6b23..d805ce11.0_44	0
0x22f4fd	NOTYPE	..lin.c33d6b23..d805ce11.0_45	0
0x22f50d	NOTYPE	..lin.c33d6b23..d805ce11.0_46	0
0x22f512	NOTYPE	..lin.c33d6b23..d805ce11.0_47	0
0x22f51e	NOTYPE	..lin.c33d6b23..d805ce11.0_48	0
0x22f552	NOTYPE	..lin.c33d6b23..d805ce11.0_49	0
0x22f55e	NOTYPE	..lin.c33d6b23..d805ce11.0_50	0
0x22f574	NOTYPE	..lin.c33d6b23..d805ce11.0_51	0
0x22f579	NOTYPE	..lin.c33d6b23..d805ce11.0_52	0
0x22f585	NOTYPE	..lin.c33d6b23..d805ce11.0_53	0
0x22f58d	NOTYPE	..lin.c33d6b23..d805ce11.0_54	0
0x22f59a	FUNC	SDHC_ReadRegister	186
0x22f5b3	NOTYPE	..lin.c33d6b23..8c0d5607.0_55	0
0x22f5bc	NOTYPE	..lin.c33d6b23..8c0d5607.0_56	0
0x22f5d0	NOTYPE	..lin.c33d6b23..8c0d5607.0_57	0
0x22f5e3	NOTYPE	..lin.c33d6b23..8c0d5607.0_58	0
0x22f5ec	NOTYPE	..lin.c33d6b23..8c0d5607.0_59	0
0x22f600	NOTYPE	..lin.c33d6b23..8c0d5607.0_60	0
0x22f604	NOTYPE	..lin.c33d6b23..8c0d5607.0_61	0
0x22f60d	NOTYPE	..lin.c33d6b23..8c0d5607.0_62	0
0x22f61a	NOTYPE	..lin.c33d6b23..8c0d5607.0_63	0
0x22f623	NOTYPE	..lin.c33d6b23..8c0d5607.0_64	0
0x22f62c	NOTYPE	..lin.c33d6b23..8c0d5607.0_65	0
0x22f635	NOTYPE	..lin.c33d6b23..8c0d5607.0_66	0
0x22f63d	NOTYPE	..lin.c33d6b23..8c0d5607.0_67	0
0x22f64b	NOTYPE	..lin.c33d6b23..8c0d5607.0_68	0
0x22f654	FUNC	SDHC_HandleCommand...2Fhome.2Fmal.2Fgm_release.2FMY22.2D026.2Ffinal.2Fiot.2Frtos.2Flibs.2Fgm.2Di35.2Frel.2Fwork.2Fsdhc.	235
0x22f676	NOTYPE	..lin.c33d6b23..4eade91.0_69	0
0x22f6a9	NOTYPE	..lin.c33d6b23..4eade91.0_70	0
0x22f6b0	NOTYPE	..lin.c33d6b23..4eade91.0_71	0
0x22f6b6	NOTYPE	..lin.c33d6b23..4eade91.0_72	0
0x22f6bb	NOTYPE	..lin.c33d6b23..4eade91.0_73	0
0x22f6c2	NOTYPE	..lin.c33d6b23..4eade91.0_74	0
0x22f6c8	NOTYPE	..lin.c33d6b23..4eade91.0_75	0
0x22f6cd	NOTYPE	..lin.c33d6b23..4eade91.0_76	0
0x22f6d2	NOTYPE	..lin.c33d6b23..4eade91.0_77	0
0x22f6df	NOTYPE	..lin.c33d6b23..4eade91.0_78	0
0x22f710	NOTYPE	..lin.c33d6b23..4eade91.0_79	0
0x22f721	NOTYPE	..lin.c33d6b23..4eade91.0_80	0
0x22f732	NOTYPE	..lin.c33d6b23..4eade91.0_81	0
0x22f73f	FUNC	SDHC_WriteRegister	528
0x22f758	NOTYPE	..lin.c33d6b23..ff834936.0_82	0
0x22f761	NOTYPE	..lin.c33d6b23..ff834936.0_83	0
0x22f76f	NOTYPE	..lin.c33d6b23..ff834936.0_84	0
0x22f77c	NOTYPE	..lin.c33d6b23..ff834936.0_85	0
0x22f79c	NOTYPE	..lin.c33d6b23..ff834936.0_86	0
0x22f7af	NOTYPE	..lin.c33d6b23..ff834936.0_87	0
0x22f7c3	NOTYPE	..lin.c33d6b23..ff834936.0_88	0
0x22f7d4	NOTYPE	..lin.c33d6b23..ff834936.0_89	0
0x22f7eb	NOTYPE	..lin.c33d6b23..ff834936.0_90	0
0x22f801	NOTYPE	..lin.c33d6b23..ff834936.0_91	0
0x22f809	NOTYPE	..lin.c33d6b23..ff834936.0_92	0
0x22f816	NOTYPE	..lin.c33d6b23..ff834936.0_93	0
0x22f81f	NOTYPE	..lin.c33d6b23..ff834936.0_94	0
0x22f828	NOTYPE	..lin.c33d6b23..ff834936.0_95	0
0x22f831	NOTYPE	..lin.c33d6b23..ff834936.0_96	0
0x22f84d	NOTYPE	..lin.c33d6b23..ff834936.0_97	0
0x22f856	NOTYPE	..lin.c33d6b23..ff834936.0_98	0
0x22f868	NOTYPE	..lin.c33d6b23..ff834936.0_99	0
0x22f89d	NOTYPE	..lin.c33d6b23..ff834936.0_100	0
0x22f8b9	NOTYPE	..lin.c33d6b23..ff834936.0_101	0
0x22f8be	NOTYPE	..lin.c33d6b23..ff834936.0_102	0
0x22f8c7	NOTYPE	..lin.c33d6b23..ff834936.0_103	0
0x22f8d7	NOTYPE	..lin.c33d6b23..ff834936.0_104	0
0x22f8e0	NOTYPE	..lin.c33d6b23..ff834936.0_105	0
0x22f8ec	NOTYPE	..lin.c33d6b23..ff834936.0_106	0
0x22f8f5	NOTYPE	..lin.c33d6b23..ff834936.0_107	0
0x22f904	NOTYPE	..lin.c33d6b23..ff834936.0_108	0
0x22f90f	NOTYPE	..lin.c33d6b23..ff834936.0_109	0
0x22f918	NOTYPE	..lin.c33d6b23..ff834936.0_110	0
0x22f925	NOTYPE	..lin.c33d6b23..ff834936.0_111	0
0x22f92e	NOTYPE	..lin.c33d6b23..ff834936.0_112	0
0x22f93b	NOTYPE	..lin.c33d6b23..ff834936.0_113	0
0x22f944	NOTYPE	..lin.c33d6b23..ff834936.0_114	0
0x22f952	FUNC	SDHC_pci_driver_match...2Fhome.2Fmal.2Fgm_release.2FMY22.2D026.2Ffinal.2Fiot.2Frtos.2Flibs.2Fgm.2Di35.2Frel.2Fwork.2Fpci_sdhc.	52
0x22f957	NOTYPE	..lin.9d02169e..e9a17799.0_1	0
0x22f96f	NOTYPE	..lin.9d02169e..e9a17799.0_2	0
0x22f97a	NOTYPE	..lin.9d02169e..e9a17799.0_3	0
0x22f980	NOTYPE	..lin.9d02169e..e9a17799.0_4	0
0x22f986	FUNC	SDHC_pci_msi_info...2Fhome.2Fmal.2Fgm_release.2FMY22.2D026.2Ffinal.2Fiot.2Frtos.2Flibs.2Fgm.2Di35.2Frel.2Fwork.2Fpci_sdhc.	26
0x22f9a0	FUNC	SDHC_pci_driver_init...2Fhome.2Fmal.2Fgm_release.2FMY22.2D026.2Ffinal.2Fiot.2Frtos.2Flibs.2Fgm.2Di35.2Frel.2Fwork.2Fpci_sdhc.	155
0x22f9c1	NOTYPE	..lin.9d02169e..d0c4d980.0_5	0
0x22f9d5	NOTYPE	..lin.9d02169e..d0c4d980.0_6	0
0x22f9d9	NOTYPE	..lin.9d02169e..d0c4d980.0_7	0
0x22f9df	NOTYPE	..lin.9d02169e..d0c4d980.0_8	0
0x22f9ea	NOTYPE	..lin.9d02169e..d0c4d980.0_9	0
0x22f9f5	NOTYPE	..lin.9d02169e..d0c4d980.0_10	0
0x22fa1d	NOTYPE	..lin.9d02169e..d0c4d980.0_11	0
0x22fa2b	NOTYPE	..lin.9d02169e..d0c4d980.0_12	0
0x22fa34	NOTYPE	..lin.9d02169e..d0c4d980.0_13	0
0x22fa3b	FUNC	SDHC_InitializeResources...2Fhome.2Fmal.2Fgm_release.2FMY22.2D026.2Ffinal.2Fiot.2Frtos.2Flibs.2Fgm.2Di35.2Frel.2Fwork.2Fpci_sdhc.	249
0x22fa6e	NOTYPE	..lin.9d02169e..9f6f2913.0_14	0
0x22faf7	NOTYPE	..lin.9d02169e..9f6f2913.0_15	0
0x22fb02	NOTYPE	..lin.9d02169e..9f6f2913.0_16	0
0x22fb0a	NOTYPE	..lin.9d02169e..9f6f2913.0_17	0
0x22fb16	NOTYPE	..lin.9d02169e..9f6f2913.0_18	0
0x22fb1c	NOTYPE	..lin.9d02169e..9f6f2913.0_19	0
0x22fb29	NOTYPE	..lin.9d02169e..9f6f2913.0_20	0
0x22fb34	FUNC	Pci_SDHC_ReadRegister	117
0x22fb4f	NOTYPE	..lin.9d02169e..9f4e7342.0_21	0
0x22fb63	NOTYPE	..lin.9d02169e..9f4e7342.0_22	0
0x22fb6b	NOTYPE	..lin.9d02169e..9f4e7342.0_23	0
0x22fb6d	NOTYPE	..lin.9d02169e..9f4e7342.0_24	0
0x22fb7d	NOTYPE	..lin.9d02169e..9f4e7342.0_25	0
0x22fb8e	NOTYPE	..lin.9d02169e..9f4e7342.0_26	0
0x22fb9c	NOTYPE	..lin.9d02169e..9f4e7342.0_27	0
0x22fba0	NOTYPE	..lin.9d02169e..9f4e7342.0_28	0
0x22fbab	FUNC	IntelIpu4_InitializeResources...2Fhome.2Fmal.2Fgm_release.2FMY22.2D026.2Ffinal.2Fiot.2Frtos.2Flibs.2Fgm.2Di35.2Frel.2Fwork.2Fintel_ipu4.	97
0x22fbc4	NOTYPE	..lin.aef4e77e..c818a6af.0_1	0
0x22fbe2	NOTYPE	..lin.aef4e77e..c818a6af.0_2	0
0x22fbed	NOTYPE	..lin.aef4e77e..c818a6af.0_3	0
0x22fbf3	NOTYPE	..lin.aef4e77e..c818a6af.0_4	0
0x22fbff	NOTYPE	..lin.aef4e77e..c818a6af.0_5	0
0x22fc05	NOTYPE	..lin.aef4e77e..c818a6af.0_6	0
0x22fc0c	FUNC	IntelIpu4_Initialize...2Fhome.2Fmal.2Fgm_release.2FMY22.2D026.2Ffinal.2Fiot.2Frtos.2Flibs.2Fgm.2Di35.2Frel.2Fwork.2Fintel_ipu4.	30
0x22fc15	NOTYPE	..lin.aef4e77e..fcde17d4.0_7	0
0x22fc1e	NOTYPE	..lin.aef4e77e..fcde17d4.0_8	0
0x22fc26	NOTYPE	..lin.aef4e77e..fcde17d4.0_9	0
0x22fc2a	FUNC	IntelIpu4_ExceptionHandler...2Fhome.2Fmal.2Fgm_release.2FMY22.2D026.2Ffinal.2Fiot.2Frtos.2Flibs.2Fgm.2Di35.2Frel.2Fwork.2Fintel_ipu4.	96
0x22fc3d	NOTYPE	..lin.aef4e77e..1619236f.0_10	0
0x22fc55	NOTYPE	..lin.aef4e77e..1619236f.0_11	0
0x22fc5c	NOTYPE	..lin.aef4e77e..1619236f.0_12	0
0x22fc6d	NOTYPE	..lin.aef4e77e..1619236f.0_13	0
0x22fc75	NOTYPE	..lin.aef4e77e..1619236f.0_14	0
0x22fc79	NOTYPE	..lin.aef4e77e..1619236f.0_15	0
0x22fc82	NOTYPE	..lin.aef4e77e..1619236f.0_16	0
0x22fc8a	FUNC	IntelIpu4_ReadRegister...2Fhome.2Fmal.2Fgm_release.2FMY22.2D026.2Ffinal.2Fiot.2Frtos.2Flibs.2Fgm.2Di35.2Frel.2Fwork.2Fintel_ipu4.	103
0x22fcaf	NOTYPE	..lin.aef4e77e..3b452b23.0_17	0
0x22fcb8	NOTYPE	..lin.aef4e77e..3b452b23.0_18	0
0x22fcc8	NOTYPE	..lin.aef4e77e..3b452b23.0_19	0
0x22fcd9	NOTYPE	..lin.aef4e77e..3b452b23.0_20	0
0x22fcea	NOTYPE	..lin.aef4e77e..3b452b23.0_21	0
0x22fcf1	FUNC	IntelIpu4_WriteRegister...2Fhome.2Fmal.2Fgm_release.2FMY22.2D026.2Ffinal.2Fiot.2Frtos.2Flibs.2Fgm.2Di35.2Frel.2Fwork.2Fintel_ipu4.	42
0x22fcfa	NOTYPE	..lin.aef4e77e..95b5c1d2.0_22	0
0x22fd0c	NOTYPE	..lin.aef4e77e..95b5c1d2.0_23	0
0x22fd11	NOTYPE	..lin.aef4e77e..95b5c1d2.0_24	0
0x22fd15	NOTYPE	..lin.aef4e77e..95b5c1d2.0_25	0
0x22fd1b	FUNC	IntelIpu4Match...2Fhome.2Fmal.2Fgm_release.2FMY22.2D026.2Ffinal.2Fiot.2Frtos.2Flibs.2Fgm.2Di35.2Frel.2Fwork.2Fintel_ipu4.	44
0x22fd31	NOTYPE	..lin.aef4e77e..ce777570.0_26	0
0x22fd3c	NOTYPE	..lin.aef4e77e..ce777570.0_27	0
0x22fd47	FUNC	IntelIpu4Init...2Fhome.2Fmal.2Fgm_release.2FMY22.2D026.2Ffinal.2Fiot.2Frtos.2Flibs.2Fgm.2Di35.2Frel.2Fwork.2Fintel_ipu4.	113
0x22fd68	NOTYPE	..lin.aef4e77e..6356f877.0_28	0
0x22fd98	NOTYPE	..lin.aef4e77e..6356f877.0_29	0
0x22fda3	NOTYPE	..lin.aef4e77e..6356f877.0_30	0
0x22fdb1	NOTYPE	..lin.aef4e77e..6356f877.0_31	0
0x22fdb8	FUNC	LocalAPIC_Register	11
0x22fdc2	NOTYPE	..lin.26fe9f16..16b9cb91.0_1	0
0x22fdc3	FUNC	LocalAPIC_Initialize	167
0x22fddf	NOTYPE	..lin.26fe9f16..aef8715e.0_2	0
0x22fde3	NOTYPE	..lin.26fe9f16..aef8715e.0_3	0
0x22fe02	NOTYPE	..lin.26fe9f16..aef8715e.0_4	0
0x22fe10	NOTYPE	..lin.26fe9f16..aef8715e.0_5	0
0x22fe2a	NOTYPE	..lin.26fe9f16..aef8715e.0_6	0
0x22fe34	NOTYPE	..lin.26fe9f16..aef8715e.0_7	0
0x22fe50	NOTYPE	..lin.26fe9f16..aef8715e.0_8	0
0x22fe5f	NOTYPE	..lin.26fe9f16..aef8715e.0_9	0
0x22fe6a	FUNC	LocalAPIC_ConfigureLVTEntry	244
0x22fe77	NOTYPE	..lin.26fe9f16..83ea94d6.0_10	0
0x22fe80	NOTYPE	..lin.26fe9f16..83ea94d6.0_11	0
0x22fe8a	NOTYPE	..lin.26fe9f16..83ea94d6.0_12	0
0x22fe94	NOTYPE	..lin.26fe9f16..83ea94d6.0_13	0
0x22fea0	NOTYPE	..lin.26fe9f16..83ea94d6.0_14	0
0x22feac	NOTYPE	..lin.26fe9f16..83ea94d6.0_15	0
0x22feb2	NOTYPE	..lin.26fe9f16..83ea94d6.0_16	0
0x22febe	NOTYPE	..lin.26fe9f16..83ea94d6.0_17	0
0x22fec4	NOTYPE	..lin.26fe9f16..83ea94d6.0_18	0
0x22fed0	NOTYPE	..lin.26fe9f16..83ea94d6.0_19	0
0x22fed6	NOTYPE	..lin.26fe9f16..83ea94d6.0_20	0
0x22fee2	NOTYPE	..lin.26fe9f16..83ea94d6.0_21	0
0x22fee7	NOTYPE	..lin.26fe9f16..83ea94d6.0_22	0
0x22feef	NOTYPE	..lin.26fe9f16..83ea94d6.0_23	0
0x22ff14	NOTYPE	..lin.26fe9f16..83ea94d6.0_24	0
0x22ff1e	NOTYPE	..lin.26fe9f16..83ea94d6.0_25	0
0x22ff2d	NOTYPE	..lin.26fe9f16..83ea94d6.0_26	0
0x22ff3e	NOTYPE	..lin.26fe9f16..83ea94d6.0_27	0
0x22ff57	NOTYPE	..lin.26fe9f16..83ea94d6.0_28	0
0x22ff5e	FUNC	LocalAPIC_IsLVTEntryMasked	66
0x22ff6b	NOTYPE	..lin.26fe9f16..ba31ff05.0_29	0
0x22ff71	NOTYPE	..lin.26fe9f16..ba31ff05.0_30	0
0x22ff9c	NOTYPE	..lin.26fe9f16..ba31ff05.0_31	0
0x22ffa0	FUNC	LocalAPIC_SetLVTEntryMasked	88
0x22ffa7	NOTYPE	..lin.26fe9f16..cbe1bd35.0_32	0
0x22ffad	NOTYPE	..lin.26fe9f16..cbe1bd35.0_33	0
0x22ffdd	NOTYPE	..lin.26fe9f16..cbe1bd35.0_34	0
0x22fff4	NOTYPE	..lin.26fe9f16..cbe1bd35.0_35	0
0x22fff8	FUNC	LocalAPIC_IssueEOI	21
0x23000c	NOTYPE	..lin.26fe9f16..1ae73792.0_36	0
0x23000d	FUNC	LocalAPIC_SendIPI...2Fhome.2Fmal.2Fgm_release.2FMY22.2D026.2Ffinal.2Fiot.2Frtos.2Flibs.2Fgm.2Di35.2Frel.2Fwork.2Finterrupt_lapic.	39
0x23000f	NOTYPE	..lin.26fe9f16..c282d638.0_37	0
0x230027	NOTYPE	..lin.26fe9f16..c282d638.0_38	0
0x230034	FUNC	LocalAPIC_BroadcastINIT	12
0x230040	NOTYPE	..lin.26fe9f16..efe7e053.0_39	0
0x230040	FUNC	LocalAPIC_BroadcastSIPI	13
0x23004d	NOTYPE	..lin.26fe9f16..efed47b4.0_40	0
0x23004d	FUNC	LocalAPIC_SimpleSendIPI	14
0x23005b	NOTYPE	..lin.26fe9f16..d4401d22.0_41	0
0x23005b	FUNC	LocalAPIC_SimpleSendMultipleIPI	14
0x230069	NOTYPE	..lin.26fe9f16..eb25826e.0_42	0
0x230069	FUNC	LocalAPIC_ConfigureTSCDeadlineTimer	23
0x23007f	NOTYPE	..lin.26fe9f16..836a984f.0_43	0
0x230080	FUNC	LocalAPIC_ConfigurePMI	24
0x230097	NOTYPE	..lin.26fe9f16..475c5114.0_44	0
0x230098	FUNC	LocalAPIC_SetPMIEnabled	45
0x2300ac	NOTYPE	..lin.26fe9f16..20c7dc09.0_45	0
0x2300b0	NOTYPE	..lin.26fe9f16..20c7dc09.0_46	0
0x2300b8	NOTYPE	..lin.26fe9f16..20c7dc09.0_47	0
0x2300c7	FUNC	BSP_RequestVectors	219
0x2300d4	NOTYPE	..lin.c84442..67cb24f8.0_1	0
0x2300dd	NOTYPE	..lin.c84442..67cb24f8.0_2	0
0x2300e5	NOTYPE	..lin.c84442..67cb24f8.0_3	0
0x2300ee	NOTYPE	..lin.c84442..67cb24f8.0_4	0
0x2300f6	NOTYPE	..lin.c84442..67cb24f8.0_5	0
0x230103	NOTYPE	..lin.c84442..67cb24f8.0_6	0
0x230111	NOTYPE	..lin.c84442..67cb24f8.0_7	0
0x230115	NOTYPE	..lin.c84442..67cb24f8.0_8	0
0x230119	NOTYPE	..lin.c84442..67cb24f8.0_9	0
0x230122	NOTYPE	..lin.c84442..67cb24f8.0_10	0
0x230143	NOTYPE	..lin.c84442..67cb24f8.0_11	0
0x230149	NOTYPE	..lin.c84442..67cb24f8.0_12	0
0x23014d	NOTYPE	..lin.c84442..67cb24f8.0_13	0
0x230151	NOTYPE	..lin.c84442..67cb24f8.0_14	0
0x230155	NOTYPE	..lin.c84442..67cb24f8.0_15	0
0x230159	NOTYPE	..lin.c84442..67cb24f8.0_16	0
0x23017b	NOTYPE	..lin.c84442..67cb24f8.0_17	0
0x230181	NOTYPE	..lin.c84442..67cb24f8.0_18	0
0x23018c	NOTYPE	..lin.c84442..67cb24f8.0_19	0
0x23019c	NOTYPE	..lin.c84442..67cb24f8.0_20	0
0x2301a2	FUNC	RegisterIOAPIC	177
0x2301b8	NOTYPE	..lin.c84442..82f5b23f.0_21	0
0x2301c2	NOTYPE	..lin.c84442..82f5b23f.0_22	0
0x2301dc	NOTYPE	..lin.c84442..82f5b23f.0_23	0
0x2301e0	NOTYPE	..lin.c84442..82f5b23f.0_24	0
0x2301f6	NOTYPE	..lin.c84442..82f5b23f.0_25	0
0x23020f	NOTYPE	..lin.c84442..82f5b23f.0_26	0
0x230228	NOTYPE	..lin.c84442..82f5b23f.0_27	0
0x23024d	NOTYPE	..lin.c84442..82f5b23f.0_28	0
0x230253	FUNC	ResolveIOAPIC...2Fhome.2Fmal.2Fgm_release.2FMY22.2D026.2Ffinal.2Fiot.2Frtos.2Flibs.2Fgm.2Di35.2Frel.2Fwork.2Finterrupt_ioapic.	55
0x23025d	NOTYPE	..lin.c84442..ec3f7dda.0_29	0
0x230268	NOTYPE	..lin.c84442..ec3f7dda.0_30	0
0x230272	NOTYPE	..lin.c84442..ec3f7dda.0_31	0
0x230276	NOTYPE	..lin.c84442..ec3f7dda.0_32	0
0x230287	NOTYPE	..lin.c84442..ec3f7dda.0_33	0
0x23028a	FUNC	RegisterAllIOAPICs	220
0x2302a9	NOTYPE	..lin.c84442..42f5f70b.0_34	0
0x2302b3	NOTYPE	..lin.c84442..42f5f70b.0_35	0
0x2302cc	NOTYPE	..lin.c84442..42f5f70b.0_36	0
0x2302d1	NOTYPE	..lin.c84442..42f5f70b.0_37	0
0x2302e6	NOTYPE	..lin.c84442..42f5f70b.0_38	0
0x2302ee	NOTYPE	..lin.c84442..42f5f70b.0_39	0
0x2302f3	NOTYPE	..lin.c84442..42f5f70b.0_40	0
0x2302f7	NOTYPE	..lin.c84442..42f5f70b.0_41	0
0x230318	NOTYPE	..lin.c84442..42f5f70b.0_42	0
0x23032f	NOTYPE	..lin.c84442..42f5f70b.0_43	0
0x23033e	NOTYPE	..lin.c84442..42f5f70b.0_44	0
0x230354	NOTYPE	..lin.c84442..42f5f70b.0_45	0
0x23035d	NOTYPE	..lin.c84442..42f5f70b.0_46	0
0x230366	FUNC	BSP_IntExceptionHandler	93
0x23036f	NOTYPE	..lin.c84442..7ff2fe21.0_47	0
0x230377	NOTYPE	..lin.c84442..7ff2fe21.0_48	0
0x23037b	NOTYPE	..lin.c84442..7ff2fe21.0_49	0
0x230386	NOTYPE	..lin.c84442..7ff2fe21.0_50	0
0x230390	NOTYPE	..lin.c84442..7ff2fe21.0_51	0
0x23039d	NOTYPE	..lin.c84442..7ff2fe21.0_52	0
0x2303af	NOTYPE	..lin.c84442..7ff2fe21.0_53	0
0x2303b7	NOTYPE	..lin.c84442..7ff2fe21.0_54	0
0x2303bc	NOTYPE	..lin.c84442..7ff2fe21.0_55	0
0x2303c1	NOTYPE	..lin.c84442..7ff2fe21.0_56	0
0x2303c3	FUNC	BindVectorToCpu	160
0x2303df	NOTYPE	..lin.c84442..28ac8360.0_57	0
0x2303e5	NOTYPE	..lin.c84442..28ac8360.0_58	0
0x2303eb	NOTYPE	..lin.c84442..28ac8360.0_59	0
0x2303f1	NOTYPE	..lin.c84442..28ac8360.0_60	0
0x23042a	NOTYPE	..lin.c84442..28ac8360.0_61	0
0x230438	NOTYPE	..lin.c84442..28ac8360.0_62	0
0x230449	NOTYPE	..lin.c84442..28ac8360.0_63	0
0x230451	NOTYPE	..lin.c84442..28ac8360.0_64	0
0x230463	FUNC	SetExceptionSense	123
0x23047f	NOTYPE	..lin.c84442..74f3f67e.0_65	0
0x230485	NOTYPE	..lin.c84442..74f3f67e.0_66	0
0x23048b	NOTYPE	..lin.c84442..74f3f67e.0_67	0
0x2304b0	NOTYPE	..lin.c84442..74f3f67e.0_68	0
0x2304cc	NOTYPE	..lin.c84442..74f3f67e.0_69	0
0x2304de	FUNC	SetExceptionPolarity	123
0x2304fa	NOTYPE	..lin.c84442..f2571354.0_70	0
0x230500	NOTYPE	..lin.c84442..f2571354.0_71	0
0x230506	NOTYPE	..lin.c84442..f2571354.0_72	0
0x23052b	NOTYPE	..lin.c84442..f2571354.0_73	0
0x230547	NOTYPE	..lin.c84442..f2571354.0_74	0
0x230559	FUNC	VectFromIrq	9
0x230562	FUNC	DisableI82C59...2Fhome.2Fmal.2Fgm_release.2FMY22.2D026.2Ffinal.2Fiot.2Frtos.2Flibs.2Fgm.2Di35.2Frel.2Fwork.2Finterrupt_ioapic.	91
0x23056d	NOTYPE	..lin.c84442..572f1c7d.0_75	0
0x230573	NOTYPE	..lin.c84442..572f1c7d.0_76	0
0x23057e	NOTYPE	..lin.c84442..572f1c7d.0_77	0
0x230584	NOTYPE	..lin.c84442..572f1c7d.0_78	0
0x23058f	NOTYPE	..lin.c84442..572f1c7d.0_79	0
0x23059a	NOTYPE	..lin.c84442..572f1c7d.0_80	0
0x2305a5	NOTYPE	..lin.c84442..572f1c7d.0_81	0
0x2305ab	NOTYPE	..lin.c84442..572f1c7d.0_82	0
0x2305b6	NOTYPE	..lin.c84442..572f1c7d.0_83	0
0x2305bc	NOTYPE	..lin.c84442..572f1c7d.0_84	0
0x2305bd	FUNC	DisableInterruptsAndAcquireSpinlock...2Fhome.2Fmal.2Fgm_release.2FMY22.2D026.2Ffinal.2Fiot.2Frtos.2Flibs.2Fgm.2Di35.2Frel.2Fwork.2Finterrupt_ioapic.	34
0x2305db	NOTYPE	..lin.c84442..ff4b2079.0_85	0
0x2305df	FUNC	ReleaseSpinlockAndEnableInterrupts...2Fhome.2Fmal.2Fgm_release.2FMY22.2D026.2Ffinal.2Fiot.2Frtos.2Flibs.2Fgm.2Di35.2Frel.2Fwork.2Finterrupt_ioapic.	37
0x2305ec	NOTYPE	..lin.c84442..3c9db0a3.0_86	0
0x230603	NOTYPE	..lin.c84442..3c9db0a3.0_87	0
0x230604	FUNC	EnableVector	148
0x23061f	NOTYPE	..lin.c84442..d22c6f3f.0_88	0
0x23062b	NOTYPE	..lin.c84442..d22c6f3f.0_89	0
0x23064b	NOTYPE	..lin.c84442..d22c6f3f.0_90	0
0x230653	NOTYPE	..lin.c84442..d22c6f3f.0_91	0
0x230666	NOTYPE	..lin.c84442..d22c6f3f.0_92	0
0x230691	NOTYPE	..lin.c84442..d22c6f3f.0_93	0
0x230698	FUNC	DisableVector	136
0x2306b3	NOTYPE	..lin.c84442..78cc320c.0_94	0
0x2306d3	NOTYPE	..lin.c84442..78cc320c.0_95	0
0x2306db	NOTYPE	..lin.c84442..78cc320c.0_96	0
0x2306ee	NOTYPE	..lin.c84442..78cc320c.0_97	0
0x230719	NOTYPE	..lin.c84442..78cc320c.0_98	0
0x230720	FUNC	IOAPIC_Prepare	83
0x23072c	NOTYPE	..lin.c84442..fa527ba8.0_99	0
0x230739	NOTYPE	..lin.c84442..fa527ba8.0_100	0
0x230740	NOTYPE	..lin.c84442..fa527ba8.0_101	0
0x230750	NOTYPE	..lin.c84442..fa527ba8.0_102	0
0x23075a	NOTYPE	..lin.c84442..fa527ba8.0_103	0
0x230762	NOTYPE	..lin.c84442..fa527ba8.0_104	0
0x230769	NOTYPE	..lin.c84442..fa527ba8.0_105	0
0x23076e	NOTYPE	..lin.c84442..fa527ba8.0_106	0
0x230773	FUNC	IOReg_Write...2Fhome.2Fmal.2Fgm_release.2FMY22.2D026.2Ffinal.2Fiot.2Frtos.2Flibs.2Fgm.2Di35.2Frel.2Fwork.2Ftimer_pit.	9
0x23077b	NOTYPE	..lin.da94df4e..94a09a25.0_1	0
0x23077c	FUNC	IOReg_Read...2Fhome.2Fmal.2Fgm_release.2FMY22.2D026.2Ffinal.2Fiot.2Frtos.2Flibs.2Fgm.2Di35.2Frel.2Fwork.2Ftimer_pit.	8
0x230783	NOTYPE	..lin.da94df4e..52116b76.0_2	0
0x230784	FUNC	ReadPIT0Value	46
0x230791	NOTYPE	..lin.da94df4e..c3b96f3b.0_3	0
0x23079e	NOTYPE	..lin.da94df4e..c3b96f3b.0_4	0
0x2307a8	NOTYPE	..lin.da94df4e..c3b96f3b.0_5	0
0x2307b2	FUNC	WritePIT0Value	53
0x2307c5	NOTYPE	..lin.da94df4e..1f92542a.0_6	0
0x2307d5	NOTYPE	..lin.da94df4e..1f92542a.0_7	0
0x2307e5	NOTYPE	..lin.da94df4e..1f92542a.0_8	0
0x2307e7	FUNC	PIT0TimerHasLoaded	39
0x2307f7	NOTYPE	..lin.da94df4e..1b2f7ac8.0_9	0
0x23080c	NOTYPE	..lin.da94df4e..1b2f7ac8.0_10	0
0x23080f	FUNC	GetPtrToNewPage...2Fhome.2Fmal.2Fgm_release.2FMY22.2D026.2Ffinal.2Fiot.2Frtos.2Flibs.2Fgm.2Di35.2Frel.2Fwork.2Fvtd.	88
0x23081e	NOTYPE	..lin.c7db218f..d1ee7725.0_1	0
0x230831	NOTYPE	..lin.c7db218f..d1ee7725.0_2	0
0x23084a	NOTYPE	..lin.c7db218f..d1ee7725.0_3	0
0x230854	NOTYPE	..lin.c7db218f..d1ee7725.0_4	0
0x230862	NOTYPE	..lin.c7db218f..d1ee7725.0_5	0
0x230867	FUNC	InitWithPassthroughMappings...2Fhome.2Fmal.2Fgm_release.2FMY22.2D026.2Ffinal.2Fiot.2Frtos.2Flibs.2Fgm.2Di35.2Frel.2Fwork.2Fvtd.	225
0x23087f	NOTYPE	..lin.c7db218f..f8c6cdac.0_6	0
0x23088f	NOTYPE	..lin.c7db218f..f8c6cdac.0_7	0
0x230894	NOTYPE	..lin.c7db218f..f8c6cdac.0_8	0
0x2308a0	NOTYPE	..lin.c7db218f..f8c6cdac.0_9	0
0x2308ac	NOTYPE	..lin.c7db218f..f8c6cdac.0_10	0
0x2308b9	NOTYPE	..lin.c7db218f..f8c6cdac.0_11	0
0x2308be	NOTYPE	..lin.c7db218f..f8c6cdac.0_12	0
0x2308c4	NOTYPE	..lin.c7db218f..f8c6cdac.0_13	0
0x2308c9	NOTYPE	..lin.c7db218f..f8c6cdac.0_14	0
0x2308d1	NOTYPE	..lin.c7db218f..f8c6cdac.0_15	0
0x2308e1	NOTYPE	..lin.c7db218f..f8c6cdac.0_16	0
0x2308f2	NOTYPE	..lin.c7db218f..f8c6cdac.0_17	0
0x2308fe	NOTYPE	..lin.c7db218f..f8c6cdac.0_18	0
0x230906	NOTYPE	..lin.c7db218f..f8c6cdac.0_19	0
0x230916	NOTYPE	..lin.c7db218f..f8c6cdac.0_20	0
0x230927	NOTYPE	..lin.c7db218f..f8c6cdac.0_21	0
0x230933	NOTYPE	..lin.c7db218f..f8c6cdac.0_22	0
0x23093d	NOTYPE	..lin.c7db218f..f8c6cdac.0_23	0
0x230948	FUNC	PrintAndClearFaultInfo...2Fhome.2Fmal.2Fgm_release.2FMY22.2D026.2Ffinal.2Fiot.2Frtos.2Flibs.2Fgm.2Di35.2Frel.2Fwork.2Fvtd.	117
0x23095c	NOTYPE	..lin.c7db218f..5d127bf4.0_24	0
0x230960	NOTYPE	..lin.c7db218f..5d127bf4.0_25	0
0x230973	NOTYPE	..lin.c7db218f..5d127bf4.0_26	0
0x230984	NOTYPE	..lin.c7db218f..5d127bf4.0_27	0
0x230995	NOTYPE	..lin.c7db218f..5d127bf4.0_28	0
0x2309a4	NOTYPE	..lin.c7db218f..5d127bf4.0_29	0
0x2309bb	NOTYPE	..lin.c7db218f..5d127bf4.0_30	0
0x2309bd	FUNC	Vtd_ActivateDmaRemappingUnit...2Fhome.2Fmal.2Fgm_release.2FMY22.2D026.2Ffinal.2Fiot.2Frtos.2Flibs.2Fgm.2Di35.2Frel.2Fwork.2Fvtd.	305
0x2309d2	NOTYPE	..lin.c7db218f..bdac2818.0_31	0
0x2309e4	NOTYPE	..lin.c7db218f..bdac2818.0_32	0
0x230a08	NOTYPE	..lin.c7db218f..bdac2818.0_33	0
0x230a1f	NOTYPE	..lin.c7db218f..bdac2818.0_34	0
0x230a36	NOTYPE	..lin.c7db218f..bdac2818.0_35	0
0x230a5c	NOTYPE	..lin.c7db218f..bdac2818.0_36	0
0x230a73	NOTYPE	..lin.c7db218f..bdac2818.0_37	0
0x230a8a	NOTYPE	..lin.c7db218f..bdac2818.0_38	0
0x230ab0	NOTYPE	..lin.c7db218f..bdac2818.0_39	0
0x230ac2	NOTYPE	..lin.c7db218f..bdac2818.0_40	0
0x230ae4	NOTYPE	..lin.c7db218f..bdac2818.0_41	0
0x230aec	NOTYPE	..lin.c7db218f..bdac2818.0_42	0
0x230aee	FUNC	Vtd_Initialize	53
0x230af4	NOTYPE	..lin.c7db218f..80672484.0_43	0
0x230af9	NOTYPE	..lin.c7db218f..80672484.0_44	0
0x230afd	NOTYPE	..lin.c7db218f..80672484.0_45	0
0x230b14	NOTYPE	..lin.c7db218f..80672484.0_46	0
0x230b21	NOTYPE	..lin.c7db218f..80672484.0_47	0
0x230b23	FUNC	Vtd_RemappingUnitInitializeResources...2Fhome.2Fmal.2Fgm_release.2FMY22.2D026.2Ffinal.2Fiot.2Frtos.2Flibs.2Fgm.2Di35.2Frel.2Fwork.2Fvtd.	168
0x230b50	NOTYPE	..lin.c7db218f..790a9bc2.0_48	0
0x230b62	NOTYPE	..lin.c7db218f..790a9bc2.0_49	0
0x230b72	NOTYPE	..lin.c7db218f..790a9bc2.0_50	0
0x230bc0	NOTYPE	..lin.c7db218f..790a9bc2.0_51	0
0x230bcb	FUNC	Vtd_RemappingUnitInitialize...2Fhome.2Fmal.2Fgm_release.2FMY22.2D026.2Ffinal.2Fiot.2Frtos.2Flibs.2Fgm.2Di35.2Frel.2Fwork.2Fvtd.	469
0x230bd7	NOTYPE	..lin.c7db218f..751e3387.0_52	0
0x230be8	NOTYPE	..lin.c7db218f..751e3387.0_53	0
0x230bec	NOTYPE	..lin.c7db218f..751e3387.0_54	0
0x230bf6	NOTYPE	..lin.c7db218f..751e3387.0_55	0
0x230c08	NOTYPE	..lin.c7db218f..751e3387.0_56	0
0x230c1a	NOTYPE	..lin.c7db218f..751e3387.0_57	0
0x230c2a	NOTYPE	..lin.c7db218f..751e3387.0_58	0
0x230c31	NOTYPE	..lin.c7db218f..751e3387.0_59	0
0x230c3c	NOTYPE	..lin.c7db218f..751e3387.0_60	0
0x230c43	NOTYPE	..lin.c7db218f..751e3387.0_61	0
0x230c4c	NOTYPE	..lin.c7db218f..751e3387.0_62	0
0x230c5c	NOTYPE	..lin.c7db218f..751e3387.0_63	0
0x230c6a	NOTYPE	..lin.c7db218f..751e3387.0_64	0
0x230c6f	NOTYPE	..lin.c7db218f..751e3387.0_65	0
0x230c76	NOTYPE	..lin.c7db218f..751e3387.0_66	0
0x230c7e	NOTYPE	..lin.c7db218f..751e3387.0_67	0
0x230c85	NOTYPE	..lin.c7db218f..751e3387.0_68	0
0x230c9e	NOTYPE	..lin.c7db218f..751e3387.0_69	0
0x230ca8	NOTYPE	..lin.c7db218f..751e3387.0_70	0
0x230cb1	NOTYPE	..lin.c7db218f..751e3387.0_71	0
0x230cbd	NOTYPE	..lin.c7db218f..751e3387.0_72	0
0x230cd3	NOTYPE	..lin.c7db218f..751e3387.0_73	0
0x230ce6	NOTYPE	..lin.c7db218f..751e3387.0_74	0
0x230cf6	NOTYPE	..lin.c7db218f..751e3387.0_75	0
0x230d06	NOTYPE	..lin.c7db218f..751e3387.0_76	0
0x230d1b	NOTYPE	..lin.c7db218f..751e3387.0_77	0
0x230d32	NOTYPE	..lin.c7db218f..751e3387.0_78	0
0x230d3c	NOTYPE	..lin.c7db218f..751e3387.0_79	0
0x230d4e	NOTYPE	..lin.c7db218f..751e3387.0_80	0
0x230d58	NOTYPE	..lin.c7db218f..751e3387.0_81	0
0x230d6a	NOTYPE	..lin.c7db218f..751e3387.0_82	0
0x230d81	NOTYPE	..lin.c7db218f..751e3387.0_83	0
0x230d89	NOTYPE	..lin.c7db218f..751e3387.0_84	0
0x230d8f	NOTYPE	..lin.c7db218f..751e3387.0_85	0
0x230d99	NOTYPE	..lin.c7db218f..751e3387.0_86	0
0x230da0	FUNC	FindAssociatedDmaRemapUnit...2Fhome.2Fmal.2Fgm_release.2FMY22.2D026.2Ffinal.2Fiot.2Frtos.2Flibs.2Fgm.2Di35.2Frel.2Fwork.2Fvtd.	63
0x230dac	NOTYPE	..lin.c7db218f..a5a39ced.0_87	0
0x230db0	NOTYPE	..lin.c7db218f..a5a39ced.0_88	0
0x230dba	NOTYPE	..lin.c7db218f..a5a39ced.0_89	0
0x230dbd	NOTYPE	..lin.c7db218f..a5a39ced.0_90	0
0x230dbf	NOTYPE	..lin.c7db218f..a5a39ced.0_91	0
0x230dcc	NOTYPE	..lin.c7db218f..a5a39ced.0_92	0
0x230ddd	NOTYPE	..lin.c7db218f..a5a39ced.0_93	0
0x230ddf	FUNC	gmch_driver_match...2Fhome.2Fmal.2Fgm_release.2FMY22.2D026.2Ffinal.2Fiot.2Frtos.2Flibs.2Fgm.2Di35.2Frel.2Fwork.2Fvtd.	33
0x230de9	NOTYPE	..lin.c7db218f..a97a575b.0_94	0
0x230df0	NOTYPE	..lin.c7db218f..a97a575b.0_95	0
0x230dfb	NOTYPE	..lin.c7db218f..a97a575b.0_96	0
0x230e00	FUNC	gmch_driver_init...2Fhome.2Fmal.2Fgm_release.2FMY22.2D026.2Ffinal.2Fiot.2Frtos.2Flibs.2Fgm.2Di35.2Frel.2Fwork.2Fvtd.	192
0x230e1e	NOTYPE	..lin.c7db218f..813fc902.0_97	0
0x230e5b	NOTYPE	..lin.c7db218f..813fc902.0_98	0
0x230e83	NOTYPE	..lin.c7db218f..813fc902.0_99	0
0x230eab	NOTYPE	..lin.c7db218f..813fc902.0_100	0
0x230eb9	NOTYPE	..lin.c7db218f..813fc902.0_101	0
0x230ec0	FUNC	GMCH_InitializeResources...2Fhome.2Fmal.2Fgm_release.2FMY22.2D026.2Ffinal.2Fiot.2Frtos.2Flibs.2Fgm.2Di35.2Frel.2Fwork.2Fvtd.	117
0x230f23	NOTYPE	..lin.c7db218f..4e439ab0.0_102	0
0x230f2e	NOTYPE	..lin.c7db218f..4e439ab0.0_103	0
0x230f35	FUNC	GMCH_Initialize...2Fhome.2Fmal.2Fgm_release.2FMY22.2D026.2Ffinal.2Fiot.2Frtos.2Flibs.2Fgm.2Di35.2Frel.2Fwork.2Fvtd.	275
0x230f49	NOTYPE	..lin.c7db218f..b4e4beb5.0_104	0
0x230f5d	NOTYPE	..lin.c7db218f..b4e4beb5.0_105	0
0x230f6a	NOTYPE	..lin.c7db218f..b4e4beb5.0_106	0
0x230f72	NOTYPE	..lin.c7db218f..b4e4beb5.0_107	0
0x230f84	NOTYPE	..lin.c7db218f..b4e4beb5.0_108	0
0x230f91	NOTYPE	..lin.c7db218f..b4e4beb5.0_109	0
0x230fa6	NOTYPE	..lin.c7db218f..b4e4beb5.0_110	0
0x230fb3	NOTYPE	..lin.c7db218f..b4e4beb5.0_111	0
0x230fbb	NOTYPE	..lin.c7db218f..b4e4beb5.0_112	0
0x230fcd	NOTYPE	..lin.c7db218f..b4e4beb5.0_113	0
0x230fea	NOTYPE	..lin.c7db218f..b4e4beb5.0_114	0
0x230ff7	NOTYPE	..lin.c7db218f..b4e4beb5.0_115	0
0x23100c	NOTYPE	..lin.c7db218f..b4e4beb5.0_116	0
0x23100e	NOTYPE	..lin.c7db218f..b4e4beb5.0_117	0
0x231027	NOTYPE	..lin.c7db218f..b4e4beb5.0_118	0
0x231031	NOTYPE	..lin.c7db218f..b4e4beb5.0_119	0
0x231041	NOTYPE	..lin.c7db218f..b4e4beb5.0_120	0
0x231048	FUNC	Vtd_Init	94
0x231062	NOTYPE	..lin.c7db218f..ab593566.0_121	0
0x231084	NOTYPE	..lin.c7db218f..ab593566.0_122	0
0x231091	NOTYPE	..lin.c7db218f..ab593566.0_123	0
0x23109f	NOTYPE	..lin.c7db218f..ab593566.0_124	0
0x2310a4	NOTYPE	..lin.c7db218f..ab593566.0_125	0
0x2310a6	FUNC	InitializeContextEntryFromPML4...2Fhome.2Fmal.2Fgm_release.2FMY22.2D026.2Ffinal.2Fiot.2Frtos.2Flibs.2Fgm.2Di35.2Frel.2Fwork.2Fvtd.	101
0x2310b4	NOTYPE	..lin.c7db218f..b5547c7f.0_126	0
0x2310c6	NOTYPE	..lin.c7db218f..b5547c7f.0_127	0
0x2310cb	NOTYPE	..lin.c7db218f..b5547c7f.0_128	0
0x2310f7	NOTYPE	..lin.c7db218f..b5547c7f.0_129	0
0x231105	NOTYPE	..lin.c7db218f..b5547c7f.0_130	0
0x23110b	FUNC	Vtd_EnableVtdForDevice	246
0x231152	NOTYPE	..lin.c7db218f..51c1b97e.0_131	0
0x231165	NOTYPE	..lin.c7db218f..51c1b97e.0_132	0
0x23116a	NOTYPE	..lin.c7db218f..51c1b97e.0_133	0
0x231183	NOTYPE	..lin.c7db218f..51c1b97e.0_134	0
0x23118a	NOTYPE	..lin.c7db218f..51c1b97e.0_135	0
0x23119c	NOTYPE	..lin.c7db218f..51c1b97e.0_136	0
0x2311b8	NOTYPE	..lin.c7db218f..51c1b97e.0_137	0
0x2311bd	NOTYPE	..lin.c7db218f..51c1b97e.0_138	0
0x2311d0	NOTYPE	..lin.c7db218f..51c1b97e.0_139	0
0x2311d9	NOTYPE	..lin.c7db218f..51c1b97e.0_140	0
0x2311db	NOTYPE	..lin.c7db218f..51c1b97e.0_141	0
0x2311f4	NOTYPE	..lin.c7db218f..51c1b97e.0_142	0
0x231201	FUNC	Vtd_InvalidateAfterEnablingDevices	141
0x23120a	NOTYPE	..lin.c7db218f..e19a7608.0_143	0
0x23121c	NOTYPE	..lin.c7db218f..e19a7608.0_144	0
0x231222	NOTYPE	..lin.c7db218f..e19a7608.0_145	0
0x23123d	NOTYPE	..lin.c7db218f..e19a7608.0_146	0
0x231254	NOTYPE	..lin.c7db218f..e19a7608.0_147	0
0x23127a	NOTYPE	..lin.c7db218f..e19a7608.0_148	0
0x231289	NOTYPE	..lin.c7db218f..e19a7608.0_149	0
0x231290	FUNC	bootargs_CreateIODevice...2Fhome.2Fmal.2Fgm_release.2FMY22.2D026.2Ffinal.2Fiot.2Frtos.2Flibs.2Fgm.2Di35.2Frel.2Fwork.2Fbootargs_iodev.	3
0x231293	FUNC	bootargs_ReadReg...2Fhome.2Fmal.2Fgm_release.2FMY22.2D026.2Ffinal.2Fiot.2Frtos.2Flibs.2Fgm.2Di35.2Frel.2Fwork.2Fbootargs_iodev.	98
0x2312a9	NOTYPE	..lin.4a231578..8ee275f.0_1	0
0x2312ba	NOTYPE	..lin.4a231578..8ee275f.0_2	0
0x2312be	NOTYPE	..lin.4a231578..8ee275f.0_3	0
0x2312cc	NOTYPE	..lin.4a231578..8ee275f.0_4	0
0x2312ce	NOTYPE	..lin.4a231578..8ee275f.0_5	0
0x2312db	NOTYPE	..lin.4a231578..8ee275f.0_6	0
0x2312e3	NOTYPE	..lin.4a231578..8ee275f.0_7	0
0x2312ef	NOTYPE	..lin.4a231578..8ee275f.0_8	0
0x2312f5	FUNC	bootargs_ReadStatus...2Fhome.2Fmal.2Fgm_release.2FMY22.2D026.2Ffinal.2Fiot.2Frtos.2Flibs.2Fgm.2Di35.2Frel.2Fwork.2Fbootargs_iodev.	160
0x23131b	NOTYPE	..lin.4a231578..a32829e5.0_9	0
0x231321	NOTYPE	..lin.4a231578..a32829e5.0_10	0
0x231330	NOTYPE	..lin.4a231578..a32829e5.0_11	0
0x231338	NOTYPE	..lin.4a231578..a32829e5.0_12	0
0x231350	NOTYPE	..lin.4a231578..a32829e5.0_13	0
0x231352	NOTYPE	..lin.4a231578..a32829e5.0_14	0
0x231361	NOTYPE	..lin.4a231578..a32829e5.0_15	0
0x231367	NOTYPE	..lin.4a231578..a32829e5.0_16	0
0x23136f	NOTYPE	..lin.4a231578..a32829e5.0_17	0
0x231391	NOTYPE	..lin.4a231578..a32829e5.0_18	0
0x231395	FUNC	bootargs_IODeviceInit	80
0x2313af	NOTYPE	..lin.4a231578..e06093a1.0_19	0
0x2313c5	NOTYPE	..lin.4a231578..e06093a1.0_20	0
0x2313d0	NOTYPE	..lin.4a231578..e06093a1.0_21	0
0x2313e3	NOTYPE	..lin.4a231578..e06093a1.0_22	0
0x2313e5	FUNC	bootargs_SetAuxData	93
0x231405	NOTYPE	..lin.4a231578..f966c8b9.0_23	0
0x23140e	NOTYPE	..lin.4a231578..f966c8b9.0_24	0
0x231414	NOTYPE	..lin.4a231578..f966c8b9.0_25	0
0x23142d	NOTYPE	..lin.4a231578..f966c8b9.0_26	0
0x23143b	NOTYPE	..lin.4a231578..f966c8b9.0_27	0
0x231443	FUNC	saveBootRegs	27
0x231452	NOTYPE	..lin.38cf6aad..4d583b9.0_1	0
0x23145c	NOTYPE	..lin.38cf6aad..4d583b9.0_2	0
0x23145e	FUNC	getNodeFromTree	81
0x23146e	NOTYPE	..lin.38cf6aad..d51c096f.0_3	0
0x23147e	NOTYPE	..lin.38cf6aad..d51c096f.0_4	0
0x231484	NOTYPE	..lin.38cf6aad..d51c096f.0_5	0
0x23148d	NOTYPE	..lin.38cf6aad..d51c096f.0_6	0
0x23149b	NOTYPE	..lin.38cf6aad..d51c096f.0_7	0
0x2314a4	NOTYPE	..lin.38cf6aad..d51c096f.0_8	0
0x2314af	FUNC	getProperty	135
0x2314c6	NOTYPE	..lin.38cf6aad..1b576caa.0_9	0
0x2314cb	NOTYPE	..lin.38cf6aad..1b576caa.0_10	0
0x2314d2	NOTYPE	..lin.38cf6aad..1b576caa.0_11	0
0x2314dd	NOTYPE	..lin.38cf6aad..1b576caa.0_12	0
0x2314e4	NOTYPE	..lin.38cf6aad..1b576caa.0_13	0
0x2314f2	NOTYPE	..lin.38cf6aad..1b576caa.0_14	0
0x2314fe	NOTYPE	..lin.38cf6aad..1b576caa.0_15	0
0x231503	NOTYPE	..lin.38cf6aad..1b576caa.0_16	0
0x231515	NOTYPE	..lin.38cf6aad..1b576caa.0_17	0
0x231527	NOTYPE	..lin.38cf6aad..1b576caa.0_18	0
0x231536	FUNC	handle_ghstable_argument...2Fhome.2Fmal.2Fgm_release.2FMY22.2D026.2Ffinal.2Fiot.2Frtos.2Flibs.2Fgm.2Di35.2Frel.2Fwork.2Fprocessargs.	91
0x231549	NOTYPE	..lin.38cf6aad..5eaf27bc.0_19	0
0x231559	NOTYPE	..lin.38cf6aad..5eaf27bc.0_20	0
0x23156c	NOTYPE	..lin.38cf6aad..5eaf27bc.0_21	0
0x231584	NOTYPE	..lin.38cf6aad..5eaf27bc.0_22	0
0x231591	FUNC	isipaddr...2Fhome.2Fmal.2Fgm_release.2FMY22.2D026.2Ffinal.2Fiot.2Frtos.2Flibs.2Fgm.2Di35.2Frel.2Fwork.2Fprocessargs.	133
0x2315a1	NOTYPE	..lin.38cf6aad..f42c2ef5.0_23	0
0x2315a5	NOTYPE	..lin.38cf6aad..f42c2ef5.0_24	0
0x2315b6	NOTYPE	..lin.38cf6aad..f42c2ef5.0_25	0
0x2315c0	NOTYPE	..lin.38cf6aad..f42c2ef5.0_26	0
0x2315d1	NOTYPE	..lin.38cf6aad..f42c2ef5.0_27	0
0x2315db	NOTYPE	..lin.38cf6aad..f42c2ef5.0_28	0
0x2315ec	NOTYPE	..lin.38cf6aad..f42c2ef5.0_29	0
0x2315f6	NOTYPE	..lin.38cf6aad..f42c2ef5.0_30	0
0x231608	NOTYPE	..lin.38cf6aad..f42c2ef5.0_31	0
0x231616	FUNC	parse_ip_addr...2Fhome.2Fmal.2Fgm_release.2FMY22.2D026.2Ffinal.2Fiot.2Frtos.2Flibs.2Fgm.2Di35.2Frel.2Fwork.2Fprocessargs.	129
0x23161d	NOTYPE	..lin.38cf6aad..27270df2.0_32	0
0x231632	NOTYPE	..lin.38cf6aad..27270df2.0_33	0
0x23163c	NOTYPE	..lin.38cf6aad..27270df2.0_34	0
0x231656	NOTYPE	..lin.38cf6aad..27270df2.0_35	0
0x231660	NOTYPE	..lin.38cf6aad..27270df2.0_36	0
0x23167a	NOTYPE	..lin.38cf6aad..27270df2.0_37	0
0x231693	NOTYPE	..lin.38cf6aad..27270df2.0_38	0
0x231697	FUNC	handle_argument...2Fhome.2Fmal.2Fgm_release.2FMY22.2D026.2Ffinal.2Fiot.2Frtos.2Flibs.2Fgm.2Di35.2Frel.2Fwork.2Fprocessargs.	240
0x2316be	NOTYPE	..lin.38cf6aad..76029b73.0_39	0
0x2316d5	NOTYPE	..lin.38cf6aad..76029b73.0_40	0
0x2316f4	NOTYPE	..lin.38cf6aad..76029b73.0_41	0
0x23170f	NOTYPE	..lin.38cf6aad..76029b73.0_42	0
0x231713	NOTYPE	..lin.38cf6aad..76029b73.0_43	0
0x23172c	NOTYPE	..lin.38cf6aad..76029b73.0_44	0
0x231740	NOTYPE	..lin.38cf6aad..76029b73.0_45	0
0x231742	NOTYPE	..lin.38cf6aad..76029b73.0_46	0
0x23175b	NOTYPE	..lin.38cf6aad..76029b73.0_47	0
0x23176e	NOTYPE	..lin.38cf6aad..76029b73.0_48	0
0x23177d	NOTYPE	..lin.38cf6aad..76029b73.0_49	0
0x231787	FUNC	parse_cmdline...2Fhome.2Fmal.2Fgm_release.2FMY22.2D026.2Ffinal.2Fiot.2Frtos.2Flibs.2Fgm.2Di35.2Frel.2Fwork.2Fprocessargs.	304
0x2317a0	NOTYPE	..lin.38cf6aad..52aac0bb.0_50	0
0x2317bc	NOTYPE	..lin.38cf6aad..52aac0bb.0_51	0
0x2317c1	NOTYPE	..lin.38cf6aad..52aac0bb.0_52	0
0x2317c9	NOTYPE	..lin.38cf6aad..52aac0bb.0_53	0
0x2317d0	NOTYPE	..lin.38cf6aad..52aac0bb.0_54	0
0x2317f9	NOTYPE	..lin.38cf6aad..52aac0bb.0_55	0
0x231800	NOTYPE	..lin.38cf6aad..52aac0bb.0_56	0
0x23180f	NOTYPE	..lin.38cf6aad..52aac0bb.0_57	0
0x231818	NOTYPE	..lin.38cf6aad..52aac0bb.0_58	0
0x231831	NOTYPE	..lin.38cf6aad..52aac0bb.0_59	0
0x231836	NOTYPE	..lin.38cf6aad..52aac0bb.0_60	0
0x231845	NOTYPE	..lin.38cf6aad..52aac0bb.0_61	0
0x231849	NOTYPE	..lin.38cf6aad..52aac0bb.0_62	0
0x23184e	NOTYPE	..lin.38cf6aad..52aac0bb.0_63	0
0x23185f	NOTYPE	..lin.38cf6aad..52aac0bb.0_64	0
0x23186d	NOTYPE	..lin.38cf6aad..52aac0bb.0_65	0
0x231871	NOTYPE	..lin.38cf6aad..52aac0bb.0_66	0
0x231886	NOTYPE	..lin.38cf6aad..52aac0bb.0_67	0
0x23188c	NOTYPE	..lin.38cf6aad..52aac0bb.0_68	0
0x23189b	NOTYPE	..lin.38cf6aad..52aac0bb.0_69	0
0x2318ac	NOTYPE	..lin.38cf6aad..52aac0bb.0_70	0
0x2318b7	FUNC	ProcessCommandLineArgs	85
0x2318e7	NOTYPE	..lin.38cf6aad..1b95ff58.0_71	0
0x2318ed	NOTYPE	..lin.38cf6aad..1b95ff58.0_72	0
0x2318fb	NOTYPE	..lin.38cf6aad..1b95ff58.0_73	0
0x231907	NOTYPE	..lin.38cf6aad..1b95ff58.0_74	0
0x23190c	FUNC	isetheraddr...2Fhome.2Fmal.2Fgm_release.2FMY22.2D026.2Ffinal.2Fiot.2Frtos.2Flibs.2Fgm.2Di35.2Frel.2Fwork.2Fprocessargs.	150
0x231920	NOTYPE	..lin.38cf6aad..aba3e394.0_75	0
0x231924	NOTYPE	..lin.38cf6aad..aba3e394.0_76	0
0x231935	NOTYPE	..lin.38cf6aad..aba3e394.0_77	0
0x231943	NOTYPE	..lin.38cf6aad..aba3e394.0_78	0
0x23194d	NOTYPE	..lin.38cf6aad..aba3e394.0_79	0
0x23194f	NOTYPE	..lin.38cf6aad..aba3e394.0_80	0
0x231960	NOTYPE	..lin.38cf6aad..aba3e394.0_81	0
0x23196e	NOTYPE	..lin.38cf6aad..aba3e394.0_82	0
0x231973	NOTYPE	..lin.38cf6aad..aba3e394.0_83	0
0x231978	NOTYPE	..lin.38cf6aad..aba3e394.0_84	0
0x231981	NOTYPE	..lin.38cf6aad..aba3e394.0_85	0
0x231993	NOTYPE	..lin.38cf6aad..aba3e394.0_86	0
0x2319a2	FUNC	hex_to_bin...2Fhome.2Fmal.2Fgm_release.2FMY22.2D026.2Ffinal.2Fiot.2Frtos.2Flibs.2Fgm.2Di35.2Frel.2Fwork.2Fprocessargs.	60
0x2319ae	NOTYPE	..lin.38cf6aad..356e8ee4.0_87	0
0x2319b4	NOTYPE	..lin.38cf6aad..356e8ee4.0_88	0
0x2319c0	NOTYPE	..lin.38cf6aad..356e8ee4.0_89	0
0x2319c6	NOTYPE	..lin.38cf6aad..356e8ee4.0_90	0
0x2319d2	NOTYPE	..lin.38cf6aad..356e8ee4.0_91	0
0x2319d8	NOTYPE	..lin.38cf6aad..356e8ee4.0_92	0
0x2319de	FUNC	parse_ether_addr...2Fhome.2Fmal.2Fgm_release.2FMY22.2D026.2Ffinal.2Fiot.2Frtos.2Flibs.2Fgm.2Di35.2Frel.2Fwork.2Fprocessargs.	105
0x2319f1	NOTYPE	..lin.38cf6aad..95b3b1b1.0_93	0
0x2319fd	NOTYPE	..lin.38cf6aad..95b3b1b1.0_94	0
0x231a10	NOTYPE	..lin.38cf6aad..95b3b1b1.0_95	0
0x231a24	NOTYPE	..lin.38cf6aad..95b3b1b1.0_96	0
0x231a2b	NOTYPE	..lin.38cf6aad..95b3b1b1.0_97	0
0x231a3e	NOTYPE	..lin.38cf6aad..95b3b1b1.0_98	0
0x231a47	FUNC	handle_ether_argument...2Fhome.2Fmal.2Fgm_release.2FMY22.2D026.2Ffinal.2Fiot.2Frtos.2Flibs.2Fgm.2Di35.2Frel.2Fwork.2Fprocessargs.	194
0x231a74	NOTYPE	..lin.38cf6aad..a65f1c8a.0_99	0
0x231a88	NOTYPE	..lin.38cf6aad..a65f1c8a.0_100	0
0x231a90	NOTYPE	..lin.38cf6aad..a65f1c8a.0_101	0
0x231a94	NOTYPE	..lin.38cf6aad..a65f1c8a.0_102	0
0x231aad	NOTYPE	..lin.38cf6aad..a65f1c8a.0_103	0
0x231ac0	NOTYPE	..lin.38cf6aad..a65f1c8a.0_104	0
0x231ad9	NOTYPE	..lin.38cf6aad..a65f1c8a.0_105	0
0x231aec	NOTYPE	..lin.38cf6aad..a65f1c8a.0_106	0
0x231aff	NOTYPE	..lin.38cf6aad..a65f1c8a.0_107	0
0x231b09	FUNC	ProcessBSPArgumentsAndGetMacAddress	40
0x231b2f	NOTYPE	..lin.38cf6aad..b0ec3189.0_108	0
0x231b31	FUNC	getNetInfoFromChosenAndGetMacAddress	147
0x231b4c	NOTYPE	..lin.38cf6aad..24b94a76.0_109	0
0x231b55	NOTYPE	..lin.38cf6aad..24b94a76.0_110	0
0x231b5e	NOTYPE	..lin.38cf6aad..24b94a76.0_111	0
0x231b67	NOTYPE	..lin.38cf6aad..24b94a76.0_112	0
0x231b72	NOTYPE	..lin.38cf6aad..24b94a76.0_113	0
0x231b84	NOTYPE	..lin.38cf6aad..24b94a76.0_114	0
0x231b8a	NOTYPE	..lin.38cf6aad..24b94a76.0_115	0
0x231b9f	NOTYPE	..lin.38cf6aad..24b94a76.0_116	0
0x231ba5	NOTYPE	..lin.38cf6aad..24b94a76.0_117	0
0x231bad	NOTYPE	..lin.38cf6aad..24b94a76.0_118	0
0x231bbb	NOTYPE	..lin.38cf6aad..24b94a76.0_119	0
0x231bc4	FUNC	getNetInfoFromChosen	9
0x231bcd	NOTYPE	..lin.38cf6aad..2713634c.0_120	0
0x231bcd	FUNC	ProcessBSPArguments	9
0x231bd6	NOTYPE	..lin.38cf6aad..8cf8845f.0_121	0
0x231bd7	FUNC	PCIBusBarrier	5
0x231bdc	NOTYPE	..lin.c7daccab..3e1265f2.0_1	0
0x231bdc	FUNC	PCIConfigBusMap...2Fhome.2Fmal.2Fgm_release.2FMY22.2D026.2Ffinal.2Fiot.2Frtos.2Flibs.2Fgm.2Di35.2Frel.2Fwork.2Fbus.	14
0x231bea	FUNC	PCIMemoryBusMap...2Fhome.2Fmal.2Fgm_release.2FMY22.2D026.2Ffinal.2Fiot.2Frtos.2Flibs.2Fgm.2Di35.2Frel.2Fwork.2Fbus.	19
0x231bfd	FUNC	PCIIOBusMap...2Fhome.2Fmal.2Fgm_release.2FMY22.2D026.2Ffinal.2Fiot.2Frtos.2Flibs.2Fgm.2Di35.2Frel.2Fwork.2Fbus.	6
0x231c03	FUNC	PCIBusSubregion...2Fhome.2Fmal.2Fgm_release.2FMY22.2D026.2Ffinal.2Fiot.2Frtos.2Flibs.2Fgm.2Di35.2Frel.2Fwork.2Fbus.	9
0x231c0f	FUNC	PCIConfigBusBarrier	5
0x231c14	NOTYPE	..lin.c82cc440..a37771c8.0_1	0
0x231c14	FUNC	PCIConfigBusRead1	33
0x231c22	NOTYPE	..lin.c82cc440..e4238b4e.0_2	0
0x231c31	NOTYPE	..lin.c82cc440..e4238b4e.0_3	0
0x231c35	FUNC	PCIConfigBusRead2	34
0x231c43	NOTYPE	..lin.c82cc440..e4238b4f.0_4	0
0x231c53	NOTYPE	..lin.c82cc440..e4238b4f.0_5	0
0x231c57	FUNC	PCIConfigBusRead4	20
0x231c61	NOTYPE	..lin.c82cc440..e4238b51.0_6	0
0x231c6a	NOTYPE	..lin.c82cc440..e4238b51.0_7	0
0x231c6b	FUNC	PCIConfigBusWrite1	32
0x231c7a	NOTYPE	..lin.c82cc440..752eacbd.0_8	0
0x231c89	NOTYPE	..lin.c82cc440..752eacbd.0_9	0
0x231c8b	FUNC	PCIConfigBusWrite2	33
0x231c9a	NOTYPE	..lin.c82cc440..752eacbe.0_10	0
0x231caa	NOTYPE	..lin.c82cc440..752eacbe.0_11	0
0x231cac	FUNC	PCIConfigBusWrite4	20
0x231cb6	NOTYPE	..lin.c82cc440..752eacc0.0_12	0
0x231cbf	NOTYPE	..lin.c82cc440..752eacc0.0_13	0
0x231cc0	FUNC	PCIConfigBusReadMulti1	66
0x231cda	NOTYPE	..lin.c82cc440..2ed7a4b9.0_14	0
0x231cea	NOTYPE	..lin.c82cc440..2ed7a4b9.0_15	0
0x231cf8	NOTYPE	..lin.c82cc440..2ed7a4b9.0_16	0
0x231d02	FUNC	PCIConfigBusReadMulti2	67
0x231d1c	NOTYPE	..lin.c82cc440..2ed7a4ba.0_17	0
0x231d2d	NOTYPE	..lin.c82cc440..2ed7a4ba.0_18	0
0x231d3b	NOTYPE	..lin.c82cc440..2ed7a4ba.0_19	0
0x231d45	FUNC	PCIConfigBusReadMulti4	66
0x231d5f	NOTYPE	..lin.c82cc440..2ed7a4bc.0_20	0
0x231d6f	NOTYPE	..lin.c82cc440..2ed7a4bc.0_21	0
0x231d7d	NOTYPE	..lin.c82cc440..2ed7a4bc.0_22	0
0x231d87	FUNC	PCIConfigBusWriteMulti1	67
0x231da1	NOTYPE	..lin.c82cc440..1bec0388.0_23	0
0x231db2	NOTYPE	..lin.c82cc440..1bec0388.0_24	0
0x231dc0	NOTYPE	..lin.c82cc440..1bec0388.0_25	0
0x231dca	FUNC	PCIConfigBusWriteMulti2	67
0x231de4	NOTYPE	..lin.c82cc440..1bec0389.0_26	0
0x231df5	NOTYPE	..lin.c82cc440..1bec0389.0_27	0
0x231e03	NOTYPE	..lin.c82cc440..1bec0389.0_28	0
0x231e0d	FUNC	PCIConfigBusWriteMulti4	66
0x231e27	NOTYPE	..lin.c82cc440..1bec038b.0_29	0
0x231e37	NOTYPE	..lin.c82cc440..1bec038b.0_30	0
0x231e45	NOTYPE	..lin.c82cc440..1bec038b.0_31	0
0x231e4f	FUNC	PCIIOBusBarrier	5
0x231e54	NOTYPE	..lin.cf50c93d..ca4d1ea.0_1	0
0x231e54	FUNC	PCIIOBusRead1	15
0x231e5f	NOTYPE	..lin.cf50c93d..54d67af0.0_2	0
0x231e63	FUNC	PCIIOBusRead2	16
0x231e6f	NOTYPE	..lin.cf50c93d..54d67af1.0_3	0
0x231e73	FUNC	PCIIOBusRead4	12
0x231e7e	NOTYPE	..lin.cf50c93d..54d67af3.0_4	0
0x231e7f	FUNC	PCIIOBusWrite1	14
0x231e8b	NOTYPE	..lin.cf50c93d..fc3f909f.0_5	0
0x231e8d	FUNC	PCIIOBusWrite2	15
0x231e9a	NOTYPE	..lin.cf50c93d..fc3f90a0.0_6	0
0x231e9c	FUNC	PCIIOBusWrite4	14
0x231ea8	NOTYPE	..lin.cf50c93d..fc3f90a2.0_7	0
0x231eaa	FUNC	PCIIOBusReadMulti1	66
0x231ec4	NOTYPE	..lin.cf50c93d..d99ba99b.0_8	0
0x231ed4	NOTYPE	..lin.cf50c93d..d99ba99b.0_9	0
0x231ee2	NOTYPE	..lin.cf50c93d..d99ba99b.0_10	0
0x231eec	FUNC	PCIIOBusReadMulti2	67
0x231f06	NOTYPE	..lin.cf50c93d..d99ba99c.0_11	0
0x231f17	NOTYPE	..lin.cf50c93d..d99ba99c.0_12	0
0x231f25	NOTYPE	..lin.cf50c93d..d99ba99c.0_13	0
0x231f2f	FUNC	PCIIOBusReadMulti4	66
0x231f49	NOTYPE	..lin.cf50c93d..d99ba99e.0_14	0
0x231f59	NOTYPE	..lin.cf50c93d..d99ba99e.0_15	0
0x231f67	NOTYPE	..lin.cf50c93d..d99ba99e.0_16	0
0x231f71	FUNC	PCIIOBusWriteMulti1	67
0x231f8b	NOTYPE	..lin.cf50c93d..1f30a4aa.0_17	0
0x231f9c	NOTYPE	..lin.cf50c93d..1f30a4aa.0_18	0
0x231faa	NOTYPE	..lin.cf50c93d..1f30a4aa.0_19	0
0x231fb4	FUNC	PCIIOBusWriteMulti2	67
0x231fce	NOTYPE	..lin.cf50c93d..1f30a4ab.0_20	0
0x231fdf	NOTYPE	..lin.cf50c93d..1f30a4ab.0_21	0
0x231fed	NOTYPE	..lin.cf50c93d..1f30a4ab.0_22	0
0x231ff7	FUNC	PCIIOBusWriteMulti4	66
0x232011	NOTYPE	..lin.cf50c93d..1f30a4ad.0_23	0
0x232021	NOTYPE	..lin.cf50c93d..1f30a4ad.0_24	0
0x23202f	NOTYPE	..lin.cf50c93d..1f30a4ad.0_25	0
0x23203b	FUNC	MemMappedBusRead1	7
0x23203e	NOTYPE	..lin.b44c3539..e3e64f52.0_1	0
0x232042	FUNC	MemMappedBusRead2	8
0x232046	NOTYPE	..lin.b44c3539..e3e64f53.0_2	0
0x23204a	FUNC	MemMappedBusRead4	4
0x23204d	NOTYPE	..lin.b44c3539..e3e64f55.0_3	0
0x23204e	FUNC	MemMappedByteRevBusRead2	10
0x232054	NOTYPE	..lin.b44c3539..ed694cd4.0_4	0
0x232058	FUNC	MemMappedByteRevBusRead4	6
0x23205d	NOTYPE	..lin.b44c3539..ed694cd6.0_5	0
0x23205e	FUNC	MemMappedBusWrite1	4
0x232061	NOTYPE	..lin.b44c3539..6d49f141.0_6	0
0x232062	FUNC	MemMappedBusWrite2	5
0x232066	NOTYPE	..lin.b44c3539..6d49f142.0_7	0
0x232067	FUNC	MemMappedBusWrite4	4
0x23206a	NOTYPE	..lin.b44c3539..6d49f144.0_8	0
0x23206b	FUNC	MemMappedByteRevBusWrite2	9
0x232073	NOTYPE	..lin.b44c3539..a72c9ee3.0_9	0
0x232074	FUNC	MemMappedByteRevBusWrite4	6
0x232079	NOTYPE	..lin.b44c3539..a72c9ee5.0_10	0
0x23207a	FUNC	MemMappedBusReadMulti1	26
0x232081	NOTYPE	..lin.b44c3539..94498b3d.0_11	0
0x232093	NOTYPE	..lin.b44c3539..94498b3d.0_12	0
0x232094	FUNC	MemMappedBusReadMulti2	28
0x23209b	NOTYPE	..lin.b44c3539..94498b3e.0_13	0
0x2320af	NOTYPE	..lin.b44c3539..94498b3e.0_14	0
0x2320b0	FUNC	MemMappedBusReadMulti4	26
0x2320b7	NOTYPE	..lin.b44c3539..94498b40.0_15	0
0x2320c9	NOTYPE	..lin.b44c3539..94498b40.0_16	0
0x2320ca	FUNC	MemMappedByteRevBusReadMulti2	32
0x2320d2	NOTYPE	..lin.b44c3539..351c215f.0_17	0
0x2320da	NOTYPE	..lin.b44c3539..351c215f.0_18	0
0x2320e8	NOTYPE	..lin.b44c3539..351c215f.0_19	0
0x2320ea	FUNC	MemMappedByteRevBusReadMulti4	28
0x2320f1	NOTYPE	..lin.b44c3539..351c2161.0_20	0
0x2320f7	NOTYPE	..lin.b44c3539..351c2161.0_21	0
0x232105	NOTYPE	..lin.b44c3539..351c2161.0_22	0
0x232106	FUNC	MemMappedBusWriteMulti1	26
0x23210d	NOTYPE	..lin.b44c3539..2f9aba8c.0_23	0
0x23211f	NOTYPE	..lin.b44c3539..2f9aba8c.0_24	0
0x232120	FUNC	MemMappedBusWriteMulti2	28
0x232127	NOTYPE	..lin.b44c3539..2f9aba8d.0_25	0
0x23213b	NOTYPE	..lin.b44c3539..2f9aba8d.0_26	0
0x23213c	FUNC	MemMappedBusWriteMulti4	26
0x232143	NOTYPE	..lin.b44c3539..2f9aba8f.0_27	0
0x232155	NOTYPE	..lin.b44c3539..2f9aba8f.0_28	0
0x232156	FUNC	MemMappedByteRevBusWriteMulti2	32
0x23215e	NOTYPE	..lin.b44c3539..eac014ce.0_29	0
0x232166	NOTYPE	..lin.b44c3539..eac014ce.0_30	0
0x232174	NOTYPE	..lin.b44c3539..eac014ce.0_31	0
0x232176	FUNC	MemMappedByteRevBusWriteMulti4	28
0x23217d	NOTYPE	..lin.b44c3539..eac014d0.0_32	0
0x232183	NOTYPE	..lin.b44c3539..eac014d0.0_33	0
0x232191	NOTYPE	..lin.b44c3539..eac014d0.0_34	0
0x232192	FUNC	MemMappedReadBytes1	32
0x232197	NOTYPE	..lin.b44c3539..eca82bef.0_35	0
0x2321b0	NOTYPE	..lin.b44c3539..eca82bef.0_36	0
0x2321b2	FUNC	MemMappedReadBytes2	33
0x2321b6	NOTYPE	..lin.b44c3539..eca82bf0.0_37	0
0x2321c5	NOTYPE	..lin.b44c3539..eca82bf0.0_38	0
0x2321d2	NOTYPE	..lin.b44c3539..eca82bf0.0_39	0
0x2321d3	FUNC	MemMappedReadBytes4	31
0x2321d7	NOTYPE	..lin.b44c3539..eca82bf2.0_40	0
0x2321f1	NOTYPE	..lin.b44c3539..eca82bf2.0_41	0
0x2321f2	FUNC	MemMappedWriteBytes1	32
0x2321f7	NOTYPE	..lin.b44c3539..bf547dfe.0_42	0
0x232210	NOTYPE	..lin.b44c3539..bf547dfe.0_43	0
0x232212	FUNC	MemMappedWriteBytes2	33
0x232216	NOTYPE	..lin.b44c3539..bf547dff.0_44	0
0x232225	NOTYPE	..lin.b44c3539..bf547dff.0_45	0
0x232232	NOTYPE	..lin.b44c3539..bf547dff.0_46	0
0x232233	FUNC	MemMappedWriteBytes4	31
0x232237	NOTYPE	..lin.b44c3539..bf547e01.0_47	0
0x232251	NOTYPE	..lin.b44c3539..bf547e01.0_48	0
0x232252	FUNC	MemMappedSubregion	9
0x23225b	FUNC	pci_fatal_error...2Fhome.2Fmal.2Fgm_release.2FMY22.2D026.2Ffinal.2Fiot.2Frtos.2Flibs.2Fgm.2Di35.2Frel.2Fwork.2Fpci_config.	5
0x232260	NOTYPE	..lin.c15a1e92..15bf711.0_1	0
0x232260	FUNC	calloc_pcidomain...2Fhome.2Fmal.2Fgm_release.2FMY22.2D026.2Ffinal.2Fiot.2Frtos.2Flibs.2Fgm.2Di35.2Frel.2Fwork.2Fpci_config.	50
0x23226e	NOTYPE	..lin.c15a1e92..f3c91b46.0_2	0
0x232272	NOTYPE	..lin.c15a1e92..f3c91b46.0_3	0
0x23228e	NOTYPE	..lin.c15a1e92..f3c91b46.0_4	0
0x232292	FUNC	calloc_pcidata...2Fhome.2Fmal.2Fgm_release.2FMY22.2D026.2Ffinal.2Fiot.2Frtos.2Flibs.2Fgm.2Di35.2Frel.2Fwork.2Fpci_config.	50
0x2322a0	NOTYPE	..lin.c15a1e92..83732e8.0_5	0
0x2322a4	NOTYPE	..lin.c15a1e92..83732e8.0_6	0
0x2322c0	NOTYPE	..lin.c15a1e92..83732e8.0_7	0
0x2322c4	FUNC	domain_init...2Fhome.2Fmal.2Fgm_release.2FMY22.2D026.2Ffinal.2Fiot.2Frtos.2Flibs.2Fgm.2Di35.2Frel.2Fwork.2Fpci_config.	218
0x2322ed	NOTYPE	..lin.c15a1e92..7c503730.0_8	0
0x2322f6	NOTYPE	..lin.c15a1e92..7c503730.0_9	0
0x232314	NOTYPE	..lin.c15a1e92..7c503730.0_10	0
0x23233f	NOTYPE	..lin.c15a1e92..7c503730.0_11	0
0x23234a	NOTYPE	..lin.c15a1e92..7c503730.0_12	0
0x232358	NOTYPE	..lin.c15a1e92..7c503730.0_13	0
0x232366	NOTYPE	..lin.c15a1e92..7c503730.0_14	0
0x232387	NOTYPE	..lin.c15a1e92..7c503730.0_15	0
0x23238f	NOTYPE	..lin.c15a1e92..7c503730.0_16	0
0x23239e	FUNC	calloc_pcibusinfo...2Fhome.2Fmal.2Fgm_release.2FMY22.2D026.2Ffinal.2Fiot.2Frtos.2Flibs.2Fgm.2Di35.2Frel.2Fwork.2Fpci_config.	56
0x2323ae	NOTYPE	..lin.c15a1e92..e1680904.0_17	0
0x2323b2	NOTYPE	..lin.c15a1e92..e1680904.0_18	0
0x2323c6	NOTYPE	..lin.c15a1e92..e1680904.0_19	0
0x2323d2	NOTYPE	..lin.c15a1e92..e1680904.0_20	0
0x2323d6	FUNC	pci_print_ranges...2Fhome.2Fmal.2Fgm_release.2FMY22.2D026.2Ffinal.2Fiot.2Frtos.2Flibs.2Fgm.2Di35.2Frel.2Fwork.2Fpci_config.	9
0x2323de	NOTYPE	..lin.c15a1e92..2e8dcacc.0_21	0
0x2323df	FUNC	pci_print_drivers...2Fhome.2Fmal.2Fgm_release.2FMY22.2D026.2Ffinal.2Fiot.2Frtos.2Flibs.2Fgm.2Di35.2Frel.2Fwork.2Fpci_config.	24
0x2323e3	NOTYPE	..lin.c15a1e92..f1ed43eb.0_22	0
0x2323f6	NOTYPE	..lin.c15a1e92..f1ed43eb.0_23	0
0x2323f7	FUNC	pci_find_driver...2Fhome.2Fmal.2Fgm_release.2FMY22.2D026.2Ffinal.2Fiot.2Frtos.2Flibs.2Fgm.2Di35.2Frel.2Fwork.2Fpci_config.	115
0x232421	NOTYPE	..lin.c15a1e92..4f666cec.0_24	0
0x232436	NOTYPE	..lin.c15a1e92..4f666cec.0_25	0
0x23243f	NOTYPE	..lin.c15a1e92..4f666cec.0_26	0
0x23245b	NOTYPE	..lin.c15a1e92..4f666cec.0_27	0
0x23246a	FUNC	init_stack...2Fhome.2Fmal.2Fgm_release.2FMY22.2D026.2Ffinal.2Fiot.2Frtos.2Flibs.2Fgm.2Di35.2Frel.2Fwork.2Fpci_config.	7
0x232471	FUNC	calloc_pcifunction...2Fhome.2Fmal.2Fgm_release.2FMY22.2D026.2Ffinal.2Fiot.2Frtos.2Flibs.2Fgm.2Di35.2Frel.2Fwork.2Fpci_config.	53
0x23247f	NOTYPE	..lin.c15a1e92..b35d7654.0_28	0
0x232483	NOTYPE	..lin.c15a1e92..b35d7654.0_29	0
0x2324a2	NOTYPE	..lin.c15a1e92..b35d7654.0_30	0
0x2324a6	FUNC	cfg_read4...2Fhome.2Fmal.2Fgm_release.2FMY22.2D026.2Ffinal.2Fiot.2Frtos.2Flibs.2Fgm.2Di35.2Frel.2Fwork.2Fpci_config.	79
0x2324e9	NOTYPE	..lin.c15a1e92..ff078a84.0_31	0
0x2324f5	FUNC	cfg_read1...2Fhome.2Fmal.2Fgm_release.2FMY22.2D026.2Ffinal.2Fiot.2Frtos.2Flibs.2Fgm.2Di35.2Frel.2Fwork.2Fpci_config.	78
0x232538	NOTYPE	..lin.c15a1e92..ff078a81.0_32	0
0x232543	FUNC	cfg_write4...2Fhome.2Fmal.2Fgm_release.2FMY22.2D026.2Ffinal.2Fiot.2Frtos.2Flibs.2Fgm.2Di35.2Frel.2Fwork.2Fpci_config.	68
0x232587	FUNC	cfg_write1...2Fhome.2Fmal.2Fgm_release.2FMY22.2D026.2Ffinal.2Fiot.2Frtos.2Flibs.2Fgm.2Di35.2Frel.2Fwork.2Fpci_config.	68
0x2325cb	FUNC	preorder_disable_function...2Fhome.2Fmal.2Fgm_release.2FMY22.2D026.2Ffinal.2Fiot.2Frtos.2Flibs.2Fgm.2Di35.2Frel.2Fwork.2Fpci_config.	242
0x2325f0	NOTYPE	..lin.c15a1e92..a3c82ac0.0_33	0
0x232600	NOTYPE	..lin.c15a1e92..a3c82ac0.0_34	0
0x232610	NOTYPE	..lin.c15a1e92..a3c82ac0.0_35	0
0x232612	NOTYPE	..lin.c15a1e92..a3c82ac0.0_36	0
0x232617	NOTYPE	..lin.c15a1e92..a3c82ac0.0_37	0
0x232625	NOTYPE	..lin.c15a1e92..a3c82ac0.0_38	0
0x23263d	NOTYPE	..lin.c15a1e92..a3c82ac0.0_39	0
0x232655	NOTYPE	..lin.c15a1e92..a3c82ac0.0_40	0
0x232661	NOTYPE	..lin.c15a1e92..a3c82ac0.0_41	0
0x232667	NOTYPE	..lin.c15a1e92..a3c82ac0.0_42	0
0x232677	NOTYPE	..lin.c15a1e92..a3c82ac0.0_43	0
0x232689	NOTYPE	..lin.c15a1e92..a3c82ac0.0_44	0
0x23268f	NOTYPE	..lin.c15a1e92..a3c82ac0.0_45	0
0x23269c	NOTYPE	..lin.c15a1e92..a3c82ac0.0_46	0
0x2326a0	NOTYPE	..lin.c15a1e92..a3c82ac0.0_47	0
0x2326aa	NOTYPE	..lin.c15a1e92..a3c82ac0.0_48	0
0x2326b2	NOTYPE	..lin.c15a1e92..a3c82ac0.0_49	0
0x2326bd	FUNC	pci_scan_alloc_bus...2Fhome.2Fmal.2Fgm_release.2FMY22.2D026.2Ffinal.2Fiot.2Frtos.2Flibs.2Fgm.2Di35.2Frel.2Fwork.2Fpci_config.	233
0x2326f6	NOTYPE	..lin.c15a1e92..e819bdf8.0_50	0
0x2326fb	NOTYPE	..lin.c15a1e92..e819bdf8.0_51	0
0x232703	NOTYPE	..lin.c15a1e92..e819bdf8.0_52	0
0x23271a	NOTYPE	..lin.c15a1e92..e819bdf8.0_53	0
0x23272a	NOTYPE	..lin.c15a1e92..e819bdf8.0_54	0
0x23274a	NOTYPE	..lin.c15a1e92..e819bdf8.0_55	0
0x232751	NOTYPE	..lin.c15a1e92..e819bdf8.0_56	0
0x232763	NOTYPE	..lin.c15a1e92..e819bdf8.0_57	0
0x23276b	NOTYPE	..lin.c15a1e92..e819bdf8.0_58	0
0x232776	NOTYPE	..lin.c15a1e92..e819bdf8.0_59	0
0x232797	NOTYPE	..lin.c15a1e92..e819bdf8.0_60	0
0x2327a6	FUNC	push_function...2Fhome.2Fmal.2Fgm_release.2FMY22.2D026.2Ffinal.2Fiot.2Frtos.2Flibs.2Fgm.2Di35.2Frel.2Fwork.2Fpci_config.	51
0x2327c6	NOTYPE	..lin.c15a1e92..a5586a2a.0_61	0
0x2327d0	NOTYPE	..lin.c15a1e92..a5586a2a.0_62	0
0x2327d9	FUNC	pop_function...2Fhome.2Fmal.2Fgm_release.2FMY22.2D026.2Ffinal.2Fiot.2Frtos.2Flibs.2Fgm.2Di35.2Frel.2Fwork.2Fpci_config.	30
0x2327df	NOTYPE	..lin.c15a1e92..ed8c9239.0_63	0
0x2327e5	NOTYPE	..lin.c15a1e92..ed8c9239.0_64	0
0x2327f4	NOTYPE	..lin.c15a1e92..ed8c9239.0_65	0
0x2327f7	FUNC	domain_allocate_tree...2Fhome.2Fmal.2Fgm_release.2FMY22.2D026.2Ffinal.2Fiot.2Frtos.2Flibs.2Fgm.2Di35.2Frel.2Fwork.2Fpci_config.	417
0x23282b	NOTYPE	..lin.c15a1e92..61822250.0_66	0
0x232841	NOTYPE	..lin.c15a1e92..61822250.0_67	0
0x232850	NOTYPE	..lin.c15a1e92..61822250.0_68	0
0x232857	NOTYPE	..lin.c15a1e92..61822250.0_69	0
0x23286d	NOTYPE	..lin.c15a1e92..61822250.0_70	0
0x232878	NOTYPE	..lin.c15a1e92..61822250.0_71	0
0x23287c	NOTYPE	..lin.c15a1e92..61822250.0_72	0
0x23288f	NOTYPE	..lin.c15a1e92..61822250.0_73	0
0x2328ac	NOTYPE	..lin.c15a1e92..61822250.0_74	0
0x2328c6	NOTYPE	..lin.c15a1e92..61822250.0_75	0
0x2328cb	NOTYPE	..lin.c15a1e92..61822250.0_76	0
0x2328d7	NOTYPE	..lin.c15a1e92..61822250.0_77	0
0x2328f0	NOTYPE	..lin.c15a1e92..61822250.0_78	0
0x232900	NOTYPE	..lin.c15a1e92..61822250.0_79	0
0x232908	NOTYPE	..lin.c15a1e92..61822250.0_80	0
0x232916	NOTYPE	..lin.c15a1e92..61822250.0_81	0
0x232923	NOTYPE	..lin.c15a1e92..61822250.0_82	0
0x232927	NOTYPE	..lin.c15a1e92..61822250.0_83	0
0x232929	NOTYPE	..lin.c15a1e92..61822250.0_84	0
0x232937	NOTYPE	..lin.c15a1e92..61822250.0_85	0
0x23294e	NOTYPE	..lin.c15a1e92..61822250.0_86	0
0x232960	NOTYPE	..lin.c15a1e92..61822250.0_87	0
0x23298d	NOTYPE	..lin.c15a1e92..61822250.0_88	0
0x232998	FUNC	pci_scan...2Fhome.2Fmal.2Fgm_release.2FMY22.2D026.2Ffinal.2Fiot.2Frtos.2Flibs.2Fgm.2Di35.2Frel.2Fwork.2Fpci_config.	245
0x2329bd	NOTYPE	..lin.c15a1e92..992b6ea5.0_89	0
0x2329ca	NOTYPE	..lin.c15a1e92..992b6ea5.0_90	0
0x2329e1	NOTYPE	..lin.c15a1e92..992b6ea5.0_91	0
0x2329e7	NOTYPE	..lin.c15a1e92..992b6ea5.0_92	0
0x2329fb	NOTYPE	..lin.c15a1e92..992b6ea5.0_93	0
0x232a01	NOTYPE	..lin.c15a1e92..992b6ea5.0_94	0
0x232a12	NOTYPE	..lin.c15a1e92..992b6ea5.0_95	0
0x232a18	NOTYPE	..lin.c15a1e92..992b6ea5.0_96	0
0x232a27	NOTYPE	..lin.c15a1e92..992b6ea5.0_97	0
0x232a30	NOTYPE	..lin.c15a1e92..992b6ea5.0_98	0
0x232a3d	NOTYPE	..lin.c15a1e92..992b6ea5.0_99	0
0x232a50	NOTYPE	..lin.c15a1e92..992b6ea5.0_100	0
0x232a63	NOTYPE	..lin.c15a1e92..992b6ea5.0_101	0
0x232a74	NOTYPE	..lin.c15a1e92..992b6ea5.0_102	0
0x232a82	NOTYPE	..lin.c15a1e92..992b6ea5.0_103	0
0x232a8d	FUNC	print_spaces...2Fhome.2Fmal.2Fgm_release.2FMY22.2D026.2Ffinal.2Fiot.2Frtos.2Flibs.2Fgm.2Di35.2Frel.2Fwork.2Fpci_config.	42
0x232a90	NOTYPE	..lin.c15a1e92..8f464890.0_104	0
0x232a9f	NOTYPE	..lin.c15a1e92..8f464890.0_105	0
0x232aac	NOTYPE	..lin.c15a1e92..8f464890.0_106	0
0x232aaf	NOTYPE	..lin.c15a1e92..8f464890.0_107	0
0x232ab5	NOTYPE	..lin.c15a1e92..8f464890.0_108	0
0x232ab7	FUNC	print_tree_helper...2Fhome.2Fmal.2Fgm_release.2FMY22.2D026.2Ffinal.2Fiot.2Frtos.2Flibs.2Fgm.2Di35.2Frel.2Fwork.2Fpci_config.	24
0x232acb	NOTYPE	..lin.c15a1e92..a61c0a20.0_109	0
0x232acf	FUNC	pci_print_tree...2Fhome.2Fmal.2Fgm_release.2FMY22.2D026.2Ffinal.2Fiot.2Frtos.2Flibs.2Fgm.2Di35.2Frel.2Fwork.2Fpci_config.	16
0x232adf	NOTYPE	..lin.c15a1e92..ef97b83c.0_110	0
0x232adf	FUNC	power_floor...2Fhome.2Fmal.2Fgm_release.2FMY22.2D026.2Ffinal.2Fiot.2Frtos.2Flibs.2Fgm.2Di35.2Frel.2Fwork.2Fpci_config.	40
0x232ae8	NOTYPE	..lin.c15a1e92..8cdb8ad3.0_111	0
0x232b03	NOTYPE	..lin.c15a1e92..8cdb8ad3.0_112	0
0x232b07	FUNC	device_pre_init...2Fhome.2Fmal.2Fgm_release.2FMY22.2D026.2Ffinal.2Fiot.2Frtos.2Flibs.2Fgm.2Di35.2Frel.2Fwork.2Fpci_config.	136
0x232b1e	NOTYPE	..lin.c15a1e92..66fd8b8e.0_113	0
0x232b28	NOTYPE	..lin.c15a1e92..66fd8b8e.0_114	0
0x232b36	NOTYPE	..lin.c15a1e92..66fd8b8e.0_115	0
0x232b3b	NOTYPE	..lin.c15a1e92..66fd8b8e.0_116	0
0x232b4b	NOTYPE	..lin.c15a1e92..66fd8b8e.0_117	0
0x232b59	NOTYPE	..lin.c15a1e92..66fd8b8e.0_118	0
0x232b5d	NOTYPE	..lin.c15a1e92..66fd8b8e.0_119	0
0x232b78	NOTYPE	..lin.c15a1e92..66fd8b8e.0_120	0
0x232b88	NOTYPE	..lin.c15a1e92..66fd8b8e.0_121	0
0x232b8f	FUNC	get_bar_alloc_info...2Fhome.2Fmal.2Fgm_release.2FMY22.2D026.2Ffinal.2Fiot.2Frtos.2Flibs.2Fgm.2Di35.2Frel.2Fwork.2Fpci_config.	172
0x232b98	NOTYPE	..lin.c15a1e92..eb23b44e.0_122	0
0x232ba1	NOTYPE	..lin.c15a1e92..eb23b44e.0_123	0
0x232bb0	NOTYPE	..lin.c15a1e92..eb23b44e.0_124	0
0x232bb6	NOTYPE	..lin.c15a1e92..eb23b44e.0_125	0
0x232bbd	NOTYPE	..lin.c15a1e92..eb23b44e.0_126	0
0x232bc3	NOTYPE	..lin.c15a1e92..eb23b44e.0_127	0
0x232bdc	NOTYPE	..lin.c15a1e92..eb23b44e.0_128	0
0x232be5	NOTYPE	..lin.c15a1e92..eb23b44e.0_129	0
0x232bf7	NOTYPE	..lin.c15a1e92..eb23b44e.0_130	0
0x232c00	NOTYPE	..lin.c15a1e92..eb23b44e.0_131	0
0x232c07	NOTYPE	..lin.c15a1e92..eb23b44e.0_132	0
0x232c10	NOTYPE	..lin.c15a1e92..eb23b44e.0_133	0
0x232c19	NOTYPE	..lin.c15a1e92..eb23b44e.0_134	0
0x232c28	NOTYPE	..lin.c15a1e92..eb23b44e.0_135	0
0x232c35	NOTYPE	..lin.c15a1e92..eb23b44e.0_136	0
0x232c3b	FUNC	print_bar_info...2Fhome.2Fmal.2Fgm_release.2FMY22.2D026.2Ffinal.2Fiot.2Frtos.2Flibs.2Fgm.2Di35.2Frel.2Fwork.2Fpci_config.	1
0x232c3c	FUNC	get_allocation_space...2Fhome.2Fmal.2Fgm_release.2FMY22.2D026.2Ffinal.2Fiot.2Frtos.2Flibs.2Fgm.2Di35.2Frel.2Fwork.2Fpci_config.	61
0x232c45	NOTYPE	..lin.c15a1e92..584e5ef5.0_137	0
0x232c51	NOTYPE	..lin.c15a1e92..584e5ef5.0_138	0
0x232c5a	NOTYPE	..lin.c15a1e92..584e5ef5.0_139	0
0x232c63	NOTYPE	..lin.c15a1e92..584e5ef5.0_140	0
0x232c68	NOTYPE	..lin.c15a1e92..584e5ef5.0_141	0
0x232c71	NOTYPE	..lin.c15a1e92..584e5ef5.0_142	0
0x232c79	FUNC	add_allocation...2Fhome.2Fmal.2Fgm_release.2FMY22.2D026.2Ffinal.2Fiot.2Frtos.2Flibs.2Fgm.2Di35.2Frel.2Fwork.2Fpci_config.	61
0x232c82	NOTYPE	..lin.c15a1e92..c4257c33.0_143	0
0x232c8d	NOTYPE	..lin.c15a1e92..c4257c33.0_144	0
0x232ca3	NOTYPE	..lin.c15a1e92..c4257c33.0_145	0
0x232cb4	NOTYPE	..lin.c15a1e92..c4257c33.0_146	0
0x232cb6	FUNC	count_bars...2Fhome.2Fmal.2Fgm_release.2FMY22.2D026.2Ffinal.2Fiot.2Frtos.2Flibs.2Fgm.2Di35.2Frel.2Fwork.2Fpci_config.	210
0x232cdc	NOTYPE	..lin.c15a1e92..6ada4df5.0_147	0
0x232ce5	NOTYPE	..lin.c15a1e92..6ada4df5.0_148	0
0x232cee	NOTYPE	..lin.c15a1e92..6ada4df5.0_149	0
0x232cf6	NOTYPE	..lin.c15a1e92..6ada4df5.0_150	0
0x232cfe	NOTYPE	..lin.c15a1e92..6ada4df5.0_151	0
0x232d03	NOTYPE	..lin.c15a1e92..6ada4df5.0_152	0
0x232d0c	NOTYPE	..lin.c15a1e92..6ada4df5.0_153	0
0x232d22	NOTYPE	..lin.c15a1e92..6ada4df5.0_154	0
0x232d2d	NOTYPE	..lin.c15a1e92..6ada4df5.0_155	0
0x232d39	NOTYPE	..lin.c15a1e92..6ada4df5.0_156	0
0x232d3e	NOTYPE	..lin.c15a1e92..6ada4df5.0_157	0
0x232d46	NOTYPE	..lin.c15a1e92..6ada4df5.0_158	0
0x232d4b	NOTYPE	..lin.c15a1e92..6ada4df5.0_159	0
0x232d66	NOTYPE	..lin.c15a1e92..6ada4df5.0_160	0
0x232d7d	NOTYPE	..lin.c15a1e92..6ada4df5.0_161	0
0x232d88	FUNC	count_bridge_pre...2Fhome.2Fmal.2Fgm_release.2FMY22.2D026.2Ffinal.2Fiot.2Frtos.2Flibs.2Fgm.2Di35.2Frel.2Fwork.2Fpci_config.	157
0x232d9e	NOTYPE	..lin.c15a1e92..7902aec0.0_162	0
0x232db5	NOTYPE	..lin.c15a1e92..7902aec0.0_163	0
0x232dc2	NOTYPE	..lin.c15a1e92..7902aec0.0_164	0
0x232dcb	NOTYPE	..lin.c15a1e92..7902aec0.0_165	0
0x232dd0	NOTYPE	..lin.c15a1e92..7902aec0.0_166	0
0x232dd9	NOTYPE	..lin.c15a1e92..7902aec0.0_167	0
0x232de5	NOTYPE	..lin.c15a1e92..7902aec0.0_168	0
0x232df5	NOTYPE	..lin.c15a1e92..7902aec0.0_169	0
0x232dfe	NOTYPE	..lin.c15a1e92..7902aec0.0_170	0
0x232e07	NOTYPE	..lin.c15a1e92..7902aec0.0_171	0
0x232e10	NOTYPE	..lin.c15a1e92..7902aec0.0_172	0
0x232e25	FUNC	count_bridge_post...2Fhome.2Fmal.2Fgm_release.2FMY22.2D026.2Ffinal.2Fiot.2Frtos.2Flibs.2Fgm.2Di35.2Frel.2Fwork.2Fpci_config.	250
0x232e33	NOTYPE	..lin.c15a1e92..99587c3f.0_173	0
0x232e3c	NOTYPE	..lin.c15a1e92..99587c3f.0_174	0
0x232e4d	NOTYPE	..lin.c15a1e92..99587c3f.0_175	0
0x232e5a	NOTYPE	..lin.c15a1e92..99587c3f.0_176	0
0x232e6a	NOTYPE	..lin.c15a1e92..99587c3f.0_177	0
0x232e75	NOTYPE	..lin.c15a1e92..99587c3f.0_178	0
0x232e80	NOTYPE	..lin.c15a1e92..99587c3f.0_179	0
0x232e9f	NOTYPE	..lin.c15a1e92..99587c3f.0_180	0
0x232ea9	NOTYPE	..lin.c15a1e92..99587c3f.0_181	0
0x232ead	NOTYPE	..lin.c15a1e92..99587c3f.0_182	0
0x232ebb	NOTYPE	..lin.c15a1e92..99587c3f.0_183	0
0x232ec5	NOTYPE	..lin.c15a1e92..99587c3f.0_184	0
0x232edd	NOTYPE	..lin.c15a1e92..99587c3f.0_185	0
0x232ee3	NOTYPE	..lin.c15a1e92..99587c3f.0_186	0
0x232ef1	NOTYPE	..lin.c15a1e92..99587c3f.0_187	0
0x232ef5	NOTYPE	..lin.c15a1e92..99587c3f.0_188	0
0x232f03	NOTYPE	..lin.c15a1e92..99587c3f.0_189	0
0x232f07	NOTYPE	..lin.c15a1e92..99587c3f.0_190	0
0x232f11	NOTYPE	..lin.c15a1e92..99587c3f.0_191	0
0x232f1b	NOTYPE	..lin.c15a1e92..99587c3f.0_192	0
0x232f1f	FUNC	allocate_prepare_space...2Fhome.2Fmal.2Fgm_release.2FMY22.2D026.2Ffinal.2Fiot.2Frtos.2Flibs.2Fgm.2Di35.2Frel.2Fwork.2Fpci_config.	128
0x232f24	NOTYPE	..lin.c15a1e92..ef96f8a3.0_193	0
0x232f2f	NOTYPE	..lin.c15a1e92..ef96f8a3.0_194	0
0x232f33	NOTYPE	..lin.c15a1e92..ef96f8a3.0_195	0
0x232f5a	NOTYPE	..lin.c15a1e92..ef96f8a3.0_196	0
0x232f68	NOTYPE	..lin.c15a1e92..ef96f8a3.0_197	0
0x232f7c	NOTYPE	..lin.c15a1e92..ef96f8a3.0_198	0
0x232f89	NOTYPE	..lin.c15a1e92..ef96f8a3.0_199	0
0x232f93	NOTYPE	..lin.c15a1e92..ef96f8a3.0_200	0
0x232f9d	NOTYPE	..lin.c15a1e92..ef96f8a3.0_201	0
0x232f9f	FUNC	get_allocation...2Fhome.2Fmal.2Fgm_release.2FMY22.2D026.2Ffinal.2Fiot.2Frtos.2Flibs.2Fgm.2Di35.2Frel.2Fwork.2Fpci_config.	51
0x232fae	NOTYPE	..lin.c15a1e92..863bb58a.0_202	0
0x232fbd	NOTYPE	..lin.c15a1e92..863bb58a.0_203	0
0x232fcd	NOTYPE	..lin.c15a1e92..863bb58a.0_204	0
0x232fd2	FUNC	allocate_device...2Fhome.2Fmal.2Fgm_release.2FMY22.2D026.2Ffinal.2Fiot.2Frtos.2Flibs.2Fgm.2Di35.2Frel.2Fwork.2Fpci_config.	341
0x232ff6	NOTYPE	..lin.c15a1e92..c6a974b9.0_205	0
0x232fff	NOTYPE	..lin.c15a1e92..c6a974b9.0_206	0
0x233008	NOTYPE	..lin.c15a1e92..c6a974b9.0_207	0
0x233010	NOTYPE	..lin.c15a1e92..c6a974b9.0_208	0
0x233025	NOTYPE	..lin.c15a1e92..c6a974b9.0_209	0
0x233044	NOTYPE	..lin.c15a1e92..c6a974b9.0_210	0
0x23304f	NOTYPE	..lin.c15a1e92..c6a974b9.0_211	0
0x233062	NOTYPE	..lin.c15a1e92..c6a974b9.0_212	0
0x233064	NOTYPE	..lin.c15a1e92..c6a974b9.0_213	0
0x233071	NOTYPE	..lin.c15a1e92..c6a974b9.0_214	0
0x233088	NOTYPE	..lin.c15a1e92..c6a974b9.0_215	0
0x233092	NOTYPE	..lin.c15a1e92..c6a974b9.0_216	0
0x23309f	NOTYPE	..lin.c15a1e92..c6a974b9.0_217	0
0x2330a4	NOTYPE	..lin.c15a1e92..c6a974b9.0_218	0
0x2330c5	NOTYPE	..lin.c15a1e92..c6a974b9.0_219	0
0x2330cc	NOTYPE	..lin.c15a1e92..c6a974b9.0_220	0
0x2330e1	NOTYPE	..lin.c15a1e92..c6a974b9.0_221	0
0x2330ed	NOTYPE	..lin.c15a1e92..c6a974b9.0_222	0
0x2330f1	NOTYPE	..lin.c15a1e92..c6a974b9.0_223	0
0x2330fc	NOTYPE	..lin.c15a1e92..c6a974b9.0_224	0
0x233104	NOTYPE	..lin.c15a1e92..c6a974b9.0_225	0
0x233110	NOTYPE	..lin.c15a1e92..c6a974b9.0_226	0
0x23311a	NOTYPE	..lin.c15a1e92..c6a974b9.0_227	0
0x233127	FUNC	allocate_bridge_pre...2Fhome.2Fmal.2Fgm_release.2FMY22.2D026.2Ffinal.2Fiot.2Frtos.2Flibs.2Fgm.2Di35.2Frel.2Fwork.2Fpci_config.	22
0x233139	NOTYPE	..lin.c15a1e92..9ee36adc.0_228	0
0x23313d	FUNC	enable_bridge_cb...2Fhome.2Fmal.2Fgm_release.2FMY22.2D026.2Ffinal.2Fiot.2Frtos.2Flibs.2Fgm.2Di35.2Frel.2Fwork.2Fpci_config.	58
0x233147	NOTYPE	..lin.c15a1e92..a1b28dfc.0_229	0
0x23314d	NOTYPE	..lin.c15a1e92..a1b28dfc.0_230	0
0x233153	NOTYPE	..lin.c15a1e92..a1b28dfc.0_231	0
0x233163	NOTYPE	..lin.c15a1e92..a1b28dfc.0_232	0
0x233173	NOTYPE	..lin.c15a1e92..a1b28dfc.0_233	0
0x233177	FUNC	msi_collect_info...2Fhome.2Fmal.2Fgm_release.2FMY22.2D026.2Ffinal.2Fiot.2Frtos.2Flibs.2Fgm.2Di35.2Frel.2Fwork.2Fpci_config.	21
0x233184	NOTYPE	..lin.c15a1e92..b5ab22fe.0_234	0
0x233189	NOTYPE	..lin.c15a1e92..b5ab22fe.0_235	0
0x23318c	FUNC	device_init_interrupt...2Fhome.2Fmal.2Fgm_release.2FMY22.2D026.2Ffinal.2Fiot.2Frtos.2Flibs.2Fgm.2Di35.2Frel.2Fwork.2Fpci_config.	125
0x2331b1	NOTYPE	..lin.c15a1e92..7d0bd554.0_236	0
0x2331c7	NOTYPE	..lin.c15a1e92..7d0bd554.0_237	0
0x2331cc	NOTYPE	..lin.c15a1e92..7d0bd554.0_238	0
0x2331e2	NOTYPE	..lin.c15a1e92..7d0bd554.0_239	0
0x2331f1	NOTYPE	..lin.c15a1e92..7d0bd554.0_240	0
0x2331fe	NOTYPE	..lin.c15a1e92..7d0bd554.0_241	0
0x233209	FUNC	device_init...2Fhome.2Fmal.2Fgm_release.2FMY22.2D026.2Ffinal.2Fiot.2Frtos.2Flibs.2Fgm.2Di35.2Frel.2Fwork.2Fpci_config.	197
0x233231	NOTYPE	..lin.c15a1e92..eb7951c8.0_242	0
0x23323b	NOTYPE	..lin.c15a1e92..eb7951c8.0_243	0
0x233243	NOTYPE	..lin.c15a1e92..eb7951c8.0_244	0
0x233255	NOTYPE	..lin.c15a1e92..eb7951c8.0_245	0
0x23325a	NOTYPE	..lin.c15a1e92..eb7951c8.0_246	0
0x23325f	NOTYPE	..lin.c15a1e92..eb7951c8.0_247	0
0x23326d	NOTYPE	..lin.c15a1e92..eb7951c8.0_248	0
0x233272	NOTYPE	..lin.c15a1e92..eb7951c8.0_249	0
0x23327f	NOTYPE	..lin.c15a1e92..eb7951c8.0_250	0
0x233293	NOTYPE	..lin.c15a1e92..eb7951c8.0_251	0
0x23329c	NOTYPE	..lin.c15a1e92..eb7951c8.0_252	0
0x2332a7	NOTYPE	..lin.c15a1e92..eb7951c8.0_253	0
0x2332b1	NOTYPE	..lin.c15a1e92..eb7951c8.0_254	0
0x2332ce	FUNC	bridge_post_irq_pop...2Fhome.2Fmal.2Fgm_release.2FMY22.2D026.2Ffinal.2Fiot.2Frtos.2Flibs.2Fgm.2Di35.2Frel.2Fwork.2Fpci_config.	3
0x2332d1	FUNC	pci_initialize_devices...2Fhome.2Fmal.2Fgm_release.2FMY22.2D026.2Ffinal.2Fiot.2Frtos.2Flibs.2Fgm.2Di35.2Frel.2Fwork.2Fpci_config.	72
0x2332ed	NOTYPE	..lin.c15a1e92..3cf9da94.0_255	0
0x2332f2	NOTYPE	..lin.c15a1e92..3cf9da94.0_256	0
0x2332fd	NOTYPE	..lin.c15a1e92..3cf9da94.0_257	0
0x233315	NOTYPE	..lin.c15a1e92..3cf9da94.0_258	0
0x233319	FUNC	PCI_Initialize	466
0x233348	NOTYPE	..lin.c15a1e92..c20a1fd2.0_259	0
0x233355	NOTYPE	..lin.c15a1e92..c20a1fd2.0_260	0
0x23336c	NOTYPE	..lin.c15a1e92..c20a1fd2.0_261	0
0x2333a5	NOTYPE	..lin.c15a1e92..c20a1fd2.0_262	0
0x2333c7	NOTYPE	..lin.c15a1e92..c20a1fd2.0_263	0
0x2333d7	NOTYPE	..lin.c15a1e92..c20a1fd2.0_264	0
0x2333e0	NOTYPE	..lin.c15a1e92..c20a1fd2.0_265	0
0x2333f4	NOTYPE	..lin.c15a1e92..c20a1fd2.0_266	0
0x23340d	NOTYPE	..lin.c15a1e92..c20a1fd2.0_267	0
0x233412	NOTYPE	..lin.c15a1e92..c20a1fd2.0_268	0
0x23341f	NOTYPE	..lin.c15a1e92..c20a1fd2.0_269	0
0x233427	NOTYPE	..lin.c15a1e92..c20a1fd2.0_270	0
0x233444	NOTYPE	..lin.c15a1e92..c20a1fd2.0_271	0
0x233448	NOTYPE	..lin.c15a1e92..c20a1fd2.0_272	0
0x233476	NOTYPE	..lin.c15a1e92..c20a1fd2.0_273	0
0x233480	NOTYPE	..lin.c15a1e92..c20a1fd2.0_274	0
0x233484	NOTYPE	..lin.c15a1e92..c20a1fd2.0_275	0
0x23348e	NOTYPE	..lin.c15a1e92..c20a1fd2.0_276	0
0x23349d	NOTYPE	..lin.c15a1e92..c20a1fd2.0_277	0
0x2334b5	NOTYPE	..lin.c15a1e92..c20a1fd2.0_278	0
0x2334c8	NOTYPE	..lin.c15a1e92..c20a1fd2.0_279	0
0x2334cf	NOTYPE	..lin.c15a1e92..c20a1fd2.0_280	0
0x2334e2	NOTYPE	..lin.c15a1e92..c20a1fd2.0_281	0
0x2334eb	FUNC	PciDomain_New	76
0x233503	NOTYPE	..lin.c15a1e92..30579982.0_282	0
0x23351a	NOTYPE	..lin.c15a1e92..30579982.0_283	0
0x233520	NOTYPE	..lin.c15a1e92..30579982.0_284	0
0x233524	NOTYPE	..lin.c15a1e92..30579982.0_285	0
0x23352f	NOTYPE	..lin.c15a1e92..30579982.0_286	0
0x233537	FUNC	PciDomain_InitializeDevices	39
0x233546	NOTYPE	..lin.c15a1e92..b7d1f5cd.0_287	0
0x23354e	NOTYPE	..lin.c15a1e92..b7d1f5cd.0_288	0
0x233559	NOTYPE	..lin.c15a1e92..b7d1f5cd.0_289	0
0x23355e	FUNC	PCI_InitializeNoEnumeration	69
0x233581	NOTYPE	..lin.c15a1e92..ff9f6976.0_290	0
0x233585	NOTYPE	..lin.c15a1e92..ff9f6976.0_291	0
0x23358b	NOTYPE	..lin.c15a1e92..ff9f6976.0_292	0
0x23359e	NOTYPE	..lin.c15a1e92..ff9f6976.0_293	0
0x2335a3	FUNC	prepare_bus_with_static_data...2Fhome.2Fmal.2Fgm_release.2FMY22.2D026.2Ffinal.2Fiot.2Frtos.2Flibs.2Fgm.2Di35.2Frel.2Fwork.2Fpci_config.	162
0x2335af	NOTYPE	..lin.c15a1e92..d00e06b8.0_294	0
0x2335bf	NOTYPE	..lin.c15a1e92..d00e06b8.0_295	0
0x2335cf	NOTYPE	..lin.c15a1e92..d00e06b8.0_296	0
0x2335d5	NOTYPE	..lin.c15a1e92..d00e06b8.0_297	0
0x2335e4	NOTYPE	..lin.c15a1e92..d00e06b8.0_298	0
0x2335fa	NOTYPE	..lin.c15a1e92..d00e06b8.0_299	0
0x2335ff	NOTYPE	..lin.c15a1e92..d00e06b8.0_300	0
0x233625	NOTYPE	..lin.c15a1e92..d00e06b8.0_301	0
0x23362f	NOTYPE	..lin.c15a1e92..d00e06b8.0_302	0
0x233640	NOTYPE	..lin.c15a1e92..d00e06b8.0_303	0
0x233645	FUNC	program_fn_with_static_data...2Fhome.2Fmal.2Fgm_release.2FMY22.2D026.2Ffinal.2Fiot.2Frtos.2Flibs.2Fgm.2Di35.2Frel.2Fwork.2Fpci_config.	279
0x23367b	NOTYPE	..lin.c15a1e92..3375c50b.0_304	0
0x23368d	NOTYPE	..lin.c15a1e92..3375c50b.0_305	0
0x233693	NOTYPE	..lin.c15a1e92..3375c50b.0_306	0
0x2336b0	NOTYPE	..lin.c15a1e92..3375c50b.0_307	0
0x2336c6	NOTYPE	..lin.c15a1e92..3375c50b.0_308	0
0x2336cb	NOTYPE	..lin.c15a1e92..3375c50b.0_309	0
0x2336e6	NOTYPE	..lin.c15a1e92..3375c50b.0_310	0
0x2336ed	NOTYPE	..lin.c15a1e92..3375c50b.0_311	0
0x2336f5	NOTYPE	..lin.c15a1e92..3375c50b.0_312	0
0x23370f	NOTYPE	..lin.c15a1e92..3375c50b.0_313	0
0x233722	NOTYPE	..lin.c15a1e92..3375c50b.0_314	0
0x23372e	NOTYPE	..lin.c15a1e92..3375c50b.0_315	0
0x23373f	NOTYPE	..lin.c15a1e92..3375c50b.0_316	0
0x233753	NOTYPE	..lin.c15a1e92..3375c50b.0_317	0
0x23375c	FUNC	bridge_pre_static_data...2Fhome.2Fmal.2Fgm_release.2FMY22.2D026.2Ffinal.2Fiot.2Frtos.2Flibs.2Fgm.2Di35.2Frel.2Fwork.2Fpci_config.	17
0x233769	NOTYPE	..lin.c15a1e92..1c5abfd8.0_318	0
0x23376d	FUNC	static_interrupt_map...2Fhome.2Fmal.2Fgm_release.2FMY22.2D026.2Ffinal.2Fiot.2Frtos.2Flibs.2Fgm.2Di35.2Frel.2Fwork.2Fpci_config.	11
0x233778	FUNC	PCI_StaticInitialize	441
0x2337a5	NOTYPE	..lin.c15a1e92..19efa49a.0_319	0
0x2337b7	NOTYPE	..lin.c15a1e92..19efa49a.0_320	0
0x2337c5	NOTYPE	..lin.c15a1e92..19efa49a.0_321	0
0x2337ff	NOTYPE	..lin.c15a1e92..19efa49a.0_322	0
0x233814	NOTYPE	..lin.c15a1e92..19efa49a.0_323	0
0x23382b	NOTYPE	..lin.c15a1e92..19efa49a.0_324	0
0x233830	NOTYPE	..lin.c15a1e92..19efa49a.0_325	0
0x233834	NOTYPE	..lin.c15a1e92..19efa49a.0_326	0
0x23383d	NOTYPE	..lin.c15a1e92..19efa49a.0_327	0
0x23384a	NOTYPE	..lin.c15a1e92..19efa49a.0_328	0
0x233865	NOTYPE	..lin.c15a1e92..19efa49a.0_329	0
0x233876	NOTYPE	..lin.c15a1e92..19efa49a.0_330	0
0x23388d	NOTYPE	..lin.c15a1e92..19efa49a.0_331	0
0x23389b	NOTYPE	..lin.c15a1e92..19efa49a.0_332	0
0x2338ab	NOTYPE	..lin.c15a1e92..19efa49a.0_333	0
0x2338c2	NOTYPE	..lin.c15a1e92..19efa49a.0_334	0
0x2338ca	NOTYPE	..lin.c15a1e92..19efa49a.0_335	0
0x2338d2	NOTYPE	..lin.c15a1e92..19efa49a.0_336	0
0x2338ef	NOTYPE	..lin.c15a1e92..19efa49a.0_337	0
0x2338fe	NOTYPE	..lin.c15a1e92..19efa49a.0_338	0
0x233916	NOTYPE	..lin.c15a1e92..19efa49a.0_339	0
0x23391d	NOTYPE	..lin.c15a1e92..19efa49a.0_340	0
0x233931	FUNC	PciDomain_Traverse	26
0x233938	NOTYPE	..lin.c15a1e92..5abd11e4.0_341	0
0x23393e	NOTYPE	..lin.c15a1e92..5abd11e4.0_342	0
0x233947	NOTYPE	..lin.c15a1e92..5abd11e4.0_343	0
0x23394b	FUNC	PciFunction_GetCookie	23
0x23395e	NOTYPE	..lin.c15a1e92..43fa3840.0_344	0
0x233965	FUNC	QueryFunctionHelper...2Fhome.2Fmal.2Fgm_release.2FMY22.2D026.2Ffinal.2Fiot.2Frtos.2Flibs.2Fgm.2Di35.2Frel.2Fwork.2Fpci_function.	436
0x233992	NOTYPE	..lin.12cecc22..69d2cb01.0_1	0
0x2339aa	NOTYPE	..lin.12cecc22..69d2cb01.0_2	0
0x2339ae	NOTYPE	..lin.12cecc22..69d2cb01.0_3	0
0x2339ea	NOTYPE	..lin.12cecc22..69d2cb01.0_4	0
0x2339f6	NOTYPE	..lin.12cecc22..69d2cb01.0_5	0
0x233a04	NOTYPE	..lin.12cecc22..69d2cb01.0_6	0
0x233a8c	NOTYPE	..lin.12cecc22..69d2cb01.0_7	0
0x233a92	NOTYPE	..lin.12cecc22..69d2cb01.0_8	0
0x233ad0	NOTYPE	..lin.12cecc22..69d2cb01.0_9	0
0x233ada	NOTYPE	..lin.12cecc22..69d2cb01.0_10	0
0x233ae6	NOTYPE	..lin.12cecc22..69d2cb01.0_11	0
0x233af3	NOTYPE	..lin.12cecc22..69d2cb01.0_12	0
0x233b00	NOTYPE	..lin.12cecc22..69d2cb01.0_13	0
0x233b0c	NOTYPE	..lin.12cecc22..69d2cb01.0_14	0
0x233b19	FUNC	PciQueryFunction	135
0x233b42	NOTYPE	..lin.12cecc22..c5f9f81d.0_15	0
0x233b5f	NOTYPE	..lin.12cecc22..c5f9f81d.0_16	0
0x233b64	NOTYPE	..lin.12cecc22..c5f9f81d.0_17	0
0x233b6a	NOTYPE	..lin.12cecc22..c5f9f81d.0_18	0
0x233b89	NOTYPE	..lin.12cecc22..c5f9f81d.0_19	0
0x233b8d	NOTYPE	..lin.12cecc22..c5f9f81d.0_20	0
0x233b91	NOTYPE	..lin.12cecc22..c5f9f81d.0_21	0
0x233b95	NOTYPE	..lin.12cecc22..c5f9f81d.0_22	0
0x233ba0	FUNC	bar_read...2Fhome.2Fmal.2Fgm_release.2FMY22.2D026.2Ffinal.2Fiot.2Frtos.2Flibs.2Fgm.2Di35.2Frel.2Fwork.2Fpci_function.	185
0x233bb8	NOTYPE	..lin.12cecc22..289b3a95.0_23	0
0x233bc3	NOTYPE	..lin.12cecc22..289b3a95.0_24	0
0x233bf5	NOTYPE	..lin.12cecc22..289b3a95.0_25	0
0x233c02	NOTYPE	..lin.12cecc22..289b3a95.0_26	0
0x233c4d	NOTYPE	..lin.12cecc22..289b3a95.0_27	0
0x233c59	FUNC	PciFunction_InitBARInfo	458
0x233c83	NOTYPE	..lin.12cecc22..9ca2f93b.0_28	0
0x233c88	NOTYPE	..lin.12cecc22..9ca2f93b.0_29	0
0x233c97	NOTYPE	..lin.12cecc22..9ca2f93b.0_30	0
0x233ce0	NOTYPE	..lin.12cecc22..9ca2f93b.0_31	0
0x233ceb	NOTYPE	..lin.12cecc22..9ca2f93b.0_32	0
0x233cf3	NOTYPE	..lin.12cecc22..9ca2f93b.0_33	0
0x233cfc	NOTYPE	..lin.12cecc22..9ca2f93b.0_34	0
0x233d08	NOTYPE	..lin.12cecc22..9ca2f93b.0_35	0
0x233d18	NOTYPE	..lin.12cecc22..9ca2f93b.0_36	0
0x233d25	NOTYPE	..lin.12cecc22..9ca2f93b.0_37	0
0x233d3b	NOTYPE	..lin.12cecc22..9ca2f93b.0_38	0
0x233d51	NOTYPE	..lin.12cecc22..9ca2f93b.0_39	0
0x233d5c	NOTYPE	..lin.12cecc22..9ca2f93b.0_40	0
0x233d6d	NOTYPE	..lin.12cecc22..9ca2f93b.0_41	0
0x233d77	NOTYPE	..lin.12cecc22..9ca2f93b.0_42	0
0x233da0	NOTYPE	..lin.12cecc22..9ca2f93b.0_43	0
0x233dac	NOTYPE	..lin.12cecc22..9ca2f93b.0_44	0
0x233dc2	NOTYPE	..lin.12cecc22..9ca2f93b.0_45	0
0x233dcd	NOTYPE	..lin.12cecc22..9ca2f93b.0_46	0
0x233dd7	NOTYPE	..lin.12cecc22..9ca2f93b.0_47	0
0x233de1	NOTYPE	..lin.12cecc22..9ca2f93b.0_48	0
0x233dec	NOTYPE	..lin.12cecc22..9ca2f93b.0_49	0
0x233df8	NOTYPE	..lin.12cecc22..9ca2f93b.0_50	0
0x233e0e	NOTYPE	..lin.12cecc22..9ca2f93b.0_51	0
0x233e23	FUNC	bar_write...2Fhome.2Fmal.2Fgm_release.2FMY22.2D026.2Ffinal.2Fiot.2Frtos.2Flibs.2Fgm.2Di35.2Frel.2Fwork.2Fpci_function.	159
0x233e3c	NOTYPE	..lin.12cecc22..3c644d24.0_52	0
0x233e47	NOTYPE	..lin.12cecc22..3c644d24.0_53	0
0x233e70	NOTYPE	..lin.12cecc22..3c644d24.0_54	0
0x233ebb	NOTYPE	..lin.12cecc22..3c644d24.0_55	0
0x233ec2	FUNC	PciFunction_SizeBAR	345
0x233ee0	NOTYPE	..lin.12cecc22..31f55bd6.0_56	0
0x233ee9	NOTYPE	..lin.12cecc22..31f55bd6.0_57	0
0x233efc	NOTYPE	..lin.12cecc22..31f55bd6.0_58	0
0x233f09	NOTYPE	..lin.12cecc22..31f55bd6.0_59	0
0x233f19	NOTYPE	..lin.12cecc22..31f55bd6.0_60	0
0x233f29	NOTYPE	..lin.12cecc22..31f55bd6.0_61	0
0x233f39	NOTYPE	..lin.12cecc22..31f55bd6.0_62	0
0x233f41	NOTYPE	..lin.12cecc22..31f55bd6.0_63	0
0x233f47	NOTYPE	..lin.12cecc22..31f55bd6.0_64	0
0x233f5c	NOTYPE	..lin.12cecc22..31f55bd6.0_65	0
0x233f60	NOTYPE	..lin.12cecc22..31f55bd6.0_66	0
0x233f83	NOTYPE	..lin.12cecc22..31f55bd6.0_67	0
0x233f93	NOTYPE	..lin.12cecc22..31f55bd6.0_68	0
0x233fa6	NOTYPE	..lin.12cecc22..31f55bd6.0_69	0
0x233fbb	NOTYPE	..lin.12cecc22..31f55bd6.0_70	0
0x233fce	NOTYPE	..lin.12cecc22..31f55bd6.0_71	0
0x233fe1	NOTYPE	..lin.12cecc22..31f55bd6.0_72	0
0x233fe6	NOTYPE	..lin.12cecc22..31f55bd6.0_73	0
0x233fec	NOTYPE	..lin.12cecc22..31f55bd6.0_74	0
0x233ff2	NOTYPE	..lin.12cecc22..31f55bd6.0_75	0
0x234010	NOTYPE	..lin.12cecc22..31f55bd6.0_76	0
0x23401b	FUNC	PciBarRead	237
0x234040	NOTYPE	..lin.12cecc22..2f20e712.0_77	0
0x234049	NOTYPE	..lin.12cecc22..2f20e712.0_78	0
0x234052	NOTYPE	..lin.12cecc22..2f20e712.0_79	0
0x23406a	NOTYPE	..lin.12cecc22..2f20e712.0_80	0
0x234070	NOTYPE	..lin.12cecc22..2f20e712.0_81	0
0x234080	NOTYPE	..lin.12cecc22..2f20e712.0_82	0
0x23408a	NOTYPE	..lin.12cecc22..2f20e712.0_83	0
0x234099	NOTYPE	..lin.12cecc22..2f20e712.0_84	0
0x23409f	NOTYPE	..lin.12cecc22..2f20e712.0_85	0
0x2340af	NOTYPE	..lin.12cecc22..2f20e712.0_86	0
0x2340c4	NOTYPE	..lin.12cecc22..2f20e712.0_87	0
0x2340d2	NOTYPE	..lin.12cecc22..2f20e712.0_88	0
0x2340d9	NOTYPE	..lin.12cecc22..2f20e712.0_89	0
0x2340e3	NOTYPE	..lin.12cecc22..2f20e712.0_90	0
0x2340f3	NOTYPE	..lin.12cecc22..2f20e712.0_91	0
0x2340fb	NOTYPE	..lin.12cecc22..2f20e712.0_92	0
0x234108	FUNC	PciBarWrite	82
0x23411b	NOTYPE	..lin.12cecc22..139f8941.0_93	0
0x234136	NOTYPE	..lin.12cecc22..139f8941.0_94	0
0x23413d	NOTYPE	..lin.12cecc22..139f8941.0_95	0
0x234154	NOTYPE	..lin.12cecc22..139f8941.0_96	0
0x23415d	FUNC	PciBridgeSetPrimaryBus	67
0x2341a0	FUNC	PciBridgeSetSubordinateBus	67
0x2341e3	FUNC	PciBridgeSetChildBusRange	152
0x23427b	FUNC	PciBridgeDisableConfig	141
0x2342c1	NOTYPE	..lin.bf3878c9..c997b378.0_1	0
0x2342ff	NOTYPE	..lin.bf3878c9..c997b378.0_2	0
0x234308	FUNC	PciBridgeIsValidWindow	137
0x234314	NOTYPE	..lin.bf3878c9..cdcb40f2.0_3	0
0x234316	NOTYPE	..lin.bf3878c9..cdcb40f2.0_4	0
0x234330	NOTYPE	..lin.bf3878c9..cdcb40f2.0_5	0
0x234334	NOTYPE	..lin.bf3878c9..cdcb40f2.0_6	0
0x234352	NOTYPE	..lin.bf3878c9..cdcb40f2.0_7	0
0x234354	NOTYPE	..lin.bf3878c9..cdcb40f2.0_8	0
0x234372	NOTYPE	..lin.bf3878c9..cdcb40f2.0_9	0
0x23438b	NOTYPE	..lin.bf3878c9..cdcb40f2.0_10	0
0x234391	FUNC	PciBridgeWriteWindow	511
0x2343c9	NOTYPE	..lin.bf3878c9..4b79bcf1.0_11	0
0x234459	NOTYPE	..lin.bf3878c9..4b79bcf1.0_12	0
0x234495	NOTYPE	..lin.bf3878c9..4b79bcf1.0_13	0
0x23451a	NOTYPE	..lin.bf3878c9..4b79bcf1.0_14	0
0x234590	FUNC	PciBridgeDisableWindow	33
0x23459e	NOTYPE	..lin.bf3878c9..f7d2455a.0_15	0
0x2345ac	NOTYPE	..lin.bf3878c9..f7d2455a.0_16	0
0x2345b1	NOTYPE	..lin.bf3878c9..f7d2455a.0_17	0
0x2345b1	FUNC	PciBridgeImplementsPrefetchWindow	190
0x2345f5	NOTYPE	..lin.bf3878c9..20004f75.0_18	0
0x2345fb	NOTYPE	..lin.bf3878c9..20004f75.0_19	0
0x23466f	FUNC	PciBridgeImplementsPrefetch64	82
0x2346c1	FUNC	PciEnableIOSpace	146
0x234749	NOTYPE	..lin.ca6a78d9..8df2e1ac.0_1	0
0x234753	FUNC	PciEnableMemorySpace	146
0x2347db	NOTYPE	..lin.ca6a78d9..d049ac8d.0_2	0
0x2347e5	FUNC	PciFunction_GetBarHandle	165
0x23481e	NOTYPE	..lin.ca6a78d9..cd3c4647.0_3	0
0x234822	NOTYPE	..lin.ca6a78d9..cd3c4647.0_4	0
0x234833	NOTYPE	..lin.ca6a78d9..cd3c4647.0_5	0
0x234839	NOTYPE	..lin.ca6a78d9..cd3c4647.0_6	0
0x234841	NOTYPE	..lin.ca6a78d9..cd3c4647.0_7	0
0x234861	NOTYPE	..lin.ca6a78d9..cd3c4647.0_8	0
0x234875	NOTYPE	..lin.ca6a78d9..cd3c4647.0_9	0
0x23487c	NOTYPE	..lin.ca6a78d9..cd3c4647.0_10	0
0x234881	NOTYPE	..lin.ca6a78d9..cd3c4647.0_11	0
0x23488a	FUNC	PciRegisterHandlerStructOnIrqLine	108
0x2348af	NOTYPE	..lin.ca6a78d9..c18fc01a.0_12	0
0x2348b5	NOTYPE	..lin.ca6a78d9..c18fc01a.0_13	0
0x2348d0	NOTYPE	..lin.ca6a78d9..c18fc01a.0_14	0
0x2348d4	NOTYPE	..lin.ca6a78d9..c18fc01a.0_15	0
0x2348e5	NOTYPE	..lin.ca6a78d9..c18fc01a.0_16	0
0x2348e9	NOTYPE	..lin.ca6a78d9..c18fc01a.0_17	0
0x2348f1	NOTYPE	..lin.ca6a78d9..c18fc01a.0_18	0
0x2348f6	FUNC	PciRegisterHandlerOnIrqLine	92
0x234929	NOTYPE	..lin.ca6a78d9..61f196b5.0_19	0
0x234947	NOTYPE	..lin.ca6a78d9..61f196b5.0_20	0
0x234952	FUNC	PciRegisterMsiHandlers	191
0x23497c	NOTYPE	..lin.ca6a78d9..8e1c8780.0_21	0
0x23497e	NOTYPE	..lin.ca6a78d9..8e1c8780.0_22	0
0x234997	NOTYPE	..lin.ca6a78d9..8e1c8780.0_23	0
0x2349ad	NOTYPE	..lin.ca6a78d9..8e1c8780.0_24	0
0x2349d4	NOTYPE	..lin.ca6a78d9..8e1c8780.0_25	0
0x2349da	NOTYPE	..lin.ca6a78d9..8e1c8780.0_26	0
0x2349f1	NOTYPE	..lin.ca6a78d9..8e1c8780.0_27	0
0x2349f5	NOTYPE	..lin.ca6a78d9..8e1c8780.0_28	0
0x234a04	NOTYPE	..lin.ca6a78d9..8e1c8780.0_29	0
0x234a11	FUNC	PciGetVendorId	16
0x234a21	NOTYPE	..lin.ca6a78d9..780e015c.0_30	0
0x234a21	FUNC	PciGetDeviceId	19
0x234a34	NOTYPE	..lin.ca6a78d9..ee69fd3e.0_31	0
0x234a34	FUNC	PciEnableBusMastering	146
0x234abc	NOTYPE	..lin.ca6a78d9..828e00fc.0_32	0
0x234ac6	FUNC	PciGetClassCode	31
0x234ae5	FUNC	PciFindCapability	112
0x234b08	NOTYPE	..lin.ca6a78d9..944ad544.0_33	0
0x234b15	NOTYPE	..lin.ca6a78d9..944ad544.0_34	0
0x234b2a	NOTYPE	..lin.ca6a78d9..944ad544.0_35	0
0x234b46	NOTYPE	..lin.ca6a78d9..944ad544.0_36	0
0x234b56	FUNC	calloc_msiresource...2Fhome.2Fmal.2Fgm_release.2FMY22.2D026.2Ffinal.2Fiot.2Frtos.2Flibs.2Fgm.2Di35.2Frel.2Fwork.2Fmsi.	50
0x234b64	NOTYPE	..lin.c7dafb2a..b3e63963.0_1	0
0x234b68	NOTYPE	..lin.c7dafb2a..b3e63963.0_2	0
0x234b84	NOTYPE	..lin.c7dafb2a..b3e63963.0_3	0
0x234b88	FUNC	calloc_functionmsiinfo...2Fhome.2Fmal.2Fgm_release.2FMY22.2D026.2Ffinal.2Fiot.2Frtos.2Flibs.2Fgm.2Di35.2Frel.2Fwork.2Fmsi.	50
0x234b96	NOTYPE	..lin.c7dafb2a..caaaafad.0_4	0
0x234b9a	NOTYPE	..lin.c7dafb2a..caaaafad.0_5	0
0x234bb6	NOTYPE	..lin.c7dafb2a..caaaafad.0_6	0
0x234bba	FUNC	MsiRequestResource...2Fhome.2Fmal.2Fgm_release.2FMY22.2D026.2Ffinal.2Fiot.2Frtos.2Flibs.2Fgm.2Di35.2Frel.2Fwork.2Fmsi.	479
0x234bf8	NOTYPE	..lin.c7dafb2a..6143775f.0_7	0
0x234c00	NOTYPE	..lin.c7dafb2a..6143775f.0_8	0
0x234c13	NOTYPE	..lin.c7dafb2a..6143775f.0_9	0
0x234c1d	NOTYPE	..lin.c7dafb2a..6143775f.0_10	0
0x234c2a	NOTYPE	..lin.c7dafb2a..6143775f.0_11	0
0x234c3b	NOTYPE	..lin.c7dafb2a..6143775f.0_12	0
0x234c42	NOTYPE	..lin.c7dafb2a..6143775f.0_13	0
0x234c5d	NOTYPE	..lin.c7dafb2a..6143775f.0_14	0
0x234c69	NOTYPE	..lin.c7dafb2a..6143775f.0_15	0
0x234c70	NOTYPE	..lin.c7dafb2a..6143775f.0_16	0
0x234c8d	NOTYPE	..lin.c7dafb2a..6143775f.0_17	0
0x234c9b	NOTYPE	..lin.c7dafb2a..6143775f.0_18	0
0x234ca3	NOTYPE	..lin.c7dafb2a..6143775f.0_19	0
0x234ce5	NOTYPE	..lin.c7dafb2a..6143775f.0_20	0
0x234cf7	NOTYPE	..lin.c7dafb2a..6143775f.0_21	0
0x234cfc	NOTYPE	..lin.c7dafb2a..6143775f.0_22	0
0x234d02	NOTYPE	..lin.c7dafb2a..6143775f.0_23	0
0x234d0b	NOTYPE	..lin.c7dafb2a..6143775f.0_24	0
0x234d21	NOTYPE	..lin.c7dafb2a..6143775f.0_25	0
0x234d56	NOTYPE	..lin.c7dafb2a..6143775f.0_26	0
0x234d5a	NOTYPE	..lin.c7dafb2a..6143775f.0_27	0
0x234d7c	NOTYPE	..lin.c7dafb2a..6143775f.0_28	0
0x234d8a	NOTYPE	..lin.c7dafb2a..6143775f.0_29	0
0x234d99	FUNC	MsiAddFunctionInfo...2Fhome.2Fmal.2Fgm_release.2FMY22.2D026.2Ffinal.2Fiot.2Frtos.2Flibs.2Fgm.2Di35.2Frel.2Fwork.2Fmsi.	105
0x234daa	NOTYPE	..lin.c7dafb2a..5a3e9d89.0_30	0
0x234db7	NOTYPE	..lin.c7dafb2a..5a3e9d89.0_31	0
0x234dbc	NOTYPE	..lin.c7dafb2a..5a3e9d89.0_32	0
0x234dc4	NOTYPE	..lin.c7dafb2a..5a3e9d89.0_33	0
0x234dcd	NOTYPE	..lin.c7dafb2a..5a3e9d89.0_34	0
0x234dd7	NOTYPE	..lin.c7dafb2a..5a3e9d89.0_35	0
0x234de0	NOTYPE	..lin.c7dafb2a..5a3e9d89.0_36	0
0x234de5	NOTYPE	..lin.c7dafb2a..5a3e9d89.0_37	0
0x234ded	NOTYPE	..lin.c7dafb2a..5a3e9d89.0_38	0
0x234df7	NOTYPE	..lin.c7dafb2a..5a3e9d89.0_39	0
0x234e00	NOTYPE	..lin.c7dafb2a..5a3e9d89.0_40	0
0x234e02	FUNC	ceiling_power_of_2...2Fhome.2Fmal.2Fgm_release.2FMY22.2D026.2Ffinal.2Fiot.2Frtos.2Flibs.2Fgm.2Di35.2Frel.2Fwork.2Fmsi.	21
0x234e0c	NOTYPE	..lin.c7dafb2a..65654c51.0_41	0
0x234e12	NOTYPE	..lin.c7dafb2a..65654c51.0_42	0
0x234e17	FUNC	PciSetMsiResourcesWithCallback	122
0x234e25	NOTYPE	..lin.c7dafb2a..6a815da.0_43	0
0x234e32	NOTYPE	..lin.c7dafb2a..6a815da.0_44	0
0x234e40	NOTYPE	..lin.c7dafb2a..6a815da.0_45	0
0x234e4e	NOTYPE	..lin.c7dafb2a..6a815da.0_46	0
0x234e52	NOTYPE	..lin.c7dafb2a..6a815da.0_47	0
0x234e71	NOTYPE	..lin.c7dafb2a..6a815da.0_48	0
0x234e90	NOTYPE	..lin.c7dafb2a..6a815da.0_49	0
0x234e91	FUNC	PciSetMsiResources	9
0x234e9a	NOTYPE	..lin.c7dafb2a..490f1811.0_50	0
0x234e9a	FUNC	MsiInitFunction	746
0x234ee7	NOTYPE	..lin.c7dafb2a..65a08e68.0_51	0
0x234eed	NOTYPE	..lin.c7dafb2a..65a08e68.0_52	0
0x234efd	NOTYPE	..lin.c7dafb2a..65a08e68.0_53	0
0x234f07	NOTYPE	..lin.c7dafb2a..65a08e68.0_54	0
0x234f18	NOTYPE	..lin.c7dafb2a..65a08e68.0_55	0
0x234f20	NOTYPE	..lin.c7dafb2a..65a08e68.0_56	0
0x234f22	NOTYPE	..lin.c7dafb2a..65a08e68.0_57	0
0x234f37	NOTYPE	..lin.c7dafb2a..65a08e68.0_58	0
0x234f3b	NOTYPE	..lin.c7dafb2a..65a08e68.0_59	0
0x234f79	NOTYPE	..lin.c7dafb2a..65a08e68.0_60	0
0x234f81	NOTYPE	..lin.c7dafb2a..65a08e68.0_61	0
0x234f8b	NOTYPE	..lin.c7dafb2a..65a08e68.0_62	0
0x234fb7	NOTYPE	..lin.c7dafb2a..65a08e68.0_63	0
0x234fbf	NOTYPE	..lin.c7dafb2a..65a08e68.0_64	0
0x234ffd	NOTYPE	..lin.c7dafb2a..65a08e68.0_65	0
0x235003	NOTYPE	..lin.c7dafb2a..65a08e68.0_66	0
0x23500b	NOTYPE	..lin.c7dafb2a..65a08e68.0_67	0
0x235015	NOTYPE	..lin.c7dafb2a..65a08e68.0_68	0
0x235067	NOTYPE	..lin.c7dafb2a..65a08e68.0_69	0
0x2350ae	NOTYPE	..lin.c7dafb2a..65a08e68.0_70	0
0x2350c9	NOTYPE	..lin.c7dafb2a..65a08e68.0_71	0
0x2350da	NOTYPE	..lin.c7dafb2a..65a08e68.0_72	0
0x2350ea	NOTYPE	..lin.c7dafb2a..65a08e68.0_73	0
0x2350f4	NOTYPE	..lin.c7dafb2a..65a08e68.0_74	0
0x235104	NOTYPE	..lin.c7dafb2a..65a08e68.0_75	0
0x23510f	NOTYPE	..lin.c7dafb2a..65a08e68.0_76	0
0x235114	NOTYPE	..lin.c7dafb2a..65a08e68.0_77	0
0x235122	NOTYPE	..lin.c7dafb2a..65a08e68.0_78	0
0x235132	NOTYPE	..lin.c7dafb2a..65a08e68.0_79	0
0x235147	NOTYPE	..lin.c7dafb2a..65a08e68.0_80	0
0x235151	NOTYPE	..lin.c7dafb2a..65a08e68.0_81	0
0x23515d	NOTYPE	..lin.c7dafb2a..65a08e68.0_82	0
0x235167	NOTYPE	..lin.c7dafb2a..65a08e68.0_83	0
0x235177	NOTYPE	..lin.c7dafb2a..65a08e68.0_84	0
0x235184	FUNC	MsiGetMsgsForFunction	31
0x23519d	NOTYPE	..lin.c7dafb2a..e356235.0_85	0
0x2351a3	FUNC	MsiGrantResources	920
0x2351ce	NOTYPE	..lin.c7dafb2a..b2992045.0_86	0
0x2351d9	NOTYPE	..lin.c7dafb2a..b2992045.0_87	0
0x23520d	NOTYPE	..lin.c7dafb2a..b2992045.0_88	0
0x235216	NOTYPE	..lin.c7dafb2a..b2992045.0_89	0
0x235224	NOTYPE	..lin.c7dafb2a..b2992045.0_90	0
0x23524c	NOTYPE	..lin.c7dafb2a..b2992045.0_91	0
0x235251	NOTYPE	..lin.c7dafb2a..b2992045.0_92	0
0x23536f	NOTYPE	..lin.c7dafb2a..b2992045.0_93	0
0x2353b6	NOTYPE	..lin.c7dafb2a..b2992045.0_94	0
0x2353bb	NOTYPE	..lin.c7dafb2a..b2992045.0_95	0
0x2353c6	NOTYPE	..lin.c7dafb2a..b2992045.0_96	0
0x2353d9	NOTYPE	..lin.c7dafb2a..b2992045.0_97	0
0x23544f	NOTYPE	..lin.c7dafb2a..b2992045.0_98	0
0x23549d	NOTYPE	..lin.c7dafb2a..b2992045.0_99	0
0x235507	NOTYPE	..lin.c7dafb2a..b2992045.0_100	0
0x235517	NOTYPE	..lin.c7dafb2a..b2992045.0_101	0
0x23552e	NOTYPE	..lin.c7dafb2a..b2992045.0_102	0
0x23553b	FUNC	MsiResourceAllocator	254
0x23555c	NOTYPE	..lin.c7dafb2a..c5fa997.0_103	0
0x235565	NOTYPE	..lin.c7dafb2a..c5fa997.0_104	0
0x23556f	NOTYPE	..lin.c7dafb2a..c5fa997.0_105	0
0x235574	NOTYPE	..lin.c7dafb2a..c5fa997.0_106	0
0x23557e	NOTYPE	..lin.c7dafb2a..c5fa997.0_107	0
0x235584	NOTYPE	..lin.c7dafb2a..c5fa997.0_108	0
0x235590	NOTYPE	..lin.c7dafb2a..c5fa997.0_109	0
0x2355ac	NOTYPE	..lin.c7dafb2a..c5fa997.0_110	0
0x2355da	NOTYPE	..lin.c7dafb2a..c5fa997.0_111	0
0x2355e8	NOTYPE	..lin.c7dafb2a..c5fa997.0_112	0
0x2355f1	NOTYPE	..lin.c7dafb2a..c5fa997.0_113	0
0x2355f6	NOTYPE	..lin.c7dafb2a..c5fa997.0_114	0
0x2355fc	NOTYPE	..lin.c7dafb2a..c5fa997.0_115	0
0x235604	NOTYPE	..lin.c7dafb2a..c5fa997.0_116	0
0x23560d	NOTYPE	..lin.c7dafb2a..c5fa997.0_117	0
0x235613	NOTYPE	..lin.c7dafb2a..c5fa997.0_118	0
0x23562e	NOTYPE	..lin.c7dafb2a..c5fa997.0_119	0
0x235639	FUNC	MsiGetInterruptCountAndType	64
0x235657	NOTYPE	..lin.c7dafb2a..b6182ed9.0_120	0
0x235663	NOTYPE	..lin.c7dafb2a..b6182ed9.0_121	0
0x235668	NOTYPE	..lin.c7dafb2a..b6182ed9.0_122	0
0x235670	NOTYPE	..lin.c7dafb2a..b6182ed9.0_123	0
0x235679	FUNC	MsiGetVectorForInterrupt	55
0x235693	NOTYPE	..lin.c7dafb2a..f64827b5.0_124	0
0x235697	NOTYPE	..lin.c7dafb2a..f64827b5.0_125	0
0x23569d	NOTYPE	..lin.c7dafb2a..f64827b5.0_126	0
0x2356b3	FUNC	append_char...2Fhome.2Fmal.2Fgm_release.2FMY22.2D026.2Ffinal.2Fiot.2Frtos.2Flibs.2Fgm.2Di35.2Frel.2Fwork.2Fstr_fmt.	38
0x2356c3	NOTYPE	..lin.b6e3ca40..684d83ba.0_1	0
0x2356c7	NOTYPE	..lin.b6e3ca40..684d83ba.0_2	0
0x2356cf	NOTYPE	..lin.b6e3ca40..684d83ba.0_3	0
0x2356d9	FUNC	nullterminate...2Fhome.2Fmal.2Fgm_release.2FMY22.2D026.2Ffinal.2Fiot.2Frtos.2Flibs.2Fgm.2Di35.2Frel.2Fwork.2Fstr_fmt.	13
0x2356e5	NOTYPE	..lin.b6e3ca40..2a545f89.0_4	0
0x2356e6	FUNC	FmtStr_CatN	78
0x2356f6	NOTYPE	..lin.b6e3ca40..6f2b7c6a.0_5	0
0x235706	NOTYPE	..lin.b6e3ca40..6f2b7c6a.0_6	0
0x23571c	NOTYPE	..lin.b6e3ca40..6f2b7c6a.0_7	0
0x235724	NOTYPE	..lin.b6e3ca40..6f2b7c6a.0_8	0
0x235734	FUNC	FmtStr_Cat	12
0x235740	NOTYPE	..lin.b6e3ca40..35e689c.0_9	0
0x235740	FUNC	FmtStr_Hex32	138
0x23575c	NOTYPE	..lin.b6e3ca40..54f7c36e.0_10	0
0x23576a	NOTYPE	..lin.b6e3ca40..54f7c36e.0_11	0
0x23577b	NOTYPE	..lin.b6e3ca40..54f7c36e.0_12	0
0x235787	NOTYPE	..lin.b6e3ca40..54f7c36e.0_13	0
0x2357a0	NOTYPE	..lin.b6e3ca40..54f7c36e.0_14	0
0x2357a8	NOTYPE	..lin.b6e3ca40..54f7c36e.0_15	0
0x2357ae	NOTYPE	..lin.b6e3ca40..54f7c36e.0_16	0
0x2357b6	NOTYPE	..lin.b6e3ca40..54f7c36e.0_17	0
0x2357be	NOTYPE	..lin.b6e3ca40..54f7c36e.0_18	0
0x2357ca	FUNC	FmtStr_Dec32	141
0x2357e1	NOTYPE	..lin.b6e3ca40..54af0815.0_19	0
0x2357e7	NOTYPE	..lin.b6e3ca40..54af0815.0_20	0
0x2357f9	NOTYPE	..lin.b6e3ca40..54af0815.0_21	0
0x235825	NOTYPE	..lin.b6e3ca40..54af0815.0_22	0
0x23583f	NOTYPE	..lin.b6e3ca40..54af0815.0_23	0
0x235843	NOTYPE	..lin.b6e3ca40..54af0815.0_24	0
0x235854	NOTYPE	..lin.b6e3ca40..54af0815.0_25	0
0x235857	FUNC	HdaDevIOA_InitializeResources...2Fhome.2Fmal.2Fgm_release.2FMY22.2D026.2Ffinal.2Fiot.2Frtos.2Flibs.2Fgm.2Di35.2Frel.2Fwork.2Fapollo_lake_mm_iod.	245
0x235887	NOTYPE	..lin.6affb278..94b90616.0_1	0
0x235890	NOTYPE	..lin.6affb278..94b90616.0_2	0
0x23589b	NOTYPE	..lin.6affb278..94b90616.0_3	0
0x2358a7	NOTYPE	..lin.6affb278..94b90616.0_4	0
0x2358be	NOTYPE	..lin.6affb278..94b90616.0_5	0
0x235938	NOTYPE	..lin.6affb278..94b90616.0_6	0
0x235943	NOTYPE	..lin.6affb278..94b90616.0_7	0
0x23594c	FUNC	HdaDevIOA_Initialize...2Fhome.2Fmal.2Fgm_release.2FMY22.2D026.2Ffinal.2Fiot.2Frtos.2Flibs.2Fgm.2Di35.2Frel.2Fwork.2Fapollo_lake_mm_iod.	77
0x235955	NOTYPE	..lin.6affb278..ba060f5b.0_8	0
0x235972	NOTYPE	..lin.6affb278..ba060f5b.0_9	0
0x235978	NOTYPE	..lin.6affb278..ba060f5b.0_10	0
0x23598d	NOTYPE	..lin.6affb278..ba060f5b.0_11	0
0x23598f	NOTYPE	..lin.6affb278..ba060f5b.0_12	0
0x235995	NOTYPE	..lin.6affb278..ba060f5b.0_13	0
0x235999	FUNC	HdaDevIOA_ReadRegister...2Fhome.2Fmal.2Fgm_release.2FMY22.2D026.2Ffinal.2Fiot.2Frtos.2Flibs.2Fgm.2Di35.2Frel.2Fwork.2Fapollo_lake_mm_iod.	133
0x2359b4	NOTYPE	..lin.6affb278..e249206a.0_14	0
0x2359d1	NOTYPE	..lin.6affb278..e249206a.0_15	0
0x2359d9	NOTYPE	..lin.6affb278..e249206a.0_16	0
0x2359db	NOTYPE	..lin.6affb278..e249206a.0_17	0
0x2359eb	NOTYPE	..lin.6affb278..e249206a.0_18	0
0x2359fc	NOTYPE	..lin.6affb278..e249206a.0_19	0
0x235a08	NOTYPE	..lin.6affb278..e249206a.0_20	0
0x235a11	NOTYPE	..lin.6affb278..e249206a.0_21	0
0x235a15	NOTYPE	..lin.6affb278..e249206a.0_22	0
0x235a1e	FUNC	Hda_WriteBdlsForStream...2Fhome.2Fmal.2Fgm_release.2FMY22.2D026.2Ffinal.2Fiot.2Frtos.2Flibs.2Fgm.2Di35.2Frel.2Fwork.2Fapollo_lake_mm_iod.	494
0x235a4d	NOTYPE	..lin.6affb278..e707e6d4.0_23	0
0x235a6d	NOTYPE	..lin.6affb278..e707e6d4.0_24	0
0x235a78	NOTYPE	..lin.6affb278..e707e6d4.0_25	0
0x235a83	NOTYPE	..lin.6affb278..e707e6d4.0_26	0
0x235a8c	NOTYPE	..lin.6affb278..e707e6d4.0_27	0
0x235a95	NOTYPE	..lin.6affb278..e707e6d4.0_28	0
0x235a9b	NOTYPE	..lin.6affb278..e707e6d4.0_29	0
0x235aa4	NOTYPE	..lin.6affb278..e707e6d4.0_30	0
0x235aad	NOTYPE	..lin.6affb278..e707e6d4.0_31	0
0x235ad5	NOTYPE	..lin.6affb278..e707e6d4.0_32	0
0x235ae9	NOTYPE	..lin.6affb278..e707e6d4.0_33	0
0x235b00	NOTYPE	..lin.6affb278..e707e6d4.0_34	0
0x235b0c	NOTYPE	..lin.6affb278..e707e6d4.0_35	0
0x235b31	NOTYPE	..lin.6affb278..e707e6d4.0_36	0
0x235b42	NOTYPE	..lin.6affb278..e707e6d4.0_37	0
0x235b5a	NOTYPE	..lin.6affb278..e707e6d4.0_38	0
0x235b72	NOTYPE	..lin.6affb278..e707e6d4.0_39	0
0x235b88	NOTYPE	..lin.6affb278..e707e6d4.0_40	0
0x235b91	NOTYPE	..lin.6affb278..e707e6d4.0_41	0
0x235ba2	NOTYPE	..lin.6affb278..e707e6d4.0_42	0
0x235bba	NOTYPE	..lin.6affb278..e707e6d4.0_43	0
0x235bd2	NOTYPE	..lin.6affb278..e707e6d4.0_44	0
0x235be8	NOTYPE	..lin.6affb278..e707e6d4.0_45	0
0x235bff	NOTYPE	..lin.6affb278..e707e6d4.0_46	0
0x235c0c	FUNC	HdaDevIOA_EnableInterrupts...2Fhome.2Fmal.2Fgm_release.2FMY22.2D026.2Ffinal.2Fiot.2Frtos.2Flibs.2Fgm.2Di35.2Frel.2Fwork.2Fapollo_lake_mm_iod.	3
0x235c0f	FUNC	HdaDevIOA_WriteRegister...2Fhome.2Fmal.2Fgm_release.2FMY22.2D026.2Ffinal.2Fiot.2Frtos.2Flibs.2Fgm.2Di35.2Frel.2Fwork.2Fapollo_lake_mm_iod.	1434
0x235c26	NOTYPE	..lin.6affb278..1d385ff9.0_47	0
0x235c87	NOTYPE	..lin.6affb278..1d385ff9.0_48	0
0x235c8f	NOTYPE	..lin.6affb278..1d385ff9.0_49	0
0x235ca0	NOTYPE	..lin.6affb278..1d385ff9.0_50	0
0x235cb0	NOTYPE	..lin.6affb278..1d385ff9.0_51	0
0x235cde	NOTYPE	..lin.6affb278..1d385ff9.0_52	0
0x235d0f	NOTYPE	..lin.6affb278..1d385ff9.0_53	0
0x235d16	NOTYPE	..lin.6affb278..1d385ff9.0_54	0
0x235d25	NOTYPE	..lin.6affb278..1d385ff9.0_55	0
0x235d33	NOTYPE	..lin.6affb278..1d385ff9.0_56	0
0x235d43	NOTYPE	..lin.6affb278..1d385ff9.0_57	0
0x235d6f	NOTYPE	..lin.6affb278..1d385ff9.0_58	0
0x235da0	NOTYPE	..lin.6affb278..1d385ff9.0_59	0
0x235dbf	NOTYPE	..lin.6affb278..1d385ff9.0_60	0
0x235dc6	NOTYPE	..lin.6affb278..1d385ff9.0_61	0
0x235dec	NOTYPE	..lin.6affb278..1d385ff9.0_62	0
0x235e0c	NOTYPE	..lin.6affb278..1d385ff9.0_63	0
0x235e1f	NOTYPE	..lin.6affb278..1d385ff9.0_64	0
0x235e31	NOTYPE	..lin.6affb278..1d385ff9.0_65	0
0x235e42	NOTYPE	..lin.6affb278..1d385ff9.0_66	0
0x235e57	NOTYPE	..lin.6affb278..1d385ff9.0_67	0
0x235e61	NOTYPE	..lin.6affb278..1d385ff9.0_68	0
0x235e6c	NOTYPE	..lin.6affb278..1d385ff9.0_69	0
0x235e76	NOTYPE	..lin.6affb278..1d385ff9.0_70	0
0x235e87	NOTYPE	..lin.6affb278..1d385ff9.0_71	0
0x235e8c	NOTYPE	..lin.6affb278..1d385ff9.0_72	0
0x235ea7	NOTYPE	..lin.6affb278..1d385ff9.0_73	0
0x235ec7	NOTYPE	..lin.6affb278..1d385ff9.0_74	0
0x235eda	NOTYPE	..lin.6affb278..1d385ff9.0_75	0
0x235eec	NOTYPE	..lin.6affb278..1d385ff9.0_76	0
0x235efa	NOTYPE	..lin.6affb278..1d385ff9.0_77	0
0x235f0b	NOTYPE	..lin.6affb278..1d385ff9.0_78	0
0x235f1c	NOTYPE	..lin.6affb278..1d385ff9.0_79	0
0x235f31	NOTYPE	..lin.6affb278..1d385ff9.0_80	0
0x235f42	NOTYPE	..lin.6affb278..1d385ff9.0_81	0
0x235f57	NOTYPE	..lin.6affb278..1d385ff9.0_82	0
0x235f6d	NOTYPE	..lin.6affb278..1d385ff9.0_83	0
0x235f77	NOTYPE	..lin.6affb278..1d385ff9.0_84	0
0x235f89	NOTYPE	..lin.6affb278..1d385ff9.0_85	0
0x235f95	NOTYPE	..lin.6affb278..1d385ff9.0_86	0
0x235fa8	NOTYPE	..lin.6affb278..1d385ff9.0_87	0
0x235fbb	NOTYPE	..lin.6affb278..1d385ff9.0_88	0
0x235fd7	NOTYPE	..lin.6affb278..1d385ff9.0_89	0
0x235fe2	NOTYPE	..lin.6affb278..1d385ff9.0_90	0
0x235fed	NOTYPE	..lin.6affb278..1d385ff9.0_91	0
0x235ff6	NOTYPE	..lin.6affb278..1d385ff9.0_92	0
0x235fff	NOTYPE	..lin.6affb278..1d385ff9.0_93	0
0x236012	NOTYPE	..lin.6affb278..1d385ff9.0_94	0
0x23601e	NOTYPE	..lin.6affb278..1d385ff9.0_95	0
0x236022	NOTYPE	..lin.6affb278..1d385ff9.0_96	0
0x23602b	NOTYPE	..lin.6affb278..1d385ff9.0_97	0
0x236047	NOTYPE	..lin.6affb278..1d385ff9.0_98	0
0x23605a	NOTYPE	..lin.6affb278..1d385ff9.0_99	0
0x23606a	NOTYPE	..lin.6affb278..1d385ff9.0_100	0
0x236089	NOTYPE	..lin.6affb278..1d385ff9.0_101	0
0x2360a0	NOTYPE	..lin.6affb278..1d385ff9.0_102	0
0x2360b3	NOTYPE	..lin.6affb278..1d385ff9.0_103	0
0x2360ce	NOTYPE	..lin.6affb278..1d385ff9.0_104	0
0x2360ee	NOTYPE	..lin.6affb278..1d385ff9.0_105	0
0x236101	NOTYPE	..lin.6affb278..1d385ff9.0_106	0
0x236112	NOTYPE	..lin.6affb278..1d385ff9.0_107	0
0x236123	NOTYPE	..lin.6affb278..1d385ff9.0_108	0
0x236153	NOTYPE	..lin.6affb278..1d385ff9.0_109	0
0x236164	NOTYPE	..lin.6affb278..1d385ff9.0_110	0
0x23616a	NOTYPE	..lin.6affb278..1d385ff9.0_111	0
0x236170	NOTYPE	..lin.6affb278..1d385ff9.0_112	0
0x23619b	NOTYPE	..lin.6affb278..1d385ff9.0_113	0
0x2361a9	FUNC	HdaDevIOA_WriteStatus...2Fhome.2Fmal.2Fgm_release.2FMY22.2D026.2Ffinal.2Fiot.2Frtos.2Flibs.2Fgm.2Di35.2Frel.2Fwork.2Fapollo_lake_mm_iod.	387
0x2361c8	NOTYPE	..lin.6affb278..1ff46f8.0_114	0
0x2361d5	NOTYPE	..lin.6affb278..1ff46f8.0_115	0
0x2361e2	NOTYPE	..lin.6affb278..1ff46f8.0_116	0
0x236250	NOTYPE	..lin.6affb278..1ff46f8.0_117	0
0x236256	NOTYPE	..lin.6affb278..1ff46f8.0_118	0
0x23625f	NOTYPE	..lin.6affb278..1ff46f8.0_119	0
0x23626b	NOTYPE	..lin.6affb278..1ff46f8.0_120	0
0x236274	NOTYPE	..lin.6affb278..1ff46f8.0_121	0
0x23627f	NOTYPE	..lin.6affb278..1ff46f8.0_122	0
0x236288	NOTYPE	..lin.6affb278..1ff46f8.0_123	0
0x2362cf	NOTYPE	..lin.6affb278..1ff46f8.0_124	0
0x2362e5	NOTYPE	..lin.6affb278..1ff46f8.0_125	0
0x236318	NOTYPE	..lin.6affb278..1ff46f8.0_126	0
0x236321	NOTYPE	..lin.6affb278..1ff46f8.0_127	0
0x23632c	FUNC	HdaDevIOA_ReadStatus...2Fhome.2Fmal.2Fgm_release.2FMY22.2D026.2Ffinal.2Fiot.2Frtos.2Flibs.2Fgm.2Di35.2Frel.2Fwork.2Fapollo_lake_mm_iod.	266
0x23633f	NOTYPE	..lin.6affb278..62533729.0_128	0
0x236350	NOTYPE	..lin.6affb278..62533729.0_129	0
0x23635d	NOTYPE	..lin.6affb278..62533729.0_130	0
0x236366	NOTYPE	..lin.6affb278..62533729.0_131	0
0x236374	NOTYPE	..lin.6affb278..62533729.0_132	0
0x23637d	NOTYPE	..lin.6affb278..62533729.0_133	0
0x23638a	NOTYPE	..lin.6affb278..62533729.0_134	0
0x236393	NOTYPE	..lin.6affb278..62533729.0_135	0
0x2363da	NOTYPE	..lin.6affb278..62533729.0_136	0
0x2363f4	NOTYPE	..lin.6affb278..62533729.0_137	0
0x236427	NOTYPE	..lin.6affb278..62533729.0_138	0
0x236430	NOTYPE	..lin.6affb278..62533729.0_139	0
0x236436	FUNC	HdaDevIOA_DisableInterrupts...2Fhome.2Fmal.2Fgm_release.2FMY22.2D026.2Ffinal.2Fiot.2Frtos.2Flibs.2Fgm.2Di35.2Frel.2Fwork.2Fapollo_lake_mm_iod.	3
0x236439	FUNC	HdaDevIOA_ExceptionHandler...2Fhome.2Fmal.2Fgm_release.2FMY22.2D026.2Ffinal.2Fiot.2Frtos.2Flibs.2Fgm.2Di35.2Frel.2Fwork.2Fapollo_lake_mm_iod.	42
0x236445	NOTYPE	..lin.6affb278..dd146436.0_140	0
0x236457	NOTYPE	..lin.6affb278..dd146436.0_141	0
0x23645f	NOTYPE	..lin.6affb278..dd146436.0_142	0
0x236463	FUNC	hda_mm_msi_info...2Fhome.2Fmal.2Fgm_release.2FMY22.2D026.2Ffinal.2Fiot.2Frtos.2Flibs.2Fgm.2Di35.2Frel.2Fwork.2Fapollo_lake_mm_iod.	26
0x23647d	FUNC	hda_mm_match...2Fhome.2Fmal.2Fgm_release.2FMY22.2D026.2Ffinal.2Fiot.2Frtos.2Flibs.2Fgm.2Di35.2Frel.2Fwork.2Fapollo_lake_mm_iod.	45
0x236494	NOTYPE	..lin.6affb278..59ff9e37.0_143	0
0x23649f	NOTYPE	..lin.6affb278..59ff9e37.0_144	0
0x2364aa	FUNC	hda_mm_init...2Fhome.2Fmal.2Fgm_release.2FMY22.2D026.2Ffinal.2Fiot.2Frtos.2Flibs.2Fgm.2Di35.2Frel.2Fwork.2Fapollo_lake_mm_iod.	162
0x2364cb	NOTYPE	..lin.6affb278..4889a45e.0_145	0
0x2364fe	NOTYPE	..lin.6affb278..4889a45e.0_146	0
0x23650c	NOTYPE	..lin.6affb278..4889a45e.0_147	0
0x236517	NOTYPE	..lin.6affb278..4889a45e.0_148	0
0x23652b	NOTYPE	..lin.6affb278..4889a45e.0_149	0
0x236545	NOTYPE	..lin.6affb278..4889a45e.0_150	0
0x23654d	FUNC	CMOS_ReadRegister...2Fhome.2Fmal.2Fgm_release.2FMY22.2D026.2Ffinal.2Fiot.2Frtos.2Flibs.2Fgm.2Di35.2Frel.2Fwork.2Fclock_pc_rtc.	156
0x236561	NOTYPE	..lin.354d7c47..f7452537.0_1	0
0x2365b2	NOTYPE	..lin.354d7c47..f7452537.0_2	0
0x2365c5	NOTYPE	..lin.354d7c47..f7452537.0_3	0
0x2365d2	NOTYPE	..lin.354d7c47..f7452537.0_4	0
0x2365d4	NOTYPE	..lin.354d7c47..f7452537.0_5	0
0x2365dc	NOTYPE	..lin.354d7c47..f7452537.0_6	0
0x2365e0	NOTYPE	..lin.354d7c47..f7452537.0_7	0
0x2365e9	FUNC	CMOS_Initialize...2Fhome.2Fmal.2Fgm_release.2FMY22.2D026.2Ffinal.2Fiot.2Frtos.2Flibs.2Fgm.2Di35.2Frel.2Fwork.2Fclock_pc_rtc.	13
0x2365f3	NOTYPE	..lin.354d7c47..fab07ce8.0_8	0
0x2365f6	FUNC	CMOS_InitializeResources...2Fhome.2Fmal.2Fgm_release.2FMY22.2D026.2Ffinal.2Fiot.2Frtos.2Flibs.2Fgm.2Di35.2Frel.2Fwork.2Fclock_pc_rtc.	37
0x236617	NOTYPE	..lin.354d7c47..ee400243.0_9	0
0x23661b	FUNC	RTC_Init	42
0x236635	NOTYPE	..lin.354d7c47..e100d01.0_10	0
0x236643	NOTYPE	..lin.354d7c47..e100d01.0_11	0
0x236645	FUNC	IntelHeciMatch...2Fhome.2Fmal.2Fgm_release.2FMY22.2D026.2Ffinal.2Fiot.2Frtos.2Flibs.2Fgm.2Di35.2Frel.2Fwork.2Fintel_heci.	38
0x23665b	NOTYPE	..lin.aef42a35..45300287.0_1	0
0x236666	NOTYPE	..lin.aef42a35..45300287.0_2	0
0x23666b	FUNC	IntelHeciInit...2Fhome.2Fmal.2Fgm_release.2FMY22.2D026.2Ffinal.2Fiot.2Frtos.2Flibs.2Fgm.2Di35.2Frel.2Fwork.2Fintel_heci.	109
0x23668c	NOTYPE	..lin.aef42a35..216beae.0_3	0
0x2366b8	NOTYPE	..lin.aef42a35..216beae.0_4	0
0x2366c3	NOTYPE	..lin.aef42a35..216beae.0_5	0
0x2366d1	NOTYPE	..lin.aef42a35..216beae.0_6	0
0x2366d8	FUNC	IntelHeci_InitializeResources...2Fhome.2Fmal.2Fgm_release.2FMY22.2D026.2Ffinal.2Fiot.2Frtos.2Flibs.2Fgm.2Di35.2Frel.2Fwork.2Fintel_heci.	55
0x2366fc	NOTYPE	..lin.aef42a35..1673fae6.0_7	0
0x236708	NOTYPE	..lin.aef42a35..1673fae6.0_8	0
0x23670f	FUNC	IntelHeci_Initialize...2Fhome.2Fmal.2Fgm_release.2FMY22.2D026.2Ffinal.2Fiot.2Frtos.2Flibs.2Fgm.2Di35.2Frel.2Fwork.2Fintel_heci.	16
0x236718	NOTYPE	..lin.aef42a35..5b87da2b.0_9	0
0x236720	FUNC	XhcIOA_InitializeResources...2Fhome.2Fmal.2Fgm_release.2FMY22.2D026.2Ffinal.2Fiot.2Frtos.2Flibs.2Fgm.2Di35.2Frel.2Fwork.2Fxhc.	557
0x236748	NOTYPE	..lin.c7db2884..a7b274d.0_1	0
0x236754	NOTYPE	..lin.c7db2884..a7b274d.0_2	0
0x23675d	NOTYPE	..lin.c7db2884..a7b274d.0_3	0
0x2368d8	NOTYPE	..lin.c7db2884..a7b274d.0_4	0
0x2368e2	NOTYPE	..lin.c7db2884..a7b274d.0_5	0
0x2368ec	NOTYPE	..lin.c7db2884..a7b274d.0_6	0
0x23692f	NOTYPE	..lin.c7db2884..a7b274d.0_7	0
0x23693a	NOTYPE	..lin.c7db2884..a7b274d.0_8	0
0x23694d	FUNC	Xhc_ReserveEndpoints	58
0x236954	NOTYPE	..lin.c7db2884..662602d7.0_9	0
0x236959	NOTYPE	..lin.c7db2884..662602d7.0_10	0
0x23695f	NOTYPE	..lin.c7db2884..662602d7.0_11	0
0x236966	NOTYPE	..lin.c7db2884..662602d7.0_12	0
0x23696c	NOTYPE	..lin.c7db2884..662602d7.0_13	0
0x236987	FUNC	XhcIOA_Initialize...2Fhome.2Fmal.2Fgm_release.2FMY22.2D026.2Ffinal.2Fiot.2Frtos.2Flibs.2Fgm.2Di35.2Frel.2Fwork.2Fxhc.	528
0x2369a1	NOTYPE	..lin.c7db2884..5413feb2.0_14	0
0x2369af	NOTYPE	..lin.c7db2884..5413feb2.0_15	0
0x2369bb	NOTYPE	..lin.c7db2884..5413feb2.0_16	0
0x236a04	NOTYPE	..lin.c7db2884..5413feb2.0_17	0
0x236a1b	NOTYPE	..lin.c7db2884..5413feb2.0_18	0
0x236a45	NOTYPE	..lin.c7db2884..5413feb2.0_19	0
0x236a72	NOTYPE	..lin.c7db2884..5413feb2.0_20	0
0x236a9f	NOTYPE	..lin.c7db2884..5413feb2.0_21	0
0x236ad2	NOTYPE	..lin.c7db2884..5413feb2.0_22	0
0x236adb	NOTYPE	..lin.c7db2884..5413feb2.0_23	0
0x236af2	NOTYPE	..lin.c7db2884..5413feb2.0_24	0
0x236b0b	NOTYPE	..lin.c7db2884..5413feb2.0_25	0
0x236b2e	NOTYPE	..lin.c7db2884..5413feb2.0_26	0
0x236b3a	NOTYPE	..lin.c7db2884..5413feb2.0_27	0
0x236b45	NOTYPE	..lin.c7db2884..5413feb2.0_28	0
0x236b58	NOTYPE	..lin.c7db2884..5413feb2.0_29	0
0x236b6d	NOTYPE	..lin.c7db2884..5413feb2.0_30	0
0x236b7d	NOTYPE	..lin.c7db2884..5413feb2.0_31	0
0x236b8c	NOTYPE	..lin.c7db2884..5413feb2.0_32	0
0x236b97	FUNC	InitDevInfo...2Fhome.2Fmal.2Fgm_release.2FMY22.2D026.2Ffinal.2Fiot.2Frtos.2Flibs.2Fgm.2Di35.2Frel.2Fwork.2Fxhc.	252
0x236bcf	NOTYPE	..lin.c7db2884..ead50264.0_33	0
0x236bda	NOTYPE	..lin.c7db2884..ead50264.0_34	0
0x236c67	NOTYPE	..lin.c7db2884..ead50264.0_35	0
0x236c8a	NOTYPE	..lin.c7db2884..ead50264.0_36	0
0x236c93	FUNC	Xhc_LateInitialize...2Fhome.2Fmal.2Fgm_release.2FMY22.2D026.2Ffinal.2Fiot.2Frtos.2Flibs.2Fgm.2Di35.2Frel.2Fwork.2Fxhc.	66
0x236c9e	NOTYPE	..lin.c7db2884..9da98c1f.0_37	0
0x236ca3	NOTYPE	..lin.c7db2884..9da98c1f.0_38	0
0x236cad	NOTYPE	..lin.c7db2884..9da98c1f.0_39	0
0x236cb4	NOTYPE	..lin.c7db2884..9da98c1f.0_40	0
0x236cbf	NOTYPE	..lin.c7db2884..9da98c1f.0_41	0
0x236cc9	NOTYPE	..lin.c7db2884..9da98c1f.0_42	0
0x236cd5	FUNC	Xhc_ProcessEvent...2Fhome.2Fmal.2Fgm_release.2FMY22.2D026.2Ffinal.2Fiot.2Frtos.2Flibs.2Fgm.2Di35.2Frel.2Fwork.2Fxhc.	888
0x236d51	NOTYPE	..lin.c7db2884..fb010468.0_43	0
0x236d76	NOTYPE	..lin.c7db2884..fb010468.0_44	0
0x236d7f	NOTYPE	..lin.c7db2884..fb010468.0_45	0
0x236d84	NOTYPE	..lin.c7db2884..fb010468.0_46	0
0x236d8f	NOTYPE	..lin.c7db2884..fb010468.0_47	0
0x236d96	NOTYPE	..lin.c7db2884..fb010468.0_48	0
0x236d9e	NOTYPE	..lin.c7db2884..fb010468.0_49	0
0x236db8	NOTYPE	..lin.c7db2884..fb010468.0_50	0
0x236de5	NOTYPE	..lin.c7db2884..fb010468.0_51	0
0x236e12	NOTYPE	..lin.c7db2884..fb010468.0_52	0
0x236e19	NOTYPE	..lin.c7db2884..fb010468.0_53	0
0x236e1d	NOTYPE	..lin.c7db2884..fb010468.0_54	0
0x236e40	NOTYPE	..lin.c7db2884..fb010468.0_55	0
0x236e42	NOTYPE	..lin.c7db2884..fb010468.0_56	0
0x236e46	NOTYPE	..lin.c7db2884..fb010468.0_57	0
0x236e69	NOTYPE	..lin.c7db2884..fb010468.0_58	0
0x236e72	NOTYPE	..lin.c7db2884..fb010468.0_59	0
0x236e76	NOTYPE	..lin.c7db2884..fb010468.0_60	0
0x236e9f	NOTYPE	..lin.c7db2884..fb010468.0_61	0
0x236ea3	NOTYPE	..lin.c7db2884..fb010468.0_62	0
0x236ea8	NOTYPE	..lin.c7db2884..fb010468.0_63	0
0x236ede	NOTYPE	..lin.c7db2884..fb010468.0_64	0
0x236ef1	NOTYPE	..lin.c7db2884..fb010468.0_65	0
0x236f01	NOTYPE	..lin.c7db2884..fb010468.0_66	0
0x236f2f	NOTYPE	..lin.c7db2884..fb010468.0_67	0
0x236f34	NOTYPE	..lin.c7db2884..fb010468.0_68	0
0x236f44	NOTYPE	..lin.c7db2884..fb010468.0_69	0
0x236f53	NOTYPE	..lin.c7db2884..fb010468.0_70	0
0x236f58	NOTYPE	..lin.c7db2884..fb010468.0_71	0
0x236f71	NOTYPE	..lin.c7db2884..fb010468.0_72	0
0x236f86	NOTYPE	..lin.c7db2884..fb010468.0_73	0
0x236fa0	NOTYPE	..lin.c7db2884..fb010468.0_74	0
0x236fca	NOTYPE	..lin.c7db2884..fb010468.0_75	0
0x236fd7	NOTYPE	..lin.c7db2884..fb010468.0_76	0
0x236fea	NOTYPE	..lin.c7db2884..fb010468.0_77	0
0x236ff4	NOTYPE	..lin.c7db2884..fb010468.0_78	0
0x237001	NOTYPE	..lin.c7db2884..fb010468.0_79	0
0x237012	NOTYPE	..lin.c7db2884..fb010468.0_80	0
0x23701f	NOTYPE	..lin.c7db2884..fb010468.0_81	0
0x237028	NOTYPE	..lin.c7db2884..fb010468.0_82	0
0x23702e	NOTYPE	..lin.c7db2884..fb010468.0_83	0
0x237042	NOTYPE	..lin.c7db2884..fb010468.0_84	0
0x23704d	FUNC	XhcIOA_ReadStatus...2Fhome.2Fmal.2Fgm_release.2FMY22.2D026.2Ffinal.2Fiot.2Frtos.2Flibs.2Fgm.2Di35.2Frel.2Fwork.2Fxhc.	556
0x23706c	NOTYPE	..lin.c7db2884..fc612680.0_85	0
0x23707c	NOTYPE	..lin.c7db2884..fc612680.0_86	0
0x237082	NOTYPE	..lin.c7db2884..fc612680.0_87	0
0x237088	NOTYPE	..lin.c7db2884..fc612680.0_88	0
0x23708a	NOTYPE	..lin.c7db2884..fc612680.0_89	0
0x237099	NOTYPE	..lin.c7db2884..fc612680.0_90	0
0x2370b3	NOTYPE	..lin.c7db2884..fc612680.0_91	0
0x2370ea	NOTYPE	..lin.c7db2884..fc612680.0_92	0
0x2370f2	NOTYPE	..lin.c7db2884..fc612680.0_93	0
0x237107	NOTYPE	..lin.c7db2884..fc612680.0_94	0
0x237126	NOTYPE	..lin.c7db2884..fc612680.0_95	0
0x23713c	NOTYPE	..lin.c7db2884..fc612680.0_96	0
0x237159	NOTYPE	..lin.c7db2884..fc612680.0_97	0
0x237169	NOTYPE	..lin.c7db2884..fc612680.0_98	0
0x23716f	NOTYPE	..lin.c7db2884..fc612680.0_99	0
0x237174	NOTYPE	..lin.c7db2884..fc612680.0_100	0
0x23718b	NOTYPE	..lin.c7db2884..fc612680.0_101	0
0x23719c	NOTYPE	..lin.c7db2884..fc612680.0_102	0
0x2371ae	NOTYPE	..lin.c7db2884..fc612680.0_103	0
0x2371c0	NOTYPE	..lin.c7db2884..fc612680.0_104	0
0x2371c9	NOTYPE	..lin.c7db2884..fc612680.0_105	0
0x2371ea	NOTYPE	..lin.c7db2884..fc612680.0_106	0
0x2371fc	NOTYPE	..lin.c7db2884..fc612680.0_107	0
0x237208	NOTYPE	..lin.c7db2884..fc612680.0_108	0
0x237238	NOTYPE	..lin.c7db2884..fc612680.0_109	0
0x237266	NOTYPE	..lin.c7db2884..fc612680.0_110	0
0x23726a	NOTYPE	..lin.c7db2884..fc612680.0_111	0
0x237279	FUNC	XhcIOA_ReadRegister...2Fhome.2Fmal.2Fgm_release.2FMY22.2D026.2Ffinal.2Fiot.2Frtos.2Flibs.2Fgm.2Di35.2Frel.2Fwork.2Fxhc.	203
0x23729b	NOTYPE	..lin.c7db2884..37904181.0_112	0
0x2372c3	NOTYPE	..lin.c7db2884..37904181.0_113	0
0x2372c9	NOTYPE	..lin.c7db2884..37904181.0_114	0
0x2372d2	NOTYPE	..lin.c7db2884..37904181.0_115	0
0x2372da	NOTYPE	..lin.c7db2884..37904181.0_116	0
0x2372dc	NOTYPE	..lin.c7db2884..37904181.0_117	0
0x2372e5	NOTYPE	..lin.c7db2884..37904181.0_118	0
0x2372f5	NOTYPE	..lin.c7db2884..37904181.0_119	0
0x237306	NOTYPE	..lin.c7db2884..37904181.0_120	0
0x237312	NOTYPE	..lin.c7db2884..37904181.0_121	0
0x237322	NOTYPE	..lin.c7db2884..37904181.0_122	0
0x237328	NOTYPE	..lin.c7db2884..37904181.0_123	0
0x23732d	NOTYPE	..lin.c7db2884..37904181.0_124	0
0x237337	NOTYPE	..lin.c7db2884..37904181.0_125	0
0x237344	FUNC	XhcIOA_EnableInterrupts...2Fhome.2Fmal.2Fgm_release.2FMY22.2D026.2Ffinal.2Fiot.2Frtos.2Flibs.2Fgm.2Di35.2Frel.2Fwork.2Fxhc.	20
0x237354	NOTYPE	..lin.c7db2884..ef0f0f47.0_126	0
0x237358	FUNC	XhcDev_InitEndpoint	227
0x23736b	NOTYPE	..lin.c7db2884..55b6b6db.0_127	0
0x237371	NOTYPE	..lin.c7db2884..55b6b6db.0_128	0
0x23737b	NOTYPE	..lin.c7db2884..55b6b6db.0_129	0
0x23738d	NOTYPE	..lin.c7db2884..55b6b6db.0_130	0
0x23739e	NOTYPE	..lin.c7db2884..55b6b6db.0_131	0
0x2373f2	NOTYPE	..lin.c7db2884..55b6b6db.0_132	0
0x237401	NOTYPE	..lin.c7db2884..55b6b6db.0_133	0
0x23743b	FUNC	XhcDev_SetEpDesc	109
0x23745c	NOTYPE	..lin.c7db2884..119002c6.0_134	0
0x23746c	NOTYPE	..lin.c7db2884..119002c6.0_135	0
0x237474	NOTYPE	..lin.c7db2884..119002c6.0_136	0
0x23748b	NOTYPE	..lin.c7db2884..119002c6.0_137	0
0x2374a8	FUNC	Xhc_UpdateEndpointContexts...2Fhome.2Fmal.2Fgm_release.2FMY22.2D026.2Ffinal.2Fiot.2Frtos.2Flibs.2Fgm.2Di35.2Frel.2Fwork.2Fxhc.	366
0x2374d8	NOTYPE	..lin.c7db2884..dd1a5303.0_138	0
0x2374f2	NOTYPE	..lin.c7db2884..dd1a5303.0_139	0
0x23751d	NOTYPE	..lin.c7db2884..dd1a5303.0_140	0
0x237557	NOTYPE	..lin.c7db2884..dd1a5303.0_141	0
0x23758b	NOTYPE	..lin.c7db2884..dd1a5303.0_142	0
0x2375c7	NOTYPE	..lin.c7db2884..dd1a5303.0_143	0
0x2375ed	NOTYPE	..lin.c7db2884..dd1a5303.0_144	0
0x2375fe	NOTYPE	..lin.c7db2884..dd1a5303.0_145	0
0x23760b	NOTYPE	..lin.c7db2884..dd1a5303.0_146	0
0x237616	FUNC	XhcRing_GetAvailableCmdTrbCount...2Fhome.2Fmal.2Fgm_release.2FMY22.2D026.2Ffinal.2Fiot.2Frtos.2Flibs.2Fgm.2Di35.2Frel.2Fwork.2Fxhc.	44
0x237629	NOTYPE	..lin.c7db2884..133c013d.0_147	0
0x23763b	NOTYPE	..lin.c7db2884..133c013d.0_148	0
0x23763f	NOTYPE	..lin.c7db2884..133c013d.0_149	0
0x237642	FUNC	XhcRing_GetAvailableCmdTrbIndex...2Fhome.2Fmal.2Fgm_release.2FMY22.2D026.2Ffinal.2Fiot.2Frtos.2Flibs.2Fgm.2Di35.2Frel.2Fwork.2Fxhc.	114
0x237656	NOTYPE	..lin.c7db2884..13a7be6c.0_150	0
0x23765c	NOTYPE	..lin.c7db2884..13a7be6c.0_151	0
0x237669	NOTYPE	..lin.c7db2884..13a7be6c.0_152	0
0x23767d	NOTYPE	..lin.c7db2884..13a7be6c.0_153	0
0x23768e	NOTYPE	..lin.c7db2884..13a7be6c.0_154	0
0x2376ac	NOTYPE	..lin.c7db2884..13a7be6c.0_155	0
0x2376b4	FUNC	XhcDev_SubmitCommand	279
0x2376e7	NOTYPE	..lin.c7db2884..b76a3ef9.0_156	0
0x2376ef	NOTYPE	..lin.c7db2884..b76a3ef9.0_157	0
0x237708	NOTYPE	..lin.c7db2884..b76a3ef9.0_158	0
0x237722	NOTYPE	..lin.c7db2884..b76a3ef9.0_159	0
0x23773c	NOTYPE	..lin.c7db2884..b76a3ef9.0_160	0
0x237768	NOTYPE	..lin.c7db2884..b76a3ef9.0_161	0
0x2377be	NOTYPE	..lin.c7db2884..b76a3ef9.0_162	0
0x2377cb	FUNC	Xhc_EvaluateContext...2Fhome.2Fmal.2Fgm_release.2FMY22.2D026.2Ffinal.2Fiot.2Frtos.2Flibs.2Fgm.2Di35.2Frel.2Fwork.2Fxhc.	167
0x2377fa	NOTYPE	..lin.c7db2884..bf55e443.0_163	0
0x237818	NOTYPE	..lin.c7db2884..bf55e443.0_164	0
0x237823	NOTYPE	..lin.c7db2884..bf55e443.0_165	0
0x23786b	NOTYPE	..lin.c7db2884..bf55e443.0_166	0
0x237872	FUNC	XhcRing_GetAvailableEpTrbCount...2Fhome.2Fmal.2Fgm_release.2FMY22.2D026.2Ffinal.2Fiot.2Frtos.2Flibs.2Fgm.2Di35.2Frel.2Fwork.2Fxhc.	47
0x237880	NOTYPE	..lin.c7db2884..d53f891e.0_167	0
0x237898	NOTYPE	..lin.c7db2884..d53f891e.0_168	0
0x23789c	NOTYPE	..lin.c7db2884..d53f891e.0_169	0
0x2378a1	FUNC	XhcRing_GetAvailableEpTrbIndex...2Fhome.2Fmal.2Fgm_release.2FMY22.2D026.2Ffinal.2Fiot.2Frtos.2Flibs.2Fgm.2Di35.2Frel.2Fwork.2Fxhc.	389
0x2378c7	NOTYPE	..lin.c7db2884..d5ab464d.0_170	0
0x2378d0	NOTYPE	..lin.c7db2884..d5ab464d.0_171	0
0x2378e7	NOTYPE	..lin.c7db2884..d5ab464d.0_172	0
0x237904	NOTYPE	..lin.c7db2884..d5ab464d.0_173	0
0x23791b	NOTYPE	..lin.c7db2884..d5ab464d.0_174	0
0x23792c	NOTYPE	..lin.c7db2884..d5ab464d.0_175	0
0x23795a	NOTYPE	..lin.c7db2884..d5ab464d.0_176	0
0x237973	NOTYPE	..lin.c7db2884..d5ab464d.0_177	0
0x237982	NOTYPE	..lin.c7db2884..d5ab464d.0_178	0
0x2379b5	NOTYPE	..lin.c7db2884..d5ab464d.0_179	0
0x2379d0	NOTYPE	..lin.c7db2884..d5ab464d.0_180	0
0x2379e1	NOTYPE	..lin.c7db2884..d5ab464d.0_181	0
0x237a0f	NOTYPE	..lin.c7db2884..d5ab464d.0_182	0
0x237a26	FUNC	XhcRing_EpTrbPosted...2Fhome.2Fmal.2Fgm_release.2FMY22.2D026.2Ffinal.2Fiot.2Frtos.2Flibs.2Fgm.2Di35.2Frel.2Fwork.2Fxhc.	52
0x237a34	NOTYPE	..lin.c7db2884..51a08263.0_183	0
0x237a4e	NOTYPE	..lin.c7db2884..51a08263.0_184	0
0x237a5a	FUNC	XhcDev_SubmitTrb	226
0x237a8d	NOTYPE	..lin.c7db2884..c8fec2a2.0_185	0
0x237a95	NOTYPE	..lin.c7db2884..c8fec2a2.0_186	0
0x237aae	NOTYPE	..lin.c7db2884..c8fec2a2.0_187	0
0x237ac8	NOTYPE	..lin.c7db2884..c8fec2a2.0_188	0
0x237ae2	NOTYPE	..lin.c7db2884..c8fec2a2.0_189	0
0x237b0c	NOTYPE	..lin.c7db2884..c8fec2a2.0_190	0
0x237b1d	NOTYPE	..lin.c7db2884..c8fec2a2.0_191	0
0x237b2f	NOTYPE	..lin.c7db2884..c8fec2a2.0_192	0
0x237b3c	FUNC	XhcDev_StartControlTransfer	337
0x237b5b	NOTYPE	..lin.c7db2884..cd088c5a.0_193	0
0x237b71	NOTYPE	..lin.c7db2884..cd088c5a.0_194	0
0x237be2	NOTYPE	..lin.c7db2884..cd088c5a.0_195	0
0x237be9	NOTYPE	..lin.c7db2884..cd088c5a.0_196	0
0x237c39	NOTYPE	..lin.c7db2884..cd088c5a.0_197	0
0x237c82	NOTYPE	..lin.c7db2884..cd088c5a.0_198	0
0x237c8d	FUNC	XhcDev_GetDescriptor	52
0x237cbf	NOTYPE	..lin.c7db2884..92608465.0_199	0
0x237cc1	FUNC	XhcDev_ConfigureEndpoints	261
0x237d04	NOTYPE	..lin.c7db2884..7d09f93c.0_200	0
0x237d20	NOTYPE	..lin.c7db2884..7d09f93c.0_201	0
0x237d34	NOTYPE	..lin.c7db2884..7d09f93c.0_202	0
0x237d66	NOTYPE	..lin.c7db2884..7d09f93c.0_203	0
0x237d72	NOTYPE	..lin.c7db2884..7d09f93c.0_204	0
0x237dbb	NOTYPE	..lin.c7db2884..7d09f93c.0_205	0
0x237dc6	FUNC	XhcDev_ResetEndpoint	103
0x237e21	NOTYPE	..lin.c7db2884..89829f4a.0_206	0
0x237e2a	NOTYPE	..lin.c7db2884..89829f4a.0_207	0
0x237e2d	FUNC	XhcDev_SetDeq	140
0x237e55	NOTYPE	..lin.c7db2884..737b104c.0_208	0
0x237eb6	NOTYPE	..lin.c7db2884..737b104c.0_209	0
0x237eb9	FUNC	XhcDev_StopEndpoint	92
0x237f05	NOTYPE	..lin.c7db2884..a5b23eed.0_210	0
0x237f13	NOTYPE	..lin.c7db2884..a5b23eed.0_211	0
0x237f15	FUNC	Xhc_FreeEndpoint...2Fhome.2Fmal.2Fgm_release.2FMY22.2D026.2Ffinal.2Fiot.2Frtos.2Flibs.2Fgm.2Di35.2Frel.2Fwork.2Fxhc.	209
0x237f49	NOTYPE	..lin.c7db2884..a8f9c00a.0_212	0
0x237f70	NOTYPE	..lin.c7db2884..a8f9c00a.0_213	0
0x237f78	NOTYPE	..lin.c7db2884..a8f9c00a.0_214	0
0x237f9f	NOTYPE	..lin.c7db2884..a8f9c00a.0_215	0
0x237faf	NOTYPE	..lin.c7db2884..a8f9c00a.0_216	0
0x237fbb	NOTYPE	..lin.c7db2884..a8f9c00a.0_217	0
0x237fd2	NOTYPE	..lin.c7db2884..a8f9c00a.0_218	0
0x237fdb	NOTYPE	..lin.c7db2884..a8f9c00a.0_219	0
0x237fe6	FUNC	XhcIOA_WriteRegister...2Fhome.2Fmal.2Fgm_release.2FMY22.2D026.2Ffinal.2Fiot.2Frtos.2Flibs.2Fgm.2Di35.2Frel.2Fwork.2Fxhc.	2635
0x238008	NOTYPE	..lin.c7db2884..1b63a3f0.0_220	0
0x238035	NOTYPE	..lin.c7db2884..1b63a3f0.0_221	0
0x23804c	NOTYPE	..lin.c7db2884..1b63a3f0.0_222	0
0x238149	NOTYPE	..lin.c7db2884..1b63a3f0.0_223	0
0x238152	NOTYPE	..lin.c7db2884..1b63a3f0.0_224	0
0x238182	NOTYPE	..lin.c7db2884..1b63a3f0.0_225	0
0x2381a8	NOTYPE	..lin.c7db2884..1b63a3f0.0_226	0
0x2381bb	NOTYPE	..lin.c7db2884..1b63a3f0.0_227	0
0x2381c0	NOTYPE	..lin.c7db2884..1b63a3f0.0_228	0
0x2381c8	NOTYPE	..lin.c7db2884..1b63a3f0.0_229	0
0x2381cf	NOTYPE	..lin.c7db2884..1b63a3f0.0_230	0
0x2381de	NOTYPE	..lin.c7db2884..1b63a3f0.0_231	0
0x238213	NOTYPE	..lin.c7db2884..1b63a3f0.0_232	0
0x238238	NOTYPE	..lin.c7db2884..1b63a3f0.0_233	0
0x23824e	NOTYPE	..lin.c7db2884..1b63a3f0.0_234	0
0x238259	NOTYPE	..lin.c7db2884..1b63a3f0.0_235	0
0x238273	NOTYPE	..lin.c7db2884..1b63a3f0.0_236	0
0x23828f	NOTYPE	..lin.c7db2884..1b63a3f0.0_237	0
0x2382ac	NOTYPE	..lin.c7db2884..1b63a3f0.0_238	0
0x2382cb	NOTYPE	..lin.c7db2884..1b63a3f0.0_239	0
0x2382d0	NOTYPE	..lin.c7db2884..1b63a3f0.0_240	0
0x238303	NOTYPE	..lin.c7db2884..1b63a3f0.0_241	0
0x238317	NOTYPE	..lin.c7db2884..1b63a3f0.0_242	0
0x23832f	NOTYPE	..lin.c7db2884..1b63a3f0.0_243	0
0x23833e	NOTYPE	..lin.c7db2884..1b63a3f0.0_244	0
0x238350	NOTYPE	..lin.c7db2884..1b63a3f0.0_245	0
0x238368	NOTYPE	..lin.c7db2884..1b63a3f0.0_246	0
0x238380	NOTYPE	..lin.c7db2884..1b63a3f0.0_247	0
0x2383b3	NOTYPE	..lin.c7db2884..1b63a3f0.0_248	0
0x2383cb	NOTYPE	..lin.c7db2884..1b63a3f0.0_249	0
0x2383dd	NOTYPE	..lin.c7db2884..1b63a3f0.0_250	0
0x2383ec	NOTYPE	..lin.c7db2884..1b63a3f0.0_251	0
0x238403	NOTYPE	..lin.c7db2884..1b63a3f0.0_252	0
0x23841b	NOTYPE	..lin.c7db2884..1b63a3f0.0_253	0
0x238433	NOTYPE	..lin.c7db2884..1b63a3f0.0_254	0
0x238459	NOTYPE	..lin.c7db2884..1b63a3f0.0_255	0
0x23847d	NOTYPE	..lin.c7db2884..1b63a3f0.0_256	0
0x23848f	NOTYPE	..lin.c7db2884..1b63a3f0.0_257	0
0x2384a1	NOTYPE	..lin.c7db2884..1b63a3f0.0_258	0
0x2384a6	NOTYPE	..lin.c7db2884..1b63a3f0.0_259	0
0x2384ae	NOTYPE	..lin.c7db2884..1b63a3f0.0_260	0
0x2384ba	NOTYPE	..lin.c7db2884..1b63a3f0.0_261	0
0x2384bf	NOTYPE	..lin.c7db2884..1b63a3f0.0_262	0
0x2384c4	NOTYPE	..lin.c7db2884..1b63a3f0.0_263	0
0x2384df	NOTYPE	..lin.c7db2884..1b63a3f0.0_264	0
0x2384f2	NOTYPE	..lin.c7db2884..1b63a3f0.0_265	0
0x238509	NOTYPE	..lin.c7db2884..1b63a3f0.0_266	0
0x238520	NOTYPE	..lin.c7db2884..1b63a3f0.0_267	0
0x238549	NOTYPE	..lin.c7db2884..1b63a3f0.0_268	0
0x238555	NOTYPE	..lin.c7db2884..1b63a3f0.0_269	0
0x238570	NOTYPE	..lin.c7db2884..1b63a3f0.0_270	0
0x238575	NOTYPE	..lin.c7db2884..1b63a3f0.0_271	0
0x23859c	NOTYPE	..lin.c7db2884..1b63a3f0.0_272	0
0x2385a5	NOTYPE	..lin.c7db2884..1b63a3f0.0_273	0
0x2385bc	NOTYPE	..lin.c7db2884..1b63a3f0.0_274	0
0x2385d3	NOTYPE	..lin.c7db2884..1b63a3f0.0_275	0
0x2385ee	NOTYPE	..lin.c7db2884..1b63a3f0.0_276	0
0x238613	NOTYPE	..lin.c7db2884..1b63a3f0.0_277	0
0x238638	NOTYPE	..lin.c7db2884..1b63a3f0.0_278	0
0x238677	NOTYPE	..lin.c7db2884..1b63a3f0.0_279	0
0x2386d1	NOTYPE	..lin.c7db2884..1b63a3f0.0_280	0
0x238708	NOTYPE	..lin.c7db2884..1b63a3f0.0_281	0
0x23877c	NOTYPE	..lin.c7db2884..1b63a3f0.0_282	0
0x2387a4	NOTYPE	..lin.c7db2884..1b63a3f0.0_283	0
0x2387cf	NOTYPE	..lin.c7db2884..1b63a3f0.0_284	0
0x2387f7	NOTYPE	..lin.c7db2884..1b63a3f0.0_285	0
0x23881f	NOTYPE	..lin.c7db2884..1b63a3f0.0_286	0
0x23887c	NOTYPE	..lin.c7db2884..1b63a3f0.0_287	0
0x238895	NOTYPE	..lin.c7db2884..1b63a3f0.0_288	0
0x2388a9	NOTYPE	..lin.c7db2884..1b63a3f0.0_289	0
0x2388b7	NOTYPE	..lin.c7db2884..1b63a3f0.0_290	0
0x2388e7	NOTYPE	..lin.c7db2884..1b63a3f0.0_291	0
0x2388ef	NOTYPE	..lin.c7db2884..1b63a3f0.0_292	0
0x2388f6	NOTYPE	..lin.c7db2884..1b63a3f0.0_293	0
0x238900	NOTYPE	..lin.c7db2884..1b63a3f0.0_294	0
0x23890a	NOTYPE	..lin.c7db2884..1b63a3f0.0_295	0
0x23892f	NOTYPE	..lin.c7db2884..1b63a3f0.0_296	0
0x23894c	NOTYPE	..lin.c7db2884..1b63a3f0.0_297	0
0x238957	NOTYPE	..lin.c7db2884..1b63a3f0.0_298	0
0x23895c	NOTYPE	..lin.c7db2884..1b63a3f0.0_299	0
0x238963	NOTYPE	..lin.c7db2884..1b63a3f0.0_300	0
0x238978	NOTYPE	..lin.c7db2884..1b63a3f0.0_301	0
0x23897f	NOTYPE	..lin.c7db2884..1b63a3f0.0_302	0
0x23898c	NOTYPE	..lin.c7db2884..1b63a3f0.0_303	0
0x238992	NOTYPE	..lin.c7db2884..1b63a3f0.0_304	0
0x2389b1	NOTYPE	..lin.c7db2884..1b63a3f0.0_305	0
0x2389b6	NOTYPE	..lin.c7db2884..1b63a3f0.0_306	0
0x2389bd	NOTYPE	..lin.c7db2884..1b63a3f0.0_307	0
0x2389c3	NOTYPE	..lin.c7db2884..1b63a3f0.0_308	0
0x2389ed	NOTYPE	..lin.c7db2884..1b63a3f0.0_309	0
0x2389f1	NOTYPE	..lin.c7db2884..1b63a3f0.0_310	0
0x2389fb	NOTYPE	..lin.c7db2884..1b63a3f0.0_311	0
0x238a01	NOTYPE	..lin.c7db2884..1b63a3f0.0_312	0
0x238a07	NOTYPE	..lin.c7db2884..1b63a3f0.0_313	0
0x238a0d	NOTYPE	..lin.c7db2884..1b63a3f0.0_314	0
0x238a22	NOTYPE	..lin.c7db2884..1b63a3f0.0_315	0
0x238a31	FUNC	Xhc_InitInputContext...2Fhome.2Fmal.2Fgm_release.2FMY22.2D026.2Ffinal.2Fiot.2Frtos.2Flibs.2Fgm.2Di35.2Frel.2Fwork.2Fxhc.	216
0x238a62	NOTYPE	..lin.c7db2884..a8ab6fb0.0_316	0
0x238a73	NOTYPE	..lin.c7db2884..a8ab6fb0.0_317	0
0x238a83	NOTYPE	..lin.c7db2884..a8ab6fb0.0_318	0
0x238ab6	NOTYPE	..lin.c7db2884..a8ab6fb0.0_319	0
0x238ad4	NOTYPE	..lin.c7db2884..a8ab6fb0.0_320	0
0x238ae4	NOTYPE	..lin.c7db2884..a8ab6fb0.0_321	0
0x238af5	NOTYPE	..lin.c7db2884..a8ab6fb0.0_322	0
0x238b00	NOTYPE	..lin.c7db2884..a8ab6fb0.0_323	0
0x238b09	FUNC	Xhc_AddressDevice...2Fhome.2Fmal.2Fgm_release.2FMY22.2D026.2Ffinal.2Fiot.2Frtos.2Flibs.2Fgm.2Di35.2Frel.2Fwork.2Fxhc.	226
0x238b50	NOTYPE	..lin.c7db2884..856410dd.0_324	0
0x238b79	NOTYPE	..lin.c7db2884..856410dd.0_325	0
0x238b8b	NOTYPE	..lin.c7db2884..856410dd.0_326	0
0x238bd1	NOTYPE	..lin.c7db2884..856410dd.0_327	0
0x238be2	NOTYPE	..lin.c7db2884..856410dd.0_328	0
0x238beb	FUNC	XhcIOA_WriteStatus...2Fhome.2Fmal.2Fgm_release.2FMY22.2D026.2Ffinal.2Fiot.2Frtos.2Flibs.2Fgm.2Di35.2Frel.2Fwork.2Fxhc.	291
0x238c0e	NOTYPE	..lin.c7db2884..ddcb212f.0_329	0
0x238c42	NOTYPE	..lin.c7db2884..ddcb212f.0_330	0
0x238c53	NOTYPE	..lin.c7db2884..ddcb212f.0_331	0
0x238c5c	NOTYPE	..lin.c7db2884..ddcb212f.0_332	0
0x238c62	NOTYPE	..lin.c7db2884..ddcb212f.0_333	0
0x238c74	NOTYPE	..lin.c7db2884..ddcb212f.0_334	0
0x238c7b	NOTYPE	..lin.c7db2884..ddcb212f.0_335	0
0x238c81	NOTYPE	..lin.c7db2884..ddcb212f.0_336	0
0x238c87	NOTYPE	..lin.c7db2884..ddcb212f.0_337	0
0x238c96	NOTYPE	..lin.c7db2884..ddcb212f.0_338	0
0x238ca3	NOTYPE	..lin.c7db2884..ddcb212f.0_339	0
0x238cbc	NOTYPE	..lin.c7db2884..ddcb212f.0_340	0
0x238cd3	NOTYPE	..lin.c7db2884..ddcb212f.0_341	0
0x238ce1	NOTYPE	..lin.c7db2884..ddcb212f.0_342	0
0x238ce9	NOTYPE	..lin.c7db2884..ddcb212f.0_343	0
0x238cfa	NOTYPE	..lin.c7db2884..ddcb212f.0_344	0
0x238cff	NOTYPE	..lin.c7db2884..ddcb212f.0_345	0
0x238d0e	FUNC	XhcIOA_InterruptHandler...2Fhome.2Fmal.2Fgm_release.2FMY22.2D026.2Ffinal.2Fiot.2Frtos.2Flibs.2Fgm.2Di35.2Frel.2Fwork.2Fxhc.	24
0x238d1a	NOTYPE	..lin.c7db2884..19a5e68b.0_346	0
0x238d22	NOTYPE	..lin.c7db2884..19a5e68b.0_347	0
0x238d26	FUNC	XhcIOA_DisableInterrupts...2Fhome.2Fmal.2Fgm_release.2FMY22.2D026.2Ffinal.2Fiot.2Frtos.2Flibs.2Fgm.2Di35.2Frel.2Fwork.2Fxhc.	20
0x238d36	NOTYPE	..lin.c7db2884..b268fff4.0_348	0
0x238d3a	FUNC	XhcDev_Translate	78
0x238d47	NOTYPE	..lin.c7db2884..2ec16a74.0_349	0
0x238d4d	NOTYPE	..lin.c7db2884..2ec16a74.0_350	0
0x238d59	NOTYPE	..lin.c7db2884..2ec16a74.0_351	0
0x238d6e	NOTYPE	..lin.c7db2884..2ec16a74.0_352	0
0x238d74	NOTYPE	..lin.c7db2884..2ec16a74.0_353	0
0x238d88	FUNC	XhcDev_StartTransfer	320
0x238dd7	NOTYPE	..lin.c7db2884..8fcba679.0_354	0
0x238deb	NOTYPE	..lin.c7db2884..8fcba679.0_355	0
0x238e03	NOTYPE	..lin.c7db2884..8fcba679.0_356	0
0x238e0c	NOTYPE	..lin.c7db2884..8fcba679.0_357	0
0x238e18	NOTYPE	..lin.c7db2884..8fcba679.0_358	0
0x238e3c	NOTYPE	..lin.c7db2884..8fcba679.0_359	0
0x238e88	NOTYPE	..lin.c7db2884..8fcba679.0_360	0
0x238eaa	NOTYPE	..lin.c7db2884..8fcba679.0_361	0
0x238eba	NOTYPE	..lin.c7db2884..8fcba679.0_362	0
0x238ec8	FUNC	XhcDev_AvailableEndpointResources	55
0x238ed2	NOTYPE	..lin.c7db2884..f1c20de3.0_363	0
0x238ee9	NOTYPE	..lin.c7db2884..f1c20de3.0_364	0
0x238ef6	NOTYPE	..lin.c7db2884..f1c20de3.0_365	0
0x238efc	NOTYPE	..lin.c7db2884..f1c20de3.0_366	0
0x238eff	FUNC	XhcDev_GetAvailableEpTrbCount	8
0x238f07	NOTYPE	..lin.c7db2884..314f1dad.0_367	0
0x238f07	FUNC	XhcDev_RingDbell	32
0x238f27	NOTYPE	..lin.c7db2884..cc811a79.0_368	0
0x238f27	FUNC	Xhc_GetIOA	4
0x238f2b	FUNC	XhcVcSuperIOA_Initialize...2Fhome.2Fmal.2Fgm_release.2FMY22.2D026.2Ffinal.2Fiot.2Frtos.2Flibs.2Fgm.2Di35.2Frel.2Fwork.2Fxhc.	60
0x238f41	NOTYPE	..lin.c7db2884..8c388eda.0_369	0
0x238f47	NOTYPE	..lin.c7db2884..8c388eda.0_370	0
0x238f4d	NOTYPE	..lin.c7db2884..8c388eda.0_371	0
0x238f60	NOTYPE	..lin.c7db2884..8c388eda.0_372	0
0x238f67	FUNC	Xhc_VcReleaseDevice	27
0x238f7a	NOTYPE	..lin.c7db2884..aea87a71.0_373	0
0x238f82	NOTYPE	..lin.c7db2884..aea87a71.0_374	0
0x238f82	FUNC	XhcPCI_DriverMatch...2Fhome.2Fmal.2Fgm_release.2FMY22.2D026.2Ffinal.2Fiot.2Frtos.2Flibs.2Fgm.2Di35.2Frel.2Fwork.2Fxhc.	58
0x238fa5	NOTYPE	..lin.c7db2884..40e51d5c.0_375	0
0x238fb0	NOTYPE	..lin.c7db2884..40e51d5c.0_376	0
0x238fbc	FUNC	XhcPCI_MsiInfo...2Fhome.2Fmal.2Fgm_release.2FMY22.2D026.2Ffinal.2Fiot.2Frtos.2Flibs.2Fgm.2Di35.2Frel.2Fwork.2Fxhc.	26
0x238fd6	FUNC	Xhc_InitFromProps	123
0x239024	NOTYPE	..lin.c7db2884..afaba123.0_377	0
0x239028	NOTYPE	..lin.c7db2884..afaba123.0_378	0
0x239032	NOTYPE	..lin.c7db2884..afaba123.0_379	0
0x23904c	NOTYPE	..lin.c7db2884..afaba123.0_380	0
0x239051	FUNC	XhcPCI_DriverInit...2Fhome.2Fmal.2Fgm_release.2FMY22.2D026.2Ffinal.2Fiot.2Frtos.2Flibs.2Fgm.2Di35.2Frel.2Fwork.2Fxhc.	166
0x239074	NOTYPE	..lin.c7db2884..117952e3.0_381	0
0x239083	NOTYPE	..lin.c7db2884..117952e3.0_382	0
0x23908e	NOTYPE	..lin.c7db2884..117952e3.0_383	0
0x239097	NOTYPE	..lin.c7db2884..117952e3.0_384	0
0x2390a3	NOTYPE	..lin.c7db2884..117952e3.0_385	0
0x2390b3	NOTYPE	..lin.c7db2884..117952e3.0_386	0
0x2390db	NOTYPE	..lin.c7db2884..117952e3.0_387	0
0x2390f2	NOTYPE	..lin.c7db2884..117952e3.0_388	0
0x2390fa	FUNC	XhcVcIOA_InitializeResources...2Fhome.2Fmal.2Fgm_release.2FMY22.2D026.2Ffinal.2Fiot.2Frtos.2Flibs.2Fgm.2Di35.2Frel.2Fwork.2Fxhc_vcontroller.	145
0x239184	NOTYPE	..lin.5b9d2a3d..eeaba4a6.0_1	0
0x23918b	FUNC	XhcVcIOA_Initialize...2Fhome.2Fmal.2Fgm_release.2FMY22.2D026.2Ffinal.2Fiot.2Frtos.2Flibs.2Fgm.2Di35.2Frel.2Fwork.2Fxhc_vcontroller.	197
0x2391a1	NOTYPE	..lin.5b9d2a3d..81b8beb.0_2	0
0x2391ad	NOTYPE	..lin.5b9d2a3d..81b8beb.0_3	0
0x2391ba	NOTYPE	..lin.5b9d2a3d..81b8beb.0_4	0
0x2391bf	NOTYPE	..lin.5b9d2a3d..81b8beb.0_5	0
0x2391cb	NOTYPE	..lin.5b9d2a3d..81b8beb.0_6	0
0x23920f	NOTYPE	..lin.5b9d2a3d..81b8beb.0_7	0
0x239249	NOTYPE	..lin.5b9d2a3d..81b8beb.0_8	0
0x239250	FUNC	XhcVcIOA_ReadRegister...2Fhome.2Fmal.2Fgm_release.2FMY22.2D026.2Ffinal.2Fiot.2Frtos.2Flibs.2Fgm.2Di35.2Frel.2Fwork.2Fxhc_vcontroller.	190
0x239266	NOTYPE	..lin.5b9d2a3d..bb000fa.0_9	0
0x23927f	NOTYPE	..lin.5b9d2a3d..bb000fa.0_10	0
0x239285	NOTYPE	..lin.5b9d2a3d..bb000fa.0_11	0
0x239299	NOTYPE	..lin.5b9d2a3d..bb000fa.0_12	0
0x2392b3	NOTYPE	..lin.5b9d2a3d..bb000fa.0_13	0
0x2392b9	NOTYPE	..lin.5b9d2a3d..bb000fa.0_14	0
0x2392d5	NOTYPE	..lin.5b9d2a3d..bb000fa.0_15	0
0x2392d9	NOTYPE	..lin.5b9d2a3d..bb000fa.0_16	0
0x2392dd	NOTYPE	..lin.5b9d2a3d..bb000fa.0_17	0
0x2392e3	NOTYPE	..lin.5b9d2a3d..bb000fa.0_18	0
0x2392ee	NOTYPE	..lin.5b9d2a3d..bb000fa.0_19	0
0x2392f4	NOTYPE	..lin.5b9d2a3d..bb000fa.0_20	0
0x239301	NOTYPE	..lin.5b9d2a3d..bb000fa.0_21	0
0x23930e	FUNC	XhcVc_TranslateGuestAddr...2Fhome.2Fmal.2Fgm_release.2FMY22.2D026.2Ffinal.2Fiot.2Frtos.2Flibs.2Fgm.2Di35.2Frel.2Fwork.2Fxhc_vcontroller.	68
0x239313	NOTYPE	..lin.5b9d2a3d..ade34ad1.0_22	0
0x239322	NOTYPE	..lin.5b9d2a3d..ade34ad1.0_23	0
0x23932a	NOTYPE	..lin.5b9d2a3d..ade34ad1.0_24	0
0x239334	NOTYPE	..lin.5b9d2a3d..ade34ad1.0_25	0
0x239345	NOTYPE	..lin.5b9d2a3d..ade34ad1.0_26	0
0x23934c	NOTYPE	..lin.5b9d2a3d..ade34ad1.0_27	0
0x239352	FUNC	XhcVc_HandleOneEpTrb...2Fhome.2Fmal.2Fgm_release.2FMY22.2D026.2Ffinal.2Fiot.2Frtos.2Flibs.2Fgm.2Di35.2Frel.2Fwork.2Fxhc_vcontroller.	207
0x2393b6	NOTYPE	..lin.5b9d2a3d..d7c84e0b.0_28	0
0x2393d6	NOTYPE	..lin.5b9d2a3d..d7c84e0b.0_29	0
0x2393da	NOTYPE	..lin.5b9d2a3d..d7c84e0b.0_30	0
0x239418	NOTYPE	..lin.5b9d2a3d..d7c84e0b.0_31	0
0x239421	FUNC	XhcVc_InitVcData	138
0x23946e	NOTYPE	..lin.5b9d2a3d..10fed347.0_32	0
0x2394a8	NOTYPE	..lin.5b9d2a3d..10fed347.0_33	0
0x2394ab	FUNC	XhcVc_DropDevice...2Fhome.2Fmal.2Fgm_release.2FMY22.2D026.2Ffinal.2Fiot.2Frtos.2Flibs.2Fgm.2Di35.2Frel.2Fwork.2Fxhc_vcontroller.	122
0x2394e3	NOTYPE	..lin.5b9d2a3d..faa0ac65.0_34	0
0x2394ff	NOTYPE	..lin.5b9d2a3d..faa0ac65.0_35	0
0x239523	NOTYPE	..lin.5b9d2a3d..faa0ac65.0_36	0
0x239525	FUNC	XhcVc_EventRingFullHelper...2Fhome.2Fmal.2Fgm_release.2FMY22.2D026.2Ffinal.2Fiot.2Frtos.2Flibs.2Fgm.2Di35.2Frel.2Fwork.2Fxhc_vcontroller.	177
0x239551	NOTYPE	..lin.5b9d2a3d..2d77465.0_37	0
0x23955f	NOTYPE	..lin.5b9d2a3d..2d77465.0_38	0
0x23956d	NOTYPE	..lin.5b9d2a3d..2d77465.0_39	0
0x23957e	NOTYPE	..lin.5b9d2a3d..2d77465.0_40	0
0x23959a	NOTYPE	..lin.5b9d2a3d..2d77465.0_41	0
0x2395a2	NOTYPE	..lin.5b9d2a3d..2d77465.0_42	0
0x2395aa	NOTYPE	..lin.5b9d2a3d..2d77465.0_43	0
0x2395b0	NOTYPE	..lin.5b9d2a3d..2d77465.0_44	0
0x2395bb	NOTYPE	..lin.5b9d2a3d..2d77465.0_45	0
0x2395c6	NOTYPE	..lin.5b9d2a3d..2d77465.0_46	0
0x2395d0	NOTYPE	..lin.5b9d2a3d..2d77465.0_47	0
0x2395d6	FUNC	XhcVc_SendAssignmentEvent...2Fhome.2Fmal.2Fgm_release.2FMY22.2D026.2Ffinal.2Fiot.2Frtos.2Flibs.2Fgm.2Di35.2Frel.2Fwork.2Fxhc_vcontroller.	197
0x2395f2	NOTYPE	..lin.5b9d2a3d..563861a5.0_48	0
0x2395f8	NOTYPE	..lin.5b9d2a3d..563861a5.0_49	0
0x239600	NOTYPE	..lin.5b9d2a3d..563861a5.0_50	0
0x239609	NOTYPE	..lin.5b9d2a3d..563861a5.0_51	0
0x239617	NOTYPE	..lin.5b9d2a3d..563861a5.0_52	0
0x23961c	NOTYPE	..lin.5b9d2a3d..563861a5.0_53	0
0x23962e	NOTYPE	..lin.5b9d2a3d..563861a5.0_54	0
0x239634	NOTYPE	..lin.5b9d2a3d..563861a5.0_55	0
0x23963a	NOTYPE	..lin.5b9d2a3d..563861a5.0_56	0
0x239640	NOTYPE	..lin.5b9d2a3d..563861a5.0_57	0
0x239679	NOTYPE	..lin.5b9d2a3d..563861a5.0_58	0
0x239695	NOTYPE	..lin.5b9d2a3d..563861a5.0_59	0
0x23969b	FUNC	XhcVcIOA_WriteRegister...2Fhome.2Fmal.2Fgm_release.2FMY22.2D026.2Ffinal.2Fiot.2Frtos.2Flibs.2Fgm.2Di35.2Frel.2Fwork.2Fxhc_vcontroller.	886
0x2396bd	NOTYPE	..lin.5b9d2a3d..737b5289.0_60	0
0x2396d9	NOTYPE	..lin.5b9d2a3d..737b5289.0_61	0
0x2396e3	NOTYPE	..lin.5b9d2a3d..737b5289.0_62	0
0x2396f8	NOTYPE	..lin.5b9d2a3d..737b5289.0_63	0
0x2396ff	NOTYPE	..lin.5b9d2a3d..737b5289.0_64	0
0x23971a	NOTYPE	..lin.5b9d2a3d..737b5289.0_65	0
0x239723	NOTYPE	..lin.5b9d2a3d..737b5289.0_66	0
0x239742	NOTYPE	..lin.5b9d2a3d..737b5289.0_67	0
0x239744	NOTYPE	..lin.5b9d2a3d..737b5289.0_68	0
0x239777	NOTYPE	..lin.5b9d2a3d..737b5289.0_69	0
0x239780	NOTYPE	..lin.5b9d2a3d..737b5289.0_70	0
0x239787	NOTYPE	..lin.5b9d2a3d..737b5289.0_71	0
0x23978f	NOTYPE	..lin.5b9d2a3d..737b5289.0_72	0
0x239795	NOTYPE	..lin.5b9d2a3d..737b5289.0_73	0
0x2397a0	NOTYPE	..lin.5b9d2a3d..737b5289.0_74	0
0x2397ac	NOTYPE	..lin.5b9d2a3d..737b5289.0_75	0
0x2397b6	NOTYPE	..lin.5b9d2a3d..737b5289.0_76	0
0x2397ea	NOTYPE	..lin.5b9d2a3d..737b5289.0_77	0
0x2397ef	NOTYPE	..lin.5b9d2a3d..737b5289.0_78	0
0x23980a	NOTYPE	..lin.5b9d2a3d..737b5289.0_79	0
0x239824	NOTYPE	..lin.5b9d2a3d..737b5289.0_80	0
0x239834	NOTYPE	..lin.5b9d2a3d..737b5289.0_81	0
0x239840	NOTYPE	..lin.5b9d2a3d..737b5289.0_82	0
0x239861	NOTYPE	..lin.5b9d2a3d..737b5289.0_83	0
0x23986d	NOTYPE	..lin.5b9d2a3d..737b5289.0_84	0
0x239886	NOTYPE	..lin.5b9d2a3d..737b5289.0_85	0
0x2398a9	NOTYPE	..lin.5b9d2a3d..737b5289.0_86	0
0x2398c4	NOTYPE	..lin.5b9d2a3d..737b5289.0_87	0
0x2398df	NOTYPE	..lin.5b9d2a3d..737b5289.0_88	0
0x2398ee	NOTYPE	..lin.5b9d2a3d..737b5289.0_89	0
0x2398fa	NOTYPE	..lin.5b9d2a3d..737b5289.0_90	0
0x23992f	NOTYPE	..lin.5b9d2a3d..737b5289.0_91	0
0x239952	NOTYPE	..lin.5b9d2a3d..737b5289.0_92	0
0x239971	NOTYPE	..lin.5b9d2a3d..737b5289.0_93	0
0x239988	NOTYPE	..lin.5b9d2a3d..737b5289.0_94	0
0x2399a6	NOTYPE	..lin.5b9d2a3d..737b5289.0_95	0
0x2399bf	NOTYPE	..lin.5b9d2a3d..737b5289.0_96	0
0x2399e4	NOTYPE	..lin.5b9d2a3d..737b5289.0_97	0
0x2399e8	NOTYPE	..lin.5b9d2a3d..737b5289.0_98	0
0x2399f0	NOTYPE	..lin.5b9d2a3d..737b5289.0_99	0
0x239a06	NOTYPE	..lin.5b9d2a3d..737b5289.0_100	0
0x239a11	FUNC	XhcVc_UpdateFromGuestInputContext...2Fhome.2Fmal.2Fgm_release.2FMY22.2D026.2Ffinal.2Fiot.2Frtos.2Flibs.2Fgm.2Di35.2Frel.2Fwork.2Fxhc_vcontroller.	498
0x239a34	NOTYPE	..lin.5b9d2a3d..d6148814.0_101	0
0x239a59	NOTYPE	..lin.5b9d2a3d..d6148814.0_102	0
0x239a6c	NOTYPE	..lin.5b9d2a3d..d6148814.0_103	0
0x239a7f	NOTYPE	..lin.5b9d2a3d..d6148814.0_104	0
0x239a8f	NOTYPE	..lin.5b9d2a3d..d6148814.0_105	0
0x239aa7	NOTYPE	..lin.5b9d2a3d..d6148814.0_106	0
0x239abb	NOTYPE	..lin.5b9d2a3d..d6148814.0_107	0
0x239ac9	NOTYPE	..lin.5b9d2a3d..d6148814.0_108	0
0x239ad7	NOTYPE	..lin.5b9d2a3d..d6148814.0_109	0
0x239af5	NOTYPE	..lin.5b9d2a3d..d6148814.0_110	0
0x239b04	NOTYPE	..lin.5b9d2a3d..d6148814.0_111	0
0x239b11	NOTYPE	..lin.5b9d2a3d..d6148814.0_112	0
0x239b18	NOTYPE	..lin.5b9d2a3d..d6148814.0_113	0
0x239b20	NOTYPE	..lin.5b9d2a3d..d6148814.0_114	0
0x239b28	NOTYPE	..lin.5b9d2a3d..d6148814.0_115	0
0x239b33	NOTYPE	..lin.5b9d2a3d..d6148814.0_116	0
0x239b79	NOTYPE	..lin.5b9d2a3d..d6148814.0_117	0
0x239b94	NOTYPE	..lin.5b9d2a3d..d6148814.0_118	0
0x239bc7	NOTYPE	..lin.5b9d2a3d..d6148814.0_119	0
0x239bee	NOTYPE	..lin.5b9d2a3d..d6148814.0_120	0
0x239bf8	NOTYPE	..lin.5b9d2a3d..d6148814.0_121	0
0x239c03	FUNC	XhcVc_HandleOneCmdTrb...2Fhome.2Fmal.2Fgm_release.2FMY22.2D026.2Ffinal.2Fiot.2Frtos.2Flibs.2Fgm.2Di35.2Frel.2Fwork.2Fxhc_vcontroller.	548
0x239c36	NOTYPE	..lin.5b9d2a3d..cbf9bd8a.0_122	0
0x239c52	NOTYPE	..lin.5b9d2a3d..cbf9bd8a.0_123	0
0x239c59	NOTYPE	..lin.5b9d2a3d..cbf9bd8a.0_124	0
0x239c6d	NOTYPE	..lin.5b9d2a3d..cbf9bd8a.0_125	0
0x239c8b	NOTYPE	..lin.5b9d2a3d..cbf9bd8a.0_126	0
0x239ca5	NOTYPE	..lin.5b9d2a3d..cbf9bd8a.0_127	0
0x239cae	NOTYPE	..lin.5b9d2a3d..cbf9bd8a.0_128	0
0x239cc3	NOTYPE	..lin.5b9d2a3d..cbf9bd8a.0_129	0
0x239ccd	NOTYPE	..lin.5b9d2a3d..cbf9bd8a.0_130	0
0x239cd6	NOTYPE	..lin.5b9d2a3d..cbf9bd8a.0_131	0
0x239ce8	NOTYPE	..lin.5b9d2a3d..cbf9bd8a.0_132	0
0x239cfa	NOTYPE	..lin.5b9d2a3d..cbf9bd8a.0_133	0
0x239d0e	NOTYPE	..lin.5b9d2a3d..cbf9bd8a.0_134	0
0x239d22	NOTYPE	..lin.5b9d2a3d..cbf9bd8a.0_135	0
0x239d2f	NOTYPE	..lin.5b9d2a3d..cbf9bd8a.0_136	0
0x239d33	NOTYPE	..lin.5b9d2a3d..cbf9bd8a.0_137	0
0x239d40	NOTYPE	..lin.5b9d2a3d..cbf9bd8a.0_138	0
0x239d4e	NOTYPE	..lin.5b9d2a3d..cbf9bd8a.0_139	0
0x239d54	NOTYPE	..lin.5b9d2a3d..cbf9bd8a.0_140	0
0x239d61	NOTYPE	..lin.5b9d2a3d..cbf9bd8a.0_141	0
0x239d8d	NOTYPE	..lin.5b9d2a3d..cbf9bd8a.0_142	0
0x239d9e	NOTYPE	..lin.5b9d2a3d..cbf9bd8a.0_143	0
0x239dbc	NOTYPE	..lin.5b9d2a3d..cbf9bd8a.0_144	0
0x239dc7	NOTYPE	..lin.5b9d2a3d..cbf9bd8a.0_145	0
0x239dde	NOTYPE	..lin.5b9d2a3d..cbf9bd8a.0_146	0
0x239dfe	NOTYPE	..lin.5b9d2a3d..cbf9bd8a.0_147	0
0x239e00	NOTYPE	..lin.5b9d2a3d..cbf9bd8a.0_148	0
0x239e14	NOTYPE	..lin.5b9d2a3d..cbf9bd8a.0_149	0
0x239e27	FUNC	XhcVcIOA_WriteStatus...2Fhome.2Fmal.2Fgm_release.2FMY22.2D026.2Ffinal.2Fiot.2Frtos.2Flibs.2Fgm.2Di35.2Frel.2Fwork.2Fxhc_vcontroller.	178
0x239e41	NOTYPE	..lin.5b9d2a3d..12c45588.0_150	0
0x239e4b	NOTYPE	..lin.5b9d2a3d..12c45588.0_151	0
0x239e51	NOTYPE	..lin.5b9d2a3d..12c45588.0_152	0
0x239e5e	NOTYPE	..lin.5b9d2a3d..12c45588.0_153	0
0x239e63	NOTYPE	..lin.5b9d2a3d..12c45588.0_154	0
0x239e84	NOTYPE	..lin.5b9d2a3d..12c45588.0_155	0
0x239e8a	NOTYPE	..lin.5b9d2a3d..12c45588.0_156	0
0x239e9f	NOTYPE	..lin.5b9d2a3d..12c45588.0_157	0
0x239eba	NOTYPE	..lin.5b9d2a3d..12c45588.0_158	0
0x239ec0	NOTYPE	..lin.5b9d2a3d..12c45588.0_159	0
0x239ecd	NOTYPE	..lin.5b9d2a3d..12c45588.0_160	0
0x239ed9	FUNC	XhcVc_ReportAssignmentChange	218
0x239eed	NOTYPE	..lin.5b9d2a3d..3d799fbb.0_161	0
0x239f3a	NOTYPE	..lin.5b9d2a3d..3d799fbb.0_162	0
0x239f5a	NOTYPE	..lin.5b9d2a3d..3d799fbb.0_163	0
0x239f6e	NOTYPE	..lin.5b9d2a3d..3d799fbb.0_164	0
0x239f76	NOTYPE	..lin.5b9d2a3d..3d799fbb.0_165	0
0x239f91	NOTYPE	..lin.5b9d2a3d..3d799fbb.0_166	0
0x239f96	NOTYPE	..lin.5b9d2a3d..3d799fbb.0_167	0
0x239f98	NOTYPE	..lin.5b9d2a3d..3d799fbb.0_168	0
0x239f9d	NOTYPE	..lin.5b9d2a3d..3d799fbb.0_169	0
0x239fab	NOTYPE	..lin.5b9d2a3d..3d799fbb.0_170	0
0x239fb3	FUNC	XhcVc_ReportCmdEvent	181
0x239fd9	NOTYPE	..lin.5b9d2a3d..bd170f2.0_171	0
0x239fe4	NOTYPE	..lin.5b9d2a3d..bd170f2.0_172	0
0x239ff1	NOTYPE	..lin.5b9d2a3d..bd170f2.0_173	0
0x239ff9	NOTYPE	..lin.5b9d2a3d..bd170f2.0_174	0
0x239ffb	NOTYPE	..lin.5b9d2a3d..bd170f2.0_175	0
0x23a018	NOTYPE	..lin.5b9d2a3d..bd170f2.0_176	0
0x23a01c	NOTYPE	..lin.5b9d2a3d..bd170f2.0_177	0
0x23a031	NOTYPE	..lin.5b9d2a3d..bd170f2.0_178	0
0x23a042	NOTYPE	..lin.5b9d2a3d..bd170f2.0_179	0
0x23a05e	NOTYPE	..lin.5b9d2a3d..bd170f2.0_180	0
0x23a068	FUNC	XhcVc_FreeEndpoint	1
0x23a069	FUNC	XhcVc_ReportTransferEvent	282
0x23a098	NOTYPE	..lin.5b9d2a3d..b6dc84c3.0_181	0
0x23a0a8	NOTYPE	..lin.5b9d2a3d..b6dc84c3.0_182	0
0x23a0b0	NOTYPE	..lin.5b9d2a3d..b6dc84c3.0_183	0
0x23a0b5	NOTYPE	..lin.5b9d2a3d..b6dc84c3.0_184	0
0x23a0bb	NOTYPE	..lin.5b9d2a3d..b6dc84c3.0_185	0
0x23a0d8	NOTYPE	..lin.5b9d2a3d..b6dc84c3.0_186	0
0x23a0da	NOTYPE	..lin.5b9d2a3d..b6dc84c3.0_187	0
0x23a10b	NOTYPE	..lin.5b9d2a3d..b6dc84c3.0_188	0
0x23a119	NOTYPE	..lin.5b9d2a3d..b6dc84c3.0_189	0
0x23a11b	NOTYPE	..lin.5b9d2a3d..b6dc84c3.0_190	0
0x23a12d	NOTYPE	..lin.5b9d2a3d..b6dc84c3.0_191	0
0x23a157	NOTYPE	..lin.5b9d2a3d..b6dc84c3.0_192	0
0x23a178	NOTYPE	..lin.5b9d2a3d..b6dc84c3.0_193	0
0x23a183	FUNC	XhcVc_SetGuestMemoryMap	12
0x23a18f	FUNC	XhcVc_SetGuestMemoryOffset	8
0x23a197	FUNC	XhcVc_ReportPortEvent	129
0x23a1af	NOTYPE	..lin.5b9d2a3d..e8b93943.0_194	0
0x23a1b5	NOTYPE	..lin.5b9d2a3d..e8b93943.0_195	0
0x23a1bd	NOTYPE	..lin.5b9d2a3d..e8b93943.0_196	0
0x23a1bf	NOTYPE	..lin.5b9d2a3d..e8b93943.0_197	0
0x23a1e6	NOTYPE	..lin.5b9d2a3d..e8b93943.0_198	0
0x23a1f7	NOTYPE	..lin.5b9d2a3d..e8b93943.0_199	0
0x23a213	NOTYPE	..lin.5b9d2a3d..e8b93943.0_200	0
0x23a218	FUNC	KUSBDevIOA_InitializeResources...2Fhome.2Fmal.2Fgm_release.2FMY22.2D026.2Ffinal.2Fiot.2Frtos.2Flibs.2Fgm.2Di35.2Frel.2Fwork.2Fkusb_dev.	218
0x23a24c	NOTYPE	..lin.80d01bb4..fc6bf21e.0_1	0
0x23a251	NOTYPE	..lin.80d01bb4..fc6bf21e.0_2	0
0x23a25a	NOTYPE	..lin.80d01bb4..fc6bf21e.0_3	0
0x23a260	NOTYPE	..lin.80d01bb4..fc6bf21e.0_4	0
0x23a269	NOTYPE	..lin.80d01bb4..fc6bf21e.0_5	0
0x23a274	NOTYPE	..lin.80d01bb4..fc6bf21e.0_6	0
0x23a2ce	NOTYPE	..lin.80d01bb4..fc6bf21e.0_7	0
0x23a2e9	NOTYPE	..lin.80d01bb4..fc6bf21e.0_8	0
0x23a2f2	FUNC	KUSBDevIOA_Initialize...2Fhome.2Fmal.2Fgm_release.2FMY22.2D026.2Ffinal.2Fiot.2Frtos.2Flibs.2Fgm.2Di35.2Frel.2Fwork.2Fkusb_dev.	240
0x23a308	NOTYPE	..lin.80d01bb4..fd511263.0_9	0
0x23a317	NOTYPE	..lin.80d01bb4..fd511263.0_10	0
0x23a322	NOTYPE	..lin.80d01bb4..fd511263.0_11	0
0x23a32b	NOTYPE	..lin.80d01bb4..fd511263.0_12	0
0x23a332	NOTYPE	..lin.80d01bb4..fd511263.0_13	0
0x23a377	NOTYPE	..lin.80d01bb4..fd511263.0_14	0
0x23a3b2	NOTYPE	..lin.80d01bb4..fd511263.0_15	0
0x23a3c0	NOTYPE	..lin.80d01bb4..fd511263.0_16	0
0x23a3d2	NOTYPE	..lin.80d01bb4..fd511263.0_17	0
0x23a3e2	FUNC	KUSBDevIOA_ReadStatus...2Fhome.2Fmal.2Fgm_release.2FMY22.2D026.2Ffinal.2Fiot.2Frtos.2Flibs.2Fgm.2Di35.2Frel.2Fwork.2Fkusb_dev.	195
0x23a3fb	NOTYPE	..lin.80d01bb4..a59e3a31.0_18	0
0x23a408	NOTYPE	..lin.80d01bb4..a59e3a31.0_19	0
0x23a411	NOTYPE	..lin.80d01bb4..a59e3a31.0_20	0
0x23a41a	NOTYPE	..lin.80d01bb4..a59e3a31.0_21	0
0x23a42b	NOTYPE	..lin.80d01bb4..a59e3a31.0_22	0
0x23a43f	NOTYPE	..lin.80d01bb4..a59e3a31.0_23	0
0x23a445	NOTYPE	..lin.80d01bb4..a59e3a31.0_24	0
0x23a451	NOTYPE	..lin.80d01bb4..a59e3a31.0_25	0
0x23a457	NOTYPE	..lin.80d01bb4..a59e3a31.0_26	0
0x23a45d	NOTYPE	..lin.80d01bb4..a59e3a31.0_27	0
0x23a46c	NOTYPE	..lin.80d01bb4..a59e3a31.0_28	0
0x23a478	NOTYPE	..lin.80d01bb4..a59e3a31.0_29	0
0x23a47e	NOTYPE	..lin.80d01bb4..a59e3a31.0_30	0
0x23a484	NOTYPE	..lin.80d01bb4..a59e3a31.0_31	0
0x23a49a	NOTYPE	..lin.80d01bb4..a59e3a31.0_32	0
0x23a4a5	FUNC	KUSBDevIOA_ReadRegister...2Fhome.2Fmal.2Fgm_release.2FMY22.2D026.2Ffinal.2Fiot.2Frtos.2Flibs.2Fgm.2Di35.2Frel.2Fwork.2Fkusb_dev.	290
0x23a4bb	NOTYPE	..lin.80d01bb4..24610572.0_33	0
0x23a4ce	NOTYPE	..lin.80d01bb4..24610572.0_34	0
0x23a4dd	NOTYPE	..lin.80d01bb4..24610572.0_35	0
0x23a4e2	NOTYPE	..lin.80d01bb4..24610572.0_36	0
0x23a4ed	NOTYPE	..lin.80d01bb4..24610572.0_37	0
0x23a4f6	NOTYPE	..lin.80d01bb4..24610572.0_38	0
0x23a509	NOTYPE	..lin.80d01bb4..24610572.0_39	0
0x23a510	NOTYPE	..lin.80d01bb4..24610572.0_40	0
0x23a519	NOTYPE	..lin.80d01bb4..24610572.0_41	0
0x23a522	NOTYPE	..lin.80d01bb4..24610572.0_42	0
0x23a533	NOTYPE	..lin.80d01bb4..24610572.0_43	0
0x23a544	NOTYPE	..lin.80d01bb4..24610572.0_44	0
0x23a54a	NOTYPE	..lin.80d01bb4..24610572.0_45	0
0x23a54e	NOTYPE	..lin.80d01bb4..24610572.0_46	0
0x23a554	NOTYPE	..lin.80d01bb4..24610572.0_47	0
0x23a56a	NOTYPE	..lin.80d01bb4..24610572.0_48	0
0x23a570	NOTYPE	..lin.80d01bb4..24610572.0_49	0
0x23a57d	NOTYPE	..lin.80d01bb4..24610572.0_50	0
0x23a5ac	NOTYPE	..lin.80d01bb4..24610572.0_51	0
0x23a5ae	NOTYPE	..lin.80d01bb4..24610572.0_52	0
0x23a5bc	NOTYPE	..lin.80d01bb4..24610572.0_53	0
0x23a5c7	FUNC	KUSBDevIOA_WriteRegister...2Fhome.2Fmal.2Fgm_release.2FMY22.2D026.2Ffinal.2Fiot.2Frtos.2Flibs.2Fgm.2Di35.2Frel.2Fwork.2Fkusb_dev.	624
0x23a5e6	NOTYPE	..lin.80d01bb4..a24ce601.0_54	0
0x23a5fd	NOTYPE	..lin.80d01bb4..a24ce601.0_55	0
0x23a606	NOTYPE	..lin.80d01bb4..a24ce601.0_56	0
0x23a60f	NOTYPE	..lin.80d01bb4..a24ce601.0_57	0
0x23a620	NOTYPE	..lin.80d01bb4..a24ce601.0_58	0
0x23a634	NOTYPE	..lin.80d01bb4..a24ce601.0_59	0
0x23a63d	NOTYPE	..lin.80d01bb4..a24ce601.0_60	0
0x23a669	NOTYPE	..lin.80d01bb4..a24ce601.0_61	0
0x23a672	NOTYPE	..lin.80d01bb4..a24ce601.0_62	0
0x23a694	NOTYPE	..lin.80d01bb4..a24ce601.0_63	0
0x23a6b3	NOTYPE	..lin.80d01bb4..a24ce601.0_64	0
0x23a6d0	NOTYPE	..lin.80d01bb4..a24ce601.0_65	0
0x23a6e5	NOTYPE	..lin.80d01bb4..a24ce601.0_66	0
0x23a6fe	NOTYPE	..lin.80d01bb4..a24ce601.0_67	0
0x23a720	NOTYPE	..lin.80d01bb4..a24ce601.0_68	0
0x23a725	NOTYPE	..lin.80d01bb4..a24ce601.0_69	0
0x23a732	NOTYPE	..lin.80d01bb4..a24ce601.0_70	0
0x23a770	NOTYPE	..lin.80d01bb4..a24ce601.0_71	0
0x23a78f	NOTYPE	..lin.80d01bb4..a24ce601.0_72	0
0x23a7a4	NOTYPE	..lin.80d01bb4..a24ce601.0_73	0
0x23a7cc	NOTYPE	..lin.80d01bb4..a24ce601.0_74	0
0x23a800	NOTYPE	..lin.80d01bb4..a24ce601.0_75	0
0x23a81c	NOTYPE	..lin.80d01bb4..a24ce601.0_76	0
0x23a82c	NOTYPE	..lin.80d01bb4..a24ce601.0_77	0
0x23a837	FUNC	KUSBDev_StartTransfer	25
0x23a850	NOTYPE	..lin.80d01bb4..710de62b.0_78	0
0x23a850	FUNC	KUSBDevIOA_WriteStatus...2Fhome.2Fmal.2Fgm_release.2FMY22.2D026.2Ffinal.2Fiot.2Frtos.2Flibs.2Fgm.2Di35.2Frel.2Fwork.2Fkusb_dev.	799
0x23a869	NOTYPE	..lin.80d01bb4..aeaaab00.0_79	0
0x23a86f	NOTYPE	..lin.80d01bb4..aeaaab00.0_80	0
0x23a878	NOTYPE	..lin.80d01bb4..aeaaab00.0_81	0
0x23a881	NOTYPE	..lin.80d01bb4..aeaaab00.0_82	0
0x23a892	NOTYPE	..lin.80d01bb4..aeaaab00.0_83	0
0x23a8a9	NOTYPE	..lin.80d01bb4..aeaaab00.0_84	0
0x23a8b2	NOTYPE	..lin.80d01bb4..aeaaab00.0_85	0
0x23a8bb	NOTYPE	..lin.80d01bb4..aeaaab00.0_86	0
0x23a8c4	NOTYPE	..lin.80d01bb4..aeaaab00.0_87	0
0x23a8ca	NOTYPE	..lin.80d01bb4..aeaaab00.0_88	0
0x23a8d3	NOTYPE	..lin.80d01bb4..aeaaab00.0_89	0
0x23a8d9	NOTYPE	..lin.80d01bb4..aeaaab00.0_90	0
0x23a8e8	NOTYPE	..lin.80d01bb4..aeaaab00.0_91	0
0x23a8f1	NOTYPE	..lin.80d01bb4..aeaaab00.0_92	0
0x23a913	NOTYPE	..lin.80d01bb4..aeaaab00.0_93	0
0x23a933	NOTYPE	..lin.80d01bb4..aeaaab00.0_94	0
0x23a93f	NOTYPE	..lin.80d01bb4..aeaaab00.0_95	0
0x23a949	NOTYPE	..lin.80d01bb4..aeaaab00.0_96	0
0x23a98c	NOTYPE	..lin.80d01bb4..aeaaab00.0_97	0
0x23a996	NOTYPE	..lin.80d01bb4..aeaaab00.0_98	0
0x23a99e	NOTYPE	..lin.80d01bb4..aeaaab00.0_99	0
0x23a9a9	NOTYPE	..lin.80d01bb4..aeaaab00.0_100	0
0x23a9b8	NOTYPE	..lin.80d01bb4..aeaaab00.0_101	0
0x23a9bf	NOTYPE	..lin.80d01bb4..aeaaab00.0_102	0
0x23aa08	NOTYPE	..lin.80d01bb4..aeaaab00.0_103	0
0x23aa1a	NOTYPE	..lin.80d01bb4..aeaaab00.0_104	0
0x23aa2b	NOTYPE	..lin.80d01bb4..aeaaab00.0_105	0
0x23aa30	NOTYPE	..lin.80d01bb4..aeaaab00.0_106	0
0x23aa3a	NOTYPE	..lin.80d01bb4..aeaaab00.0_107	0
0x23aa7d	NOTYPE	..lin.80d01bb4..aeaaab00.0_108	0
0x23aa83	NOTYPE	..lin.80d01bb4..aeaaab00.0_109	0
0x23aa8c	NOTYPE	..lin.80d01bb4..aeaaab00.0_110	0
0x23aa98	NOTYPE	..lin.80d01bb4..aeaaab00.0_111	0
0x23aaa0	NOTYPE	..lin.80d01bb4..aeaaab00.0_112	0
0x23aaa6	NOTYPE	..lin.80d01bb4..aeaaab00.0_113	0
0x23aaad	NOTYPE	..lin.80d01bb4..aeaaab00.0_114	0
0x23aaf1	NOTYPE	..lin.80d01bb4..aeaaab00.0_115	0
0x23ab03	NOTYPE	..lin.80d01bb4..aeaaab00.0_116	0
0x23ab31	NOTYPE	..lin.80d01bb4..aeaaab00.0_117	0
0x23ab4e	NOTYPE	..lin.80d01bb4..aeaaab00.0_118	0
0x23ab66	NOTYPE	..lin.80d01bb4..aeaaab00.0_119	0
0x23ab6f	FUNC	KUSBDev_StartTransferWithKAddr	89
0x23aba2	NOTYPE	..lin.80d01bb4..7290502d.0_120	0
0x23aba6	NOTYPE	..lin.80d01bb4..7290502d.0_121	0
0x23abbf	NOTYPE	..lin.80d01bb4..7290502d.0_122	0
0x23abc8	FUNC	KUSBDev_ReportEventDefault	209
0x23abd8	NOTYPE	..lin.80d01bb4..95409d3b.0_123	0
0x23abe2	NOTYPE	..lin.80d01bb4..95409d3b.0_124	0
0x23abeb	NOTYPE	..lin.80d01bb4..95409d3b.0_125	0
0x23ac05	NOTYPE	..lin.80d01bb4..95409d3b.0_126	0
0x23ac3b	NOTYPE	..lin.80d01bb4..95409d3b.0_127	0
0x23ac6d	NOTYPE	..lin.80d01bb4..95409d3b.0_128	0
0x23ac97	NOTYPE	..lin.80d01bb4..95409d3b.0_129	0
0x23ac99	FUNC	KUSBDev_ReportEvent	25
0x23acaa	NOTYPE	..lin.80d01bb4..64afaef6.0_130	0
0x23acad	NOTYPE	..lin.80d01bb4..64afaef6.0_131	0
0x23acb2	NOTYPE	..lin.80d01bb4..64afaef6.0_132	0
0x23acb2	FUNC	KUSBDev_ReportAssignmentChange	339
0x23acc1	NOTYPE	..lin.80d01bb4..4b39ed33.0_133	0
0x23acd6	NOTYPE	..lin.80d01bb4..4b39ed33.0_134	0
0x23ace2	NOTYPE	..lin.80d01bb4..4b39ed33.0_135	0
0x23ad07	NOTYPE	..lin.80d01bb4..4b39ed33.0_136	0
0x23ad1f	NOTYPE	..lin.80d01bb4..4b39ed33.0_137	0
0x23ad51	NOTYPE	..lin.80d01bb4..4b39ed33.0_138	0
0x23ad5c	NOTYPE	..lin.80d01bb4..4b39ed33.0_139	0
0x23ad5e	NOTYPE	..lin.80d01bb4..4b39ed33.0_140	0
0x23ad90	NOTYPE	..lin.80d01bb4..4b39ed33.0_141	0
0x23add2	NOTYPE	..lin.80d01bb4..4b39ed33.0_142	0
0x23addc	NOTYPE	..lin.80d01bb4..4b39ed33.0_143	0
0x23aded	NOTYPE	..lin.80d01bb4..4b39ed33.0_144	0
0x23adf8	NOTYPE	..lin.80d01bb4..4b39ed33.0_145	0
0x23ae00	NOTYPE	..lin.80d01bb4..4b39ed33.0_146	0
0x23ae06	FUNC	EcmIOA_InitializeResources...2Fhome.2Fmal.2Fgm_release.2FMY22.2D026.2Ffinal.2Fiot.2Frtos.2Flibs.2Fgm.2Di35.2Frel.2Fwork.2Fxhc_ecm.	148
0x23ae95	NOTYPE	..lin.1ab99d58..438ce19f.0_1	0
0x23ae9a	FUNC	EcmIOA_Initialize...2Fhome.2Fmal.2Fgm_release.2FMY22.2D026.2Ffinal.2Fiot.2Frtos.2Flibs.2Fgm.2Di35.2Frel.2Fwork.2Fxhc_ecm.	39
0x23aea9	NOTYPE	..lin.1ab99d58..91a8c4c4.0_2	0
0x23aeb6	NOTYPE	..lin.1ab99d58..91a8c4c4.0_3	0
0x23aeba	NOTYPE	..lin.1ab99d58..91a8c4c4.0_4	0
0x23aec1	FUNC	EcmIOA_ExceptionHandler...2Fhome.2Fmal.2Fgm_release.2FMY22.2D026.2Ffinal.2Fiot.2Frtos.2Flibs.2Fgm.2Di35.2Frel.2Fwork.2Fxhc_ecm.	3
0x23aec4	FUNC	EcmIOA_ReadRegister...2Fhome.2Fmal.2Fgm_release.2FMY22.2D026.2Ffinal.2Fiot.2Frtos.2Flibs.2Fgm.2Di35.2Frel.2Fwork.2Fxhc_ecm.	65
0x23aed3	NOTYPE	..lin.1ab99d58..2d6ed413.0_5	0
0x23aedc	NOTYPE	..lin.1ab99d58..2d6ed413.0_6	0
0x23aeea	NOTYPE	..lin.1ab99d58..2d6ed413.0_7	0
0x23aef3	NOTYPE	..lin.1ab99d58..2d6ed413.0_8	0
0x23aefc	NOTYPE	..lin.1ab99d58..2d6ed413.0_9	0
0x23af05	FUNC	Ecm_Initialize...2Fhome.2Fmal.2Fgm_release.2FMY22.2D026.2Ffinal.2Fiot.2Frtos.2Flibs.2Fgm.2Di35.2Frel.2Fwork.2Fxhc_ecm.	21
0x23af0c	NOTYPE	..lin.1ab99d58..461f7ab.0_10	0
0x23af1a	FUNC	Ecm_ReportAssignment...2Fhome.2Fmal.2Fgm_release.2FMY22.2D026.2Ffinal.2Fiot.2Frtos.2Flibs.2Fgm.2Di35.2Frel.2Fwork.2Fxhc_ecm.	135
0x23af42	NOTYPE	..lin.1ab99d58..db10f14e.0_11	0
0x23af5b	NOTYPE	..lin.1ab99d58..db10f14e.0_12	0
0x23af89	NOTYPE	..lin.1ab99d58..db10f14e.0_13	0
0x23af8e	NOTYPE	..lin.1ab99d58..db10f14e.0_14	0
0x23af93	NOTYPE	..lin.1ab99d58..db10f14e.0_15	0
0x23af9b	NOTYPE	..lin.1ab99d58..db10f14e.0_16	0
0x23afa1	FUNC	EcmEth_ReadPacket...2Fhome.2Fmal.2Fgm_release.2FMY22.2D026.2Ffinal.2Fiot.2Frtos.2Flibs.2Fgm.2Di35.2Frel.2Fwork.2Fxhc_ecm.	164
0x23afb8	NOTYPE	..lin.1ab99d58..326e446e.0_17	0
0x23afd6	NOTYPE	..lin.1ab99d58..326e446e.0_18	0
0x23afdc	NOTYPE	..lin.1ab99d58..326e446e.0_19	0
0x23afec	NOTYPE	..lin.1ab99d58..326e446e.0_20	0
0x23aff2	NOTYPE	..lin.1ab99d58..326e446e.0_21	0
0x23b03b	NOTYPE	..lin.1ab99d58..326e446e.0_22	0
0x23b045	FUNC	Ecm_WriteStatus...2Fhome.2Fmal.2Fgm_release.2FMY22.2D026.2Ffinal.2Fiot.2Frtos.2Flibs.2Fgm.2Di35.2Frel.2Fwork.2Fxhc_ecm.	353
0x23b066	NOTYPE	..lin.1ab99d58..97d83948.0_23	0
0x23b06f	NOTYPE	..lin.1ab99d58..97d83948.0_24	0
0x23b077	NOTYPE	..lin.1ab99d58..97d83948.0_25	0
0x23b080	NOTYPE	..lin.1ab99d58..97d83948.0_26	0
0x23b08a	NOTYPE	..lin.1ab99d58..97d83948.0_27	0
0x23b095	NOTYPE	..lin.1ab99d58..97d83948.0_28	0
0x23b0a0	NOTYPE	..lin.1ab99d58..97d83948.0_29	0
0x23b0a9	NOTYPE	..lin.1ab99d58..97d83948.0_30	0
0x23b0b1	NOTYPE	..lin.1ab99d58..97d83948.0_31	0
0x23b0c7	NOTYPE	..lin.1ab99d58..97d83948.0_32	0
0x23b0d0	NOTYPE	..lin.1ab99d58..97d83948.0_33	0
0x23b0dc	NOTYPE	..lin.1ab99d58..97d83948.0_34	0
0x23b0e4	NOTYPE	..lin.1ab99d58..97d83948.0_35	0
0x23b0e6	NOTYPE	..lin.1ab99d58..97d83948.0_36	0
0x23b0ef	NOTYPE	..lin.1ab99d58..97d83948.0_37	0
0x23b109	NOTYPE	..lin.1ab99d58..97d83948.0_38	0
0x23b11e	NOTYPE	..lin.1ab99d58..97d83948.0_39	0
0x23b126	NOTYPE	..lin.1ab99d58..97d83948.0_40	0
0x23b12a	NOTYPE	..lin.1ab99d58..97d83948.0_41	0
0x23b140	NOTYPE	..lin.1ab99d58..97d83948.0_42	0
0x23b152	NOTYPE	..lin.1ab99d58..97d83948.0_43	0
0x23b157	NOTYPE	..lin.1ab99d58..97d83948.0_44	0
0x23b15c	NOTYPE	..lin.1ab99d58..97d83948.0_45	0
0x23b191	NOTYPE	..lin.1ab99d58..97d83948.0_46	0
0x23b19b	NOTYPE	..lin.1ab99d58..97d83948.0_47	0
0x23b1a6	FUNC	Ecm_ReportEvent...2Fhome.2Fmal.2Fgm_release.2FMY22.2D026.2Ffinal.2Fiot.2Frtos.2Flibs.2Fgm.2Di35.2Frel.2Fwork.2Fxhc_ecm.	582
0x23b1b7	NOTYPE	..lin.1ab99d58..8d055517.0_48	0
0x23b1bc	NOTYPE	..lin.1ab99d58..8d055517.0_49	0
0x23b1c1	NOTYPE	..lin.1ab99d58..8d055517.0_50	0
0x23b1c7	NOTYPE	..lin.1ab99d58..8d055517.0_51	0
0x23b1df	NOTYPE	..lin.1ab99d58..8d055517.0_52	0
0x23b1e4	NOTYPE	..lin.1ab99d58..8d055517.0_53	0
0x23b1e8	NOTYPE	..lin.1ab99d58..8d055517.0_54	0
0x23b1fc	NOTYPE	..lin.1ab99d58..8d055517.0_55	0
0x23b201	NOTYPE	..lin.1ab99d58..8d055517.0_56	0
0x23b20b	NOTYPE	..lin.1ab99d58..8d055517.0_57	0
0x23b229	NOTYPE	..lin.1ab99d58..8d055517.0_58	0
0x23b22e	NOTYPE	..lin.1ab99d58..8d055517.0_59	0
0x23b234	NOTYPE	..lin.1ab99d58..8d055517.0_60	0
0x23b23a	NOTYPE	..lin.1ab99d58..8d055517.0_61	0
0x23b24e	NOTYPE	..lin.1ab99d58..8d055517.0_62	0
0x23b25f	NOTYPE	..lin.1ab99d58..8d055517.0_63	0
0x23b27f	NOTYPE	..lin.1ab99d58..8d055517.0_64	0
0x23b28c	NOTYPE	..lin.1ab99d58..8d055517.0_65	0
0x23b293	NOTYPE	..lin.1ab99d58..8d055517.0_66	0
0x23b29f	NOTYPE	..lin.1ab99d58..8d055517.0_67	0
0x23b2ab	NOTYPE	..lin.1ab99d58..8d055517.0_68	0
0x23b2b0	NOTYPE	..lin.1ab99d58..8d055517.0_69	0
0x23b2bb	NOTYPE	..lin.1ab99d58..8d055517.0_70	0
0x23b2c7	NOTYPE	..lin.1ab99d58..8d055517.0_71	0
0x23b2cf	NOTYPE	..lin.1ab99d58..8d055517.0_72	0
0x23b2db	NOTYPE	..lin.1ab99d58..8d055517.0_73	0
0x23b2e3	NOTYPE	..lin.1ab99d58..8d055517.0_74	0
0x23b2ef	NOTYPE	..lin.1ab99d58..8d055517.0_75	0
0x23b323	NOTYPE	..lin.1ab99d58..8d055517.0_76	0
0x23b328	NOTYPE	..lin.1ab99d58..8d055517.0_77	0
0x23b332	NOTYPE	..lin.1ab99d58..8d055517.0_78	0
0x23b342	NOTYPE	..lin.1ab99d58..8d055517.0_79	0
0x23b346	NOTYPE	..lin.1ab99d58..8d055517.0_80	0
0x23b36b	NOTYPE	..lin.1ab99d58..8d055517.0_81	0
0x23b388	NOTYPE	..lin.1ab99d58..8d055517.0_82	0
0x23b38e	NOTYPE	..lin.1ab99d58..8d055517.0_83	0
0x23b3ab	NOTYPE	..lin.1ab99d58..8d055517.0_84	0
0x23b3c4	NOTYPE	..lin.1ab99d58..8d055517.0_85	0
0x23b3c8	NOTYPE	..lin.1ab99d58..8d055517.0_86	0
0x23b3de	NOTYPE	..lin.1ab99d58..8d055517.0_87	0
0x23b3e7	NOTYPE	..lin.1ab99d58..8d055517.0_88	0
0x23b3ec	FUNC	EcmEth_WritePacket...2Fhome.2Fmal.2Fgm_release.2FMY22.2D026.2Ffinal.2Fiot.2Frtos.2Flibs.2Fgm.2Di35.2Frel.2Fwork.2Fxhc_ecm.	170
0x23b403	NOTYPE	..lin.1ab99d58..e0475e5d.0_89	0
0x23b424	NOTYPE	..lin.1ab99d58..e0475e5d.0_90	0
0x23b42a	NOTYPE	..lin.1ab99d58..e0475e5d.0_91	0
0x23b43a	NOTYPE	..lin.1ab99d58..e0475e5d.0_92	0
0x23b440	NOTYPE	..lin.1ab99d58..e0475e5d.0_93	0
0x23b48c	NOTYPE	..lin.1ab99d58..e0475e5d.0_94	0
0x23b496	FUNC	EcmEth_ConfigureInterrupts...2Fhome.2Fmal.2Fgm_release.2FMY22.2D026.2Ffinal.2Fiot.2Frtos.2Flibs.2Fgm.2Di35.2Frel.2Fwork.2Fxhc_ecm.	3
0x23b499	FUNC	EcmEth_GetMacAddress...2Fhome.2Fmal.2Fgm_release.2FMY22.2D026.2Ffinal.2Fiot.2Frtos.2Flibs.2Fgm.2Di35.2Frel.2Fwork.2Fxhc_ecm.	33
0x23b4a2	NOTYPE	..lin.1ab99d58..d4329f71.0_95	0
0x23b4b6	NOTYPE	..lin.1ab99d58..d4329f71.0_96	0
0x23b4ba	FUNC	HidKClass_Initialize...2Fhome.2Fmal.2Fgm_release.2FMY22.2D026.2Ffinal.2Fiot.2Frtos.2Flibs.2Fgm.2Di35.2Frel.2Fwork.2Fhid_kdrv.	197
0x23b4d1	NOTYPE	..lin.fd22af4c..43934bcc.0_1	0
0x23b4da	NOTYPE	..lin.fd22af4c..43934bcc.0_2	0
0x23b4eb	NOTYPE	..lin.fd22af4c..43934bcc.0_3	0
0x23b4f5	NOTYPE	..lin.fd22af4c..43934bcc.0_4	0
0x23b504	NOTYPE	..lin.fd22af4c..43934bcc.0_5	0
0x23b539	NOTYPE	..lin.fd22af4c..43934bcc.0_6	0
0x23b571	NOTYPE	..lin.fd22af4c..43934bcc.0_7	0
0x23b57a	NOTYPE	..lin.fd22af4c..43934bcc.0_8	0
0x23b57f	FUNC	HidKClass_ReportAssignment...2Fhome.2Fmal.2Fgm_release.2FMY22.2D026.2Ffinal.2Fiot.2Frtos.2Flibs.2Fgm.2Di35.2Frel.2Fwork.2Fhid_kdrv.	80
0x23b591	NOTYPE	..lin.fd22af4c..3331a2f.0_9	0
0x23b5c2	NOTYPE	..lin.fd22af4c..3331a2f.0_10	0
0x23b5ca	NOTYPE	..lin.fd22af4c..3331a2f.0_11	0
0x23b5cf	FUNC	HidKClass_ReportEvent...2Fhome.2Fmal.2Fgm_release.2FMY22.2D026.2Ffinal.2Fiot.2Frtos.2Flibs.2Fgm.2Di35.2Frel.2Fwork.2Fhid_kdrv.	638
0x23b5fa	NOTYPE	..lin.fd22af4c..b2612d58.0_12	0
0x23b602	NOTYPE	..lin.fd22af4c..b2612d58.0_13	0
0x23b60d	NOTYPE	..lin.fd22af4c..b2612d58.0_14	0
0x23b612	NOTYPE	..lin.fd22af4c..b2612d58.0_15	0
0x23b61b	NOTYPE	..lin.fd22af4c..b2612d58.0_16	0
0x23b626	NOTYPE	..lin.fd22af4c..b2612d58.0_17	0
0x23b630	NOTYPE	..lin.fd22af4c..b2612d58.0_18	0
0x23b63b	NOTYPE	..lin.fd22af4c..b2612d58.0_19	0
0x23b64e	NOTYPE	..lin.fd22af4c..b2612d58.0_20	0
0x23b659	NOTYPE	..lin.fd22af4c..b2612d58.0_21	0
0x23b666	NOTYPE	..lin.fd22af4c..b2612d58.0_22	0
0x23b67f	NOTYPE	..lin.fd22af4c..b2612d58.0_23	0
0x23b6a1	NOTYPE	..lin.fd22af4c..b2612d58.0_24	0
0x23b6bf	NOTYPE	..lin.fd22af4c..b2612d58.0_25	0
0x23b6c4	NOTYPE	..lin.fd22af4c..b2612d58.0_26	0
0x23b6cf	NOTYPE	..lin.fd22af4c..b2612d58.0_27	0
0x23b6e2	NOTYPE	..lin.fd22af4c..b2612d58.0_28	0
0x23b6ed	NOTYPE	..lin.fd22af4c..b2612d58.0_29	0
0x23b707	NOTYPE	..lin.fd22af4c..b2612d58.0_30	0
0x23b720	NOTYPE	..lin.fd22af4c..b2612d58.0_31	0
0x23b745	NOTYPE	..lin.fd22af4c..b2612d58.0_32	0
0x23b74f	NOTYPE	..lin.fd22af4c..b2612d58.0_33	0
0x23b754	NOTYPE	..lin.fd22af4c..b2612d58.0_34	0
0x23b75f	NOTYPE	..lin.fd22af4c..b2612d58.0_35	0
0x23b777	NOTYPE	..lin.fd22af4c..b2612d58.0_36	0
0x23b78e	NOTYPE	..lin.fd22af4c..b2612d58.0_37	0
0x23b797	NOTYPE	..lin.fd22af4c..b2612d58.0_38	0
0x23b7b0	NOTYPE	..lin.fd22af4c..b2612d58.0_39	0
0x23b7d3	NOTYPE	..lin.fd22af4c..b2612d58.0_40	0
0x23b7da	NOTYPE	..lin.fd22af4c..b2612d58.0_41	0
0x23b7f3	NOTYPE	..lin.fd22af4c..b2612d58.0_42	0
0x23b818	NOTYPE	..lin.fd22af4c..b2612d58.0_43	0
0x23b842	NOTYPE	..lin.fd22af4c..b2612d58.0_44	0
0x23b84d	FUNC	HidKClass_WriteStatus...2Fhome.2Fmal.2Fgm_release.2FMY22.2D026.2Ffinal.2Fiot.2Frtos.2Flibs.2Fgm.2Di35.2Frel.2Fwork.2Fhid_kdrv.	303
0x23b86b	NOTYPE	..lin.fd22af4c..bd341189.0_45	0
0x23b874	NOTYPE	..lin.fd22af4c..bd341189.0_46	0
0x23b87f	NOTYPE	..lin.fd22af4c..bd341189.0_47	0
0x23b888	NOTYPE	..lin.fd22af4c..bd341189.0_48	0
0x23b890	NOTYPE	..lin.fd22af4c..bd341189.0_49	0
0x23b895	NOTYPE	..lin.fd22af4c..bd341189.0_50	0
0x23b8c7	NOTYPE	..lin.fd22af4c..bd341189.0_51	0
0x23b8d4	NOTYPE	..lin.fd22af4c..bd341189.0_52	0
0x23b8dc	NOTYPE	..lin.fd22af4c..bd341189.0_53	0
0x23b8e4	NOTYPE	..lin.fd22af4c..bd341189.0_54	0
0x23b916	NOTYPE	..lin.fd22af4c..bd341189.0_55	0
0x23b923	NOTYPE	..lin.fd22af4c..bd341189.0_56	0
0x23b92b	NOTYPE	..lin.fd22af4c..bd341189.0_57	0
0x23b930	NOTYPE	..lin.fd22af4c..bd341189.0_58	0
0x23b968	NOTYPE	..lin.fd22af4c..bd341189.0_59	0
0x23b974	NOTYPE	..lin.fd22af4c..bd341189.0_60	0
0x23b97c	FUNC	KbdAppIOA_InitializeResources...2Fhome.2Fmal.2Fgm_release.2FMY22.2D026.2Ffinal.2Fiot.2Frtos.2Flibs.2Fgm.2Di35.2Frel.2Fwork.2Fhid_kdrv.	3
0x23b97f	FUNC	KbdAppIOA_Initialize...2Fhome.2Fmal.2Fgm_release.2FMY22.2D026.2Ffinal.2Fiot.2Frtos.2Flibs.2Fgm.2Di35.2Frel.2Fwork.2Fhid_kdrv.	20
0x23b98a	NOTYPE	..lin.fd22af4c..81179c81.0_61	0
0x23b98f	NOTYPE	..lin.fd22af4c..81179c81.0_62	0
0x23b993	FUNC	KbdAppIOA_ReadStatus...2Fhome.2Fmal.2Fgm_release.2FMY22.2D026.2Ffinal.2Fiot.2Frtos.2Flibs.2Fgm.2Di35.2Frel.2Fwork.2Fhid_kdrv.	95
0x23b9a6	NOTYPE	..lin.fd22af4c..2964c44f.0_63	0
0x23b9b9	NOTYPE	..lin.fd22af4c..2964c44f.0_64	0
0x23b9bf	NOTYPE	..lin.fd22af4c..2964c44f.0_65	0
0x23b9d5	NOTYPE	..lin.fd22af4c..2964c44f.0_66	0
0x23b9e0	NOTYPE	..lin.fd22af4c..2964c44f.0_67	0
0x23b9ea	NOTYPE	..lin.fd22af4c..2964c44f.0_68	0
0x23b9f2	FUNC	MouAppIOA_InitializeResources...2Fhome.2Fmal.2Fgm_release.2FMY22.2D026.2Ffinal.2Fiot.2Frtos.2Flibs.2Fgm.2Di35.2Frel.2Fwork.2Fhid_kdrv.	3
0x23b9f5	FUNC	MouAppIOA_Initialize...2Fhome.2Fmal.2Fgm_release.2FMY22.2D026.2Ffinal.2Fiot.2Frtos.2Flibs.2Fgm.2Di35.2Frel.2Fwork.2Fhid_kdrv.	24
0x23ba04	NOTYPE	..lin.fd22af4c..e3f56ec1.0_69	0
0x23ba09	NOTYPE	..lin.fd22af4c..e3f56ec1.0_70	0
0x23ba0d	FUNC	MouAppIOA_ReadStatus...2Fhome.2Fmal.2Fgm_release.2FMY22.2D026.2Ffinal.2Fiot.2Frtos.2Flibs.2Fgm.2Di35.2Frel.2Fwork.2Fhid_kdrv.	95
0x23ba20	NOTYPE	..lin.fd22af4c..8c42968f.0_71	0
0x23ba33	NOTYPE	..lin.fd22af4c..8c42968f.0_72	0
0x23ba39	NOTYPE	..lin.fd22af4c..8c42968f.0_73	0
0x23ba4f	NOTYPE	..lin.fd22af4c..8c42968f.0_74	0
0x23ba5a	NOTYPE	..lin.fd22af4c..8c42968f.0_75	0
0x23ba64	NOTYPE	..lin.fd22af4c..8c42968f.0_76	0
0x23ba6d	FUNC	DVFS_Init	57
0x23ba89	NOTYPE	..lin.aef2416f..1631dceb.0_1	0
0x23baa4	NOTYPE	..lin.aef2416f..1631dceb.0_2	0
0x23baa6	FUNC	DVFS_SetCoreFrequency...2Fhome.2Fmal.2Fgm_release.2FMY22.2D026.2Ffinal.2Fiot.2Frtos.2Flibs.2Fgm.2Di35.2Frel.2Fwork.2Fintel_dvfs.	105
0x23babd	NOTYPE	..lin.aef2416f..3a5c62be.0_3	0
0x23bac3	NOTYPE	..lin.aef2416f..3a5c62be.0_4	0
0x23bac7	NOTYPE	..lin.aef2416f..3a5c62be.0_5	0
0x23bacc	NOTYPE	..lin.aef2416f..3a5c62be.0_6	0
0x23baf7	NOTYPE	..lin.aef2416f..3a5c62be.0_7	0
0x23bb00	NOTYPE	..lin.aef2416f..3a5c62be.0_8	0
0x23bb0f	FUNC	DVFS_IpiHandler...2Fhome.2Fmal.2Fgm_release.2FMY22.2D026.2Ffinal.2Fiot.2Frtos.2Flibs.2Fgm.2Di35.2Frel.2Fwork.2Fintel_dvfs.	12
0x23bb17	NOTYPE	..lin.aef2416f..8516ad37.0_9	0
0x23bb1b	FUNC	DVFS_CreateIODevice...2Fhome.2Fmal.2Fgm_release.2FMY22.2D026.2Ffinal.2Fiot.2Frtos.2Flibs.2Fgm.2Di35.2Frel.2Fwork.2Fintel_dvfs.	141
0x23bb47	NOTYPE	..lin.aef2416f..1f80e3d3.0_10	0
0x23bb64	NOTYPE	..lin.aef2416f..1f80e3d3.0_11	0
0x23bb68	NOTYPE	..lin.aef2416f..1f80e3d3.0_12	0
0x23bb7e	NOTYPE	..lin.aef2416f..1f80e3d3.0_13	0
0x23bb88	NOTYPE	..lin.aef2416f..1f80e3d3.0_14	0
0x23bba4	NOTYPE	..lin.aef2416f..1f80e3d3.0_15	0
0x23bba8	FUNC	DVFS_ReadRegister...2Fhome.2Fmal.2Fgm_release.2FMY22.2D026.2Ffinal.2Fiot.2Frtos.2Flibs.2Fgm.2Di35.2Frel.2Fwork.2Fintel_dvfs.	59
0x23bbb5	NOTYPE	..lin.aef2416f..3a7a8058.0_16	0
0x23bbbe	NOTYPE	..lin.aef2416f..3a7a8058.0_17	0
0x23bbc7	NOTYPE	..lin.aef2416f..3a7a8058.0_18	0
0x23bbd6	NOTYPE	..lin.aef2416f..3a7a8058.0_19	0
0x23bbe3	FUNC	DPTF_SetPowerTarget...2Fhome.2Fmal.2Fgm_release.2FMY22.2D026.2Ffinal.2Fiot.2Frtos.2Flibs.2Fgm.2Di35.2Frel.2Fwork.2Fintel_dvfs.	351
0x23bc02	NOTYPE	..lin.aef2416f..427ab652.0_20	0
0x23bc08	NOTYPE	..lin.aef2416f..427ab652.0_21	0
0x23bc0f	NOTYPE	..lin.aef2416f..427ab652.0_22	0
0x23bc14	NOTYPE	..lin.aef2416f..427ab652.0_23	0
0x23bca1	NOTYPE	..lin.aef2416f..427ab652.0_24	0
0x23bca9	NOTYPE	..lin.aef2416f..427ab652.0_25	0
0x23bcde	NOTYPE	..lin.aef2416f..427ab652.0_26	0
0x23bce4	NOTYPE	..lin.aef2416f..427ab652.0_27	0
0x23bce9	NOTYPE	..lin.aef2416f..427ab652.0_28	0
0x23bd23	NOTYPE	..lin.aef2416f..427ab652.0_29	0
0x23bd38	NOTYPE	..lin.aef2416f..427ab652.0_30	0
0x23bd42	FUNC	DVFS_SetLimits...2Fhome.2Fmal.2Fgm_release.2FMY22.2D026.2Ffinal.2Fiot.2Frtos.2Flibs.2Fgm.2Di35.2Frel.2Fwork.2Fintel_dvfs.	25
0x23bd48	NOTYPE	..lin.aef2416f..278f7955.0_31	0
0x23bd4e	NOTYPE	..lin.aef2416f..278f7955.0_32	0
0x23bd5b	FUNC	DVFS_WriteRegister...2Fhome.2Fmal.2Fgm_release.2FMY22.2D026.2Ffinal.2Fiot.2Frtos.2Flibs.2Fgm.2Di35.2Frel.2Fwork.2Fintel_dvfs.	422
0x23bd81	NOTYPE	..lin.aef2416f..7b95bda7.0_33	0
0x23bd93	NOTYPE	..lin.aef2416f..7b95bda7.0_34	0
0x23bdae	NOTYPE	..lin.aef2416f..7b95bda7.0_35	0
0x23bdbb	NOTYPE	..lin.aef2416f..7b95bda7.0_36	0
0x23bdc5	NOTYPE	..lin.aef2416f..7b95bda7.0_37	0
0x23bdcc	NOTYPE	..lin.aef2416f..7b95bda7.0_38	0
0x23bdd3	NOTYPE	..lin.aef2416f..7b95bda7.0_39	0
0x23bdda	NOTYPE	..lin.aef2416f..7b95bda7.0_40	0
0x23bded	NOTYPE	..lin.aef2416f..7b95bda7.0_41	0
0x23bdfc	NOTYPE	..lin.aef2416f..7b95bda7.0_42	0
0x23be38	NOTYPE	..lin.aef2416f..7b95bda7.0_43	0
0x23be42	NOTYPE	..lin.aef2416f..7b95bda7.0_44	0
0x23be4b	NOTYPE	..lin.aef2416f..7b95bda7.0_45	0
0x23be60	NOTYPE	..lin.aef2416f..7b95bda7.0_46	0
0x23be65	NOTYPE	..lin.aef2416f..7b95bda7.0_47	0
0x23bed2	NOTYPE	..lin.aef2416f..7b95bda7.0_48	0
0x23beee	NOTYPE	..lin.aef2416f..7b95bda7.0_49	0
0x23bef3	NOTYPE	..lin.aef2416f..7b95bda7.0_50	0
0x23bf01	FUNC	DVFS_Resource_CreateIODevice...2Fhome.2Fmal.2Fgm_release.2FMY22.2D026.2Ffinal.2Fiot.2Frtos.2Flibs.2Fgm.2Di35.2Frel.2Fwork.2Fintel_dvfs.	3
0x23bf04	FUNC	DVFS_Resource_WriteMsrCallback...2Fhome.2Fmal.2Fgm_release.2FMY22.2D026.2Ffinal.2Fiot.2Frtos.2Flibs.2Fgm.2Di35.2Frel.2Fwork.2Fintel_dvfs.	45
0x23bf15	NOTYPE	..lin.aef2416f..d6128c48.0_51	0
0x23bf19	NOTYPE	..lin.aef2416f..d6128c48.0_52	0
0x23bf20	NOTYPE	..lin.aef2416f..d6128c48.0_53	0
0x23bf22	NOTYPE	..lin.aef2416f..d6128c48.0_54	0
0x23bf2a	NOTYPE	..lin.aef2416f..d6128c48.0_55	0
0x23bf31	FUNC	DVFS_Resource_ReadRegister...2Fhome.2Fmal.2Fgm_release.2FMY22.2D026.2Ffinal.2Fiot.2Frtos.2Flibs.2Fgm.2Di35.2Frel.2Fwork.2Fintel_dvfs.	118
0x23bf69	NOTYPE	..lin.aef2416f..be8334ff.0_56	0
0x23bf72	NOTYPE	..lin.aef2416f..be8334ff.0_57	0
0x23bf7b	NOTYPE	..lin.aef2416f..be8334ff.0_58	0
0x23bf85	NOTYPE	..lin.aef2416f..be8334ff.0_59	0
0x23bf87	NOTYPE	..lin.aef2416f..be8334ff.0_60	0
0x23bf92	NOTYPE	..lin.aef2416f..be8334ff.0_61	0
0x23bf99	NOTYPE	..lin.aef2416f..be8334ff.0_62	0
0x23bf9b	NOTYPE	..lin.aef2416f..be8334ff.0_63	0
0x23bfa2	NOTYPE	..lin.aef2416f..be8334ff.0_64	0
0x23bfa4	NOTYPE	..lin.aef2416f..be8334ff.0_65	0
0x23bfa9	FUNC	PerfMon_Init...2Fhome.2Fmal.2Fgm_release.2FMY22.2D026.2Ffinal.2Fiot.2Frtos.2Flibs.2Fgm.2Di35.2Frel.2Fwork.2Fguest_pmu.	172
0x23bfc5	NOTYPE	..lin.bc53a11a..f052f28f.0_1	0
0x23bff5	NOTYPE	..lin.bc53a11a..f052f28f.0_2	0
0x23bffb	NOTYPE	..lin.bc53a11a..f052f28f.0_3	0
0x23c008	NOTYPE	..lin.bc53a11a..f052f28f.0_4	0
0x23c00e	NOTYPE	..lin.bc53a11a..f052f28f.0_5	0
0x23c014	NOTYPE	..lin.bc53a11a..f052f28f.0_6	0
0x23c01d	NOTYPE	..lin.bc53a11a..f052f28f.0_7	0
0x23c022	NOTYPE	..lin.bc53a11a..f052f28f.0_8	0
0x23c04e	NOTYPE	..lin.bc53a11a..f052f28f.0_9	0
0x23c055	FUNC	PerfMon_Resource_CreateIODevice...2Fhome.2Fmal.2Fgm_release.2FMY22.2D026.2Ffinal.2Fiot.2Frtos.2Flibs.2Fgm.2Di35.2Frel.2Fwork.2Fguest_pmu.	3
0x23c058	FUNC	PerfMon_Resource_WriteMsrCallback...2Fhome.2Fmal.2Fgm_release.2FMY22.2D026.2Ffinal.2Fiot.2Frtos.2Flibs.2Fgm.2Di35.2Frel.2Fwork.2Fguest_pmu.	81
0x23c093	NOTYPE	..lin.bc53a11a..2752906c.0_10	0
0x23c097	NOTYPE	..lin.bc53a11a..2752906c.0_11	0
0x23c0a9	FUNC	PerfMon_Resource_ReadRegister...2Fhome.2Fmal.2Fgm_release.2FMY22.2D026.2Ffinal.2Fiot.2Frtos.2Flibs.2Fgm.2Di35.2Frel.2Fwork.2Fguest_pmu.	163
0x23c0f7	NOTYPE	..lin.bc53a11a..95bec723.0_12	0
0x23c100	NOTYPE	..lin.bc53a11a..95bec723.0_13	0
0x23c11e	NOTYPE	..lin.bc53a11a..95bec723.0_14	0
0x23c122	NOTYPE	..lin.bc53a11a..95bec723.0_15	0
0x23c12c	NOTYPE	..lin.bc53a11a..95bec723.0_16	0
0x23c12e	NOTYPE	..lin.bc53a11a..95bec723.0_17	0
0x23c137	NOTYPE	..lin.bc53a11a..95bec723.0_18	0
0x23c13e	NOTYPE	..lin.bc53a11a..95bec723.0_19	0
0x23c140	NOTYPE	..lin.bc53a11a..95bec723.0_20	0
0x23c147	NOTYPE	..lin.bc53a11a..95bec723.0_21	0
0x23c149	NOTYPE	..lin.bc53a11a..95bec723.0_22	0
0x23c14d	FUNC	TempMsr_Init	30
0x23c169	NOTYPE	..lin.2fd67003..6a059200.0_1	0
0x23c16b	FUNC	TempMsr_CreateIODevice...2Fhome.2Fmal.2Fgm_release.2FMY22.2D026.2Ffinal.2Fiot.2Frtos.2Flibs.2Fgm.2Di35.2Frel.2Fwork.2Fintel_temp_msr.	3
0x23c16e	FUNC	TempMsr_ReadRegister...2Fhome.2Fmal.2Fgm_release.2FMY22.2D026.2Ffinal.2Fiot.2Frtos.2Flibs.2Fgm.2Di35.2Frel.2Fwork.2Fintel_temp_msr.	74
0x23c178	NOTYPE	..lin.2fd67003..3b687a6d.0_2	0
0x23c1ad	NOTYPE	..lin.2fd67003..3b687a6d.0_3	0
0x23c1bb	FUNC	Fallback_VisitPciFunction...2Fhome.2Fmal.2Fgm_release.2FMY22.2D026.2Ffinal.2Fiot.2Frtos.2Flibs.2Fgm.2Di35.2Frel.2Fwork.2Fpassthru_fallback.	100
0x23c1c0	NOTYPE	..lin.cc2f560a..19bcd385.0_1	0
0x23c1ef	NOTYPE	..lin.cc2f560a..19bcd385.0_2	0
0x23c20b	NOTYPE	..lin.cc2f560a..19bcd385.0_3	0
0x23c21b	NOTYPE	..lin.cc2f560a..19bcd385.0_4	0
0x23c21f	FUNC	Fallback_Create...2Fhome.2Fmal.2Fgm_release.2FMY22.2D026.2Ffinal.2Fiot.2Frtos.2Flibs.2Fgm.2Di35.2Frel.2Fwork.2Fpassthru_fallback.	3
0x23c222	FUNC	Fallback_Init	246
0x23c232	NOTYPE	..lin.cc2f560a..86936888.0_5	0
0x23c23c	NOTYPE	..lin.cc2f560a..86936888.0_6	0
0x23c23e	NOTYPE	..lin.cc2f560a..86936888.0_7	0
0x23c24c	NOTYPE	..lin.cc2f560a..86936888.0_8	0
0x23c25a	NOTYPE	..lin.cc2f560a..86936888.0_9	0
0x23c260	NOTYPE	..lin.cc2f560a..86936888.0_10	0
0x23c26c	NOTYPE	..lin.cc2f560a..86936888.0_11	0
0x23c271	NOTYPE	..lin.cc2f560a..86936888.0_12	0
0x23c28d	NOTYPE	..lin.cc2f560a..86936888.0_13	0
0x23c2a8	NOTYPE	..lin.cc2f560a..86936888.0_14	0
0x23c2b7	NOTYPE	..lin.cc2f560a..86936888.0_15	0
0x23c2bb	NOTYPE	..lin.cc2f560a..86936888.0_16	0
0x23c2cf	NOTYPE	..lin.cc2f560a..86936888.0_17	0
0x23c2ea	NOTYPE	..lin.cc2f560a..86936888.0_18	0
0x23c2f5	NOTYPE	..lin.cc2f560a..86936888.0_19	0
0x23c309	NOTYPE	..lin.cc2f560a..86936888.0_20	0
0x23c313	NOTYPE	..lin.cc2f560a..86936888.0_21	0
0x23c318	FUNC	PassthruBootStatus_Create...2Fhome.2Fmal.2Fgm_release.2FMY22.2D026.2Ffinal.2Fiot.2Frtos.2Flibs.2Fgm.2Di35.2Frel.2Fwork.2Fpassthru_fallback.	3
0x23c31b	FUNC	PassthruBootStatus_ReadRegister...2Fhome.2Fmal.2Fgm_release.2FMY22.2D026.2Ffinal.2Fiot.2Frtos.2Flibs.2Fgm.2Di35.2Frel.2Fwork.2Fpassthru_fallback.	28
0x23c321	NOTYPE	..lin.cc2f560a..65062d97.0_22	0
0x23c327	NOTYPE	..lin.cc2f560a..65062d97.0_23	0
0x23c334	NOTYPE	..lin.cc2f560a..65062d97.0_24	0
0x23c338	FUNC	strncpy	55
0x23c347	NOTYPE	..lin.d9fd35fc..af0c4038.0_1	0
0x23c357	NOTYPE	..lin.d9fd35fc..af0c4038.0_2	0
0x23c36b	NOTYPE	..lin.d9fd35fc..af0c4038.0_3	0
0x23c370	FUNC	memcmp	34
0x23c391	NOTYPE	..lin.caebe741..d827524.0_1	0
0x23c394	FUNC	strncmp	49
0x23c396	NOTYPE	..lin.d9fd35f9..af0c3fcc.0_1	0
0x23c3b2	NOTYPE	..lin.d9fd35f9..af0c3fcc.0_2	0
0x23c3b8	NOTYPE	..lin.d9fd35f9..af0c3fcc.0_3	0
0x23c3bc	NOTYPE	..lin.d9fd35f9..af0c3fcc.0_4	0
0x23c3c8	FUNC	strlen	18
0x23c3d6	NOTYPE	..lin.d9fd2dba..1c93bb9d.0_1	0
0x23c3dc	FUNC	strcmp	29
0x23c3de	NOTYPE	..lin.d9fd087b..1c93965e.0_1	0
0x23c3f0	NOTYPE	..lin.d9fd087b..1c93965e.0_2	0
0x23c3fc	FUNC	memmove	82
0x23c40d	NOTYPE	..lin.caec1213..bdd69f1b.0_1	0
0x23c414	NOTYPE	..lin.caec1213..bdd69f1b.0_2	0
0x23c416	NOTYPE	..lin.caec1213..bdd69f1b.0_3	0
0x23c431	NOTYPE	..lin.caec1213..bdd69f1b.0_4	0
0x23c44a	NOTYPE	..lin.caec1213..bdd69f1b.0_5	0
0x23c450	FUNC	isalnum	30
0x23c46b	NOTYPE	..lin.343bef81..a9bc2e1e.0_1	0
0x23c46e	FUNC	isalpha	15
0x23c47d	FUNC	iscntrl	17
0x23c48d	NOTYPE	..lin.343bef81..a9e19104.0_2	0
0x23c48e	FUNC	isdigit	12
0x23c49a	FUNC	isgraph	12
0x23c4a6	FUNC	islower	12
0x23c4b2	FUNC	isprint	12
0x23c4be	FUNC	ispunct	47
0x23c4ea	NOTYPE	..lin.343bef81..aad08acb.0_3	0
0x23c4ed	FUNC	isspace	20
0x23c500	NOTYPE	..lin.343bef81..ab03df0d.0_4	0
0x23c501	FUNC	isupper	12
0x23c50d	FUNC	isxdigit	30
0x23c528	NOTYPE	..lin.343bef81..1654daca.0_5	0
0x23c52b	FUNC	tolower	20
0x23c53f	FUNC	toupper	22
0x23c558	FUNC	main	12
0x23c560	NOTYPE	..lin.3fff2740..7c9a7f6a.0_1	0
0x23c564	FUNC	BSP_OutputExtendedBootBanner	58
0x23c57f	NOTYPE	..lin.3fff2740..985c7335.0_2	0
0x23c586	NOTYPE	..lin.3fff2740..985c7335.0_3	0
0x23c592	NOTYPE	..lin.3fff2740..985c7335.0_4	0
0x23c599	NOTYPE	..lin.3fff2740..985c7335.0_5	0
0x23c59e	FUNC	BSP_HostIO	37
0x23c5a7	NOTYPE	..lin.3fff2740..1a3c12ff.0_6	0
0x23c5b3	NOTYPE	..lin.3fff2740..1a3c12ff.0_7	0
0x23c5be	NOTYPE	..lin.3fff2740..1a3c12ff.0_8	0
0x23c5c3	NOTYPE	..lin.3fff2740..1a3c12ff.0_9	0
0x23c5c4	FUNC	GetGMConfigurationBanner	20
0x23c5ca	NOTYPE	..lin.37db135b..3a3898e7.0_1	0
0x23c5d7	NOTYPE	..lin.37db135b..3a3898e7.0_2	0
0x23c5d8	FUNC	sdhc_driver_match...2Fhome.2Fmal.2Fgm_release.2FMY22.2D026.2Ffinal.2Fiot.2Frtos.2Flibs.2Fgm.2Di35.2Frel.2Fwork.2Flibs.2Flibpassthrudev.2Fsdhc_passthru.	42
0x23c5e2	NOTYPE	..lin.c4ff5c22..25f69f1e.0_1	0
0x23c5e9	NOTYPE	..lin.c4ff5c22..25f69f1e.0_2	0
0x23c5f0	NOTYPE	..lin.c4ff5c22..25f69f1e.0_3	0
0x23c5fd	NOTYPE	..lin.c4ff5c22..25f69f1e.0_4	0
0x23c602	FUNC	sdhc_driver_init...2Fhome.2Fmal.2Fgm_release.2FMY22.2D026.2Ffinal.2Fiot.2Frtos.2Flibs.2Fgm.2Di35.2Frel.2Fwork.2Flibs.2Flibpassthrudev.2Fsdhc_passthru.	162
0x23c620	NOTYPE	..lin.c4ff5c22..f1a0a465.0_5	0
0x23c645	NOTYPE	..lin.c4ff5c22..f1a0a465.0_6	0
0x23c68b	NOTYPE	..lin.c4ff5c22..f1a0a465.0_7	0
0x23c699	NOTYPE	..lin.c4ff5c22..f1a0a465.0_8	0
0x23c69d	NOTYPE	..lin.c4ff5c22..f1a0a465.0_9	0
0x23c6a4	FUNC	sdhc_IODName...2Fhome.2Fmal.2Fgm_release.2FMY22.2D026.2Ffinal.2Fiot.2Frtos.2Flibs.2Fgm.2Di35.2Frel.2Fwork.2Flibs.2Flibpassthrudev.2Fsdhc_passthru.	25
0x23c6aa	NOTYPE	..lin.c4ff5c22..7ba2fc63.0_10	0
0x23c6ba	NOTYPE	..lin.c4ff5c22..7ba2fc63.0_11	0
0x23c6c0	FUNC	gm_eth_driver_match...2Fhome.2Fmal.2Fgm_release.2FMY22.2D026.2Ffinal.2Fiot.2Frtos.2Flibs.2Fgm.2Di35.2Frel.2Fwork.2Flibs.2Flibpassthrudev.2Fgm_eth_passthru.	56
0x23c6ca	NOTYPE	..lin.bf21b814..cc628b90.0_1	0
0x23c6d1	NOTYPE	..lin.bf21b814..cc628b90.0_2	0
0x23c6d8	NOTYPE	..lin.bf21b814..cc628b90.0_3	0
0x23c6df	NOTYPE	..lin.bf21b814..cc628b90.0_4	0
0x23c6e6	NOTYPE	..lin.bf21b814..cc628b90.0_5	0
0x23c6f3	NOTYPE	..lin.bf21b814..cc628b90.0_6	0
0x23c6f8	FUNC	gm_eth_driver_init...2Fhome.2Fmal.2Fgm_release.2FMY22.2D026.2Ffinal.2Fiot.2Frtos.2Flibs.2Fgm.2Di35.2Frel.2Fwork.2Flibs.2Flibpassthrudev.2Fgm_eth_passthru.	93
0x23c70f	NOTYPE	..lin.bf21b814..e727ca97.0_7	0
0x23c715	NOTYPE	..lin.bf21b814..e727ca97.0_8	0
0x23c722	NOTYPE	..lin.bf21b814..e727ca97.0_9	0
0x23c737	NOTYPE	..lin.bf21b814..e727ca97.0_10	0
0x23c745	NOTYPE	..lin.bf21b814..e727ca97.0_11	0
0x23c751	NOTYPE	..lin.bf21b814..e727ca97.0_12	0
0x23c755	FUNC	gm_eth_msi_info...2Fhome.2Fmal.2Fgm_release.2FMY22.2D026.2Ffinal.2Fiot.2Frtos.2Flibs.2Fgm.2Di35.2Frel.2Fwork.2Flibs.2Flibpassthrudev.2Fgm_eth_passthru.	53
0x23c75e	NOTYPE	..lin.bf21b814..be4f6eac.0_13	0
0x23c76f	NOTYPE	..lin.bf21b814..be4f6eac.0_14	0
0x23c78c	FUNC	uart_driver_match...2Fhome.2Fmal.2Fgm_release.2FMY22.2D026.2Ffinal.2Fiot.2Frtos.2Flibs.2Fgm.2Di35.2Frel.2Fwork.2Flibs.2Flibpassthrudev.2Fuart_passthru.	49
0x23c796	NOTYPE	..lin.4b360ebc..77190eb8.0_1	0
0x23c79d	NOTYPE	..lin.4b360ebc..77190eb8.0_2	0
0x23c7a4	NOTYPE	..lin.4b360ebc..77190eb8.0_3	0
0x23c7ab	NOTYPE	..lin.4b360ebc..77190eb8.0_4	0
0x23c7b8	NOTYPE	..lin.4b360ebc..77190eb8.0_5	0
0x23c7bd	FUNC	uart_driver_init...2Fhome.2Fmal.2Fgm_release.2FMY22.2D026.2Ffinal.2Fiot.2Frtos.2Flibs.2Fgm.2Di35.2Frel.2Fwork.2Flibs.2Flibpassthrudev.2Fuart_passthru.	253
0x23c7dd	NOTYPE	..lin.4b360ebc..b60688bf.0_6	0
0x23c802	NOTYPE	..lin.4b360ebc..b60688bf.0_7	0
0x23c821	NOTYPE	..lin.4b360ebc..b60688bf.0_8	0
0x23c82b	NOTYPE	..lin.4b360ebc..b60688bf.0_9	0
0x23c82d	NOTYPE	..lin.4b360ebc..b60688bf.0_10	0
0x23c835	NOTYPE	..lin.4b360ebc..b60688bf.0_11	0
0x23c83d	NOTYPE	..lin.4b360ebc..b60688bf.0_12	0
0x23c85c	NOTYPE	..lin.4b360ebc..b60688bf.0_13	0
0x23c89f	NOTYPE	..lin.4b360ebc..b60688bf.0_14	0
0x23c8ad	NOTYPE	..lin.4b360ebc..b60688bf.0_15	0
0x23c8b1	NOTYPE	..lin.4b360ebc..b60688bf.0_16	0
0x23c8ba	FUNC	uart_IODName...2Fhome.2Fmal.2Fgm_release.2FMY22.2D026.2Ffinal.2Fiot.2Frtos.2Flibs.2Fgm.2Di35.2Frel.2Fwork.2Flibs.2Flibpassthrudev.2Fuart_passthru.	25
0x23c8c0	NOTYPE	..lin.4b360ebc..3220c3bd.0_17	0
0x23c8d0	NOTYPE	..lin.4b360ebc..3220c3bd.0_18	0
0x23c8d4	FUNC	GmWifi_ExceptionHandler...2Fhome.2Fmal.2Fgm_release.2FMY22.2D026.2Ffinal.2Fiot.2Frtos.2Flibs.2Fgm.2Di35.2Frel.2Fwork.2Flibs.2Flibpassthrudev.2Fgm_wifi_passthru.	25
0x23c8e8	NOTYPE	..lin.ed36a762..95d0b634.0_1	0
0x23c8ed	NOTYPE	..lin.ed36a762..95d0b634.0_2	0
0x23c8ed	FUNC	gm_wifi_driver_match...2Fhome.2Fmal.2Fgm_release.2FMY22.2D026.2Ffinal.2Fiot.2Frtos.2Flibs.2Fgm.2Di35.2Frel.2Fwork.2Flibs.2Flibpassthrudev.2Fgm_wifi_passthru.	49
0x23c8f7	NOTYPE	..lin.ed36a762..c4e4599e.0_3	0
0x23c8fe	NOTYPE	..lin.ed36a762..c4e4599e.0_4	0
0x23c905	NOTYPE	..lin.ed36a762..c4e4599e.0_5	0
0x23c90c	NOTYPE	..lin.ed36a762..c4e4599e.0_6	0
0x23c919	NOTYPE	..lin.ed36a762..c4e4599e.0_7	0
0x23c91e	FUNC	nxp_force_link_speed_2_5...2Fhome.2Fmal.2Fgm_release.2FMY22.2D026.2Ffinal.2Fiot.2Frtos.2Flibs.2Fgm.2Di35.2Frel.2Fwork.2Flibs.2Flibpassthrudev.2Fgm_wifi_passthru.	501
0x23c939	NOTYPE	..lin.ed36a762..707249cb.0_8	0
0x23c944	NOTYPE	..lin.ed36a762..707249cb.0_9	0
0x23c95d	NOTYPE	..lin.ed36a762..707249cb.0_10	0
0x23c961	NOTYPE	..lin.ed36a762..707249cb.0_11	0
0x23c96b	NOTYPE	..lin.ed36a762..707249cb.0_12	0
0x23c970	NOTYPE	..lin.ed36a762..707249cb.0_13	0
0x23c9be	NOTYPE	..lin.ed36a762..707249cb.0_14	0
0x23c9cd	NOTYPE	..lin.ed36a762..707249cb.0_15	0
0x23ca0d	NOTYPE	..lin.ed36a762..707249cb.0_16	0
0x23ca4a	NOTYPE	..lin.ed36a762..707249cb.0_17	0
0x23ca87	NOTYPE	..lin.ed36a762..707249cb.0_18	0
0x23ca91	NOTYPE	..lin.ed36a762..707249cb.0_19	0
0x23cad8	NOTYPE	..lin.ed36a762..707249cb.0_20	0
0x23cae0	NOTYPE	..lin.ed36a762..707249cb.0_21	0
0x23caea	NOTYPE	..lin.ed36a762..707249cb.0_22	0
0x23caf3	NOTYPE	..lin.ed36a762..707249cb.0_23	0
0x23caf9	NOTYPE	..lin.ed36a762..707249cb.0_24	0
0x23cb08	NOTYPE	..lin.ed36a762..707249cb.0_25	0
0x23cb13	FUNC	gm_wifi_driver_init...2Fhome.2Fmal.2Fgm_release.2FMY22.2D026.2Ffinal.2Fiot.2Frtos.2Flibs.2Fgm.2Di35.2Frel.2Fwork.2Flibs.2Flibpassthrudev.2Fgm_wifi_passthru.	248
0x23cb35	NOTYPE	..lin.ed36a762..34810ee5.0_26	0
0x23cb3d	NOTYPE	..lin.ed36a762..34810ee5.0_27	0
0x23cb60	NOTYPE	..lin.ed36a762..34810ee5.0_28	0
0x23cbac	NOTYPE	..lin.ed36a762..34810ee5.0_29	0
0x23cbb0	NOTYPE	..lin.ed36a762..34810ee5.0_30	0
0x23cbc0	NOTYPE	..lin.ed36a762..34810ee5.0_31	0
0x23cc02	NOTYPE	..lin.ed36a762..34810ee5.0_32	0
0x23cc04	NOTYPE	..lin.ed36a762..34810ee5.0_33	0
0x23cc0b	FUNC	gm_wifi_msi_info...2Fhome.2Fmal.2Fgm_release.2FMY22.2D026.2Ffinal.2Fiot.2Frtos.2Flibs.2Fgm.2Di35.2Frel.2Fwork.2Flibs.2Flibpassthrudev.2Fgm_wifi_passthru.	26
0x23cc25	FUNC	WifiDummy_InitializeResources...2Fhome.2Fmal.2Fgm_release.2FMY22.2D026.2Ffinal.2Fiot.2Frtos.2Flibs.2Fgm.2Di35.2Frel.2Fwork.2Flibs.2Flibpassthrudev.2Fgm_wifi_passthru.	3
0x23cc28	FUNC	WifiDummy_ReadRegister...2Fhome.2Fmal.2Fgm_release.2FMY22.2D026.2Ffinal.2Fiot.2Frtos.2Flibs.2Fgm.2Di35.2Frel.2Fwork.2Flibs.2Flibpassthrudev.2Fgm_wifi_passthru.	5
0x23cc2d	FUNC	WifiDummy_Init...2Fhome.2Fmal.2Fgm_release.2FMY22.2D026.2Ffinal.2Fiot.2Frtos.2Flibs.2Fgm.2Di35.2Frel.2Fwork.2Flibs.2Flibpassthrudev.2Fgm_wifi_passthru.	71
0x23cc40	NOTYPE	..lin.ed36a762..c094eb73.0_34	0
0x23cc4f	NOTYPE	..lin.ed36a762..c094eb73.0_35	0
0x23cc72	NOTYPE	..lin.ed36a762..c094eb73.0_36	0
0x23cc74	FUNC	GmAudio_ExceptionHandler...2Fhome.2Fmal.2Fgm_release.2FMY22.2D026.2Ffinal.2Fiot.2Frtos.2Flibs.2Fgm.2Di35.2Frel.2Fwork.2Flibs.2Flibpassthrudev.2Fgm_audio_passthru.	25
0x23cc88	NOTYPE	..lin.c5b16d45..4eb7caf7.0_1	0
0x23cc8d	NOTYPE	..lin.c5b16d45..4eb7caf7.0_2	0
0x23cc8d	FUNC	gm_audio_driver_match...2Fhome.2Fmal.2Fgm_release.2FMY22.2D026.2Ffinal.2Fiot.2Frtos.2Flibs.2Fgm.2Di35.2Frel.2Fwork.2Flibs.2Flibpassthrudev.2Fgm_audio_passthru.	27
0x23cc96	NOTYPE	..lin.c5b16d45..fe8c38c1.0_3	0
0x23cca3	NOTYPE	..lin.c5b16d45..fe8c38c1.0_4	0
0x23cca8	FUNC	gm_audio_driver_init...2Fhome.2Fmal.2Fgm_release.2FMY22.2D026.2Ffinal.2Fiot.2Frtos.2Flibs.2Fgm.2Di35.2Frel.2Fwork.2Flibs.2Flibpassthrudev.2Fgm_audio_passthru.	60
0x23ccbd	NOTYPE	..lin.c5b16d45..554815a8.0_5	0
0x23ccd2	NOTYPE	..lin.c5b16d45..554815a8.0_6	0
0x23cce0	NOTYPE	..lin.c5b16d45..554815a8.0_7	0
0x23cce4	FUNC	gm_audio_msi_info...2Fhome.2Fmal.2Fgm_release.2FMY22.2D026.2Ffinal.2Fiot.2Frtos.2Flibs.2Fgm.2Di35.2Frel.2Fwork.2Flibs.2Flibpassthrudev.2Fgm_audio_passthru.	26
0x23cd00	FUNC	P2SB_Initialize...2Fhome.2Fmal.2Fgm_release.2FMY22.2D026.2Ffinal.2Fiot.2Frtos.2Flibs.2Fgm.2Di35.2Frel.2Fwork.2Flibs.2Flibpassthrudev.2Fp2sb_passthru.	37
0x23cd22	NOTYPE	..lin.fe4b3b57..2ddee4d.0_1	0
0x23cd25	FUNC	P2SB_InitializeResources...2Fhome.2Fmal.2Fgm_release.2FMY22.2D026.2Ffinal.2Fiot.2Frtos.2Flibs.2Fgm.2Di35.2Frel.2Fwork.2Flibs.2Flibpassthrudev.2Fp2sb_passthru.	3
0x23cd28	FUNC	P2SB_ReadPciCfg...2Fhome.2Fmal.2Fgm_release.2FMY22.2D026.2Ffinal.2Fiot.2Frtos.2Flibs.2Fgm.2Di35.2Frel.2Fwork.2Flibs.2Flibpassthrudev.2Fp2sb_passthru.	176
0x23cd45	NOTYPE	..lin.fe4b3b57..a2fb8c43.0_2	0
0x23cd61	NOTYPE	..lin.fe4b3b57..a2fb8c43.0_3	0
0x23cd88	NOTYPE	..lin.fe4b3b57..a2fb8c43.0_4	0
0x23cdaf	NOTYPE	..lin.fe4b3b57..a2fb8c43.0_5	0
0x23cdd5	NOTYPE	..lin.fe4b3b57..a2fb8c43.0_6	0
0x23cdd8	FUNC	P2SB_ReadRegister...2Fhome.2Fmal.2Fgm_release.2FMY22.2D026.2Ffinal.2Fiot.2Frtos.2Flibs.2Fgm.2Di35.2Frel.2Fwork.2Flibs.2Flibpassthrudev.2Fp2sb_passthru.	156
0x23ce1c	NOTYPE	..lin.fe4b3b57..c09483dc.0_7	0
0x23ce2d	NOTYPE	..lin.fe4b3b57..c09483dc.0_8	0
0x23ce34	NOTYPE	..lin.fe4b3b57..c09483dc.0_9	0
0x23ce3a	NOTYPE	..lin.fe4b3b57..c09483dc.0_10	0
0x23ce52	NOTYPE	..lin.fe4b3b57..c09483dc.0_11	0
0x23ce58	NOTYPE	..lin.fe4b3b57..c09483dc.0_12	0
0x23ce67	NOTYPE	..lin.fe4b3b57..c09483dc.0_13	0
0x23ce74	FUNC	P2SB_WritePciCfg...2Fhome.2Fmal.2Fgm_release.2FMY22.2D026.2Ffinal.2Fiot.2Frtos.2Flibs.2Fgm.2Di35.2Frel.2Fwork.2Flibs.2Flibpassthrudev.2Fp2sb_passthru.	136
0x23ce8a	NOTYPE	..lin.fe4b3b57..5da37a52.0_14	0
0x23cea6	NOTYPE	..lin.fe4b3b57..5da37a52.0_15	0
0x23cec0	NOTYPE	..lin.fe4b3b57..5da37a52.0_16	0
0x23cec2	NOTYPE	..lin.fe4b3b57..5da37a52.0_17	0
0x23cedc	NOTYPE	..lin.fe4b3b57..5da37a52.0_18	0
0x23cede	NOTYPE	..lin.fe4b3b57..5da37a52.0_19	0
0x23cefa	NOTYPE	..lin.fe4b3b57..5da37a52.0_20	0
0x23cefc	FUNC	P2SB_WriteRegister...2Fhome.2Fmal.2Fgm_release.2FMY22.2D026.2Ffinal.2Fiot.2Frtos.2Flibs.2Fgm.2Di35.2Frel.2Fwork.2Flibs.2Flibpassthrudev.2Fp2sb_passthru.	401
0x23cf23	NOTYPE	..lin.fe4b3b57..c4f031ab.0_21	0
0x23cf44	NOTYPE	..lin.fe4b3b57..c4f031ab.0_22	0
0x23cf5b	NOTYPE	..lin.fe4b3b57..c4f031ab.0_23	0
0x23cf65	NOTYPE	..lin.fe4b3b57..c4f031ab.0_24	0
0x23cf6d	NOTYPE	..lin.fe4b3b57..c4f031ab.0_25	0
0x23cf72	NOTYPE	..lin.fe4b3b57..c4f031ab.0_26	0
0x23cf8a	NOTYPE	..lin.fe4b3b57..c4f031ab.0_27	0
0x23cfa2	NOTYPE	..lin.fe4b3b57..c4f031ab.0_28	0
0x23cfbb	NOTYPE	..lin.fe4b3b57..c4f031ab.0_29	0
0x23cfd3	NOTYPE	..lin.fe4b3b57..c4f031ab.0_30	0
0x23cfec	NOTYPE	..lin.fe4b3b57..c4f031ab.0_31	0
0x23d003	NOTYPE	..lin.fe4b3b57..c4f031ab.0_32	0
0x23d009	NOTYPE	..lin.fe4b3b57..c4f031ab.0_33	0
0x23d036	NOTYPE	..lin.fe4b3b57..c4f031ab.0_34	0
0x23d047	NOTYPE	..lin.fe4b3b57..c4f031ab.0_35	0
0x23d04e	NOTYPE	..lin.fe4b3b57..c4f031ab.0_36	0
0x23d054	NOTYPE	..lin.fe4b3b57..c4f031ab.0_37	0
0x23d06c	NOTYPE	..lin.fe4b3b57..c4f031ab.0_38	0
0x23d072	NOTYPE	..lin.fe4b3b57..c4f031ab.0_39	0
0x23d080	NOTYPE	..lin.fe4b3b57..c4f031ab.0_40	0
0x23d08d	FUNC	p2sb_driver_init...2Fhome.2Fmal.2Fgm_release.2FMY22.2D026.2Ffinal.2Fiot.2Frtos.2Flibs.2Fgm.2Di35.2Frel.2Fwork.2Flibs.2Flibpassthrudev.2Fp2sb_passthru.	75
0x23d0a3	NOTYPE	..lin.fe4b3b57..2571337a.0_41	0
0x23d0b1	NOTYPE	..lin.fe4b3b57..2571337a.0_42	0
0x23d0c6	NOTYPE	..lin.fe4b3b57..2571337a.0_43	0
0x23d0d4	NOTYPE	..lin.fe4b3b57..2571337a.0_44	0
0x23d0d8	FUNC	p2sb_driver_match...2Fhome.2Fmal.2Fgm_release.2FMY22.2D026.2Ffinal.2Fiot.2Frtos.2Flibs.2Fgm.2Di35.2Frel.2Fwork.2Flibs.2Flibpassthrudev.2Fp2sb_passthru.	21
0x23d0e2	NOTYPE	..lin.fe4b3b57..d3d910d3.0_45	0
0x23d0e7	NOTYPE	..lin.fe4b3b57..d3d910d3.0_46	0
0x23d0f0	FUNC	i2c_driver_match...2Fhome.2Fmal.2Fgm_release.2FMY22.2D026.2Ffinal.2Fiot.2Frtos.2Flibs.2Fgm.2Di35.2Frel.2Fwork.2Flibs.2Flibpassthrudev.2Fi2c_passthru.	77
0x23d0fa	NOTYPE	..lin.916b3d7e..409eceba.0_1	0
0x23d101	NOTYPE	..lin.916b3d7e..409eceba.0_2	0
0x23d108	NOTYPE	..lin.916b3d7e..409eceba.0_3	0
0x23d10f	NOTYPE	..lin.916b3d7e..409eceba.0_4	0
0x23d116	NOTYPE	..lin.916b3d7e..409eceba.0_5	0
0x23d11d	NOTYPE	..lin.916b3d7e..409eceba.0_6	0
0x23d124	NOTYPE	..lin.916b3d7e..409eceba.0_7	0
0x23d12b	NOTYPE	..lin.916b3d7e..409eceba.0_8	0
0x23d138	NOTYPE	..lin.916b3d7e..409eceba.0_9	0
0x23d13d	FUNC	i2c_driver_init...2Fhome.2Fmal.2Fgm_release.2FMY22.2D026.2Ffinal.2Fiot.2Frtos.2Flibs.2Fgm.2Di35.2Frel.2Fwork.2Flibs.2Flibpassthrudev.2Fi2c_passthru.	142
0x23d15b	NOTYPE	..lin.916b3d7e..1f35081.0_10	0
0x23d181	NOTYPE	..lin.916b3d7e..1f35081.0_11	0
0x23d186	NOTYPE	..lin.916b3d7e..1f35081.0_12	0
0x23d18c	NOTYPE	..lin.916b3d7e..1f35081.0_13	0
0x23d1b6	NOTYPE	..lin.916b3d7e..1f35081.0_14	0
0x23d1c4	NOTYPE	..lin.916b3d7e..1f35081.0_15	0
0x23d1cb	FUNC	i2c_IODName...2Fhome.2Fmal.2Fgm_release.2FMY22.2D026.2Ffinal.2Fiot.2Frtos.2Flibs.2Fgm.2Di35.2Frel.2Fwork.2Flibs.2Flibpassthrudev.2Fi2c_passthru.	25
0x23d1d1	NOTYPE	..lin.916b3d7e..d1abfa7f.0_16	0
0x23d1e1	NOTYPE	..lin.916b3d7e..d1abfa7f.0_17	0
0x23d1e4	FUNC	gen9_driver_match...2Fhome.2Fmal.2Fgm_release.2FMY22.2D026.2Ffinal.2Fiot.2Frtos.2Flibs.2Fgm.2Di35.2Frel.2Fwork.2Flibs.2Flibpassthrudev.2Fgen9_passthru.	49
0x23d1ee	NOTYPE	..lin.b3eeb793..6b184b0f.0_1	0
0x23d1f5	NOTYPE	..lin.b3eeb793..6b184b0f.0_2	0
0x23d1fc	NOTYPE	..lin.b3eeb793..6b184b0f.0_3	0
0x23d203	NOTYPE	..lin.b3eeb793..6b184b0f.0_4	0
0x23d210	NOTYPE	..lin.b3eeb793..6b184b0f.0_5	0
0x23d215	FUNC	gen9_driver_init...2Fhome.2Fmal.2Fgm_release.2FMY22.2D026.2Ffinal.2Fiot.2Frtos.2Flibs.2Fgm.2Di35.2Frel.2Fwork.2Flibs.2Flibpassthrudev.2Fgen9_passthru.	60
0x23d22a	NOTYPE	..lin.b3eeb793..60541636.0_6	0
0x23d23f	NOTYPE	..lin.b3eeb793..60541636.0_7	0
0x23d24d	NOTYPE	..lin.b3eeb793..60541636.0_8	0
0x23d251	FUNC	gen9_msi_info...2Fhome.2Fmal.2Fgm_release.2FMY22.2D026.2Ffinal.2Fiot.2Frtos.2Flibs.2Fgm.2Di35.2Frel.2Fwork.2Flibs.2Flibpassthrudev.2Fgen9_passthru.	26
0x23d26b	FUNC	Gen9_Initialize...2Fhome.2Fmal.2Fgm_release.2FMY22.2D026.2Ffinal.2Fiot.2Frtos.2Flibs.2Fgm.2Di35.2Frel.2Fwork.2Flibs.2Flibpassthrudev.2Fgen9_passthru.	241
0x23d289	NOTYPE	..lin.b3eeb793..b99e45c9.0_9	0
0x23d297	NOTYPE	..lin.b3eeb793..b99e45c9.0_10	0
0x23d2b2	NOTYPE	..lin.b3eeb793..b99e45c9.0_11	0
0x23d2ca	NOTYPE	..lin.b3eeb793..b99e45c9.0_12	0
0x23d2ec	NOTYPE	..lin.b3eeb793..b99e45c9.0_13	0
0x23d2f7	NOTYPE	..lin.b3eeb793..b99e45c9.0_14	0
0x23d306	NOTYPE	..lin.b3eeb793..b99e45c9.0_15	0
0x23d315	NOTYPE	..lin.b3eeb793..b99e45c9.0_16	0
0x23d324	NOTYPE	..lin.b3eeb793..b99e45c9.0_17	0
0x23d333	NOTYPE	..lin.b3eeb793..b99e45c9.0_18	0
0x23d342	NOTYPE	..lin.b3eeb793..b99e45c9.0_19	0
0x23d354	NOTYPE	..lin.b3eeb793..b99e45c9.0_20	0
0x23d35c	FUNC	Gen9_ReadRegister...2Fhome.2Fmal.2Fgm_release.2FMY22.2D026.2Ffinal.2Fiot.2Frtos.2Flibs.2Fgm.2Di35.2Frel.2Fwork.2Flibs.2Flibpassthrudev.2Fgen9_passthru.	5
0x23d361	NOTYPE	..lin.b3eeb793..28c8aa58.0_21	0
0x23d361	FUNC	Gen9_WriteRegister...2Fhome.2Fmal.2Fgm_release.2FMY22.2D026.2Ffinal.2Fiot.2Frtos.2Flibs.2Fgm.2Di35.2Frel.2Fwork.2Flibs.2Flibpassthrudev.2Fgen9_passthru.	427
0x23d37f	NOTYPE	..lin.b3eeb793..33a927a7.0_22	0
0x23d387	NOTYPE	..lin.b3eeb793..33a927a7.0_23	0
0x23d38e	NOTYPE	..lin.b3eeb793..33a927a7.0_24	0
0x23d39b	NOTYPE	..lin.b3eeb793..33a927a7.0_25	0
0x23d3b2	NOTYPE	..lin.b3eeb793..33a927a7.0_26	0
0x23d3c6	NOTYPE	..lin.b3eeb793..33a927a7.0_27	0
0x23d3d2	NOTYPE	..lin.b3eeb793..33a927a7.0_28	0
0x23d3dd	NOTYPE	..lin.b3eeb793..33a927a7.0_29	0
0x23d3e1	NOTYPE	..lin.b3eeb793..33a927a7.0_30	0
0x23d3f1	NOTYPE	..lin.b3eeb793..33a927a7.0_31	0
0x23d3f9	NOTYPE	..lin.b3eeb793..33a927a7.0_32	0
0x23d402	NOTYPE	..lin.b3eeb793..33a927a7.0_33	0
0x23d422	NOTYPE	..lin.b3eeb793..33a927a7.0_34	0
0x23d42b	NOTYPE	..lin.b3eeb793..33a927a7.0_35	0
0x23d433	NOTYPE	..lin.b3eeb793..33a927a7.0_36	0
0x23d440	NOTYPE	..lin.b3eeb793..33a927a7.0_37	0
0x23d45e	NOTYPE	..lin.b3eeb793..33a927a7.0_38	0
0x23d478	NOTYPE	..lin.b3eeb793..33a927a7.0_39	0
0x23d48d	NOTYPE	..lin.b3eeb793..33a927a7.0_40	0
0x23d49c	NOTYPE	..lin.b3eeb793..33a927a7.0_41	0
0x23d4c5	NOTYPE	..lin.b3eeb793..33a927a7.0_42	0
0x23d4ca	NOTYPE	..lin.b3eeb793..33a927a7.0_43	0
0x23d4d9	NOTYPE	..lin.b3eeb793..33a927a7.0_44	0
0x23d4de	NOTYPE	..lin.b3eeb793..33a927a7.0_45	0
0x23d4e7	NOTYPE	..lin.b3eeb793..33a927a7.0_46	0
0x23d4f8	NOTYPE	..lin.b3eeb793..33a927a7.0_47	0
0x23d4fe	NOTYPE	..lin.b3eeb793..33a927a7.0_48	0
0x23d503	NOTYPE	..lin.b3eeb793..33a927a7.0_49	0
0x23d50c	FUNC	Gen9_ReadStatus...2Fhome.2Fmal.2Fgm_release.2FMY22.2D026.2Ffinal.2Fiot.2Frtos.2Flibs.2Fgm.2Di35.2Frel.2Fwork.2Flibs.2Flibpassthrudev.2Fgen9_passthru.	220
0x23d525	NOTYPE	..lin.b3eeb793..61eb6d97.0_50	0
0x23d52f	NOTYPE	..lin.b3eeb793..61eb6d97.0_51	0
0x23d543	NOTYPE	..lin.b3eeb793..61eb6d97.0_52	0
0x23d553	NOTYPE	..lin.b3eeb793..61eb6d97.0_53	0
0x23d562	NOTYPE	..lin.b3eeb793..61eb6d97.0_54	0
0x23d567	NOTYPE	..lin.b3eeb793..61eb6d97.0_55	0
0x23d57e	NOTYPE	..lin.b3eeb793..61eb6d97.0_56	0
0x23d58c	NOTYPE	..lin.b3eeb793..61eb6d97.0_57	0
0x23d597	NOTYPE	..lin.b3eeb793..61eb6d97.0_58	0
0x23d59c	NOTYPE	..lin.b3eeb793..61eb6d97.0_59	0
0x23d5a0	NOTYPE	..lin.b3eeb793..61eb6d97.0_60	0
0x23d5ad	NOTYPE	..lin.b3eeb793..61eb6d97.0_61	0
0x23d5b7	NOTYPE	..lin.b3eeb793..61eb6d97.0_62	0
0x23d5c9	NOTYPE	..lin.b3eeb793..61eb6d97.0_63	0
0x23d5d6	NOTYPE	..lin.b3eeb793..61eb6d97.0_64	0
0x23d5da	NOTYPE	..lin.b3eeb793..61eb6d97.0_65	0
0x23d5e8	FUNC	spi_driver_match...2Fhome.2Fmal.2Fgm_release.2FMY22.2D026.2Ffinal.2Fiot.2Frtos.2Flibs.2Fgm.2Di35.2Frel.2Fwork.2Flibs.2Flibpassthrudev.2Fspi_passthru.	42
0x23d5f2	NOTYPE	..lin.dfa02fcc..a9803808.0_1	0
0x23d5f9	NOTYPE	..lin.dfa02fcc..a9803808.0_2	0
0x23d600	NOTYPE	..lin.dfa02fcc..a9803808.0_3	0
0x23d60d	NOTYPE	..lin.dfa02fcc..a9803808.0_4	0
0x23d612	FUNC	spi_driver_init...2Fhome.2Fmal.2Fgm_release.2FMY22.2D026.2Ffinal.2Fiot.2Frtos.2Flibs.2Fgm.2Di35.2Frel.2Fwork.2Flibs.2Flibpassthrudev.2Fspi_passthru.	162
0x23d630	NOTYPE	..lin.dfa02fcc..9885c80f.0_5	0
0x23d655	NOTYPE	..lin.dfa02fcc..9885c80f.0_6	0
0x23d69b	NOTYPE	..lin.dfa02fcc..9885c80f.0_7	0
0x23d6a9	NOTYPE	..lin.dfa02fcc..9885c80f.0_8	0
0x23d6ad	NOTYPE	..lin.dfa02fcc..9885c80f.0_9	0
0x23d6b4	FUNC	spi_IODName...2Fhome.2Fmal.2Fgm_release.2FMY22.2D026.2Ffinal.2Fiot.2Frtos.2Flibs.2Fgm.2Di35.2Frel.2Fwork.2Flibs.2Flibpassthrudev.2Fspi_passthru.	25
0x23d6ba	NOTYPE	..lin.dfa02fcc..bcc4db0d.0_10	0
0x23d6ca	NOTYPE	..lin.dfa02fcc..bcc4db0d.0_11	0
0x23d6d0	FUNC	Xdci_ExceptionHandler...2Fhome.2Fmal.2Fgm_release.2FMY22.2D026.2Ffinal.2Fiot.2Frtos.2Flibs.2Fgm.2Di35.2Frel.2Fwork.2Flibs.2Flibpassthrudev.2Fxdci_passthru.	25
0x23d6e4	NOTYPE	..lin.cf4a6828..ab7caab9.0_1	0
0x23d6e9	NOTYPE	..lin.cf4a6828..ab7caab9.0_2	0
0x23d6e9	FUNC	xdci_driver_match...2Fhome.2Fmal.2Fgm_release.2FMY22.2D026.2Ffinal.2Fiot.2Frtos.2Flibs.2Fgm.2Di35.2Frel.2Fwork.2Flibs.2Flibpassthrudev.2Fxdci_passthru.	27
0x23d6f2	NOTYPE	..lin.cf4a6828..37543e24.0_3	0
0x23d6ff	NOTYPE	..lin.cf4a6828..37543e24.0_4	0
0x23d704	FUNC	xdci_driver_init...2Fhome.2Fmal.2Fgm_release.2FMY22.2D026.2Ffinal.2Fiot.2Frtos.2Flibs.2Fgm.2Di35.2Frel.2Fwork.2Flibs.2Flibpassthrudev.2Fxdci_passthru.	64
0x23d719	NOTYPE	..lin.cf4a6828..e2a37aab.0_5	0
0x23d732	NOTYPE	..lin.cf4a6828..e2a37aab.0_6	0
0x23d740	NOTYPE	..lin.cf4a6828..e2a37aab.0_7	0
0x23d744	FUNC	EHCI_Initialize...2Fhome.2Fmal.2Fgm_release.2FMY22.2D026.2Ffinal.2Fiot.2Frtos.2Flibs.2Fgm.2Di35.2Frel.2Fwork.2Flibs.2Flibpassthrudev.2Fusb_onboard_vm.	52
0x23d757	NOTYPE	..lin.2cbb60b7..7708206f.0_1	0
0x23d75c	NOTYPE	..lin.2cbb60b7..7708206f.0_2	0
0x23d76c	NOTYPE	..lin.2cbb60b7..7708206f.0_3	0
0x23d774	NOTYPE	..lin.2cbb60b7..7708206f.0_4	0
0x23d778	FUNC	EHCI_InitializeResources...2Fhome.2Fmal.2Fgm_release.2FMY22.2D026.2Ffinal.2Fiot.2Frtos.2Flibs.2Fgm.2Di35.2Frel.2Fwork.2Flibs.2Flibpassthrudev.2Fusb_onboard_vm.	146
0x23d7f6	NOTYPE	..lin.2cbb60b7..18718daa.0_5	0
0x23d801	NOTYPE	..lin.2cbb60b7..18718daa.0_6	0
0x23d80a	FUNC	ehci_driver_match...2Fhome.2Fmal.2Fgm_release.2FMY22.2D026.2Ffinal.2Fiot.2Frtos.2Flibs.2Fgm.2Di35.2Frel.2Fwork.2Flibs.2Flibpassthrudev.2Fusb_onboard_vm.	33
0x23d814	NOTYPE	..lin.2cbb60b7..81fd0f95.0_7	0
0x23d81b	NOTYPE	..lin.2cbb60b7..81fd0f95.0_8	0
0x23d826	NOTYPE	..lin.2cbb60b7..81fd0f95.0_9	0
0x23d82b	FUNC	ehci_driver_init...2Fhome.2Fmal.2Fgm_release.2FMY22.2D026.2Ffinal.2Fiot.2Frtos.2Flibs.2Fgm.2Di35.2Frel.2Fwork.2Flibs.2Flibpassthrudev.2Fusb_onboard_vm.	166
0x23d849	NOTYPE	..lin.2cbb60b7..87cf61fc.0_10	0
0x23d86c	NOTYPE	..lin.2cbb60b7..87cf61fc.0_11	0
0x23d879	NOTYPE	..lin.2cbb60b7..87cf61fc.0_12	0
0x23d8b8	NOTYPE	..lin.2cbb60b7..87cf61fc.0_13	0
0x23d8c6	NOTYPE	..lin.2cbb60b7..87cf61fc.0_14	0
0x23d8ca	NOTYPE	..lin.2cbb60b7..87cf61fc.0_15	0
0x23d8d1	FUNC	EHCI_IODName...2Fhome.2Fmal.2Fgm_release.2FMY22.2D026.2Ffinal.2Fiot.2Frtos.2Flibs.2Fgm.2Di35.2Frel.2Fwork.2Flibs.2Flibpassthrudev.2Fusb_onboard_vm.	25
0x23d8d7	NOTYPE	..lin.2cbb60b7..af99edfa.0_16	0
0x23d8e7	NOTYPE	..lin.2cbb60b7..af99edfa.0_17	0
0x23d8ea	FUNC	xhci_driver_match...2Fhome.2Fmal.2Fgm_release.2FMY22.2D026.2Ffinal.2Fiot.2Frtos.2Flibs.2Fgm.2Di35.2Frel.2Fwork.2Flibs.2Flibpassthrudev.2Fusb_onboard_vm.	27
0x23d8f3	NOTYPE	..lin.2cbb60b7..6828d5a8.0_18	0
0x23d900	NOTYPE	..lin.2cbb60b7..6828d5a8.0_19	0
0x23d905	FUNC	xhci_driver_init...2Fhome.2Fmal.2Fgm_release.2FMY22.2D026.2Ffinal.2Fiot.2Frtos.2Flibs.2Fgm.2Di35.2Frel.2Fwork.2Flibs.2Flibpassthrudev.2Fusb_onboard_vm.	295
0x23d928	NOTYPE	..lin.2cbb60b7..6fc131af.0_20	0
0x23d94b	NOTYPE	..lin.2cbb60b7..6fc131af.0_21	0
0x23d958	NOTYPE	..lin.2cbb60b7..6fc131af.0_22	0
0x23d997	NOTYPE	..lin.2cbb60b7..6fc131af.0_23	0
0x23d9a5	NOTYPE	..lin.2cbb60b7..6fc131af.0_24	0
0x23d9b9	NOTYPE	..lin.2cbb60b7..6fc131af.0_25	0
0x23d9c9	NOTYPE	..lin.2cbb60b7..6fc131af.0_26	0
0x23d9f0	NOTYPE	..lin.2cbb60b7..6fc131af.0_27	0
0x23da0d	NOTYPE	..lin.2cbb60b7..6fc131af.0_28	0
0x23da18	NOTYPE	..lin.2cbb60b7..6fc131af.0_29	0
0x23da23	NOTYPE	..lin.2cbb60b7..6fc131af.0_30	0
0x23da2c	FUNC	xhci_msi_info...2Fhome.2Fmal.2Fgm_release.2FMY22.2D026.2Ffinal.2Fiot.2Frtos.2Flibs.2Fgm.2Di35.2Frel.2Fwork.2Flibs.2Flibpassthrudev.2Fusb_onboard_vm.	26
0x23da46	FUNC	XhciPassthru_Initialize...2Fhome.2Fmal.2Fgm_release.2FMY22.2D026.2Ffinal.2Fiot.2Frtos.2Flibs.2Fgm.2Di35.2Frel.2Fwork.2Flibs.2Flibpassthrudev.2Fusb_onboard_vm.	24
0x23da56	NOTYPE	..lin.2cbb60b7..d885121c.0_31	0
0x23da5e	NOTYPE	..lin.2cbb60b7..d885121c.0_32	0
0x23da5e	FUNC	XhciPassthru_WriteRegister...2Fhome.2Fmal.2Fgm_release.2FMY22.2D026.2Ffinal.2Fiot.2Frtos.2Flibs.2Fgm.2Di35.2Frel.2Fwork.2Flibs.2Flibpassthrudev.2Fusb_onboard_vm.	202
0x23da92	NOTYPE	..lin.2cbb60b7..20d9f71a.0_33	0
0x23da9f	NOTYPE	..lin.2cbb60b7..20d9f71a.0_34	0
0x23dac3	NOTYPE	..lin.2cbb60b7..20d9f71a.0_35	0
0x23dad9	NOTYPE	..lin.2cbb60b7..20d9f71a.0_36	0
0x23dae9	NOTYPE	..lin.2cbb60b7..20d9f71a.0_37	0
0x23daee	NOTYPE	..lin.2cbb60b7..20d9f71a.0_38	0
0x23daff	NOTYPE	..lin.2cbb60b7..20d9f71a.0_39	0
0x23db0a	NOTYPE	..lin.2cbb60b7..20d9f71a.0_40	0
0x23db1a	NOTYPE	..lin.2cbb60b7..20d9f71a.0_41	0
0x23db28	FUNC	XHCI_IODName...2Fhome.2Fmal.2Fgm_release.2FMY22.2D026.2Ffinal.2Fiot.2Frtos.2Flibs.2Fgm.2Di35.2Frel.2Fwork.2Flibs.2Flibpassthrudev.2Fusb_onboard_vm.	25
0x23db2e	NOTYPE	..lin.2cbb60b7..51a9dc2d.0_42	0
0x23db3e	NOTYPE	..lin.2cbb60b7..51a9dc2d.0_43	0
0x23db44	FUNC	Safeplex_IsSecureBoot...2Fhome.2Fmal.2Fgm_release.2FMY22.2D026.2Ffinal.2Fiot.2Frtos.2Flibs.2Fgm.2Di35.2Frel.2Fwork.2Flibs.2Flibpassthrudev.2Fusb_onboard_common.	3
0x23db47	FUNC	Usb_GrabEHCI	369
0x23db57	NOTYPE	..lin.bc6ab4fd..ff59a003.0_1	0
0x23db69	NOTYPE	..lin.bc6ab4fd..ff59a003.0_2	0
0x23db6f	NOTYPE	..lin.bc6ab4fd..ff59a003.0_3	0
0x23db8e	NOTYPE	..lin.bc6ab4fd..ff59a003.0_4	0
0x23db98	NOTYPE	..lin.bc6ab4fd..ff59a003.0_5	0
0x23dba5	NOTYPE	..lin.bc6ab4fd..ff59a003.0_6	0
0x23dbbf	NOTYPE	..lin.bc6ab4fd..ff59a003.0_7	0
0x23dbd5	NOTYPE	..lin.bc6ab4fd..ff59a003.0_8	0
0x23dbe7	NOTYPE	..lin.bc6ab4fd..ff59a003.0_9	0
0x23dbfd	NOTYPE	..lin.bc6ab4fd..ff59a003.0_10	0
0x23dc1c	NOTYPE	..lin.bc6ab4fd..ff59a003.0_11	0
0x23dc26	NOTYPE	..lin.bc6ab4fd..ff59a003.0_12	0
0x23dc38	NOTYPE	..lin.bc6ab4fd..ff59a003.0_13	0
0x23dc5c	NOTYPE	..lin.bc6ab4fd..ff59a003.0_14	0
0x23dc6b	NOTYPE	..lin.bc6ab4fd..ff59a003.0_15	0
0x23dc7d	NOTYPE	..lin.bc6ab4fd..ff59a003.0_16	0
0x23dca4	NOTYPE	..lin.bc6ab4fd..ff59a003.0_17	0
0x23dcb6	NOTYPE	..lin.bc6ab4fd..ff59a003.0_18	0
0x23dcb8	FUNC	Usb_ChipsetInitEHCI	1
0x23dcbc	FUNC	Passthru_ExceptionHandler	344
0x23dce7	NOTYPE	..lin.79bbcf61..45c8becb.0_1	0
0x23dced	NOTYPE	..lin.79bbcf61..45c8becb.0_2	0
0x23dcfb	NOTYPE	..lin.79bbcf61..45c8becb.0_3	0
0x23dd04	NOTYPE	..lin.79bbcf61..45c8becb.0_4	0
0x23dd1b	NOTYPE	..lin.79bbcf61..45c8becb.0_5	0
0x23dd1d	NOTYPE	..lin.79bbcf61..45c8becb.0_6	0
0x23dd24	NOTYPE	..lin.79bbcf61..45c8becb.0_7	0
0x23dd2d	NOTYPE	..lin.79bbcf61..45c8becb.0_8	0
0x23dd35	NOTYPE	..lin.79bbcf61..45c8becb.0_9	0
0x23dd3d	NOTYPE	..lin.79bbcf61..45c8becb.0_10	0
0x23dd43	NOTYPE	..lin.79bbcf61..45c8becb.0_11	0
0x23dd4b	NOTYPE	..lin.79bbcf61..45c8becb.0_12	0
0x23dd5a	NOTYPE	..lin.79bbcf61..45c8becb.0_13	0
0x23dd6f	NOTYPE	..lin.79bbcf61..45c8becb.0_14	0
0x23dd74	NOTYPE	..lin.79bbcf61..45c8becb.0_15	0
0x23dd81	NOTYPE	..lin.79bbcf61..45c8becb.0_16	0
0x23dd86	NOTYPE	..lin.79bbcf61..45c8becb.0_17	0
0x23dd8f	NOTYPE	..lin.79bbcf61..45c8becb.0_18	0
0x23dda4	NOTYPE	..lin.79bbcf61..45c8becb.0_19	0
0x23ddb6	NOTYPE	..lin.79bbcf61..45c8becb.0_20	0
0x23ddbd	NOTYPE	..lin.79bbcf61..45c8becb.0_21	0
0x23ddc6	NOTYPE	..lin.79bbcf61..45c8becb.0_22	0
0x23dde2	NOTYPE	..lin.79bbcf61..45c8becb.0_23	0
0x23ddf3	NOTYPE	..lin.79bbcf61..45c8becb.0_24	0
0x23ddf8	NOTYPE	..lin.79bbcf61..45c8becb.0_25	0
0x23de07	NOTYPE	..lin.79bbcf61..45c8becb.0_26	0
0x23de14	FUNC	Passthru_AccessBar...2Fhome.2Fmal.2Fgm_release.2FMY22.2D026.2Ffinal.2Fiot.2Frtos.2Flibs.2Fgm.2Di35.2Frel.2Fwork.2Flibs.2Flibpassthrudev.2Fpassthru.	152
0x23de29	NOTYPE	..lin.79bbcf61..4044f4e5.0_27	0
0x23de2e	NOTYPE	..lin.79bbcf61..4044f4e5.0_28	0
0x23de37	NOTYPE	..lin.79bbcf61..4044f4e5.0_29	0
0x23de3d	NOTYPE	..lin.79bbcf61..4044f4e5.0_30	0
0x23de55	NOTYPE	..lin.79bbcf61..4044f4e5.0_31	0
0x23de5c	NOTYPE	..lin.79bbcf61..4044f4e5.0_32	0
0x23de60	NOTYPE	..lin.79bbcf61..4044f4e5.0_33	0
0x23de64	NOTYPE	..lin.79bbcf61..4044f4e5.0_34	0
0x23de6d	NOTYPE	..lin.79bbcf61..4044f4e5.0_35	0
0x23de74	NOTYPE	..lin.79bbcf61..4044f4e5.0_36	0
0x23de7b	NOTYPE	..lin.79bbcf61..4044f4e5.0_37	0
0x23de81	NOTYPE	..lin.79bbcf61..4044f4e5.0_38	0
0x23de88	NOTYPE	..lin.79bbcf61..4044f4e5.0_39	0
0x23de8e	NOTYPE	..lin.79bbcf61..4044f4e5.0_40	0
0x23de93	NOTYPE	..lin.79bbcf61..4044f4e5.0_41	0
0x23de9a	NOTYPE	..lin.79bbcf61..4044f4e5.0_42	0
0x23dea0	NOTYPE	..lin.79bbcf61..4044f4e5.0_43	0
0x23dea6	NOTYPE	..lin.79bbcf61..4044f4e5.0_44	0
0x23deac	FUNC	Passthru_WritePciCfg...2Fhome.2Fmal.2Fgm_release.2FMY22.2D026.2Ffinal.2Fiot.2Frtos.2Flibs.2Fgm.2Di35.2Frel.2Fwork.2Flibs.2Flibpassthrudev.2Fpassthru.	194
0x23ded5	NOTYPE	..lin.79bbcf61..25b6e695.0_45	0
0x23dedf	NOTYPE	..lin.79bbcf61..25b6e695.0_46	0
0x23def7	NOTYPE	..lin.79bbcf61..25b6e695.0_47	0
0x23df06	NOTYPE	..lin.79bbcf61..25b6e695.0_48	0
0x23df0c	NOTYPE	..lin.79bbcf61..25b6e695.0_49	0
0x23df11	NOTYPE	..lin.79bbcf61..25b6e695.0_50	0
0x23df19	NOTYPE	..lin.79bbcf61..25b6e695.0_51	0
0x23df22	NOTYPE	..lin.79bbcf61..25b6e695.0_52	0
0x23df32	NOTYPE	..lin.79bbcf61..25b6e695.0_53	0
0x23df50	NOTYPE	..lin.79bbcf61..25b6e695.0_54	0
0x23df52	NOTYPE	..lin.79bbcf61..25b6e695.0_55	0
0x23df64	NOTYPE	..lin.79bbcf61..25b6e695.0_56	0
0x23df6e	FUNC	Passthru_ReadPciCfg...2Fhome.2Fmal.2Fgm_release.2FMY22.2D026.2Ffinal.2Fiot.2Frtos.2Flibs.2Fgm.2Di35.2Frel.2Fwork.2Flibs.2Flibpassthrudev.2Fpassthru.	78
0x23df88	NOTYPE	..lin.79bbcf61..fe60fc26.0_57	0
0x23df98	NOTYPE	..lin.79bbcf61..fe60fc26.0_58	0
0x23dfaf	NOTYPE	..lin.79bbcf61..fe60fc26.0_59	0
0x23dfbc	NOTYPE	..lin.79bbcf61..fe60fc26.0_60	0
0x23dfbc	FUNC	Passthru_AccessRegister...2Fhome.2Fmal.2Fgm_release.2FMY22.2D026.2Ffinal.2Fiot.2Frtos.2Flibs.2Fgm.2Di35.2Frel.2Fwork.2Flibs.2Flibpassthrudev.2Fpassthru.	212
0x23e00f	NOTYPE	..lin.79bbcf61..31b56595.0_61	0
0x23e027	NOTYPE	..lin.79bbcf61..31b56595.0_62	0
0x23e02d	NOTYPE	..lin.79bbcf61..31b56595.0_63	0
0x23e034	NOTYPE	..lin.79bbcf61..31b56595.0_64	0
0x23e057	NOTYPE	..lin.79bbcf61..31b56595.0_65	0
0x23e05e	NOTYPE	..lin.79bbcf61..31b56595.0_66	0
0x23e06a	NOTYPE	..lin.79bbcf61..31b56595.0_67	0
0x23e072	NOTYPE	..lin.79bbcf61..31b56595.0_68	0
0x23e076	NOTYPE	..lin.79bbcf61..31b56595.0_69	0
0x23e081	NOTYPE	..lin.79bbcf61..31b56595.0_70	0
0x23e090	FUNC	Passthru_ReadRegister	693
0x23e0aa	NOTYPE	..lin.79bbcf61..8b15787f.0_71	0
0x23e0cc	NOTYPE	..lin.79bbcf61..8b15787f.0_72	0
0x23e0e1	NOTYPE	..lin.79bbcf61..8b15787f.0_73	0
0x23e0e8	NOTYPE	..lin.79bbcf61..8b15787f.0_74	0
0x23e0f1	NOTYPE	..lin.79bbcf61..8b15787f.0_75	0
0x23e0fa	NOTYPE	..lin.79bbcf61..8b15787f.0_76	0
0x23e103	NOTYPE	..lin.79bbcf61..8b15787f.0_77	0
0x23e10c	NOTYPE	..lin.79bbcf61..8b15787f.0_78	0
0x23e115	NOTYPE	..lin.79bbcf61..8b15787f.0_79	0
0x23e11d	NOTYPE	..lin.79bbcf61..8b15787f.0_80	0
0x23e126	NOTYPE	..lin.79bbcf61..8b15787f.0_81	0
0x23e12e	NOTYPE	..lin.79bbcf61..8b15787f.0_82	0
0x23e135	NOTYPE	..lin.79bbcf61..8b15787f.0_83	0
0x23e13e	NOTYPE	..lin.79bbcf61..8b15787f.0_84	0
0x23e14c	NOTYPE	..lin.79bbcf61..8b15787f.0_85	0
0x23e14e	NOTYPE	..lin.79bbcf61..8b15787f.0_86	0
0x23e157	NOTYPE	..lin.79bbcf61..8b15787f.0_87	0
0x23e163	NOTYPE	..lin.79bbcf61..8b15787f.0_88	0
0x23e16c	NOTYPE	..lin.79bbcf61..8b15787f.0_89	0
0x23e17e	NOTYPE	..lin.79bbcf61..8b15787f.0_90	0
0x23e180	NOTYPE	..lin.79bbcf61..8b15787f.0_91	0
0x23e189	NOTYPE	..lin.79bbcf61..8b15787f.0_92	0
0x23e193	NOTYPE	..lin.79bbcf61..8b15787f.0_93	0
0x23e19c	NOTYPE	..lin.79bbcf61..8b15787f.0_94	0
0x23e1a6	NOTYPE	..lin.79bbcf61..8b15787f.0_95	0
0x23e1af	NOTYPE	..lin.79bbcf61..8b15787f.0_96	0
0x23e1b6	NOTYPE	..lin.79bbcf61..8b15787f.0_97	0
0x23e1bf	NOTYPE	..lin.79bbcf61..8b15787f.0_98	0
0x23e1c6	NOTYPE	..lin.79bbcf61..8b15787f.0_99	0
0x23e1cf	NOTYPE	..lin.79bbcf61..8b15787f.0_100	0
0x23e1d8	NOTYPE	..lin.79bbcf61..8b15787f.0_101	0
0x23e1e1	NOTYPE	..lin.79bbcf61..8b15787f.0_102	0
0x23e1ea	NOTYPE	..lin.79bbcf61..8b15787f.0_103	0
0x23e207	NOTYPE	..lin.79bbcf61..8b15787f.0_104	0
0x23e20f	NOTYPE	..lin.79bbcf61..8b15787f.0_105	0
0x23e216	NOTYPE	..lin.79bbcf61..8b15787f.0_106	0
0x23e21b	NOTYPE	..lin.79bbcf61..8b15787f.0_107	0
0x23e228	NOTYPE	..lin.79bbcf61..8b15787f.0_108	0
0x23e236	NOTYPE	..lin.79bbcf61..8b15787f.0_109	0
0x23e23b	NOTYPE	..lin.79bbcf61..8b15787f.0_110	0
0x23e248	NOTYPE	..lin.79bbcf61..8b15787f.0_111	0
0x23e253	NOTYPE	..lin.79bbcf61..8b15787f.0_112	0
0x23e25a	NOTYPE	..lin.79bbcf61..8b15787f.0_113	0
0x23e266	NOTYPE	..lin.79bbcf61..8b15787f.0_114	0
0x23e26f	NOTYPE	..lin.79bbcf61..8b15787f.0_115	0
0x23e274	NOTYPE	..lin.79bbcf61..8b15787f.0_116	0
0x23e288	NOTYPE	..lin.79bbcf61..8b15787f.0_117	0
0x23e29a	NOTYPE	..lin.79bbcf61..8b15787f.0_118	0
0x23e2a1	NOTYPE	..lin.79bbcf61..8b15787f.0_119	0
0x23e2ae	NOTYPE	..lin.79bbcf61..8b15787f.0_120	0
0x23e2c9	NOTYPE	..lin.79bbcf61..8b15787f.0_121	0
0x23e2d5	NOTYPE	..lin.79bbcf61..8b15787f.0_122	0
0x23e2da	NOTYPE	..lin.79bbcf61..8b15787f.0_123	0
0x23e2e3	NOTYPE	..lin.79bbcf61..8b15787f.0_124	0
0x23e2ec	NOTYPE	..lin.79bbcf61..8b15787f.0_125	0
0x23e302	NOTYPE	..lin.79bbcf61..8b15787f.0_126	0
0x23e306	NOTYPE	..lin.79bbcf61..8b15787f.0_127	0
0x23e313	NOTYPE	..lin.79bbcf61..8b15787f.0_128	0
0x23e322	NOTYPE	..lin.79bbcf61..8b15787f.0_129	0
0x23e326	NOTYPE	..lin.79bbcf61..8b15787f.0_130	0
0x23e32e	NOTYPE	..lin.79bbcf61..8b15787f.0_131	0
0x23e332	NOTYPE	..lin.79bbcf61..8b15787f.0_132	0
0x23e337	NOTYPE	..lin.79bbcf61..8b15787f.0_133	0
0x23e345	FUNC	Passthru_WriteRegister	216
0x23e356	NOTYPE	..lin.79bbcf61..df8fbaae.0_134	0
0x23e35e	NOTYPE	..lin.79bbcf61..df8fbaae.0_135	0
0x23e38d	NOTYPE	..lin.79bbcf61..df8fbaae.0_136	0
0x23e396	NOTYPE	..lin.79bbcf61..df8fbaae.0_137	0
0x23e3a1	NOTYPE	..lin.79bbcf61..df8fbaae.0_138	0
0x23e3ad	NOTYPE	..lin.79bbcf61..df8fbaae.0_139	0
0x23e3b2	NOTYPE	..lin.79bbcf61..df8fbaae.0_140	0
0x23e3b7	NOTYPE	..lin.79bbcf61..df8fbaae.0_141	0
0x23e3bc	NOTYPE	..lin.79bbcf61..df8fbaae.0_142	0
0x23e3c6	NOTYPE	..lin.79bbcf61..df8fbaae.0_143	0
0x23e3c8	NOTYPE	..lin.79bbcf61..df8fbaae.0_144	0
0x23e3d1	NOTYPE	..lin.79bbcf61..df8fbaae.0_145	0
0x23e3d6	NOTYPE	..lin.79bbcf61..df8fbaae.0_146	0
0x23e3de	NOTYPE	..lin.79bbcf61..df8fbaae.0_147	0
0x23e3e4	NOTYPE	..lin.79bbcf61..df8fbaae.0_148	0
0x23e3e9	NOTYPE	..lin.79bbcf61..df8fbaae.0_149	0
0x23e3f2	NOTYPE	..lin.79bbcf61..df8fbaae.0_150	0
0x23e3f6	NOTYPE	..lin.79bbcf61..df8fbaae.0_151	0
0x23e407	NOTYPE	..lin.79bbcf61..df8fbaae.0_152	0
0x23e413	NOTYPE	..lin.79bbcf61..df8fbaae.0_153	0
0x23e41d	FUNC	Passthru_Initialize	24
0x23e426	NOTYPE	..lin.79bbcf61..5e435e30.0_154	0
0x23e431	NOTYPE	..lin.79bbcf61..5e435e30.0_155	0
0x23e435	FUNC	Passthru_InitializeResources	262
0x23e46f	NOTYPE	..lin.79bbcf61..e298d48b.0_156	0
0x23e486	NOTYPE	..lin.79bbcf61..e298d48b.0_157	0
0x23e492	NOTYPE	..lin.79bbcf61..e298d48b.0_158	0
0x23e49f	NOTYPE	..lin.79bbcf61..e298d48b.0_159	0
0x23e4a4	NOTYPE	..lin.79bbcf61..e298d48b.0_160	0
0x23e4af	NOTYPE	..lin.79bbcf61..e298d48b.0_161	0
0x23e4ca	NOTYPE	..lin.79bbcf61..e298d48b.0_162	0
0x23e4d0	NOTYPE	..lin.79bbcf61..e298d48b.0_163	0
0x23e4da	NOTYPE	..lin.79bbcf61..e298d48b.0_164	0
0x23e4e0	NOTYPE	..lin.79bbcf61..e298d48b.0_165	0
0x23e4e8	NOTYPE	..lin.79bbcf61..e298d48b.0_166	0
0x23e4ec	NOTYPE	..lin.79bbcf61..e298d48b.0_167	0
0x23e4fa	NOTYPE	..lin.79bbcf61..e298d48b.0_168	0
0x23e509	NOTYPE	..lin.79bbcf61..e298d48b.0_169	0
0x23e50d	NOTYPE	..lin.79bbcf61..e298d48b.0_170	0
0x23e51d	NOTYPE	..lin.79bbcf61..e298d48b.0_171	0
0x23e521	NOTYPE	..lin.79bbcf61..e298d48b.0_172	0
0x23e52d	NOTYPE	..lin.79bbcf61..e298d48b.0_173	0
0x23e533	NOTYPE	..lin.79bbcf61..e298d48b.0_174	0
0x23e53b	FUNC	Passthru_Finalize	3
0x23e53e	FUNC	Passthru_PciDeviceMatch	156
0x23e554	NOTYPE	..lin.79bbcf61..5d61c457.0_175	0
0x23e55d	NOTYPE	..lin.79bbcf61..5d61c457.0_176	0
0x23e562	NOTYPE	..lin.79bbcf61..5d61c457.0_177	0
0x23e569	NOTYPE	..lin.79bbcf61..5d61c457.0_178	0
0x23e570	NOTYPE	..lin.79bbcf61..5d61c457.0_179	0
0x23e583	NOTYPE	..lin.79bbcf61..5d61c457.0_180	0
0x23e592	NOTYPE	..lin.79bbcf61..5d61c457.0_181	0
0x23e5a2	NOTYPE	..lin.79bbcf61..5d61c457.0_182	0
0x23e5b5	NOTYPE	..lin.79bbcf61..5d61c457.0_183	0
0x23e5bc	NOTYPE	..lin.79bbcf61..5d61c457.0_184	0
0x23e5cb	NOTYPE	..lin.79bbcf61..5d61c457.0_185	0
0x23e5da	FUNC	BSP_GetIODeviceBdfForVtd	76
0x23e600	NOTYPE	..lin.79bbcf61..aef31092.0_186	0
0x23e604	NOTYPE	..lin.79bbcf61..aef31092.0_187	0
0x23e60b	NOTYPE	..lin.79bbcf61..aef31092.0_188	0
0x23e611	NOTYPE	..lin.79bbcf61..aef31092.0_189	0
0x23e621	NOTYPE	..lin.79bbcf61..aef31092.0_190	0
0x23e628	FUNC	GPIO_PCI_DriverMatch...2Fhome.2Fmal.2Fgm_release.2FMY22.2D026.2Ffinal.2Fiot.2Frtos.2Flibs.2Fgm.2Di35.2Frel.2Fwork.2Flibs.2Flibgpiobsp.2Fgpio.	70
0x23e631	NOTYPE	..lin.e46b18d1..efc16a47.0_1	0
0x23e647	NOTYPE	..lin.e46b18d1..efc16a47.0_2	0
0x23e654	NOTYPE	..lin.e46b18d1..efc16a47.0_3	0
0x23e65e	NOTYPE	..lin.e46b18d1..efc16a47.0_4	0
0x23e669	NOTYPE	..lin.e46b18d1..efc16a47.0_5	0
0x23e66e	FUNC	GPIO_PCI_DriverInit...2Fhome.2Fmal.2Fgm_release.2FMY22.2D026.2Ffinal.2Fiot.2Frtos.2Flibs.2Fgm.2Di35.2Frel.2Fwork.2Flibs.2Flibgpiobsp.2Fgpio.	165
0x23e69f	NOTYPE	..lin.e46b18d1..e83a2e6e.0_6	0
0x23e6c6	NOTYPE	..lin.e46b18d1..e83a2e6e.0_7	0
0x23e6e0	NOTYPE	..lin.e46b18d1..e83a2e6e.0_8	0
0x23e701	NOTYPE	..lin.e46b18d1..e83a2e6e.0_9	0
0x23e70e	NOTYPE	..lin.e46b18d1..e83a2e6e.0_10	0
0x23e713	FUNC	GPIO_GS_ExceptionHandler...2Fhome.2Fmal.2Fgm_release.2FMY22.2D026.2Ffinal.2Fiot.2Frtos.2Flibs.2Fgm.2Di35.2Frel.2Fwork.2Flibs.2Flibgpiobsp.2Fgpio.	52
0x23e729	NOTYPE	..lin.e46b18d1..a9e8bcd9.0_11	0
0x23e743	NOTYPE	..lin.e46b18d1..a9e8bcd9.0_12	0
0x23e747	FUNC	GPIO_GS_IE_AndIS_Handler...2Fhome.2Fmal.2Fgm_release.2FMY22.2D026.2Ffinal.2Fiot.2Frtos.2Flibs.2Fgm.2Di35.2Frel.2Fwork.2Flibs.2Flibgpiobsp.2Fgpio.	162
0x23e76a	NOTYPE	..lin.e46b18d1..6ea83205.0_13	0
0x23e773	NOTYPE	..lin.e46b18d1..6ea83205.0_14	0
0x23e778	NOTYPE	..lin.e46b18d1..6ea83205.0_15	0
0x23e78e	NOTYPE	..lin.e46b18d1..6ea83205.0_16	0
0x23e7a0	NOTYPE	..lin.e46b18d1..6ea83205.0_17	0
0x23e7aa	NOTYPE	..lin.e46b18d1..6ea83205.0_18	0
0x23e7b7	NOTYPE	..lin.e46b18d1..6ea83205.0_19	0
0x23e7bc	NOTYPE	..lin.e46b18d1..6ea83205.0_20	0
0x23e7c8	NOTYPE	..lin.e46b18d1..6ea83205.0_21	0
0x23e7cd	NOTYPE	..lin.e46b18d1..6ea83205.0_22	0
0x23e7d5	NOTYPE	..lin.e46b18d1..6ea83205.0_23	0
0x23e7d9	NOTYPE	..lin.e46b18d1..6ea83205.0_24	0
0x23e7e9	FUNC	GPIO_GS_ExceptionCallback...2Fhome.2Fmal.2Fgm_release.2FMY22.2D026.2Ffinal.2Fiot.2Frtos.2Flibs.2Fgm.2Di35.2Frel.2Fwork.2Flibs.2Flibgpiobsp.2Fgpio.	385
0x23e848	NOTYPE	..lin.e46b18d1..45981408.0_25	0
0x23e850	NOTYPE	..lin.e46b18d1..45981408.0_26	0
0x23e859	NOTYPE	..lin.e46b18d1..45981408.0_27	0
0x23e873	NOTYPE	..lin.e46b18d1..45981408.0_28	0
0x23e878	NOTYPE	..lin.e46b18d1..45981408.0_29	0
0x23e896	NOTYPE	..lin.e46b18d1..45981408.0_30	0
0x23e8d8	NOTYPE	..lin.e46b18d1..45981408.0_31	0
0x23e8e9	NOTYPE	..lin.e46b18d1..45981408.0_32	0
0x23e8f7	NOTYPE	..lin.e46b18d1..45981408.0_33	0
0x23e907	NOTYPE	..lin.e46b18d1..45981408.0_34	0
0x23e913	NOTYPE	..lin.e46b18d1..45981408.0_35	0
0x23e932	NOTYPE	..lin.e46b18d1..45981408.0_36	0
0x23e95f	NOTYPE	..lin.e46b18d1..45981408.0_37	0
0x23e96a	FUNC	GpioInitialize	331
0x23e985	NOTYPE	..lin.e46b18d1..14b3c506.0_38	0
0x23e98e	NOTYPE	..lin.e46b18d1..14b3c506.0_39	0
0x23e995	NOTYPE	..lin.e46b18d1..14b3c506.0_40	0
0x23e9a3	NOTYPE	..lin.e46b18d1..14b3c506.0_41	0
0x23e9c4	NOTYPE	..lin.e46b18d1..14b3c506.0_42	0
0x23e9d7	NOTYPE	..lin.e46b18d1..14b3c506.0_43	0
0x23e9ea	NOTYPE	..lin.e46b18d1..14b3c506.0_44	0
0x23ea0a	NOTYPE	..lin.e46b18d1..14b3c506.0_45	0
0x23ea35	NOTYPE	..lin.e46b18d1..14b3c506.0_46	0
0x23ea3e	NOTYPE	..lin.e46b18d1..14b3c506.0_47	0
0x23ea4c	NOTYPE	..lin.e46b18d1..14b3c506.0_48	0
0x23ea50	NOTYPE	..lin.e46b18d1..14b3c506.0_49	0
0x23ea60	NOTYPE	..lin.e46b18d1..14b3c506.0_50	0
0x23ea72	NOTYPE	..lin.e46b18d1..14b3c506.0_51	0
0x23ea88	NOTYPE	..lin.e46b18d1..14b3c506.0_52	0
0x23ea96	NOTYPE	..lin.e46b18d1..14b3c506.0_53	0
0x23eaa4	NOTYPE	..lin.e46b18d1..14b3c506.0_54	0
0x23eaae	NOTYPE	..lin.e46b18d1..14b3c506.0_55	0
0x23eab5	FUNC	gpio_get_commpin...2Fhome.2Fmal.2Fgm_release.2FMY22.2D026.2Ffinal.2Fiot.2Frtos.2Flibs.2Fgm.2Di35.2Frel.2Fwork.2Flibs.2Flibgpiobsp.2Fgpio.	18
0x23eac6	NOTYPE	..lin.e46b18d1..7d37c825.0_56	0
0x23eac7	FUNC	GPIO_InitializeResources...2Fhome.2Fmal.2Fgm_release.2FMY22.2D026.2Ffinal.2Fiot.2Frtos.2Flibs.2Fgm.2Di35.2Frel.2Fwork.2Flibs.2Flibgpiobsp.2Fgpio.	317
0x23eaea	NOTYPE	..lin.e46b18d1..8e491040.0_57	0
0x23eb0f	NOTYPE	..lin.e46b18d1..8e491040.0_58	0
0x23eb14	NOTYPE	..lin.e46b18d1..8e491040.0_59	0
0x23eb24	NOTYPE	..lin.e46b18d1..8e491040.0_60	0
0x23eb2e	NOTYPE	..lin.e46b18d1..8e491040.0_61	0
0x23eb37	NOTYPE	..lin.e46b18d1..8e491040.0_62	0
0x23eb4c	NOTYPE	..lin.e46b18d1..8e491040.0_63	0
0x23ebf9	NOTYPE	..lin.e46b18d1..8e491040.0_64	0
0x23ec04	FUNC	GPIO_ExceptionHandler...2Fhome.2Fmal.2Fgm_release.2FMY22.2D026.2Ffinal.2Fiot.2Frtos.2Flibs.2Fgm.2Di35.2Frel.2Fwork.2Flibs.2Flibgpiobsp.2Fgpio.	5
0x23ec09	FUNC	GPIO_Initialize...2Fhome.2Fmal.2Fgm_release.2FMY22.2D026.2Ffinal.2Fiot.2Frtos.2Flibs.2Fgm.2Di35.2Frel.2Fwork.2Flibs.2Flibgpiobsp.2Fgpio.	218
0x23ec1f	NOTYPE	..lin.e46b18d1..99873245.0_65	0
0x23ec6e	NOTYPE	..lin.e46b18d1..99873245.0_66	0
0x23ec72	NOTYPE	..lin.e46b18d1..99873245.0_67	0
0x23ec8d	NOTYPE	..lin.e46b18d1..99873245.0_68	0
0x23ec95	NOTYPE	..lin.e46b18d1..99873245.0_69	0
0x23ecb8	NOTYPE	..lin.e46b18d1..99873245.0_70	0
0x23ecca	NOTYPE	..lin.e46b18d1..99873245.0_71	0
0x23ecdc	NOTYPE	..lin.e46b18d1..99873245.0_72	0
0x23ece3	FUNC	GpioController_ReadRegister...2Fhome.2Fmal.2Fgm_release.2FMY22.2D026.2Ffinal.2Fiot.2Frtos.2Flibs.2Fgm.2Di35.2Frel.2Fwork.2Flibs.2Flibgpiobsp.2Fgpio.	953
0x23ecf6	NOTYPE	..lin.e46b18d1..d12c3658.0_73	0
0x23edb2	NOTYPE	..lin.e46b18d1..d12c3658.0_74	0
0x23edbf	NOTYPE	..lin.e46b18d1..d12c3658.0_75	0
0x23edc6	NOTYPE	..lin.e46b18d1..d12c3658.0_76	0
0x23edd0	NOTYPE	..lin.e46b18d1..d12c3658.0_77	0
0x23edda	NOTYPE	..lin.e46b18d1..d12c3658.0_78	0
0x23ee1a	NOTYPE	..lin.e46b18d1..d12c3658.0_79	0
0x23ee24	NOTYPE	..lin.e46b18d1..d12c3658.0_80	0
0x23ee32	NOTYPE	..lin.e46b18d1..d12c3658.0_81	0
0x23ee93	NOTYPE	..lin.e46b18d1..d12c3658.0_82	0
0x23eed7	NOTYPE	..lin.e46b18d1..d12c3658.0_83	0
0x23eedc	NOTYPE	..lin.e46b18d1..d12c3658.0_84	0
0x23ef1a	NOTYPE	..lin.e46b18d1..d12c3658.0_85	0
0x23ef1c	NOTYPE	..lin.e46b18d1..d12c3658.0_86	0
0x23ef57	NOTYPE	..lin.e46b18d1..d12c3658.0_87	0
0x23ef5c	NOTYPE	..lin.e46b18d1..d12c3658.0_88	0
0x23ef97	NOTYPE	..lin.e46b18d1..d12c3658.0_89	0
0x23ef9c	NOTYPE	..lin.e46b18d1..d12c3658.0_90	0
0x23efda	NOTYPE	..lin.e46b18d1..d12c3658.0_91	0
0x23efdf	NOTYPE	..lin.e46b18d1..d12c3658.0_92	0
0x23f01d	NOTYPE	..lin.e46b18d1..d12c3658.0_93	0
0x23f022	NOTYPE	..lin.e46b18d1..d12c3658.0_94	0
0x23f06d	NOTYPE	..lin.e46b18d1..d12c3658.0_95	0
0x23f072	NOTYPE	..lin.e46b18d1..d12c3658.0_96	0
0x23f07a	NOTYPE	..lin.e46b18d1..d12c3658.0_97	0
0x23f086	NOTYPE	..lin.e46b18d1..d12c3658.0_98	0
0x23f092	NOTYPE	..lin.e46b18d1..d12c3658.0_99	0
0x23f09c	FUNC	GPIO_ReadRegister...2Fhome.2Fmal.2Fgm_release.2FMY22.2D026.2Ffinal.2Fiot.2Frtos.2Flibs.2Fgm.2Di35.2Frel.2Fwork.2Flibs.2Flibgpiobsp.2Fgpio.	479
0x23f0b6	NOTYPE	..lin.e46b18d1..a69ea5d4.0_100	0
0x23f0c4	NOTYPE	..lin.e46b18d1..a69ea5d4.0_101	0
0x23f0cd	NOTYPE	..lin.e46b18d1..a69ea5d4.0_102	0
0x23f11e	NOTYPE	..lin.e46b18d1..a69ea5d4.0_103	0
0x23f16e	NOTYPE	..lin.e46b18d1..a69ea5d4.0_104	0
0x23f191	NOTYPE	..lin.e46b18d1..a69ea5d4.0_105	0
0x23f1df	NOTYPE	..lin.e46b18d1..a69ea5d4.0_106	0
0x23f1e6	NOTYPE	..lin.e46b18d1..a69ea5d4.0_107	0
0x23f1eb	NOTYPE	..lin.e46b18d1..a69ea5d4.0_108	0
0x23f1f4	NOTYPE	..lin.e46b18d1..a69ea5d4.0_109	0
0x23f1f9	NOTYPE	..lin.e46b18d1..a69ea5d4.0_110	0
0x23f201	NOTYPE	..lin.e46b18d1..a69ea5d4.0_111	0
0x23f20a	NOTYPE	..lin.e46b18d1..a69ea5d4.0_112	0
0x23f20f	NOTYPE	..lin.e46b18d1..a69ea5d4.0_113	0
0x23f215	NOTYPE	..lin.e46b18d1..a69ea5d4.0_114	0
0x23f260	NOTYPE	..lin.e46b18d1..a69ea5d4.0_115	0
0x23f26d	NOTYPE	..lin.e46b18d1..a69ea5d4.0_116	0
0x23f27b	FUNC	GpioController_WriteRegister...2Fhome.2Fmal.2Fgm_release.2FMY22.2D026.2Ffinal.2Fiot.2Frtos.2Flibs.2Fgm.2Di35.2Frel.2Fwork.2Flibs.2Flibgpiobsp.2Fgpio.	1252
0x23f294	NOTYPE	..lin.e46b18d1..e87e33a7.0_117	0
0x23f300	NOTYPE	..lin.e46b18d1..e87e33a7.0_118	0
0x23f317	NOTYPE	..lin.e46b18d1..e87e33a7.0_119	0
0x23f35c	NOTYPE	..lin.e46b18d1..e87e33a7.0_120	0
0x23f361	NOTYPE	..lin.e46b18d1..e87e33a7.0_121	0
0x23f36d	NOTYPE	..lin.e46b18d1..e87e33a7.0_122	0
0x23f38c	NOTYPE	..lin.e46b18d1..e87e33a7.0_123	0
0x23f3cf	NOTYPE	..lin.e46b18d1..e87e33a7.0_124	0
0x23f3e8	NOTYPE	..lin.e46b18d1..e87e33a7.0_125	0
0x23f408	NOTYPE	..lin.e46b18d1..e87e33a7.0_126	0
0x23f44c	NOTYPE	..lin.e46b18d1..e87e33a7.0_127	0
0x23f451	NOTYPE	..lin.e46b18d1..e87e33a7.0_128	0
0x23f45b	NOTYPE	..lin.e46b18d1..e87e33a7.0_129	0
0x23f476	NOTYPE	..lin.e46b18d1..e87e33a7.0_130	0
0x23f4be	NOTYPE	..lin.e46b18d1..e87e33a7.0_131	0
0x23f507	NOTYPE	..lin.e46b18d1..e87e33a7.0_132	0
0x23f522	NOTYPE	..lin.e46b18d1..e87e33a7.0_133	0
0x23f55c	NOTYPE	..lin.e46b18d1..e87e33a7.0_134	0
0x23f597	NOTYPE	..lin.e46b18d1..e87e33a7.0_135	0
0x23f5d2	NOTYPE	..lin.e46b18d1..e87e33a7.0_136	0
0x23f5d4	NOTYPE	..lin.e46b18d1..e87e33a7.0_137	0
0x23f61d	NOTYPE	..lin.e46b18d1..e87e33a7.0_138	0
0x23f622	NOTYPE	..lin.e46b18d1..e87e33a7.0_139	0
0x23f63d	NOTYPE	..lin.e46b18d1..e87e33a7.0_140	0
0x23f677	NOTYPE	..lin.e46b18d1..e87e33a7.0_141	0
0x23f6b2	NOTYPE	..lin.e46b18d1..e87e33a7.0_142	0
0x23f74d	NOTYPE	..lin.e46b18d1..e87e33a7.0_143	0
0x23f752	NOTYPE	..lin.e46b18d1..e87e33a7.0_144	0
0x23f75f	FUNC	gpio_reset_device...2Fhome.2Fmal.2Fgm_release.2FMY22.2D026.2Ffinal.2Fiot.2Frtos.2Flibs.2Fgm.2Di35.2Frel.2Fwork.2Flibs.2Flibgpiobsp.2Fgpio.	963
0x23f7ba	NOTYPE	..lin.e46b18d1..c0b55345.0_145	0
0x23f7bf	NOTYPE	..lin.e46b18d1..c0b55345.0_146	0
0x23f80a	NOTYPE	..lin.e46b18d1..c0b55345.0_147	0
0x23f80f	NOTYPE	..lin.e46b18d1..c0b55345.0_148	0
0x23f85a	NOTYPE	..lin.e46b18d1..c0b55345.0_149	0
0x23f85f	NOTYPE	..lin.e46b18d1..c0b55345.0_150	0
0x23f8aa	NOTYPE	..lin.e46b18d1..c0b55345.0_151	0
0x23f8f7	NOTYPE	..lin.e46b18d1..c0b55345.0_152	0
0x23f961	NOTYPE	..lin.e46b18d1..c0b55345.0_153	0
0x23f966	NOTYPE	..lin.e46b18d1..c0b55345.0_154	0
0x23f9bd	NOTYPE	..lin.e46b18d1..c0b55345.0_155	0
0x23f9c2	NOTYPE	..lin.e46b18d1..c0b55345.0_156	0
0x23fa12	NOTYPE	..lin.e46b18d1..c0b55345.0_157	0
0x23fa17	NOTYPE	..lin.e46b18d1..c0b55345.0_158	0
0x23fa62	NOTYPE	..lin.e46b18d1..c0b55345.0_159	0
0x23fab9	NOTYPE	..lin.e46b18d1..c0b55345.0_160	0
0x23fabe	NOTYPE	..lin.e46b18d1..c0b55345.0_161	0
0x23fb15	NOTYPE	..lin.e46b18d1..c0b55345.0_162	0
0x23fb1a	NOTYPE	..lin.e46b18d1..c0b55345.0_163	0
0x23fb22	FUNC	GPIO_WriteRegister...2Fhome.2Fmal.2Fgm_release.2FMY22.2D026.2Ffinal.2Fiot.2Frtos.2Flibs.2Fgm.2Di35.2Frel.2Fwork.2Flibs.2Flibgpiobsp.2Fgpio.	1642
0x23fb42	NOTYPE	..lin.e46b18d1..6c3e92a3.0_164	0
0x23fb50	NOTYPE	..lin.e46b18d1..6c3e92a3.0_165	0
0x23fb59	NOTYPE	..lin.e46b18d1..6c3e92a3.0_166	0
0x23fb8d	NOTYPE	..lin.e46b18d1..6c3e92a3.0_167	0
0x23fb97	NOTYPE	..lin.e46b18d1..6c3e92a3.0_168	0
0x23fbe6	NOTYPE	..lin.e46b18d1..6c3e92a3.0_169	0
0x23fbee	NOTYPE	..lin.e46b18d1..6c3e92a3.0_170	0
0x23fc3b	NOTYPE	..lin.e46b18d1..6c3e92a3.0_171	0
0x23fc42	NOTYPE	..lin.e46b18d1..6c3e92a3.0_172	0
0x23fc48	NOTYPE	..lin.e46b18d1..6c3e92a3.0_173	0
0x23fc50	NOTYPE	..lin.e46b18d1..6c3e92a3.0_174	0
0x23fc9a	NOTYPE	..lin.e46b18d1..6c3e92a3.0_175	0
0x23fc9c	NOTYPE	..lin.e46b18d1..6c3e92a3.0_176	0
0x23fca5	NOTYPE	..lin.e46b18d1..6c3e92a3.0_177	0
0x23fcab	NOTYPE	..lin.e46b18d1..6c3e92a3.0_178	0
0x23fcf8	NOTYPE	..lin.e46b18d1..6c3e92a3.0_179	0
0x23fcfe	NOTYPE	..lin.e46b18d1..6c3e92a3.0_180	0
0x23fd4e	NOTYPE	..lin.e46b18d1..6c3e92a3.0_181	0
0x23fd53	NOTYPE	..lin.e46b18d1..6c3e92a3.0_182	0
0x23fd59	NOTYPE	..lin.e46b18d1..6c3e92a3.0_183	0
0x23fda9	NOTYPE	..lin.e46b18d1..6c3e92a3.0_184	0
0x23fdb3	NOTYPE	..lin.e46b18d1..6c3e92a3.0_185	0
0x23fdfe	NOTYPE	..lin.e46b18d1..6c3e92a3.0_186	0
0x23fe03	NOTYPE	..lin.e46b18d1..6c3e92a3.0_187	0
0x23fe11	NOTYPE	..lin.e46b18d1..6c3e92a3.0_188	0
0x23fe26	NOTYPE	..lin.e46b18d1..6c3e92a3.0_189	0
0x23fe32	NOTYPE	..lin.e46b18d1..6c3e92a3.0_190	0
0x23fe3a	NOTYPE	..lin.e46b18d1..6c3e92a3.0_191	0
0x23fe43	NOTYPE	..lin.e46b18d1..6c3e92a3.0_192	0
0x23fe93	NOTYPE	..lin.e46b18d1..6c3e92a3.0_193	0
0x23feea	NOTYPE	..lin.e46b18d1..6c3e92a3.0_194	0
0x23feef	NOTYPE	..lin.e46b18d1..6c3e92a3.0_195	0
0x23ff00	NOTYPE	..lin.e46b18d1..6c3e92a3.0_196	0
0x23ff4d	NOTYPE	..lin.e46b18d1..6c3e92a3.0_197	0
0x23ff59	NOTYPE	..lin.e46b18d1..6c3e92a3.0_198	0
0x23ffa4	NOTYPE	..lin.e46b18d1..6c3e92a3.0_199	0
0x23ffb6	NOTYPE	..lin.e46b18d1..6c3e92a3.0_200	0
0x23fffb	NOTYPE	..lin.e46b18d1..6c3e92a3.0_201	0
0x240001	NOTYPE	..lin.e46b18d1..6c3e92a3.0_202	0
0x240046	NOTYPE	..lin.e46b18d1..6c3e92a3.0_203	0
0x24008e	NOTYPE	..lin.e46b18d1..6c3e92a3.0_204	0
0x240093	NOTYPE	..lin.e46b18d1..6c3e92a3.0_205	0
0x2400ea	NOTYPE	..lin.e46b18d1..6c3e92a3.0_206	0
0x2400ef	NOTYPE	..lin.e46b18d1..6c3e92a3.0_207	0
0x240146	NOTYPE	..lin.e46b18d1..6c3e92a3.0_208	0
0x24015f	NOTYPE	..lin.e46b18d1..6c3e92a3.0_209	0
0x24017a	NOTYPE	..lin.e46b18d1..6c3e92a3.0_210	0
0x24017f	NOTYPE	..lin.e46b18d1..6c3e92a3.0_211	0
0x241000	FUNC	IVECT_0	9
0x241010	FUNC	IVECT_1	9
0x241020	FUNC	IVECT_2	9
0x241030	FUNC	IVECT_3	9
0x241040	FUNC	IVECT_4	9
0x241050	FUNC	IVECT_5	9
0x241060	FUNC	IVECT_6	9
0x241070	FUNC	IVECT_7	9
0x241080	FUNC	IVECT_8	7
0x241090	FUNC	IVECT_9	9
0x2410a0	FUNC	IVECT_10	7
0x2410b0	FUNC	IVECT_11	7
0x2410c0	FUNC	IVECT_12	7
0x2410d0	FUNC	IVECT_13	7
0x2410e0	FUNC	IVECT_14	7
0x2410f0	FUNC	IVECT_15	9
0x241100	FUNC	IVECT_16	9
0x241110	FUNC	IVECT_17	7
0x241120	FUNC	IVECT_18	9
0x241130	FUNC	IVECT_19	9
0x241140	FUNC	IVECT_20	9
0x241150	FUNC	IVECT_21	9
0x241160	FUNC	IVECT_22	9
0x241170	FUNC	IVECT_23	9
0x241180	FUNC	IVECT_24	9
0x241190	FUNC	IVECT_25	9
0x2411a0	FUNC	IVECT_26	9
0x2411b0	FUNC	IVECT_27	9
0x2411c0	FUNC	IVECT_28	9
0x2411d0	FUNC	IVECT_29	9
0x2411e0	FUNC	IVECT_30	9
0x2411f0	FUNC	IVECT_31	9
0x241200	FUNC	IVECT_32	9
0x241210	FUNC	IVECT_33	9
0x241220	FUNC	IVECT_34	9
0x241230	FUNC	IVECT_35	9
0x241240	FUNC	IVECT_36	9
0x241250	FUNC	IVECT_37	9
0x241260	FUNC	IVECT_38	9
0x241270	FUNC	IVECT_39	9
0x241280	FUNC	IVECT_40	9
0x241290	FUNC	IVECT_41	9
0x2412a0	FUNC	IVECT_42	9
0x2412b0	FUNC	IVECT_43	9
0x2412c0	FUNC	IVECT_44	9
0x2412d0	FUNC	IVECT_45	9
0x2412e0	FUNC	IVECT_46	9
0x2412f0	FUNC	IVECT_47	9
0x241300	FUNC	IVECT_48	9
0x241310	FUNC	IVECT_49	9
0x241320	FUNC	IVECT_50	9
0x241330	FUNC	IVECT_51	9
0x241340	FUNC	IVECT_52	9
0x241350	FUNC	IVECT_53	9
0x241360	FUNC	IVECT_54	9
0x241370	FUNC	IVECT_55	9
0x241380	FUNC	IVECT_56	9
0x241390	FUNC	IVECT_57	9
0x2413a0	FUNC	IVECT_58	9
0x2413b0	FUNC	IVECT_59	9
0x2413c0	FUNC	IVECT_60	9
0x2413d0	FUNC	IVECT_61	9
0x2413e0	FUNC	IVECT_62	9
0x2413f0	FUNC	IVECT_63	9
0x241400	FUNC	IVECT_64	9
0x241410	FUNC	IVECT_65	9
0x241420	FUNC	IVECT_66	9
0x241430	FUNC	IVECT_67	9
0x241440	FUNC	IVECT_68	9
0x241450	FUNC	IVECT_69	9
0x241460	FUNC	IVECT_70	9
0x241470	FUNC	IVECT_71	9
0x241480	FUNC	IVECT_72	9
0x241490	FUNC	IVECT_73	9
0x2414a0	FUNC	IVECT_74	9
0x2414b0	FUNC	IVECT_75	9
0x2414c0	FUNC	IVECT_76	9
0x2414d0	FUNC	IVECT_77	9
0x2414e0	FUNC	IVECT_78	9
0x2414f0	FUNC	IVECT_79	9
0x241500	FUNC	IVECT_80	9
0x241510	FUNC	IVECT_81	9
0x241520	FUNC	IVECT_82	9
0x241530	FUNC	IVECT_83	9
0x241540	FUNC	IVECT_84	9
0x241550	FUNC	IVECT_85	9
0x241560	FUNC	IVECT_86	9
0x241570	FUNC	IVECT_87	9
0x241580	FUNC	IVECT_88	9
0x241590	FUNC	IVECT_89	9
0x2415a0	FUNC	IVECT_90	9
0x2415b0	FUNC	IVECT_91	9
0x2415c0	FUNC	IVECT_92	9
0x2415d0	FUNC	IVECT_93	9
0x2415e0	FUNC	IVECT_94	9
0x2415f0	FUNC	IVECT_95	9
0x241600	FUNC	IVECT_96	9
0x241610	FUNC	IVECT_97	9
0x241620	FUNC	IVECT_98	9
0x241630	FUNC	IVECT_99	9
0x241640	FUNC	IVECT_100	9
0x241650	FUNC	IVECT_101	9
0x241660	FUNC	IVECT_102	9
0x241670	FUNC	IVECT_103	9
0x241680	FUNC	IVECT_104	9
0x241690	FUNC	IVECT_105	9
0x2416a0	FUNC	IVECT_106	9
0x2416b0	FUNC	IVECT_107	9
0x2416c0	FUNC	IVECT_108	9
0x2416d0	FUNC	IVECT_109	9
0x2416e0	FUNC	IVECT_110	9
0x2416f0	FUNC	IVECT_111	9
0x241700	FUNC	IVECT_112	9
0x241710	FUNC	IVECT_113	9
0x241720	FUNC	IVECT_114	9
0x241730	FUNC	IVECT_115	9
0x241740	FUNC	IVECT_116	9
0x241750	FUNC	IVECT_117	9
0x241760	FUNC	IVECT_118	9
0x241770	FUNC	IVECT_119	9
0x241780	FUNC	IVECT_120	9
0x241790	FUNC	IVECT_121	9
0x2417a0	FUNC	IVECT_122	9
0x2417b0	FUNC	IVECT_123	9
0x2417c0	FUNC	IVECT_124	9
0x2417d0	FUNC	IVECT_125	9
0x2417e0	FUNC	IVECT_126	9
0x2417f0	FUNC	IVECT_127	9
0x241800	FUNC	IVECT_128	12
0x241810	FUNC	IVECT_129	12
0x241820	FUNC	IVECT_130	12
0x241830	FUNC	IVECT_131	12
0x241840	FUNC	IVECT_132	12
0x241850	FUNC	IVECT_133	12
0x241860	FUNC	IVECT_134	12
0x241870	FUNC	IVECT_135	12
0x241880	FUNC	IVECT_136	12
0x241890	FUNC	IVECT_137	12
0x2418a0	FUNC	IVECT_138	12
0x2418b0	FUNC	IVECT_139	12
0x2418c0	FUNC	IVECT_140	12
0x2418d0	FUNC	IVECT_141	12
0x2418e0	FUNC	IVECT_142	12
0x2418f0	FUNC	IVECT_143	12
0x241900	FUNC	IVECT_144	12
0x241910	FUNC	IVECT_145	12
0x241920	FUNC	IVECT_146	12
0x241930	FUNC	IVECT_147	12
0x241940	FUNC	IVECT_148	12
0x241950	FUNC	IVECT_149	12
0x241960	FUNC	IVECT_150	12
0x241970	FUNC	IVECT_151	12
0x241980	FUNC	IVECT_152	12
0x241990	FUNC	IVECT_153	12
0x2419a0	FUNC	IVECT_154	12
0x2419b0	FUNC	IVECT_155	12
0x2419c0	FUNC	IVECT_156	12
0x2419d0	FUNC	IVECT_157	12
0x2419e0	FUNC	IVECT_158	12
0x2419f0	FUNC	IVECT_159	12
0x241a00	FUNC	IVECT_160	12
0x241a10	FUNC	IVECT_161	12
0x241a20	FUNC	IVECT_162	12
0x241a30	FUNC	IVECT_163	12
0x241a40	FUNC	IVECT_164	12
0x241a50	FUNC	IVECT_165	12
0x241a60	FUNC	IVECT_166	12
0x241a70	FUNC	IVECT_167	12
0x241a80	FUNC	IVECT_168	12
0x241a90	FUNC	IVECT_169	12
0x241aa0	FUNC	IVECT_170	12
0x241ab0	FUNC	IVECT_171	12
0x241ac0	FUNC	IVECT_172	12
0x241ad0	FUNC	IVECT_173	12
0x241ae0	FUNC	IVECT_174	12
0x241af0	FUNC	IVECT_175	12
0x241b00	FUNC	IVECT_176	12
0x241b10	FUNC	IVECT_177	12
0x241b20	FUNC	IVECT_178	12
0x241b30	FUNC	IVECT_179	12
0x241b40	FUNC	IVECT_180	12
0x241b50	FUNC	IVECT_181	12
0x241b60	FUNC	IVECT_182	12
0x241b70	FUNC	IVECT_183	12
0x241b80	FUNC	IVECT_184	12
0x241b90	FUNC	IVECT_185	12
0x241ba0	FUNC	IVECT_186	12
0x241bb0	FUNC	IVECT_187	12
0x241bc0	FUNC	IVECT_188	12
0x241bd0	FUNC	IVECT_189	12
0x241be0	FUNC	IVECT_190	12
0x241bf0	FUNC	IVECT_191	12
0x241c00	FUNC	IVECT_192	12
0x241c10	FUNC	IVECT_193	12
0x241c20	FUNC	IVECT_194	12
0x241c30	FUNC	IVECT_195	12
0x241c40	FUNC	IVECT_196	12
0x241c50	FUNC	IVECT_197	12
0x241c60	FUNC	IVECT_198	12
0x241c70	FUNC	IVECT_199	12
0x241c80	FUNC	IVECT_200	12
0x241c90	FUNC	IVECT_201	12
0x241ca0	FUNC	IVECT_202	12
0x241cb0	FUNC	IVECT_203	12
0x241cc0	FUNC	IVECT_204	12
0x241cd0	FUNC	IVECT_205	12
0x241ce0	FUNC	IVECT_206	12
0x241cf0	FUNC	IVECT_207	12
0x241d00	FUNC	IVECT_208	12
0x241d10	FUNC	IVECT_209	12
0x241d20	FUNC	IVECT_210	12
0x241d30	FUNC	IVECT_211	12
0x241d40	FUNC	IVECT_212	12
0x241d50	FUNC	IVECT_213	12
0x241d60	FUNC	IVECT_214	12
0x241d70	FUNC	IVECT_215	12
0x241d80	FUNC	IVECT_216	12
0x241d90	FUNC	IVECT_217	12
0x241da0	FUNC	IVECT_218	12
0x241db0	FUNC	IVECT_219	12
0x241dc0	FUNC	IVECT_220	12
0x241dd0	FUNC	IVECT_221	12
0x241de0	FUNC	IVECT_222	12
0x241df0	FUNC	IVECT_223	12
0x241e00	FUNC	IVECT_224	12
0x241e10	FUNC	IVECT_225	12
0x241e20	FUNC	IVECT_226	12
0x241e30	FUNC	IVECT_227	12
0x241e40	FUNC	IVECT_228	12
0x241e50	FUNC	IVECT_229	12
0x241e60	FUNC	IVECT_230	12
0x241e70	FUNC	IVECT_231	12
0x241e80	FUNC	IVECT_232	12
0x241e90	FUNC	IVECT_233	12
0x241ea0	FUNC	IVECT_234	12
0x241eb0	FUNC	IVECT_235	12
0x241ec0	FUNC	IVECT_236	12
0x241ed0	FUNC	IVECT_237	12
0x241ee0	FUNC	IVECT_238	12
0x241ef0	FUNC	IVECT_239	12
0x241f00	FUNC	IVECT_240	12
0x241f10	FUNC	IVECT_241	12
0x241f20	FUNC	IVECT_242	12
0x241f30	FUNC	IVECT_243	12
0x241f40	FUNC	IVECT_244	12
0x241f50	FUNC	IVECT_245	12
0x241f60	FUNC	IVECT_246	12
0x241f70	FUNC	IVECT_247	12
0x241f80	FUNC	IVECT_248	12
0x241f90	FUNC	IVECT_249	12
0x241fa0	FUNC	IVECT_250	12
0x241fb0	FUNC	IVECT_251	12
0x241fc0	FUNC	IVECT_252	12
0x241fd0	FUNC	IVECT_253	12
0x241fe0	FUNC	IVECT_254	12
0x241ff0	FUNC	IVECT_255	12
0x242000	FUNC	Trampoline_CommonExceptionCode...2Fhome.2Fmal.2Fgm_release.2FMY22.2D026.2Ffinal.2Fiot.2Frtos.2Flibs.2Fgm.2Di35.2Frel.2Fwork.2Flibkernel.2Flibkernel.2Fcpu_x64.	116
0x242080	FUNC	Trampoline_ExceptionReturnToTask...2Fhome.2Fmal.2Fgm_release.2FMY22.2D026.2Ffinal.2Fiot.2Frtos.2Flibs.2Fgm.2Di35.2Frel.2Fwork.2Flibkernel.2Flibkernel.2Fcpu_x64.	42
0x2420b0	FUNC	Trampoline_SyscallEntry	5
0x2420c0	FUNC	Trampoline_SyscallReturnToTask...2Fhome.2Fmal.2Fgm_release.2FMY22.2D026.2Ffinal.2Fiot.2Frtos.2Flibs.2Fgm.2Di35.2Frel.2Fwork.2Flibkernel.2Flibkernel.2Fcpu_x64.	92
0x242120	FUNC	Trampoline_SwitchToTaskContext...2Fhome.2Fmal.2Fgm_release.2FMY22.2D026.2Ffinal.2Fiot.2Frtos.2Flibs.2Fgm.2Di35.2Frel.2Fwork.2Flibkernel.2Flibkernel.2Fcpu_x64.	16
0x244000	OBJ	__ghsbinfo_clear	240
0x2440f0	OBJ	__ghsbinfo_aclear	0
0x2440f0	OBJ	__ghseinfo_clear	0
0x2440f0	OBJ	__ghsbinfo_copy	120
0x244150	OBJ	__ghsbinfo_acopy	0
0x244150	OBJ	__ghsbinfo_tcopy	0
0x244168	OBJ	__ghseinfo_copy	0
0x244168	OBJ	__secinfo	0
0x245068	OBJ	__ghsbegin_robase	0
0x400000	OBJ	__ghsbegin_execend	0
0x400000	OBJ	__ghsbegin_execname	0
0x40005e	OBJ	__ghsend_execname	0
0x400080	OBJ	intbinfo_copy	8
0x400088	OBJ	inteinfo_copy	8
0x400230	OBJ	SDHC_Passthru_DeviceClass	152
0x4002c8	OBJ	SDHC_Passthru_DriverSuperclass	88
0x400358	OBJ	GmEth_Passthru_DeviceClass	152
0x400420	OBJ	UART_Passthru_DeviceClass	152
0x4004b8	OBJ	UART_Passthru_DriverSuperclass	88
0x4005c0	OBJ	WifiDummy_IOAClass...2Fhome.2Fmal.2Fgm_release.2FMY22.2D026.2Ffinal.2Fiot.2Frtos.2Flibs.2Fgm.2Di35.2Frel.2Fwork.2Flibs.2Flibpassthrudev.2Fgm_wifi_passthru.	152
0x400658	OBJ	GmWifi_Passthru_DeviceClass	152
0x400728	OBJ	GmAudio_Passthru_DeviceClass	152
0x400820	OBJ	P2SB_Passthru_DeviceClass	152
0x400920	OBJ	I2C_Passthru_DeviceClass	152
0x4009b8	OBJ	I2C_Passthru_DriverSuperclass	88
0x400a88	OBJ	TheInterruptInfoDesc...2Fhome.2Fmal.2Fgm_release.2FMY22.2D026.2Ffinal.2Fiot.2Frtos.2Flibs.2Fgm.2Di35.2Frel.2Fwork.2Flibs.2Flibpassthrudev.2Fgen9_passthru.	176
0x400b38	OBJ	Gen9_DeviceClass	152
0x400bf0	OBJ	Spi_Passthru_DeviceClass	152
0x400c88	OBJ	Spi_Passthru_DriverSuperclass	88
0x400d18	OBJ	Xdci_Passthru_DeviceClass	152
0x400e30	OBJ	EHCI_VM_DeviceClass	152
0x400ec8	OBJ	EHCI_VM_DriverSuperclass	88
0x400f20	OBJ	XHCI_VM_DeviceClass	152
0x400fb8	OBJ	XHCI_VM_DriverSuperclass	88
0x401020	OBJ	EHCI_Registers...2Fhome.2Fmal.2Fgm_release.2FMY22.2D026.2Ffinal.2Fiot.2Frtos.2Flibs.2Fgm.2Di35.2Frel.2Fwork.2Flibs.2Flibpassthrudev.2Fusb_onboard_vm.	1920
0x4017a0	OBJ	XHCI_Registers...2Fhome.2Fmal.2Fgm_release.2FMY22.2D026.2Ffinal.2Fiot.2Frtos.2Flibs.2Fgm.2Di35.2Frel.2Fwork.2Flibs.2Flibpassthrudev.2Fusb_onboard_vm.	256
0x401938	OBJ	PurePassthru_DeviceClass	152
0x401a28	OBJ	CommPinMap...2Fhome.2Fmal.2Fgm_release.2FMY22.2D026.2Ffinal.2Fiot.2Frtos.2Flibs.2Fgm.2Di35.2Frel.2Fwork.2Flibs.2Flibgpiobsp.2Fgpio.	3920
0x403298	OBJ	GPIO_SuperClass	88
0x4032f0	OBJ	GPIO_Class	152
0x403390	OBJ	GPIO_IOARegisters...2Fhome.2Fmal.2Fgm_release.2FMY22.2D026.2Ffinal.2Fiot.2Frtos.2Flibs.2Fgm.2Di35.2Frel.2Fwork.2Flibs.2Flibgpiobsp.2Fgpio.	1536
0x403990	OBJ	__ghstableauto_processargs_handler	32
0x4039b0	OBJ	__ghstableauto_pci_device_driver	184
0x403a68	OBJ	__ghstableauto_usb_component	8
0x403a70	OBJ	__ghstable_Note_KernelToTaskPoints	8
0x403a78	OBJ	__ghstable_Note_TaskToKernelPoints	8
0x403a80	OBJ	__ghstable_bspuserinit	40
0x403aa8	OBJ	__ghstable_ghsinit	8
0x404000	OBJ	__ghsbegin_mr_r_mod_ipu_fw	0
0x7c7000	OBJ	__ghsend_mr_r_mod_ipu_fw	0
0x7c7000	OBJ	__ghsbegin_mr_r_mod_dsp_fw	0
0x842720	OBJ	__ghsend_mr_r_mod_dsp_fw	0
0x843148	OBJ	EarlyGlobalDescriptorTable	32
0x843168	OBJ	EarlyGdtrVal	10
0x843180	OBJ	VMCS_RegMap...2Fhome.2Fmal.2Fgm_release.2FMY22.2D026.2Ffinal.2Fiot.2Frtos.2Flibs.2Fgm.2Di35.2Frel.2Fwork.2Flibkernel.2Flibkernel.2F86_x64_vmx.	448
0x843420	OBJ	IGNORE_PAT_SETTING	4
0x844000	NOTYPE	EarlyPML4Table	0
0x845000	NOTYPE	EarlyKernelPDPT	0
0x846000	NOTYPE	EarlyKernelPageDir	0
0x84a000	OBJ	ObjectListDriver	16
0x84a038	OBJ	SemaphoreDriver	24
0x84a050	OBJ	HLSemaphoreHeapDriver	32
0x84a070	OBJ	LinkDriver	24
0x84a0b8	OBJ	TaskDriver	24
0x84a0d0	OBJ	AddressSpaceDriver	24
0x84a0e8	OBJ	MemoryRegionDriver	24
0x84a100	OBJ	PriorityListDriver	32
0x84a120	OBJ	ConnectionDriver	24
0x84a138	OBJ	ActivityDriver	24
0x84a150	OBJ	MAX_INTEGRITY_TIME...2Fhome.2Fmal.2Fgm_release.2FMY22.2D026.2Ffinal.2Fiot.2Frtos.2Flibs.2Fgm.2Di35.2Frel.2Fwork.2Flibkernel.2Flibkernel.2Fclock.	16
0x84a178	OBJ	ClockDriver	24
0x84a190	OBJ	AlarmHeapDriver	32
0x84a1ec	OBJ	InitialName.CreateTheInitialTask..2Fhome.2Fmal.2Fgm_release.2FMY22.2D026.2Ffinal.2Fiot.2Frtos.2Flibs.2Fgm.2Di35.2Frel.2Fwork.2Flibkernel.2Flibkernel.2Finit..1	8
0x84a2a8	OBJ	__PartitionSchedulerInitPtr	8
0x84a2e8	OBJ	ASP_Log2PageSize	4
0x84a378	OBJ	IODeviceDriver	24
0x84a4b0	OBJ	KernelCallSignatureTable	816
0x84a7e0	OBJ	KernelCallTable	6144
0x84bfe0	OBJ	__ghs_stack_pattern	8
0x84c028	OBJ	GlobalBasePtrs...2Fhome.2Fmal.2Fgm_release.2FMY22.2D026.2Ffinal.2Fiot.2Frtos.2Flibs.2Fgm.2Di35.2Frel.2Fwork.2Flibkernel.2Flibkernel.2Find_crt0.	8
0x84c0c0	OBJ	MultiBootUsableName...2Fhome.2Fmal.2Fgm_release.2FMY22.2D026.2Ffinal.2Fiot.2Frtos.2Flibs.2Fgm.2Di35.2Frel.2Fwork.2Fintel.2Dgr.	8
0x84c0c8	OBJ	MultiBootReservedName...2Fhome.2Fmal.2Fgm_release.2FMY22.2D026.2Ffinal.2Fiot.2Frtos.2Flibs.2Fgm.2Di35.2Frel.2Fwork.2Fintel.2Dgr.	8
0x84c100	OBJ	SuspendToRamMemoryTable...2Fhome.2Fmal.2Fgm_release.2FMY22.2D026.2Ffinal.2Fiot.2Frtos.2Flibs.2Fgm.2Di35.2Frel.2Fwork.2Fintel.2Dgr.	160
0x84c1a0	OBJ	DefaultMemoryTable...2Fhome.2Fmal.2Fgm_release.2FMY22.2D026.2Ffinal.2Fiot.2Frtos.2Flibs.2Fgm.2Di35.2Frel.2Fwork.2Fintel.2Dgr.	120
0x84c320	OBJ	BootBannerStart...2Fhome.2Fmal.2Fgm_release.2FMY22.2D026.2Ffinal.2Fiot.2Frtos.2Flibs.2Fgm.2Di35.2Frel.2Fwork.2Fconsole_logging.	80
0x84c4f8	OBJ	HEX._loghex..2Fhome.2Fmal.2Fgm_release.2FMY22.2D026.2Ffinal.2Fiot.2Frtos.2Flibs.2Fgm.2Di35.2Frel.2Fwork.2Fconsole_logging..8	17
0x84c5c8	OBJ	ScaleTable.log_mem_size..2Fhome.2Fmal.2Fgm_release.2FMY22.2D026.2Ffinal.2Fiot.2Frtos.2Flibs.2Fgm.2Di35.2Frel.2Fwork.2Fconsole_logging..9	80
0x84c630	OBJ	BootBannerEnd...2Fhome.2Fmal.2Fgm_release.2FMY22.2D026.2Ffinal.2Fiot.2Frtos.2Flibs.2Fgm.2Di35.2Frel.2Fwork.2Fconsole_logging.	64
0x84c7e0	OBJ	UARTSuperclass	88
0x84c838	OBJ	VirtUARTSuperclass	88
0x84cc58	OBJ	emptyRegister.IOAccessor_InternalInit..2Fhome.2Fmal.2Fgm_release.2FMY22.2D026.2Ffinal.2Fiot.2Frtos.2Flibs.2Fgm.2Di35.2Frel.2Fwork.2Fio_acl_init..5	64
0x84d0c0	OBJ	RTL_CONVERT.PC16550_SetOptions..2Fhome.2Fmal.2Fgm_release.2FMY22.2D026.2Ffinal.2Fiot.2Frtos.2Flibs.2Fgm.2Di35.2Frel.2Fwork.2Fserial_pc16550..2	15
0x84d110	OBJ	PC16550_IOAClass	152
0x84d1a8	OBJ	PC16550_IOARegisters...2Fhome.2Fmal.2Fgm_release.2FMY22.2D026.2Ffinal.2Fiot.2Frtos.2Flibs.2Fgm.2Di35.2Frel.2Fwork.2Fserial_pc16550.	2560
0x84dbb4	OBJ	BaudRateTable.LpssUartInit..2Fhome.2Fmal.2Fgm_release.2FMY22.2D026.2Ffinal.2Fiot.2Frtos.2Flibs.2Fgm.2Di35.2Frel.2Fwork.2Fintel_lpss_uart..3	72
0x84dcc8	OBJ	KETHDriverSuperclass	88
0x84dd30	OBJ	Dummy_KETHDriverClass	104
0x84dd98	OBJ	Dummy_IOAClass	152
0x84de40	OBJ	models...2Fhome.2Fmal.2Fgm_release.2FMY22.2D026.2Ffinal.2Fiot.2Frtos.2Flibs.2Fgm.2Di35.2Frel.2Fwork.2Feth_i8254x.	48
0x84de78	OBJ	I8254X_IOAClass	152
0x84df10	OBJ	I8254X_KETHDriverClass	104
0x84df88	OBJ	I8254X_IORegisters...2Fhome.2Fmal.2Fgm_release.2FMY22.2D026.2Ffinal.2Fiot.2Frtos.2Flibs.2Fgm.2Di35.2Frel.2Fwork.2Feth_i8254x.	4224
0x84f008	OBJ	LpssI2C_IOAClass	152
0x84f0b0	OBJ	LpssI2CDriver_IOARegisters...2Fhome.2Fmal.2Fgm_release.2FMY22.2D026.2Ffinal.2Fiot.2Frtos.2Flibs.2Fgm.2Di35.2Frel.2Fwork.2Fi2c_lpss.	2176
0x84f9e8	OBJ	models...2Fhome.2Fmal.2Fgm_release.2FMY22.2D026.2Ffinal.2Fiot.2Frtos.2Flibs.2Fgm.2Di35.2Frel.2Fwork.2Fpci_sdhc.	4
0x84f9f8	OBJ	SDHC_IOAClass	152
0x84fa98	OBJ	SDHC_IORegisters...2Fhome.2Fmal.2Fgm_release.2FMY22.2D026.2Ffinal.2Fiot.2Frtos.2Flibs.2Fgm.2Di35.2Frel.2Fwork.2Fpci_sdhc.	2752
0x850558	OBJ	IntelIpu4_IOAClass...2Fhome.2Fmal.2Fgm_release.2FMY22.2D026.2Ffinal.2Fiot.2Frtos.2Flibs.2Fgm.2Di35.2Frel.2Fwork.2Fintel_ipu4.	152
0x8505f8	OBJ	IntelIpu4_IOARegisters...2Fhome.2Fmal.2Fgm_release.2FMY22.2D026.2Ffinal.2Fiot.2Frtos.2Flibs.2Fgm.2Di35.2Frel.2Fwork.2Fintel_ipu4.	6592
0x851fc4	OBJ	LVTEntryMapping...2Fhome.2Fmal.2Fgm_release.2FMY22.2D026.2Ffinal.2Fiot.2Frtos.2Flibs.2Fgm.2Di35.2Frel.2Fwork.2Finterrupt_lapic.	28
0x8520b0	OBJ	GMCH_DeviceClass...2Fhome.2Fmal.2Fgm_release.2FMY22.2D026.2Ffinal.2Fiot.2Frtos.2Flibs.2Fgm.2Di35.2Frel.2Fwork.2Fvtd.	152
0x852150	OBJ	GMCH_Registers...2Fhome.2Fmal.2Fgm_release.2FMY22.2D026.2Ffinal.2Fiot.2Frtos.2Flibs.2Fgm.2Di35.2Frel.2Fwork.2Fvtd.	448
0x8523d0	OBJ	DRHU_DeviceClass	152
0x852470	OBJ	DRHU_Registers...2Fhome.2Fmal.2Fgm_release.2FMY22.2D026.2Ffinal.2Fiot.2Frtos.2Flibs.2Fgm.2Di35.2Frel.2Fwork.2Fvtd.	1024
0x852970	OBJ	OSDBDLPLBA...2Fhome.2Fmal.2Fgm_release.2FMY22.2D026.2Ffinal.2Fiot.2Frtos.2Flibs.2Fgm.2Di35.2Frel.2Fwork.2Fapollo_lake_mm_iod.	48
0x8529a0	OBJ	OSDBDLPUBA...2Fhome.2Fmal.2Fgm_release.2FMY22.2D026.2Ffinal.2Fiot.2Frtos.2Flibs.2Fgm.2Di35.2Frel.2Fwork.2Fapollo_lake_mm_iod.	48
0x8529d0	OBJ	OSDLVI...2Fhome.2Fmal.2Fgm_release.2FMY22.2D026.2Ffinal.2Fiot.2Frtos.2Flibs.2Fgm.2Di35.2Frel.2Fwork.2Fapollo_lake_mm_iod.	48
0x852a00	OBJ	OSDSPIB...2Fhome.2Fmal.2Fgm_release.2FMY22.2D026.2Ffinal.2Fiot.2Frtos.2Flibs.2Fgm.2Di35.2Frel.2Fwork.2Fapollo_lake_mm_iod.	48
0x852a30	OBJ	OSDCBL...2Fhome.2Fmal.2Fgm_release.2FMY22.2D026.2Ffinal.2Fiot.2Frtos.2Flibs.2Fgm.2Di35.2Frel.2Fwork.2Fapollo_lake_mm_iod.	48
0x852a60	OBJ	ISDBDLPLBA...2Fhome.2Fmal.2Fgm_release.2FMY22.2D026.2Ffinal.2Fiot.2Frtos.2Flibs.2Fgm.2Di35.2Frel.2Fwork.2Fapollo_lake_mm_iod.	56
0x852a98	OBJ	ISDBDLPUBA...2Fhome.2Fmal.2Fgm_release.2FMY22.2D026.2Ffinal.2Fiot.2Frtos.2Flibs.2Fgm.2Di35.2Frel.2Fwork.2Fapollo_lake_mm_iod.	56
0x852ad0	OBJ	ISDLVI...2Fhome.2Fmal.2Fgm_release.2FMY22.2D026.2Ffinal.2Fiot.2Frtos.2Flibs.2Fgm.2Di35.2Frel.2Fwork.2Fapollo_lake_mm_iod.	56
0x852b08	OBJ	ISDSPIB...2Fhome.2Fmal.2Fgm_release.2FMY22.2D026.2Ffinal.2Fiot.2Frtos.2Flibs.2Fgm.2Di35.2Frel.2Fwork.2Fapollo_lake_mm_iod.	56
0x852b40	OBJ	ISDCBL...2Fhome.2Fmal.2Fgm_release.2FMY22.2D026.2Ffinal.2Fiot.2Frtos.2Flibs.2Fgm.2Di35.2Frel.2Fwork.2Fapollo_lake_mm_iod.	56
0x852b80	OBJ	HdaDev_IOAClass	152
0x852c28	OBJ	HdaDev_IOARegisters...2Fhome.2Fmal.2Fgm_release.2FMY22.2D026.2Ffinal.2Fiot.2Frtos.2Flibs.2Fgm.2Di35.2Frel.2Fwork.2Fapollo_lake_mm_iod.	24576
0x858c80	OBJ	RTC_DeviceClass	152
0x858d18	OBJ	RTC_KernelRegisters...2Fhome.2Fmal.2Fgm_release.2FMY22.2D026.2Ffinal.2Fiot.2Frtos.2Flibs.2Fgm.2Di35.2Frel.2Fwork.2Fclock_pc_rtc.	128
0x858d98	OBJ	IntelHeci_IOAClass...2Fhome.2Fmal.2Fgm_release.2FMY22.2D026.2Ffinal.2Fiot.2Frtos.2Flibs.2Fgm.2Di35.2Frel.2Fwork.2Fintel_heci.	152
0x858e38	OBJ	IntelHeci_IORegisters...2Fhome.2Fmal.2Fgm_release.2FMY22.2D026.2Ffinal.2Fiot.2Frtos.2Flibs.2Fgm.2Di35.2Frel.2Fwork.2Fintel_heci.	384
0x859010	OBJ	Xhc_IOAClass	152
0x8590a8	OBJ	XhcVcSuper_IOAClass	88
0x859108	OBJ	Xhc_IOARegisters...2Fhome.2Fmal.2Fgm_release.2FMY22.2D026.2Ffinal.2Fiot.2Frtos.2Flibs.2Fgm.2Di35.2Frel.2Fwork.2Fxhc.	4672
0x85a358	OBJ	XhcVirtualController_IOAClass	152
0x85a480	OBJ	KUSBDev_IOAClass	152
0x85a518	OBJ	ECM_KUSBClassDriver	64
0x85a558	OBJ	Ecm_IOAClass	152
0x85a5f0	OBJ	Ecm_KETHDriverClass	104
0x85a658	OBJ	Ecm_IORegisters...2Fhome.2Fmal.2Fgm_release.2FMY22.2D026.2Ffinal.2Fiot.2Frtos.2Flibs.2Fgm.2Di35.2Frel.2Fwork.2Fxhc_ecm.	64
0x85a698	OBJ	HID_KUSBClassDriver	64
0x85a6d8	OBJ	KbdApp_IOAClass	152
0x85a770	OBJ	MouApp_IOAClass	152
0x85a808	OBJ	KbdApp_IORegisters...2Fhome.2Fmal.2Fgm_release.2FMY22.2D026.2Ffinal.2Fiot.2Frtos.2Flibs.2Fgm.2Di35.2Frel.2Fwork.2Fhid_kdrv.	64
0x85a848	OBJ	MouApp_IORegisters...2Fhome.2Fmal.2Fgm_release.2FMY22.2D026.2Ffinal.2Fiot.2Frtos.2Flibs.2Fgm.2Di35.2Frel.2Fwork.2Fhid_kdrv.	64
0x85a8a4	OBJ	ReadMsrList...2Fhome.2Fmal.2Fgm_release.2FMY22.2D026.2Ffinal.2Fiot.2Frtos.2Flibs.2Fgm.2Di35.2Frel.2Fwork.2Fintel_dvfs.	100
0x85a908	OBJ	WriteMsrList...2Fhome.2Fmal.2Fgm_release.2FMY22.2D026.2Ffinal.2Fiot.2Frtos.2Flibs.2Fgm.2Di35.2Frel.2Fwork.2Fintel_dvfs.	8
0x85a934	OBJ	MsrList...2Fhome.2Fmal.2Fgm_release.2FMY22.2D026.2Ffinal.2Fiot.2Frtos.2Flibs.2Fgm.2Di35.2Frel.2Fwork.2Fguest_pmu.	80
0x85a984	OBJ	SwappedMsrList...2Fhome.2Fmal.2Fgm_release.2FMY22.2D026.2Ffinal.2Fiot.2Frtos.2Flibs.2Fgm.2Di35.2Frel.2Fwork.2Fguest_pmu.	4
0x85aa00	OBJ	__ghsbegin_rdata	0
0x85f5e0	OBJ	__ghsbegin_romend	0
0x85f5e0	OBJ	__ghsend_romend	0
0x2200000	FUNC	__dotsyscall	5
0x2200000	OBJ	__ghsend_romlimit	0
0x2200000	OBJ	__ghsbegin_ramstart	0
0x2200000	OBJ	__ghsend_ramstart	0
0x2200000	OBJ	__ghsbegin_syscall	0
0x2201000	OBJ	__ghsend_syscall	0
0x2201000	OBJ	__ghsbegin_mr_r_mod_android_key	0
0x2202000	OBJ	IpuFirmwareLinkedInKernel	1
0x2202000	OBJ	__ghsend_mr_r_mod_android_key	0
0x2202000	OBJ	__ghsbegin_data	0
0x2202001	OBJ	ReduceRAM3ToMatchBoardVariant	1
0x2202002	OBJ	EnableSuspendToRam	1
0x2202008	OBJ	Passthru_PciDeviceBindings	136
0x2202090	OBJ	FallbackDevices	6120
0x22038a0	OBJ	ExtendedBanner.GetGMConfigurationBanner..2Fhome.2Fmal.2Fgm_release.2FMY22.2D026.2Ffinal.2Fiot.2Fcust.2Dbuild_sb.2Fgm.2Di35.2Frel.2Fgm_i35_my22_gb.2Fobjects.2Fgm_banner_kernel..0	56
0x22038d8	OBJ	sdhcDevNames.sdhc_IODName..2Fhome.2Fmal.2Fgm_release.2FMY22.2D026.2Ffinal.2Fiot.2Frtos.2Flibs.2Fgm.2Di35.2Frel.2Fwork.2Flibs.2Flibpassthrudev.2Fsdhc_passthru..2	64
0x2203918	OBJ	__ghsentry_pci_device_driver_sdhc_passthru	64
0x2203958	OBJ	__ghsentry_pci_device_driver_gm_eth	64
0x2203998	OBJ	uartDevNames.uart_IODName..2Fhome.2Fmal.2Fgm_release.2FMY22.2D026.2Ffinal.2Fiot.2Frtos.2Flibs.2Fgm.2Di35.2Frel.2Fwork.2Flibs.2Flibpassthrudev.2Fuart_passthru..2	32
0x22039b8	OBJ	__ghsentry_pci_device_driver_uart	64
0x22039f8	OBJ	__ghsentry_bspuserinit_wifi_dummy	8
0x2203a00	OBJ	__ghsentry_pci_device_driver_gm_wifi	64
0x2203a40	OBJ	__ghsentry_pci_device_driver_gm_audio	64
0x2203a80	OBJ	__ghsentry_pci_device_driver_p2sb	64
0x2203ac0	OBJ	i2cDevNames.i2c_IODName..2Fhome.2Fmal.2Fgm_release.2FMY22.2D026.2Ffinal.2Fiot.2Frtos.2Flibs.2Fgm.2Di35.2Frel.2Fwork.2Flibs.2Flibpassthrudev.2Fi2c_passthru..1	128
0x2203b40	OBJ	__ghsentry_pci_device_driver_i2c	64
0x2203b80	OBJ	__ghsentry_pci_device_driver_gen9	64
0x2203bc0	OBJ	spiDevNames.spi_IODName..2Fhome.2Fmal.2Fgm_release.2FMY22.2D026.2Ffinal.2Fiot.2Frtos.2Flibs.2Fgm.2Di35.2Frel.2Fwork.2Flibs.2Flibpassthrudev.2Fspi_passthru..2	24
0x2203bd8	OBJ	__ghsentry_pci_device_driver_spi	64
0x2203c18	OBJ	__ghsentry_pci_device_driver_xdci	64
0x2203c58	OBJ	EHCIDevNames.EHCI_IODName..2Fhome.2Fmal.2Fgm_release.2FMY22.2D026.2Ffinal.2Fiot.2Frtos.2Flibs.2Fgm.2Di35.2Frel.2Fwork.2Flibs.2Flibpassthrudev.2Fusb_onboard_vm..4	64
0x2203c98	OBJ	XHCIDevNames.XHCI_IODName..2Fhome.2Fmal.2Fgm_release.2FMY22.2D026.2Ffinal.2Fiot.2Frtos.2Flibs.2Fgm.2Di35.2Frel.2Fwork.2Flibs.2Flibpassthrudev.2Fusb_onboard_vm..7	64
0x2203cd8	OBJ	__ghsentry_pci_device_driver_ehci	64
0x2203d18	OBJ	__ghsentry_pci_device_driver_xhci	64
0x2203d58	OBJ	ExportedGPIO_List...2Fhome.2Fmal.2Fgm_release.2FMY22.2D026.2Ffinal.2Fiot.2Frtos.2Flibs.2Fgm.2Di35.2Frel.2Fwork.2Flibs.2Flibgpiobsp.2Fgpio.	1980
0x2204518	OBJ	__ghsentry_pci_device_driver_gpio	64
0x2205000	OBJ	GlobalDescriptorTable	256
0x2206000	OBJ	BootTSC	40
0x2206028	OBJ	GdtrVal	10
0x2206038	OBJ	SaveErrorCpu	8
0x2206040	OBJ	ASP_NumberOfRegisters	4
0x2206048	OBJ	OSAKernelVersion	8
0x2206050	OBJ	__integrity_tump_info_size	8
0x2206058	OBJ	__integrity_tump_info_CurrentTaskContext_offset	8
0x2206080	OBJ	InternalInitLock...2Fhome.2Fmal.2Fgm_release.2FMY22.2D026.2Ffinal.2Fiot.2Frtos.2Flibs.2Fgm.2Di35.2Frel.2Fwork.2Flibkernel.2Flibkernel.2Flock.	64
0x22060c0	OBJ	__ghsentry_bspuserinit_async_signal	8
0x22060c8	OBJ	__integrity_number_of_cores	8
0x22060d0	OBJ	__integrity_cache_line_size	8
0x22060d8	OBJ	__integrity_version	4
0x22060e0	OBJ	pt.internal_sbrk..2Fhome.2Fmal.2Fgm_release.2FMY22.2D026.2Ffinal.2Fiot.2Frtos.2Flibs.2Fgm.2Di35.2Frel.2Fwork.2Flibkernel.2Flibkernel.2Find_heap..0	8
0x22060e8	OBJ	TheGlobalTable	200
0x22061b0	OBJ	fallbackbuf.BSP_InitializeConsoleOutput..2Fhome.2Fmal.2Fgm_release.2FMY22.2D026.2Ffinal.2Fiot.2Frtos.2Flibs.2Fgm.2Di35.2Frel.2Fwork.2Fconsole_logging..6	16
0x22061c0	OBJ	UARTDevNames.SuperUART_IODName..2Fhome.2Fmal.2Fgm_release.2FMY22.2D026.2Ffinal.2Fiot.2Frtos.2Flibs.2Fgm.2Di35.2Frel.2Fwork.2Fkuart..0	40
0x22061e8	OBJ	ConsoleDevnoBinding...2Fhome.2Fmal.2Fgm_release.2FMY22.2D026.2Ffinal.2Fiot.2Frtos.2Flibs.2Fgm.2Di35.2Frel.2Fwork.2Fkuart.	4
0x22061ec	OBJ	IndrtDevnoBinding...2Fhome.2Fmal.2Fgm_release.2FMY22.2D026.2Ffinal.2Fiot.2Frtos.2Flibs.2Fgm.2Di35.2Frel.2Fwork.2Fkuart.	4
0x22061f0	OBJ	VirtUARTDevNames.SuperVirtUART_IODName..2Fhome.2Fmal.2Fgm_release.2FMY22.2D026.2Ffinal.2Fiot.2Frtos.2Flibs.2Fgm.2Di35.2Frel.2Fwork.2Fkuart..6	8
0x22061f8	OBJ	numProcessorsInitialized	8
0x2206200	OBJ	__ghsentry_processargs_handler_cseseed	24
0x2206218	OBJ	__ghsentry_processargs_handler_cseseedlist	24
0x2206230	OBJ	__ghsentry_processargs_handler_devsecinfo	24
0x2206248	OBJ	CseSeedIod	392
0x22063d0	OBJ	AplAcpiSleep_Iod	392
0x2206558	OBJ	LpssMapping...2Fhome.2Fmal.2Fgm_release.2FMY22.2D026.2Ffinal.2Fiot.2Frtos.2Flibs.2Fgm.2Di35.2Frel.2Fwork.2Fintel_lpss_uart.	128
0x22065d8	OBJ	__ghsentry_pci_device_driver_LpssUart	64
0x2206618	OBJ	EtherDevNames.KETH_IODName..2Fhome.2Fmal.2Fgm_release.2FMY22.2D026.2Ffinal.2Fiot.2Frtos.2Flibs.2Fgm.2Di35.2Frel.2Fwork.2Fkethernet..0	64
0x2206658	OBJ	__ghsentry_bspuserinit_DummyEth	8
0x2206660	OBJ	__ghsentry_pci_device_driver_i8254x	64
0x22066a0	OBJ	info.LpssI2cInit..2Fhome.2Fmal.2Fgm_release.2FMY22.2D026.2Ffinal.2Fiot.2Frtos.2Flibs.2Fgm.2Di35.2Frel.2Fwork.2Fi2c_lpss..2	384
0x2206820	OBJ	__ghsentry_pci_device_driver_LpssI2c	64
0x2206860	OBJ	xferDeviceNames.SDHC_Initialize..2Fhome.2Fmal.2Fgm_release.2FMY22.2D026.2Ffinal.2Fiot.2Frtos.2Flibs.2Fgm.2Di35.2Frel.2Fwork.2Fsdhc..0	128
0x22068e0	OBJ	__ghsentry_pci_device_driver_sdhc	64
0x2206920	OBJ	__ghsentry_pci_device_driver_IntelIpu4	64
0x2206960	OBJ	nextPage.GetPtrToNewPage..2Fhome.2Fmal.2Fgm_release.2FMY22.2D026.2Ffinal.2Fiot.2Frtos.2Flibs.2Fgm.2Di35.2Frel.2Fwork.2Fvtd..3	8
0x2206968	OBJ	__ghsentry_pci_device_driver_gmch	64
0x22069a8	OBJ	acpiDmarInfo	144
0x2206a38	OBJ	bootargsIODeviceVector.bootargs_IODeviceInit..2Fhome.2Fmal.2Fgm_release.2FMY22.2D026.2Ffinal.2Fiot.2Frtos.2Flibs.2Fgm.2Di35.2Frel.2Fwork.2Fbootargs_iodev..2	392
0x2206bc0	OBJ	PCIConfigSpace	8
0x2206bc8	OBJ	PCIMemorySpace	8
0x2206bd0	OBJ	PCIIOSpaceLegacy	8
0x2206bd8	OBJ	PCIConfigSpaceStruct...2Fhome.2Fmal.2Fgm_release.2FMY22.2D026.2Ffinal.2Fiot.2Frtos.2Flibs.2Fgm.2Di35.2Frel.2Fwork.2Fbus.	128
0x2206c58	OBJ	PCIMemorySpaceStruct...2Fhome.2Fmal.2Fgm_release.2FMY22.2D026.2Ffinal.2Fiot.2Frtos.2Flibs.2Fgm.2Di35.2Frel.2Fwork.2Fbus.	128
0x2206cd8	OBJ	PCIIOSpaceStruct...2Fhome.2Fmal.2Fgm_release.2FMY22.2D026.2Ffinal.2Fiot.2Frtos.2Flibs.2Fgm.2Di35.2Frel.2Fwork.2Fbus.	128
0x2206d58	OBJ	spaces.print_spaces..2Fhome.2Fmal.2Fgm_release.2FMY22.2D026.2Ffinal.2Fiot.2Frtos.2Flibs.2Fgm.2Di35.2Frel.2Fwork.2Fpci_config..12	17
0x2206d70	OBJ	__ghsentry_pci_device_driver_hda_mm_init	64
0x2206db0	OBJ	__ghsentry_pci_device_driver_heci	64
0x2206df0	OBJ	__ghsentry_pci_device_driver_xhc	64
0x2206e30	OBJ	DVFS_Iod	392
0x2206fb8	OBJ	DVFS_Resource_Iod	392
0x2207140	OBJ	PerfMon_Resource_Iod...2Fhome.2Fmal.2Fgm_release.2FMY22.2D026.2Ffinal.2Fiot.2Frtos.2Flibs.2Fgm.2Di35.2Frel.2Fwork.2Fguest_pmu.	392
0x22072c8	OBJ	__ghsentry_bspuserinit_perfmon_resource_iod	8
0x22072d0	OBJ	TempMsr_Iod	392
0x2207458	OBJ	PassthruBootStatusDevice	392
0x2207600	OBJ	__ghsautoimport_gpio	1
0x2207604	OBJ	BSP_SharedConsoleDevno	4
0x2207608	OBJ	numSdhcDevices.sdhc_driver_init..2Fhome.2Fmal.2Fgm_release.2FMY22.2D026.2Ffinal.2Fiot.2Frtos.2Flibs.2Fgm.2Di35.2Frel.2Fwork.2Flibs.2Flibpassthrudev.2Fsdhc_passthru..0	4
0x2207610	OBJ	props.sdhc_driver_init..2Fhome.2Fmal.2Fgm_release.2FMY22.2D026.2Ffinal.2Fiot.2Frtos.2Flibs.2Fgm.2Di35.2Frel.2Fwork.2Flibs.2Flibpassthrudev.2Fsdhc_passthru..1	128
0x2207690	OBJ	device_count.gm_eth_driver_init..2Fhome.2Fmal.2Fgm_release.2FMY22.2D026.2Ffinal.2Fiot.2Frtos.2Flibs.2Fgm.2Di35.2Frel.2Fwork.2Flibs.2Flibpassthrudev.2Fgm_eth_passthru..1	4
0x2207698	OBJ	TheProps.gm_eth_driver_init..2Fhome.2Fmal.2Fgm_release.2FMY22.2D026.2Ffinal.2Fiot.2Frtos.2Flibs.2Fgm.2Di35.2Frel.2Fwork.2Flibs.2Flibpassthrudev.2Fgm_eth_passthru..0	16
0x22076a8	OBJ	numUartDevices.uart_driver_init..2Fhome.2Fmal.2Fgm_release.2FMY22.2D026.2Ffinal.2Fiot.2Frtos.2Flibs.2Fgm.2Di35.2Frel.2Fwork.2Flibs.2Flibpassthrudev.2Fuart_passthru..0	4
0x22076b0	OBJ	props.uart_driver_init..2Fhome.2Fmal.2Fgm_release.2FMY22.2D026.2Ffinal.2Fiot.2Frtos.2Flibs.2Fgm.2Di35.2Frel.2Fwork.2Flibs.2Flibpassthrudev.2Fuart_passthru..1	64
0x22076f0	OBJ	counter.GmWifi_ExceptionHandler..2Fhome.2Fmal.2Fgm_release.2FMY22.2D026.2Ffinal.2Fiot.2Frtos.2Flibs.2Fgm.2Di35.2Frel.2Fwork.2Flibs.2Flibpassthrudev.2Fgm_wifi_passthru..0	4
0x22076f4	OBJ	second_wifi_function_present...2Fhome.2Fmal.2Fgm_release.2FMY22.2D026.2Ffinal.2Fiot.2Frtos.2Flibs.2Fgm.2Di35.2Frel.2Fwork.2Flibs.2Flibpassthrudev.2Fgm_wifi_passthru.	4
0x22076f8	OBJ	counter.GmAudio_ExceptionHandler..2Fhome.2Fmal.2Fgm_release.2FMY22.2D026.2Ffinal.2Fiot.2Frtos.2Flibs.2Fgm.2Di35.2Frel.2Fwork.2Flibs.2Flibpassthrudev.2Fgm_audio_passthru..0	4
0x2207700	OBJ	TheProps.gm_audio_driver_init..2Fhome.2Fmal.2Fgm_release.2FMY22.2D026.2Ffinal.2Fiot.2Frtos.2Flibs.2Fgm.2Di35.2Frel.2Fwork.2Flibs.2Flibpassthrudev.2Fgm_audio_passthru..1	16
0x2207710	OBJ	cfgSpace...2Fhome.2Fmal.2Fgm_release.2FMY22.2D026.2Ffinal.2Fiot.2Frtos.2Flibs.2Fgm.2Di35.2Frel.2Fwork.2Flibs.2Flibpassthrudev.2Fp2sb_passthru.	8
0x2207718	OBJ	cfgHandle...2Fhome.2Fmal.2Fgm_release.2FMY22.2D026.2Ffinal.2Fiot.2Frtos.2Flibs.2Fgm.2Di35.2Frel.2Fwork.2Flibs.2Flibpassthrudev.2Fp2sb_passthru.	8
0x2207720	OBJ	TheSbiAccess...2Fhome.2Fmal.2Fgm_release.2FMY22.2D026.2Ffinal.2Fiot.2Frtos.2Flibs.2Fgm.2Di35.2Frel.2Fwork.2Flibs.2Flibpassthrudev.2Fp2sb_passthru.	224
0x2207800	OBJ	props.i2c_driver_init..2Fhome.2Fmal.2Fgm_release.2FMY22.2D026.2Ffinal.2Fiot.2Frtos.2Flibs.2Fgm.2Di35.2Frel.2Fwork.2Flibs.2Flibpassthrudev.2Fi2c_passthru..0	128
0x2207880	OBJ	TheProps.gen9_driver_init..2Fhome.2Fmal.2Fgm_release.2FMY22.2D026.2Ffinal.2Fiot.2Frtos.2Flibs.2Fgm.2Di35.2Frel.2Fwork.2Flibs.2Flibpassthrudev.2Fgen9_passthru..0	16
0x2207890	OBJ	TheGTTCopy...2Fhome.2Fmal.2Fgm_release.2FMY22.2D026.2Ffinal.2Fiot.2Frtos.2Flibs.2Fgm.2Di35.2Frel.2Fwork.2Flibs.2Flibpassthrudev.2Fgen9_passthru.	4312
0x2208968	OBJ	TheBatchedWrite...2Fhome.2Fmal.2Fgm_release.2FMY22.2D026.2Ffinal.2Fiot.2Frtos.2Flibs.2Fgm.2Di35.2Frel.2Fwork.2Flibs.2Flibpassthrudev.2Fgen9_passthru.	712
0x2208c30	OBJ	numSpiDevices.spi_driver_init..2Fhome.2Fmal.2Fgm_release.2FMY22.2D026.2Ffinal.2Fiot.2Frtos.2Flibs.2Fgm.2Di35.2Frel.2Fwork.2Flibs.2Flibpassthrudev.2Fspi_passthru..1	4
0x2208c38	OBJ	props.spi_driver_init..2Fhome.2Fmal.2Fgm_release.2FMY22.2D026.2Ffinal.2Fiot.2Frtos.2Flibs.2Fgm.2Di35.2Frel.2Fwork.2Flibs.2Flibpassthrudev.2Fspi_passthru..0	48
0x2208c68	OBJ	counter.Xdci_ExceptionHandler..2Fhome.2Fmal.2Fgm_release.2FMY22.2D026.2Ffinal.2Fiot.2Frtos.2Flibs.2Fgm.2Di35.2Frel.2Fwork.2Flibs.2Flibpassthrudev.2Fxdci_passthru..0	4
0x2208c70	OBJ	TheProps.xdci_driver_init..2Fhome.2Fmal.2Fgm_release.2FMY22.2D026.2Ffinal.2Fiot.2Frtos.2Flibs.2Fgm.2Di35.2Frel.2Fwork.2Flibs.2Flibpassthrudev.2Fxdci_passthru..1	16
0x2208c80	OBJ	chipsetInitialized.EHCI_Initialize..2Fhome.2Fmal.2Fgm_release.2FMY22.2D026.2Ffinal.2Fiot.2Frtos.2Flibs.2Fgm.2Di35.2Frel.2Fwork.2Flibs.2Flibpassthrudev.2Fusb_onboard_vm..0	4
0x2208c88	OBJ	TheFirstXhciIOA...2Fhome.2Fmal.2Fgm_release.2FMY22.2D026.2Ffinal.2Fiot.2Frtos.2Flibs.2Fgm.2Di35.2Frel.2Fwork.2Flibs.2Flibpassthrudev.2Fusb_onboard_vm.	8
0x2208c90	OBJ	numEhciDevices.ehci_driver_init..2Fhome.2Fmal.2Fgm_release.2FMY22.2D026.2Ffinal.2Fiot.2Frtos.2Flibs.2Fgm.2Di35.2Frel.2Fwork.2Flibs.2Flibpassthrudev.2Fusb_onboard_vm..2	4
0x2208c98	OBJ	props.ehci_driver_init..2Fhome.2Fmal.2Fgm_release.2FMY22.2D026.2Ffinal.2Fiot.2Frtos.2Flibs.2Fgm.2Di35.2Frel.2Fwork.2Flibs.2Flibpassthrudev.2Fusb_onboard_vm..3	256
0x2208d98	OBJ	numXhciDevices.xhci_driver_init..2Fhome.2Fmal.2Fgm_release.2FMY22.2D026.2Ffinal.2Fiot.2Frtos.2Flibs.2Fgm.2Di35.2Frel.2Fwork.2Flibs.2Flibpassthrudev.2Fusb_onboard_vm..5	4
0x2208da0	OBJ	props.xhci_driver_init..2Fhome.2Fmal.2Fgm_release.2FMY22.2D026.2Ffinal.2Fiot.2Frtos.2Flibs.2Fgm.2Di35.2Frel.2Fwork.2Flibs.2Flibpassthrudev.2Fusb_onboard_vm..6	64
0x2208de0	OBJ	numPtDevices...2Fhome.2Fmal.2Fgm_release.2FMY22.2D026.2Ffinal.2Fiot.2Frtos.2Flibs.2Fgm.2Di35.2Frel.2Fwork.2Flibs.2Flibpassthrudev.2Fpassthru.	4
0x2208de8	OBJ	PtDevices...2Fhome.2Fmal.2Fgm_release.2FMY22.2D026.2Ffinal.2Fiot.2Frtos.2Flibs.2Fgm.2Di35.2Frel.2Fwork.2Flibs.2Flibpassthrudev.2Fpassthru.	10240
0x220b5e8	OBJ	TheGPIO_Regs...2Fhome.2Fmal.2Fgm_release.2FMY22.2D026.2Ffinal.2Fiot.2Frtos.2Flibs.2Fgm.2Di35.2Frel.2Fwork.2Flibs.2Flibgpiobsp.2Fgpio.	8
0x220b5f0	OBJ	GPIO_GS_Vect...2Fhome.2Fmal.2Fgm_release.2FMY22.2D026.2Ffinal.2Fiot.2Frtos.2Flibs.2Fgm.2Di35.2Frel.2Fwork.2Flibs.2Flibgpiobsp.2Fgpio.	8
0x220b5f8	OBJ	PinIrqMask...2Fhome.2Fmal.2Fgm_release.2FMY22.2D026.2Ffinal.2Fiot.2Frtos.2Flibs.2Fgm.2Di35.2Frel.2Fwork.2Flibs.2Flibgpiobsp.2Fgpio.	4
0x220b5fc	OBJ	CommunityIrqMask...2Fhome.2Fmal.2Fgm_release.2FMY22.2D026.2Ffinal.2Fiot.2Frtos.2Flibs.2Fgm.2Di35.2Frel.2Fwork.2Flibs.2Flibgpiobsp.2Fgpio.	1
0x220b600	OBJ	GPIO_Stats...2Fhome.2Fmal.2Fgm_release.2FMY22.2D026.2Ffinal.2Fiot.2Frtos.2Flibs.2Fgm.2Di35.2Frel.2Fwork.2Flibs.2Flibgpiobsp.2Fgpio.	32
0x220b620	OBJ	GPIO_Devs...2Fhome.2Fmal.2Fgm_release.2FMY22.2D026.2Ffinal.2Fiot.2Frtos.2Flibs.2Fgm.2Di35.2Frel.2Fwork.2Flibs.2Flibgpiobsp.2Fgpio.	18432
0x220fe20	OBJ	GPIO_GS_Call...2Fhome.2Fmal.2Fgm_release.2FMY22.2D026.2Ffinal.2Fiot.2Frtos.2Flibs.2Fgm.2Di35.2Frel.2Fwork.2Flibs.2Flibgpiobsp.2Fgpio.	80
0x2210000	OBJ	TrampolineStacks...2Fhome.2Fmal.2Fgm_release.2FMY22.2D026.2Ffinal.2Fiot.2Frtos.2Flibs.2Fgm.2Di35.2Frel.2Fwork.2Flibkernel.2Flibkernel.2F86_x64.	1024
0x2210000	OBJ	__ghsbegin_t_bss	0
0x2210400	OBJ	InterruptDescriptorTable...2Fhome.2Fmal.2Fgm_release.2FMY22.2D026.2Ffinal.2Fiot.2Frtos.2Flibs.2Fgm.2Di35.2Frel.2Fwork.2Flibkernel.2Flibkernel.2F86_x64.	4096
0x2211400	OBJ	DefaultTSS	416
0x22115a0	OBJ	TrampolineStackPointers	32
0x22115c0	OBJ	PML4TablePhysical	8
0x22115c8	OBJ	VerwSegmentSelector	2
0x2212000	OBJ	CseSeed...2Fhome.2Fmal.2Fgm_release.2FMY22.2D026.2Ffinal.2Fiot.2Frtos.2Flibs.2Fgm.2Di35.2Frel.2Fwork.2Fcseseed_iodevice.	128
0x2212080	OBJ	CseSeedList...2Fhome.2Fmal.2Fgm_release.2FMY22.2D026.2Ffinal.2Fiot.2Frtos.2Flibs.2Fgm.2Di35.2Frel.2Fwork.2Fcseseed_iodevice.	552
0x22122a8	OBJ	AttestationSeedList...2Fhome.2Fmal.2Fgm_release.2FMY22.2D026.2Ffinal.2Fiot.2Frtos.2Flibs.2Fgm.2Di35.2Frel.2Fwork.2Fcseseed_iodevice.	276
0x22123c0	OBJ	bootargsInfo...2Fhome.2Fmal.2Fgm_release.2FMY22.2D026.2Ffinal.2Fiot.2Frtos.2Flibs.2Fgm.2Di35.2Frel.2Fwork.2Fbootargs_iodev.	5136
0x22137d0	OBJ	MultibootHeaderSave...2Fhome.2Fmal.2Fgm_release.2FMY22.2D026.2Ffinal.2Fiot.2Frtos.2Flibs.2Fgm.2Di35.2Frel.2Fwork.2Flibkernel.2Flibkernel.2F86_x64.	116
0x2213844	OBJ	MultibootMmapTableSave...2Fhome.2Fmal.2Fgm_release.2FMY22.2D026.2Ffinal.2Fiot.2Frtos.2Flibs.2Fgm.2Di35.2Frel.2Fwork.2Flibkernel.2Flibkernel.2F86_x64.	2048
0x2215000	OBJ	numCpus...2Fhome.2Fmal.2Fgm_release.2FMY22.2D026.2Ffinal.2Fiot.2Frtos.2Flibs.2Fgm.2Di35.2Frel.2Fwork.2Fx86_common.	8
0x2215000	OBJ	__ghsbegin_earlybss	0
0x2215008	OBJ	Cpu2APIC...2Fhome.2Fmal.2Fgm_release.2FMY22.2D026.2Ffinal.2Fiot.2Frtos.2Flibs.2Fgm.2Di35.2Frel.2Fwork.2Fx86_common.	32
0x2215028	OBJ	APIC2Cpu	2048
0x2215828	OBJ	apicMapComplete	8
0x2216000	OBJ	NextFreePageTablePageNumber...2Fhome.2Fmal.2Fgm_release.2FMY22.2D026.2Ffinal.2Fiot.2Frtos.2Flibs.2Fgm.2Di35.2Frel.2Fwork.2Flibkernel.2Flibkernel.2F86_x64.	8
0x2216008	OBJ	WasResumedFromRam...2Fhome.2Fmal.2Fgm_release.2FMY22.2D026.2Ffinal.2Fiot.2Frtos.2Flibs.2Fgm.2Di35.2Frel.2Fwork.2Flibkernel.2Flibkernel.2F86_x64.	4
0x2217000	OBJ	PML4Table	4096
0x2218000	OBJ	MultibootInformation	8
0x2218008	OBJ	MainRAMSize	4
0x221800c	OBJ	ExtendedRAMSize	4
0x2218010	OBJ	KernelMappingCount...2Fhome.2Fmal.2Fgm_release.2FMY22.2D026.2Ffinal.2Fiot.2Frtos.2Flibs.2Fgm.2Di35.2Frel.2Fwork.2Flibkernel.2Flibkernel.2Fasp_common_kernel_mapping.	8
0x2218018	OBJ	KernelMappings...2Fhome.2Fmal.2Fgm_release.2FMY22.2D026.2Ffinal.2Fiot.2Frtos.2Flibs.2Fgm.2Di35.2Frel.2Fwork.2Flibkernel.2Flibkernel.2Fasp_common_kernel_mapping.	1536
0x2219000	OBJ	__ghsbegin_pagetable	0
0x2259000	OBJ	fatalErrorSave.ASP_FatalError..2Fhome.2Fmal.2Fgm_release.2FMY22.2D026.2Ffinal.2Fiot.2Frtos.2Flibs.2Fgm.2Di35.2Frel.2Fwork.2Flibkernel.2Flibkernel.2F86_x64..0	4
0x2259000	OBJ	__ghsend_pagetable	0
0x2259008	OBJ	CLFlushLineSize...2Fhome.2Fmal.2Fgm_release.2FMY22.2D026.2Ffinal.2Fiot.2Frtos.2Flibs.2Fgm.2Di35.2Frel.2Fwork.2Flibkernel.2Flibkernel.2F86_x64.	8
0x2259010	OBJ	Panicking...2Fhome.2Fmal.2Fgm_release.2FMY22.2D026.2Ffinal.2Fiot.2Frtos.2Flibs.2Fgm.2Di35.2Frel.2Fwork.2Flibkernel.2Flibkernel.2F86_x64.	8
0x2259018	OBJ	PanicCpuCount...2Fhome.2Fmal.2Fgm_release.2FMY22.2D026.2Ffinal.2Fiot.2Frtos.2Flibs.2Fgm.2Di35.2Frel.2Fwork.2Flibkernel.2Flibkernel.2F86_x64.	8
0x2259020	OBJ	IsPcidSupported...2Fhome.2Fmal.2Fgm_release.2FMY22.2D026.2Ffinal.2Fiot.2Frtos.2Flibs.2Fgm.2Di35.2Frel.2Fwork.2Flibkernel.2Flibkernel.2F86_x64.	4
0x2259024	OBJ	IsAvxSupported...2Fhome.2Fmal.2Fgm_release.2FMY22.2D026.2Ffinal.2Fiot.2Frtos.2Flibs.2Fgm.2Di35.2Frel.2Fwork.2Flibkernel.2Flibkernel.2F86_x64.	4
0x225a000	OBJ	vmxonPagePhysAddr...2Fhome.2Fmal.2Fgm_release.2FMY22.2D026.2Ffinal.2Fiot.2Frtos.2Flibs.2Fgm.2Di35.2Frel.2Fwork.2Flibkernel.2Flibkernel.2F86_x64_vmx.	8
0x225a008	OBJ	TSCTicksPerRefTick_LS32...2Fhome.2Fmal.2Fgm_release.2FMY22.2D026.2Ffinal.2Fiot.2Frtos.2Flibs.2Fgm.2Di35.2Frel.2Fwork.2Flibkernel.2Flibkernel.2F86_x64_vmx.	8
0x225a010	OBJ	hostSpecCtrl...2Fhome.2Fmal.2Fgm_release.2FMY22.2D026.2Ffinal.2Fiot.2Frtos.2Flibs.2Fgm.2Di35.2Frel.2Fwork.2Flibkernel.2Flibkernel.2F86_x64_vmx.	8
0x225a018	OBJ	hostXcr0...2Fhome.2Fmal.2Fgm_release.2FMY22.2D026.2Ffinal.2Fiot.2Frtos.2Flibs.2Fgm.2Di35.2Frel.2Fwork.2Flibkernel.2Flibkernel.2F86_x64_vmx.	8
0x225a020	OBJ	hostStar...2Fhome.2Fmal.2Fgm_release.2FMY22.2D026.2Ffinal.2Fiot.2Frtos.2Flibs.2Fgm.2Di35.2Frel.2Fwork.2Flibkernel.2Flibkernel.2F86_x64_vmx.	8
0x225a028	OBJ	hostLstar...2Fhome.2Fmal.2Fgm_release.2FMY22.2D026.2Ffinal.2Fiot.2Frtos.2Flibs.2Fgm.2Di35.2Frel.2Fwork.2Flibkernel.2Flibkernel.2F86_x64_vmx.	8
0x225a030	OBJ	hostFmask...2Fhome.2Fmal.2Fgm_release.2FMY22.2D026.2Ffinal.2Fiot.2Frtos.2Flibs.2Fgm.2Di35.2Frel.2Fwork.2Flibkernel.2Flibkernel.2F86_x64_vmx.	8
0x225a038	OBJ	debugVmxBasic...2Fhome.2Fmal.2Fgm_release.2FMY22.2D026.2Ffinal.2Fiot.2Frtos.2Flibs.2Fgm.2Di35.2Frel.2Fwork.2Flibkernel.2Flibkernel.2F86_x64_vmx.	8
0x225a040	OBJ	debugVmxMisc...2Fhome.2Fmal.2Fgm_release.2FMY22.2D026.2Ffinal.2Fiot.2Frtos.2Flibs.2Fgm.2Di35.2Frel.2Fwork.2Flibkernel.2Flibkernel.2F86_x64_vmx.	8
0x225a048	OBJ	debugVmxTrueEntryCtls...2Fhome.2Fmal.2Fgm_release.2FMY22.2D026.2Ffinal.2Fiot.2Frtos.2Flibs.2Fgm.2Di35.2Frel.2Fwork.2Flibkernel.2Flibkernel.2F86_x64_vmx.	8
0x225a050	OBJ	debugVmxTrueExitCtls...2Fhome.2Fmal.2Fgm_release.2FMY22.2D026.2Ffinal.2Fiot.2Frtos.2Flibs.2Fgm.2Di35.2Frel.2Fwork.2Flibkernel.2Flibkernel.2F86_x64_vmx.	8
0x225a058	OBJ	debugVmxProcBased...2Fhome.2Fmal.2Fgm_release.2FMY22.2D026.2Ffinal.2Fiot.2Frtos.2Flibs.2Fgm.2Di35.2Frel.2Fwork.2Flibkernel.2Flibkernel.2F86_x64_vmx.	8
0x225a060	OBJ	debugVmx2ProcBased...2Fhome.2Fmal.2Fgm_release.2FMY22.2D026.2Ffinal.2Fiot.2Frtos.2Flibs.2Fgm.2Di35.2Frel.2Fwork.2Flibkernel.2Flibkernel.2F86_x64_vmx.	8
0x225a068	OBJ	debugVmxPinBased...2Fhome.2Fmal.2Fgm_release.2FMY22.2D026.2Ffinal.2Fiot.2Frtos.2Flibs.2Fgm.2Di35.2Frel.2Fwork.2Flibkernel.2Flibkernel.2F86_x64_vmx.	8
0x225a070	OBJ	vmcsRevisionID...2Fhome.2Fmal.2Fgm_release.2FMY22.2D026.2Ffinal.2Fiot.2Frtos.2Flibs.2Fgm.2Di35.2Frel.2Fwork.2Flibkernel.2Flibkernel.2F86_x64_vmx.	4
0x225a074	OBJ	vmxPreemptionShift...2Fhome.2Fmal.2Fgm_release.2FMY22.2D026.2Ffinal.2Fiot.2Frtos.2Flibs.2Fgm.2Di35.2Frel.2Fwork.2Flibkernel.2Flibkernel.2F86_x64_vmx.	4
0x225a078	OBJ	vmxPreemptionInUse...2Fhome.2Fmal.2Fgm_release.2FMY22.2D026.2Ffinal.2Fiot.2Frtos.2Flibs.2Fgm.2Di35.2Frel.2Fwork.2Flibkernel.2Flibkernel.2F86_x64_vmx.	1
0x225a080	OBJ	vmxPerCpu...2Fhome.2Fmal.2Fgm_release.2FMY22.2D026.2Ffinal.2Fiot.2Frtos.2Flibs.2Fgm.2Di35.2Frel.2Fwork.2Flibkernel.2Flibkernel.2F86_x64_vmx.	768
0x225b000	OBJ	VMXOnPage...2Fhome.2Fmal.2Fgm_release.2FMY22.2D026.2Ffinal.2Fiot.2Frtos.2Flibs.2Fgm.2Di35.2Frel.2Fwork.2Flibkernel.2Flibkernel.2F86_x64_vmx.	4096
0x225c000	OBJ	vmxIpiBits...2Fhome.2Fmal.2Fgm_release.2FMY22.2D026.2Ffinal.2Fiot.2Frtos.2Flibs.2Fgm.2Di35.2Frel.2Fwork.2Flibkernel.2Flibkernel.2F86_x64_vmx.	256
0x225c100	OBJ	errorCode.ASP_RunGuestVM..2Fhome.2Fmal.2Fgm_release.2FMY22.2D026.2Ffinal.2Fiot.2Frtos.2Flibs.2Fgm.2Di35.2Frel.2Fwork.2Flibkernel.2Flibkernel.2F86_x64_vmx..21	4
0x225c140	OBJ	CurrentAliasIndex.VMM_InitVMDomain..2Fhome.2Fmal.2Fgm_release.2FMY22.2D026.2Ffinal.2Fiot.2Frtos.2Flibs.2Fgm.2Di35.2Frel.2Fwork.2Flibkernel.2Flibkernel.2Fvmm..0	4
0x225c148	OBJ	TscToTimeMultiplier...2Fhome.2Fmal.2Fgm_release.2FMY22.2D026.2Ffinal.2Fiot.2Frtos.2Flibs.2Fgm.2Di35.2Frel.2Fwork.2Flibkernel.2Flibkernel.2Fvmm.	8
0x225c150	OBJ	MaxVcpuAlarmTsc...2Fhome.2Fmal.2Fgm_release.2FMY22.2D026.2Ffinal.2Fiot.2Frtos.2Flibs.2Fgm.2Di35.2Frel.2Fwork.2Flibkernel.2Flibkernel.2Fvmm.	8
0x225c180	OBJ	UnpendWork...2Fhome.2Fmal.2Fgm_release.2FMY22.2D026.2Ffinal.2Fiot.2Frtos.2Flibs.2Fgm.2Di35.2Frel.2Fwork.2Flibkernel.2Flibkernel.2Fvmm.	256
0x225c280	OBJ	highResClock.VMM_CreateVCpuClock..2Fhome.2Fmal.2Fgm_release.2FMY22.2D026.2Ffinal.2Fiot.2Frtos.2Flibs.2Fgm.2Di35.2Frel.2Fwork.2Flibkernel.2Flibkernel.2Fvmm..4	8
0x225c288	OBJ	GlobalForever	4
0x225c290	OBJ	KernelMemoryRange...2Fhome.2Fmal.2Fgm_release.2FMY22.2D026.2Ffinal.2Fiot.2Frtos.2Flibs.2Fgm.2Di35.2Frel.2Fwork.2Flibkernel.2Flibkernel.2Finit.	40
0x225c2b8	OBJ	InitializationComplete	4
0x225c2c0	OBJ	initAS.InitializeScheduler..2Fhome.2Fmal.2Fgm_release.2FMY22.2D026.2Ffinal.2Fiot.2Frtos.2Flibs.2Fgm.2Di35.2Frel.2Fwork.2Flibkernel.2Flibkernel.2Fsched491..0	2
0x225c2c8	OBJ	initAffinityGroup.InitializeScheduler..2Fhome.2Fmal.2Fgm_release.2FMY22.2D026.2Ffinal.2Fiot.2Frtos.2Flibs.2Fgm.2Di35.2Frel.2Fwork.2Flibkernel.2Flibkernel.2Fsched491..1	128
0x225c380	OBJ	initializedCPUs	64
0x225c3c0	OBJ	AGLockPrioritiesDefined	4
0x225c3c4	OBJ	initCoreAGLockPriorityTable.InitializeLocks..2Fhome.2Fmal.2Fgm_release.2FMY22.2D026.2Ffinal.2Fiot.2Frtos.2Flibs.2Fgm.2Di35.2Frel.2Fwork.2Flibkernel.2Flibkernel.2Flock..1	8
0x225c400	OBJ	CLock...2Fhome.2Fmal.2Fgm_release.2FMY22.2D026.2Ffinal.2Fiot.2Frtos.2Flibs.2Fgm.2Di35.2Frel.2Fwork.2Flibkernel.2Flibkernel.2Fansic.	128
0x225c480	OBJ	TLS.AddressSpaceInitCLibrary..2Fhome.2Fmal.2Fgm_release.2FMY22.2D026.2Ffinal.2Fiot.2Frtos.2Flibs.2Fgm.2Di35.2Frel.2Fwork.2Flibkernel.2Flibkernel.2Fansic..1	512
0x225d000	OBJ	LocalTable...2Fhome.2Fmal.2Fgm_release.2FMY22.2D026.2Ffinal.2Fiot.2Frtos.2Flibs.2Fgm.2Di35.2Frel.2Fwork.2Fintel.2Dgr.	8
0x225d008	OBJ	pci_domain...2Fhome.2Fmal.2Fgm_release.2FMY22.2D026.2Ffinal.2Fiot.2Frtos.2Flibs.2Fgm.2Di35.2Frel.2Fwork.2Fintel.2Dgr.	8
0x225d010	OBJ	MsiResources...2Fhome.2Fmal.2Fgm_release.2FMY22.2D026.2Ffinal.2Fiot.2Frtos.2Flibs.2Fgm.2Di35.2Frel.2Fwork.2Fintel.2Dgr.	40
0x225d038	OBJ	Local_Table...2Fhome.2Fmal.2Fgm_release.2FMY22.2D026.2Ffinal.2Fiot.2Frtos.2Flibs.2Fgm.2Di35.2Frel.2Fwork.2Fintel.2Dgr.	23200
0x2262ad8	OBJ	nRanges.BSP_GetMemoryMap..2Fhome.2Fmal.2Fgm_release.2FMY22.2D026.2Ffinal.2Fiot.2Frtos.2Flibs.2Fgm.2Di35.2Frel.2Fwork.2Fintel.2Dgr..8	8
0x2262ae0	OBJ	kRange.BSP_GetMemoryMap..2Fhome.2Fmal.2Fgm_release.2FMY22.2D026.2Ffinal.2Fiot.2Frtos.2Flibs.2Fgm.2Di35.2Frel.2Fwork.2Fintel.2Dgr..9	8
0x2262b00	OBJ	target_name.ConsoleReadStatus..2Fhome.2Fmal.2Fgm_release.2FMY22.2D026.2Ffinal.2Fiot.2Frtos.2Flibs.2Fgm.2Di35.2Frel.2Fwork.2Fconsole_logging..0	8
0x2262b08	OBJ	target_name_len.ConsoleReadStatus..2Fhome.2Fmal.2Fgm_release.2FMY22.2D026.2Ffinal.2Fiot.2Frtos.2Flibs.2Fgm.2Di35.2Frel.2Fwork.2Fconsole_logging..1	8
0x2262b40	OBJ	ConsoleRingBuffer...2Fhome.2Fmal.2Fgm_release.2FMY22.2D026.2Ffinal.2Fiot.2Frtos.2Flibs.2Fgm.2Di35.2Frel.2Fwork.2Fconsole_logging.	64
0x2262b80	OBJ	ConsoleTickCall...2Fhome.2Fmal.2Fgm_release.2FMY22.2D026.2Ffinal.2Fiot.2Frtos.2Flibs.2Fgm.2Di35.2Frel.2Fwork.2Fconsole_logging.	40
0x2262ba8	OBJ	ConsoleIODevice...2Fhome.2Fmal.2Fgm_release.2FMY22.2D026.2Ffinal.2Fiot.2Frtos.2Flibs.2Fgm.2Di35.2Frel.2Fwork.2Fconsole_logging.	392
0x2262d30	OBJ	flushing.BSP_FlushConsoleOutput..2Fhome.2Fmal.2Fgm_release.2FMY22.2D026.2Ffinal.2Fiot.2Frtos.2Flibs.2Fgm.2Di35.2Frel.2Fwork.2Fconsole_logging..7	8
0x2262d38	OBJ	consolePanic	4
0x2262d40	OBJ	TheUartArray...2Fhome.2Fmal.2Fgm_release.2FMY22.2D026.2Ffinal.2Fiot.2Frtos.2Flibs.2Fgm.2Di35.2Frel.2Fwork.2Fkuart.	1760
0x2263440	OBJ	TheRxBuffers...2Fhome.2Fmal.2Fgm_release.2FMY22.2D026.2Ffinal.2Fiot.2Frtos.2Flibs.2Fgm.2Di35.2Frel.2Fwork.2Fkuart.	8192
0x2265440	OBJ	TheTxBuffers...2Fhome.2Fmal.2Fgm_release.2FMY22.2D026.2Ffinal.2Fiot.2Frtos.2Flibs.2Fgm.2Di35.2Frel.2Fwork.2Fkuart.	8192
0x2267440	OBJ	devIRQs...2Fhome.2Fmal.2Fgm_release.2FMY22.2D026.2Ffinal.2Fiot.2Frtos.2Flibs.2Fgm.2Di35.2Frel.2Fwork.2Fio_acl.	128
0x22674c0	OBJ	numDevices...2Fhome.2Fmal.2Fgm_release.2FMY22.2D026.2Ffinal.2Fiot.2Frtos.2Flibs.2Fgm.2Di35.2Frel.2Fwork.2Fio_acl_init.	4
0x22674c4	OBJ	numChainedHandlers...2Fhome.2Fmal.2Fgm_release.2FMY22.2D026.2Ffinal.2Fiot.2Frtos.2Flibs.2Fgm.2Di35.2Frel.2Fwork.2Fio_acl_init.	4
0x22674c8	OBJ	theDevices...2Fhome.2Fmal.2Fgm_release.2FMY22.2D026.2Ffinal.2Fiot.2Frtos.2Flibs.2Fgm.2Di35.2Frel.2Fwork.2Fio_acl_init.	407552
0x22cacc8	OBJ	theAccessors...2Fhome.2Fmal.2Fgm_release.2FMY22.2D026.2Ffinal.2Fiot.2Frtos.2Flibs.2Fgm.2Di35.2Frel.2Fwork.2Fio_acl_init.	12288
0x22cdcc8	OBJ	chainedHandlers...2Fhome.2Fmal.2Fgm_release.2FMY22.2D026.2Ffinal.2Fiot.2Frtos.2Flibs.2Fgm.2Di35.2Frel.2Fwork.2Fio_acl_init.	7168
0x22cf8c8	OBJ	globalInitDone.IOAccessor_InitFromList..2Fhome.2Fmal.2Fgm_release.2FMY22.2D026.2Ffinal.2Fiot.2Frtos.2Flibs.2Fgm.2Di35.2Frel.2Fwork.2Fio_acl_init..6	4
0x22cf8d0	OBJ	handler_array...2Fhome.2Fmal.2Fgm_release.2FMY22.2D026.2Ffinal.2Fiot.2Frtos.2Flibs.2Fgm.2Di35.2Frel.2Fwork.2Finterrupt.	2048
0x22d00d0	OBJ	TSCFrequency...2Fhome.2Fmal.2Fgm_release.2FMY22.2D026.2Ffinal.2Fiot.2Frtos.2Flibs.2Fgm.2Di35.2Frel.2Fwork.2Fx86_common.	8
0x22d00d8	OBJ	numHyperthreadsPerCore...2Fhome.2Fmal.2Fgm_release.2FMY22.2D026.2Ffinal.2Fiot.2Frtos.2Flibs.2Fgm.2Di35.2Frel.2Fwork.2Fx86_common.	8
0x22d00e0	OBJ	numHyperthreadBits...2Fhome.2Fmal.2Fgm_release.2FMY22.2D026.2Ffinal.2Fiot.2Frtos.2Flibs.2Fgm.2Di35.2Frel.2Fwork.2Fx86_common.	8
0x22d00e8	OBJ	hyperthreadMask...2Fhome.2Fmal.2Fgm_release.2FMY22.2D026.2Ffinal.2Fiot.2Frtos.2Flibs.2Fgm.2Di35.2Frel.2Fwork.2Fx86_common.	8
0x22d00f0	OBJ	numCores...2Fhome.2Fmal.2Fgm_release.2FMY22.2D026.2Ffinal.2Fiot.2Frtos.2Flibs.2Fgm.2Di35.2Frel.2Fwork.2Fx86_common.	8
0x22d00f8	OBJ	numCoreBits...2Fhome.2Fmal.2Fgm_release.2FMY22.2D026.2Ffinal.2Fiot.2Frtos.2Flibs.2Fgm.2Di35.2Frel.2Fwork.2Fx86_common.	8
0x22d0100	OBJ	coreMask...2Fhome.2Fmal.2Fgm_release.2FMY22.2D026.2Ffinal.2Fiot.2Frtos.2Flibs.2Fgm.2Di35.2Frel.2Fwork.2Fx86_common.	8
0x22d0108	OBJ	numProcessors...2Fhome.2Fmal.2Fgm_release.2FMY22.2D026.2Ffinal.2Fiot.2Frtos.2Flibs.2Fgm.2Di35.2Frel.2Fwork.2Fx86_common.	8
0x22d0110	OBJ	bspCpuId...2Fhome.2Fmal.2Fgm_release.2FMY22.2D026.2Ffinal.2Fiot.2Frtos.2Flibs.2Fgm.2Di35.2Frel.2Fwork.2Fx86_common.	8
0x22d0118	OBJ	FirstIpiVector...2Fhome.2Fmal.2Fgm_release.2FMY22.2D026.2Ffinal.2Fiot.2Frtos.2Flibs.2Fgm.2Di35.2Frel.2Fwork.2Fx86_common.	4
0x22d011c	OBJ	FirstTimerVector...2Fhome.2Fmal.2Fgm_release.2FMY22.2D026.2Ffinal.2Fiot.2Frtos.2Flibs.2Fgm.2Di35.2Frel.2Fwork.2Fx86_common.	4
0x22d0120	OBJ	FirstPMIVector...2Fhome.2Fmal.2Fgm_release.2FMY22.2D026.2Ffinal.2Fiot.2Frtos.2Flibs.2Fgm.2Di35.2Frel.2Fwork.2Fx86_common.	4
0x22d0124	OBJ	TSCTicksPerMicrosecond...2Fhome.2Fmal.2Fgm_release.2FMY22.2D026.2Ffinal.2Fiot.2Frtos.2Flibs.2Fgm.2Di35.2Frel.2Fwork.2Fx86_common.	4
0x22d0128	OBJ	secondaryCpusBooted.BSP_BootSecondaryCpus..2Fhome.2Fmal.2Fgm_release.2FMY22.2D026.2Ffinal.2Fiot.2Frtos.2Flibs.2Fgm.2Di35.2Frel.2Fwork.2Fx86_common..15	4
0x22d0130	OBJ	SleepType...2Fhome.2Fmal.2Fgm_release.2FMY22.2D026.2Ffinal.2Fiot.2Frtos.2Flibs.2Fgm.2Di35.2Frel.2Fwork.2Fapl_acpi_sleep_iodevice.	4
0x22d0138	OBJ	numCpusShuttingDown.AplAcpiSleep_Callback..2Fhome.2Fmal.2Fgm_release.2FMY22.2D026.2Ffinal.2Fiot.2Frtos.2Flibs.2Fgm.2Di35.2Frel.2Fwork.2Fapl_acpi_sleep_iodevice..1	8
0x22d0140	OBJ	AplAcpiSleep_Call.AplAcpiSleep_IpiHandler..2Fhome.2Fmal.2Fgm_release.2FMY22.2D026.2Ffinal.2Fiot.2Frtos.2Flibs.2Fgm.2Di35.2Frel.2Fwork.2Fapl_acpi_sleep_iodevice..2	160
0x22d01e0	OBJ	ComCount...2Fhome.2Fmal.2Fgm_release.2FMY22.2D026.2Ffinal.2Fiot.2Frtos.2Flibs.2Fgm.2Di35.2Frel.2Fwork.2Fserial_pc16550.	4
0x22d01e8	OBJ	TheComArray...2Fhome.2Fmal.2Fgm_release.2FMY22.2D026.2Ffinal.2Fiot.2Frtos.2Flibs.2Fgm.2Di35.2Frel.2Fwork.2Fserial_pc16550.	480
0x22d03c8	OBJ	numLpssUart...2Fhome.2Fmal.2Fgm_release.2FMY22.2D026.2Ffinal.2Fiot.2Frtos.2Flibs.2Fgm.2Di35.2Frel.2Fwork.2Fintel_lpss_uart.	8
0x22d03d0	OBJ	lpssUart...2Fhome.2Fmal.2Fgm_release.2FMY22.2D026.2Ffinal.2Fiot.2Frtos.2Flibs.2Fgm.2Di35.2Frel.2Fwork.2Fintel_lpss_uart.	704
0x22d0690	OBJ	console_device	4
0x22d0694	OBJ	indrt_device	4
0x22d0698	OBJ	ConsoleState	4
0x22d069c	OBJ	IndrtState	4
0x22d0800	OBJ	KETHS...2Fhome.2Fmal.2Fgm_release.2FMY22.2D026.2Ffinal.2Fiot.2Frtos.2Flibs.2Fgm.2Di35.2Frel.2Fwork.2Fkethernet.	52016
0x22dd400	OBJ	ETHBuffers...2Fhome.2Fmal.2Fgm_release.2FMY22.2D026.2Ffinal.2Fiot.2Frtos.2Flibs.2Fgm.2Di35.2Frel.2Fwork.2Fkethernet.	1048576
0x23dd400	OBJ	arp_response...2Fhome.2Fmal.2Fgm_release.2FMY22.2D026.2Ffinal.2Fiot.2Frtos.2Flibs.2Fgm.2Di35.2Frel.2Fwork.2Findether_min.	40
0x23dd428	OBJ	gratuitous_arp...2Fhome.2Fmal.2Fgm_release.2FMY22.2D026.2Ffinal.2Fiot.2Frtos.2Flibs.2Fgm.2Di35.2Frel.2Fwork.2Findether_min.	40
0x23dd450	OBJ	etherbuf...2Fhome.2Fmal.2Fgm_release.2FMY22.2D026.2Ffinal.2Fiot.2Frtos.2Flibs.2Fgm.2Di35.2Frel.2Fwork.2Findether_min.	1520
0x23dda40	OBJ	__INDRT_interface	4
0x23dda48	OBJ	DummyCount...2Fhome.2Fmal.2Fgm_release.2FMY22.2D026.2Ffinal.2Fiot.2Frtos.2Flibs.2Fgm.2Di35.2Frel.2Fwork.2Feth_dummy.	4
0x23dda50	OBJ	TheDummyArray...2Fhome.2Fmal.2Fgm_release.2FMY22.2D026.2Ffinal.2Fiot.2Frtos.2Flibs.2Fgm.2Di35.2Frel.2Fwork.2Feth_dummy.	16
0x23dda80	OBJ	numI8254XDevices...2Fhome.2Fmal.2Fgm_release.2FMY22.2D026.2Ffinal.2Fiot.2Frtos.2Flibs.2Fgm.2Di35.2Frel.2Fwork.2Feth_i8254x.	4
0x23dda88	OBJ	TheI8254XArray...2Fhome.2Fmal.2Fgm_release.2FMY22.2D026.2Ffinal.2Fiot.2Frtos.2Flibs.2Fgm.2Di35.2Frel.2Fwork.2Feth_i8254x.	8384
0x23dfb80	OBJ	I8254XDescs...2Fhome.2Fmal.2Fgm_release.2FMY22.2D026.2Ffinal.2Fiot.2Frtos.2Flibs.2Fgm.2Di35.2Frel.2Fwork.2Feth_i8254x.	8192
0x23e1b80	OBJ	callbackCount.I8254X_ExceptionCallback..2Fhome.2Fmal.2Fgm_release.2FMY22.2D026.2Ffinal.2Fiot.2Frtos.2Flibs.2Fgm.2Di35.2Frel.2Fwork.2Feth_i8254x..3	4
0x23e1b84	OBJ	interruptCount.I8254X_ExceptionHandler..2Fhome.2Fmal.2Fgm_release.2FMY22.2D026.2Ffinal.2Fiot.2Frtos.2Flibs.2Fgm.2Di35.2Frel.2Fwork.2Feth_i8254x..4	4
0x23e1b88	OBJ	_FIRST_I8254X_DEVNO	4
0x23e1b90	OBJ	TheLpssI2CDevices...2Fhome.2Fmal.2Fgm_release.2FMY22.2D026.2Ffinal.2Fiot.2Frtos.2Flibs.2Fgm.2Di35.2Frel.2Fwork.2Fi2c_lpss.	880
0x23e1f00	OBJ	props.LpssI2cInit..2Fhome.2Fmal.2Fgm_release.2FMY22.2D026.2Ffinal.2Fiot.2Frtos.2Flibs.2Fgm.2Di35.2Frel.2Fwork.2Fi2c_lpss..1	192
0x23e1fc0	OBJ	NumSdhcDevices...2Fhome.2Fmal.2Fgm_release.2FMY22.2D026.2Ffinal.2Fiot.2Frtos.2Flibs.2Fgm.2Di35.2Frel.2Fwork.2Fpci_sdhc.	4
0x23e1fc8	OBJ	SdhcDevices...2Fhome.2Fmal.2Fgm_release.2FMY22.2D026.2Ffinal.2Fiot.2Frtos.2Flibs.2Fgm.2Di35.2Frel.2Fwork.2Fpci_sdhc.	10144
0x23e4768	OBJ	TheIpuDevice...2Fhome.2Fmal.2Fgm_release.2FMY22.2D026.2Ffinal.2Fiot.2Frtos.2Flibs.2Fgm.2Di35.2Frel.2Fwork.2Fintel_ipu4.	24
0x23e4780	OBJ	status.IntelIpu4_ExceptionHandler..2Fhome.2Fmal.2Fgm_release.2FMY22.2D026.2Ffinal.2Fiot.2Frtos.2Flibs.2Fgm.2Di35.2Frel.2Fwork.2Fintel_ipu4..1	4
0x23e4788	OBJ	LocalApicRegs...2Fhome.2Fmal.2Fgm_release.2FMY22.2D026.2Ffinal.2Fiot.2Frtos.2Flibs.2Fgm.2Di35.2Frel.2Fwork.2Finterrupt_lapic.	8
0x23e4790	OBJ	NumAPICs...2Fhome.2Fmal.2Fgm_release.2FMY22.2D026.2Ffinal.2Fiot.2Frtos.2Flibs.2Fgm.2Di35.2Frel.2Fwork.2Finterrupt_ioapic.	8
0x23e4798	OBJ	InterruptSpinlock...2Fhome.2Fmal.2Fgm_release.2FMY22.2D026.2Ffinal.2Fiot.2Frtos.2Flibs.2Fgm.2Di35.2Frel.2Fwork.2Finterrupt_ioapic.	8
0x23e47a0	OBJ	interrupts_ok...2Fhome.2Fmal.2Fgm_release.2FMY22.2D026.2Ffinal.2Fiot.2Frtos.2Flibs.2Fgm.2Di35.2Frel.2Fwork.2Finterrupt_ioapic.	4
0x23e47a8	OBJ	VectorBitmap...2Fhome.2Fmal.2Fgm_release.2FMY22.2D026.2Ffinal.2Fiot.2Frtos.2Flibs.2Fgm.2Di35.2Frel.2Fwork.2Finterrupt_ioapic.	32
0x23e47c8	OBJ	APICs...2Fhome.2Fmal.2Fgm_release.2FMY22.2D026.2Ffinal.2Fiot.2Frtos.2Flibs.2Fgm.2Di35.2Frel.2Fwork.2Finterrupt_ioapic.	128
0x23e4848	OBJ	MA...2Fhome.2Fmal.2Fgm_release.2FMY22.2D026.2Ffinal.2Fiot.2Frtos.2Flibs.2Fgm.2Di35.2Frel.2Fwork.2Finterrupt_ioapic.	72
0x23e4890	OBJ	ExceptionEnables...2Fhome.2Fmal.2Fgm_release.2FMY22.2D026.2Ffinal.2Fiot.2Frtos.2Flibs.2Fgm.2Di35.2Frel.2Fwork.2Finterrupt_ioapic.	512
0x23e5000	OBJ	numDmaRemapUnits...2Fhome.2Fmal.2Fgm_release.2FMY22.2D026.2Ffinal.2Fiot.2Frtos.2Flibs.2Fgm.2Di35.2Frel.2Fwork.2Fvtd.	4
0x23e6000	OBJ	vtdFreePages...2Fhome.2Fmal.2Fgm_release.2FMY22.2D026.2Ffinal.2Fiot.2Frtos.2Flibs.2Fgm.2Di35.2Frel.2Fwork.2Fvtd.	57344
0x23f4000	OBJ	dmaRemapUnits...2Fhome.2Fmal.2Fgm_release.2FMY22.2D026.2Ffinal.2Fiot.2Frtos.2Flibs.2Fgm.2Di35.2Frel.2Fwork.2Fvtd.	960
0x23f43c0	OBJ	bootargsIODeviceVector...2Fhome.2Fmal.2Fgm_release.2FMY22.2D026.2Ffinal.2Fiot.2Frtos.2Flibs.2Fgm.2Di35.2Frel.2Fwork.2Fbootargs_iodev.	392
0x23f4548	OBJ	kernel_boot_params...2Fhome.2Fmal.2Fgm_release.2FMY22.2D026.2Ffinal.2Fiot.2Frtos.2Flibs.2Fgm.2Di35.2Frel.2Fwork.2Fprocessargs.	8
0x23f4550	OBJ	domain_alloc_count.calloc_pcidomain..2Fhome.2Fmal.2Fgm_release.2FMY22.2D026.2Ffinal.2Fiot.2Frtos.2Flibs.2Fgm.2Di35.2Frel.2Fwork.2Fpci_config..1	4
0x23f4558	OBJ	domain_alloc.calloc_pcidomain..2Fhome.2Fmal.2Fgm_release.2FMY22.2D026.2Ffinal.2Fiot.2Frtos.2Flibs.2Fgm.2Di35.2Frel.2Fwork.2Fpci_config..0	200
0x23f4620	OBJ	pcidata_alloc_count.calloc_pcidata..2Fhome.2Fmal.2Fgm_release.2FMY22.2D026.2Ffinal.2Fiot.2Frtos.2Flibs.2Fgm.2Di35.2Frel.2Fwork.2Fpci_config..3	4
0x23f4628	OBJ	pcidata_alloc.calloc_pcidata..2Fhome.2Fmal.2Fgm_release.2FMY22.2D026.2Ffinal.2Fiot.2Frtos.2Flibs.2Fgm.2Di35.2Frel.2Fwork.2Fpci_config..2	360
0x23f4790	OBJ	domains...2Fhome.2Fmal.2Fgm_release.2FMY22.2D026.2Ffinal.2Fiot.2Frtos.2Flibs.2Fgm.2Di35.2Frel.2Fwork.2Fpci_config.	8
0x23f4798	OBJ	domain_count...2Fhome.2Fmal.2Fgm_release.2FMY22.2D026.2Ffinal.2Fiot.2Frtos.2Flibs.2Fgm.2Di35.2Frel.2Fwork.2Fpci_config.	4
0x23f479c	OBJ	businfo_count.calloc_pcibusinfo..2Fhome.2Fmal.2Fgm_release.2FMY22.2D026.2Ffinal.2Fiot.2Frtos.2Flibs.2Fgm.2Di35.2Frel.2Fwork.2Fpci_config..7	4
0x23f47a0	OBJ	businfo_alloc.calloc_pcibusinfo..2Fhome.2Fmal.2Fgm_release.2FMY22.2D026.2Ffinal.2Fiot.2Frtos.2Flibs.2Fgm.2Di35.2Frel.2Fwork.2Fpci_config..6	144000
0x2417a20	OBJ	function_count.calloc_pcifunction..2Fhome.2Fmal.2Fgm_release.2FMY22.2D026.2Ffinal.2Fiot.2Frtos.2Flibs.2Fgm.2Di35.2Frel.2Fwork.2Fpci_config..9	4
0x2417a28	OBJ	function_alloc.calloc_pcifunction..2Fhome.2Fmal.2Fgm_release.2FMY22.2D026.2Ffinal.2Fiot.2Frtos.2Flibs.2Fgm.2Di35.2Frel.2Fwork.2Fpci_config..8	12800
0x241ac28	OBJ	query_fn.pci_scan_alloc_bus..2Fhome.2Fmal.2Fgm_release.2FMY22.2D026.2Ffinal.2Fiot.2Frtos.2Flibs.2Fgm.2Di35.2Frel.2Fwork.2Fpci_config..10	200
0x241acf0	OBJ	stack.domain_allocate_tree..2Fhome.2Fmal.2Fgm_release.2FMY22.2D026.2Ffinal.2Fiot.2Frtos.2Flibs.2Fgm.2Di35.2Frel.2Fwork.2Fpci_config..11	520
0x241aef8	OBJ	count.calloc_msiresource..2Fhome.2Fmal.2Fgm_release.2FMY22.2D026.2Ffinal.2Fiot.2Frtos.2Flibs.2Fgm.2Di35.2Frel.2Fwork.2Fmsi..1	4
0x241af00	OBJ	res_alloc.calloc_msiresource..2Fhome.2Fmal.2Fgm_release.2FMY22.2D026.2Ffinal.2Fiot.2Frtos.2Flibs.2Fgm.2Di35.2Frel.2Fwork.2Fmsi..0	200
0x241afc8	OBJ	count.calloc_functionmsiinfo..2Fhome.2Fmal.2Fgm_release.2FMY22.2D026.2Ffinal.2Fiot.2Frtos.2Flibs.2Fgm.2Di35.2Frel.2Fwork.2Fmsi..3	4
0x241afd0	OBJ	info_alloc.calloc_functionmsiinfo..2Fhome.2Fmal.2Fgm_release.2FMY22.2D026.2Ffinal.2Fiot.2Frtos.2Flibs.2Fgm.2Di35.2Frel.2Fwork.2Fmsi..2	7680
0x241cdd0	OBJ	MsiResourceTable...2Fhome.2Fmal.2Fgm_release.2FMY22.2D026.2Ffinal.2Fiot.2Frtos.2Flibs.2Fgm.2Di35.2Frel.2Fwork.2Fmsi.	8
0x241cdd8	OBJ	ResourceAssignmentCallback...2Fhome.2Fmal.2Fgm_release.2FMY22.2D026.2Ffinal.2Fiot.2Frtos.2Flibs.2Fgm.2Di35.2Frel.2Fwork.2Fmsi.	8
0x241cde0	OBJ	ResourceAssignmentCookie...2Fhome.2Fmal.2Fgm_release.2FMY22.2D026.2Ffinal.2Fiot.2Frtos.2Flibs.2Fgm.2Di35.2Frel.2Fwork.2Fmsi.	8
0x241cde8	OBJ	msi_res_table_size...2Fhome.2Fmal.2Fgm_release.2FMY22.2D026.2Ffinal.2Fiot.2Frtos.2Flibs.2Fgm.2Di35.2Frel.2Fwork.2Fmsi.	4
0x241cdf0	OBJ	MsiFunctions	8
0x241cdf8	OBJ	audio_fw_addr...2Fhome.2Fmal.2Fgm_release.2FMY22.2D026.2Ffinal.2Fiot.2Frtos.2Flibs.2Fgm.2Di35.2Frel.2Fwork.2Fapollo_lake_mm_iod.	8
0x241ce00	OBJ	audio_data_addr...2Fhome.2Fmal.2Fgm_release.2FMY22.2D026.2Ffinal.2Fiot.2Frtos.2Flibs.2Fgm.2Di35.2Frel.2Fwork.2Fapollo_lake_mm_iod.	8
0x241ce08	OBJ	ll_addr...2Fhome.2Fmal.2Fgm_release.2FMY22.2D026.2Ffinal.2Fiot.2Frtos.2Flibs.2Fgm.2Di35.2Frel.2Fwork.2Fapollo_lake_mm_iod.	8
0x241ce10	OBJ	bdl_addr...2Fhome.2Fmal.2Fgm_release.2FMY22.2D026.2Ffinal.2Fiot.2Frtos.2Flibs.2Fgm.2Di35.2Frel.2Fwork.2Fapollo_lake_mm_iod.	8
0x241ce18	OBJ	hdaMem...2Fhome.2Fmal.2Fgm_release.2FMY22.2D026.2Ffinal.2Fiot.2Frtos.2Flibs.2Fgm.2Di35.2Frel.2Fwork.2Fapollo_lake_mm_iod.	8
0x241ce20	OBJ	audio_fw_buf_size...2Fhome.2Fmal.2Fgm_release.2FMY22.2D026.2Ffinal.2Fiot.2Frtos.2Flibs.2Fgm.2Di35.2Frel.2Fwork.2Fapollo_lake_mm_iod.	4
0x241ce28	OBJ	TheHdaDriver...2Fhome.2Fmal.2Fgm_release.2FMY22.2D026.2Ffinal.2Fiot.2Frtos.2Flibs.2Fgm.2Di35.2Frel.2Fwork.2Fapollo_lake_mm_iod.	272
0x241cf38	OBJ	TheRtcKdev...2Fhome.2Fmal.2Fgm_release.2FMY22.2D026.2Ffinal.2Fiot.2Frtos.2Flibs.2Fgm.2Di35.2Frel.2Fwork.2Fclock_pc_rtc.	8
0x241cf40	OBJ	TheHeciDevice...2Fhome.2Fmal.2Fgm_release.2FMY22.2D026.2Ffinal.2Fiot.2Frtos.2Flibs.2Fgm.2Di35.2Frel.2Fwork.2Fintel_heci.	8
0x241cf48	OBJ	TheXhcDriver...2Fhome.2Fmal.2Fgm_release.2FMY22.2D026.2Ffinal.2Fiot.2Frtos.2Flibs.2Fgm.2Di35.2Frel.2Fwork.2Fxhc.	49144
0x2428f40	OBJ	initialized.XhcIOA_InitializeResources..2Fhome.2Fmal.2Fgm_release.2FMY22.2D026.2Ffinal.2Fiot.2Frtos.2Flibs.2Fgm.2Di35.2Frel.2Fwork.2Fxhc..2	4
0x2428f44	OBJ	ehost.Xhc_ProcessEvent..2Fhome.2Fmal.2Fgm_release.2FMY22.2D026.2Ffinal.2Fiot.2Frtos.2Flibs.2Fgm.2Di35.2Frel.2Fwork.2Fxhc..3	4
0x2428f48	OBJ	unexpectedType.Xhc_ProcessEvent..2Fhome.2Fmal.2Fgm_release.2FMY22.2D026.2Ffinal.2Fiot.2Frtos.2Flibs.2Fgm.2Di35.2Frel.2Fwork.2Fxhc..4	4
0x2428f50	OBJ	numDevs.KUSBDevIOA_InitializeResources..2Fhome.2Fmal.2Fgm_release.2FMY22.2D026.2Ffinal.2Fiot.2Frtos.2Flibs.2Fgm.2Di35.2Frel.2Fwork.2Fkusb_dev..0	4
0x2428f58	OBJ	TheKUSBDevices	135104
0x2449f18	OBJ	TheEcmDevice...2Fhome.2Fmal.2Fgm_release.2FMY22.2D026.2Ffinal.2Fiot.2Frtos.2Flibs.2Fgm.2Di35.2Frel.2Fwork.2Fxhc_ecm.	12376
0x244cf70	OBJ	illegal_trbtype.Ecm_ReportEvent..2Fhome.2Fmal.2Fgm_release.2FMY22.2D026.2Ffinal.2Fiot.2Frtos.2Flibs.2Fgm.2Di35.2Frel.2Fwork.2Fxhc_ecm..1	4
0x244cf74	OBJ	illegal_trbcode.Ecm_ReportEvent..2Fhome.2Fmal.2Fgm_release.2FMY22.2D026.2Ffinal.2Fiot.2Frtos.2Flibs.2Fgm.2Di35.2Frel.2Fwork.2Fxhc_ecm..2	4
0x244cf78	OBJ	__USB_ETHDEV_DEVNO	4
0x244cf80	OBJ	TheHidKDevCount...2Fhome.2Fmal.2Fgm_release.2FMY22.2D026.2Ffinal.2Fiot.2Frtos.2Flibs.2Fgm.2Di35.2Frel.2Fwork.2Fhid_kdrv.	4
0x244cf88	OBJ	TheHidKDevs...2Fhome.2Fmal.2Fgm_release.2FMY22.2D026.2Ffinal.2Fiot.2Frtos.2Flibs.2Fgm.2Di35.2Frel.2Fwork.2Fhid_kdrv.	64
0x244cfc8	OBJ	TheMasterHid...2Fhome.2Fmal.2Fgm_release.2FMY22.2D026.2Ffinal.2Fiot.2Frtos.2Flibs.2Fgm.2Di35.2Frel.2Fwork.2Fhid_kdrv.	2384
0x244d918	OBJ	lastEvent.HidKClass_ReportEvent..2Fhome.2Fmal.2Fgm_release.2FMY22.2D026.2Ffinal.2Fiot.2Frtos.2Flibs.2Fgm.2Di35.2Frel.2Fwork.2Fhid_kdrv..3	6
0x244d940	OBJ	powerUnits...2Fhome.2Fmal.2Fgm_release.2FMY22.2D026.2Ffinal.2Fiot.2Frtos.2Flibs.2Fgm.2Di35.2Frel.2Fwork.2Fintel_dvfs.	4
0x244d944	OBJ	safetyCritical...2Fhome.2Fmal.2Fgm_release.2FMY22.2D026.2Ffinal.2Fiot.2Frtos.2Flibs.2Fgm.2Di35.2Frel.2Fwork.2Fintel_dvfs.	1
0x244d980	OBJ	power...2Fhome.2Fmal.2Fgm_release.2FMY22.2D026.2Ffinal.2Fiot.2Frtos.2Flibs.2Fgm.2Di35.2Frel.2Fwork.2Fintel_dvfs.	64
0x244d9c0	OBJ	cpuFreq...2Fhome.2Fmal.2Fgm_release.2FMY22.2D026.2Ffinal.2Fiot.2Frtos.2Flibs.2Fgm.2Di35.2Frel.2Fwork.2Fintel_dvfs.	256
0x244dac0	OBJ	NumPMUCounters...2Fhome.2Fmal.2Fgm_release.2FMY22.2D026.2Ffinal.2Fiot.2Frtos.2Flibs.2Fgm.2Di35.2Frel.2Fwork.2Fguest_pmu.	4
0x244dac8	OBJ	DeviceMask...2Fhome.2Fmal.2Fgm_release.2FMY22.2D026.2Ffinal.2Fiot.2Frtos.2Flibs.2Fgm.2Di35.2Frel.2Fwork.2Fpassthru_fallback.	8
0x244dad0	OBJ	NumDevices...2Fhome.2Fmal.2Fgm_release.2FMY22.2D026.2Ffinal.2Fiot.2Frtos.2Flibs.2Fgm.2Di35.2Frel.2Fwork.2Fpassthru_fallback.	8
0x244dad8	OBJ	TheDeviceInfo...2Fhome.2Fmal.2Fgm_release.2FMY22.2D026.2Ffinal.2Fiot.2Frtos.2Flibs.2Fgm.2Di35.2Frel.2Fwork.2Fpassthru_fallback.	8
0x2600000	OBJ	__ghsbegin_mr_rw__emmc	0
0x4a00000	OBJ	__ghsbegin_mr_rw__hda	0
0x4c00000	OBJ	TheXhcHostmem...2Fhome.2Fmal.2Fgm_release.2FMY22.2D026.2Ffinal.2Fiot.2Frtos.2Flibs.2Fgm.2Di35.2Frel.2Fwork.2Fxhc.	8482816
0x4c00000	OBJ	__ghsend_mr_rw__hda	0
0x4c00000	OBJ	__ghsbegin_mr_rw__xhc_hostmem	0
0x5417000	OBJ	HighResTimerDriver	768
0x5417300	OBJ	ASP_TickDriftComp	64
0x5417340	OBJ	TimerDriverParent	896
0x54176c0	OBJ	TuMPInfo	5120
0x5418ac0	OBJ	SchedGroups	32768
0x5420ac0	OBJ	ASToAffinityGroup	16384
0x5424ac0	OBJ	DGLocks	256
0x5424bc0	OBJ	CoreLockInfo	256
0x5424cc0	OBJ	SuspensionCoreInfo	256
0x5424dc0	OBJ	SuspensionASInfo	16384
0x5428dc0	OBJ	StandardTickTimerDriver	768
0x54290c0	OBJ	SharedTSC_Start32	8
0x54290c8	OBJ	SaveXFrame	8
0x54290d0	OBJ	SavePC	8
0x54290d8	OBJ	Panicking	8
0x54290e0	OBJ	PanicCpuCount	8
0x54290e8	OBJ	ASP_DriftCompensation	8
0x54290f0	OBJ	FirstTimerDriver	8
0x54290f8	OBJ	NumberOfRegisteredTimerDrivers	8
0x5429100	OBJ	NumberOfRegisteredTimerDriverParents	8
0x5429108	OBJ	KernelState	24
0x5429120	OBJ	KernelMMU	8
0x5429128	OBJ	FirstIODeviceObjectIndex	8
0x5429130	OBJ	FirstClockObjectIndex	8
0x5429138	OBJ	MemoryPool	8
0x5429140	OBJ	FirstIODeviceVector	8
0x5429148	OBJ	NumberOfRegisteredIODevices	8
0x5429150	OBJ	RestartASInfo	8
0x5429158	OBJ	StandardTickTime	16
0x5429168	OBJ	TheInitialTask	8
0x5429170	OBJ	PrimaryAddressSpace	8
0x5429178	OBJ	PrimaryClock	8
0x5429180	OBJ	HighResClock	8
0x5429188	OBJ	environ	8
0x5429190	OBJ	IsSMEPSupported	4
0x5429194	OBJ	IsIBRSSupported	4
0x5429198	OBJ	IsEnhancedIBRSSupported	4
0x542919c	OBJ	IsIBPBRequired	4
0x54291a0	OBJ	IsIBRSRequired	4
0x54291a4	OBJ	SaveError	4
0x54291a8	OBJ	krn_carve	4
0x54291ac	OBJ	RegMap	432
0x542a000	OBJ	TheXhcVirtualControllers	12288
0x542d000	OBJ	VectorArray	32768
0x5435000	OBJ	board_location_info	64
0x5435040	OBJ	ioaFinalized	4
0x5435044	OBJ	DebugDevs	240
0x5435134	OBJ	INDRT_ServerIP	4
0x5435138	OBJ	netdevices	4
0x543513c	OBJ	systemHostname	256
0x543523c	OBJ	NULLEthernetAddress	6
0x5435242	OBJ	INDRT_ServerEth	6
0x5435248	OBJ	VtdRequiresFlushing	1
0x5435249	OBJ	__ghsautoimport_perfmon_resource_iod	1
0x5435300	OBJ	__ghsbegin_debugbuffer	0
0x5445300	OBJ	TraceInfo	16
0x5445300	OBJ	__ghsend_debugbuffer	0
0x5446000	OBJ	__ghsbegin_heap	0
0x5506000	OBJ	__ghsend_heap	0
0x5506000	OBJ	__ghsbegin_stack	0
0x550a000	OBJ	__ghsend_stack	0
0x550a000	OBJ	__ghsbegin_kstack	0
0x560a000	OBJ	__ghsend_kstack	0
0x560a400	OBJ	__ghsend_dfstack	0
0x560c000	OBJ	__ghsend_ramend	0
0xfffffff	OBJ	__ghsend_ramlimit	0
