addr	type	name	size
0x0	OBJ	__ghsautoimport_osa	2519
0x200000	FUNC	_start	77
0x200000	OBJ	__ghsbegin_romstart	0
0x200000	OBJ	__ghsbegin_kernel_text	0
0x20004d	OBJ	baseptrs	24
0x200080	FUNC	ASP_FatalException	29
0x20009d	FUNC	ASP_FatalError	36
0x2000c1	FUNC	AllocatePageTablePage...2Fhome.2Fmal.2Fgm_release.2FMY22.2D026.2Ffinal.2Fiot.2Frtos.2Flibs.2Fgm.2Di35.2Frel.2Fwork.2Flibkernel.2Flibkernel.2F86_x64.	100
0x200125	FUNC	InvalidatePagingStructureCachesAndNonGlobalTLBEntries...2Fhome.2Fmal.2Fgm_release.2FMY22.2D026.2Ffinal.2Fiot.2Frtos.2Flibs.2Fgm.2Di35.2Frel.2Fwork.2Flibkernel.2Flibkernel.2F86_x64.	7
0x20012c	FUNC	ASP_MapKernelMemoryImpl...2Fhome.2Fmal.2Fgm_release.2FMY22.2D026.2Ffinal.2Fiot.2Frtos.2Flibs.2Fgm.2Di35.2Frel.2Fwork.2Flibkernel.2Flibkernel.2F86_x64.	739
0x20040f	FUNC	ASP_MapKernelMemoryRecord...2Fhome.2Fmal.2Fgm_release.2FMY22.2D026.2Ffinal.2Fiot.2Frtos.2Flibs.2Fgm.2Di35.2Frel.2Fwork.2Flibkernel.2Flibkernel.2F86_x64.	150
0x2004a5	FUNC	ASP_MapKernelMemory	54
0x2004db	FUNC	ASP_PreCrtInitializeMapTrampoline...2Fhome.2Fmal.2Fgm_release.2FMY22.2D026.2Ffinal.2Fiot.2Frtos.2Flibs.2Fgm.2Di35.2Frel.2Fwork.2Flibkernel.2Flibkernel.2F86_x64.	1
0x2004dc	FUNC	ASP_PreCrtInitializeBootstrap...2Fhome.2Fmal.2Fgm_release.2FMY22.2D026.2Ffinal.2Fiot.2Frtos.2Flibs.2Fgm.2Di35.2Frel.2Fwork.2Flibkernel.2Flibkernel.2F86_x64.	939
0x200887	FUNC	ASP_FlushEntireCache	5
0x20088c	FUNC	ASP_PreCrtInitialize	228
0x200970	FUNC	ASP_WasResumedFromRam	10
0x20097a	FUNC	ASP_ReturnToRAM	66
0x2009bc	FUNC	CheckForSpeculationControls...2Fhome.2Fmal.2Fgm_release.2FMY22.2D026.2Ffinal.2Fiot.2Frtos.2Flibs.2Fgm.2Di35.2Frel.2Fwork.2Flibkernel.2Flibkernel.2F86_x64.	208
0x200a8c	FUNC	InitializeRegisterMap...2Fhome.2Fmal.2Fgm_release.2FMY22.2D026.2Ffinal.2Fiot.2Frtos.2Flibs.2Fgm.2Di35.2Frel.2Fwork.2Flibkernel.2Flibkernel.2F86_x64.	416
0x200c2c	FUNC	ASP_InitializeBootCpu...2Fhome.2Fmal.2Fgm_release.2FMY22.2D026.2Ffinal.2Fiot.2Frtos.2Flibs.2Fgm.2Di35.2Frel.2Fwork.2Flibkernel.2Flibkernel.2F86_x64.	517
0x200e31	FUNC	InitXstack...2Fhome.2Fmal.2Fgm_release.2FMY22.2D026.2Ffinal.2Fiot.2Frtos.2Flibs.2Fgm.2Di35.2Frel.2Fwork.2Flibkernel.2Flibkernel.2F86_x64.	44
0x200e5d	FUNC	ASP_Initialize	775
0x201164	FUNC	ASP_LoadMicrocodeUpdate	472
0x20133c	FUNC	ASP_EnableInterrupts	2
0x20133e	FUNC	ASP_ExceptionHandler	172
0x2013ea	FUNC	ASP_DisableInterrupts	2
0x2013ec	FUNC	ASP_HandleException	480
0x2015cc	FUNC	HandlePageFault...2Fhome.2Fmal.2Fgm_release.2FMY22.2D026.2Ffinal.2Fiot.2Frtos.2Flibs.2Fgm.2Di35.2Frel.2Fwork.2Flibkernel.2Flibkernel.2F86_x64.	160
0x20166c	FUNC	ASP_PhysicalToKernel	14
0x20167a	FUNC	ASP_TranslateAddress	513
0x20187b	FUNC	ASP_SetLRWithError...2Fhome.2Fmal.2Fgm_release.2FMY22.2D026.2Ffinal.2Fiot.2Frtos.2Flibs.2Fgm.2Di35.2Frel.2Fwork.2Flibkernel.2Flibkernel.2F86_x64.	116
0x2018ef	FUNC	ASP_SetRegister	169
0x201998	FUNC	HandleInitDone...2Fhome.2Fmal.2Fgm_release.2FMY22.2D026.2Ffinal.2Fiot.2Frtos.2Flibs.2Fgm.2Di35.2Frel.2Fwork.2Flibkernel.2Flibkernel.2F86_x64.	60
0x2019d4	FUNC	HandleVInitDone...2Fhome.2Fmal.2Fgm_release.2FMY22.2D026.2Ffinal.2Fiot.2Frtos.2Flibs.2Fgm.2Di35.2Frel.2Fwork.2Flibkernel.2Flibkernel.2F86_x64.	53
0x201a09	FUNC	ASP_AuxCallHandler...2Fhome.2Fmal.2Fgm_release.2FMY22.2D026.2Ffinal.2Fiot.2Frtos.2Flibs.2Fgm.2Di35.2Frel.2Fwork.2Flibkernel.2Flibkernel.2F86_x64.	144
0x201a99	FUNC	ASP_DefaultExceptionHandler	502
0x201c8f	FUNC	ASP_InterruptsEnabled	15
0x201c9e	FUNC	ASP_WaitForKrnIrq	23
0x201cb5	FUNC	ASP_FlushCaches	223
0x201d94	FUNC	ASP_SyncCaches	5
0x201d99	FUNC	ASP_MapKernelAlias	55
0x201dd0	FUNC	ASP_KernelToPhysical	17
0x201de1	FUNC	ASP_UnmapLowMemory	107
0x201e4c	FUNC	ASP_Map	1253
0x202331	FUNC	ASP_EnterDomain	160
0x2023d1	FUNC	ASP_GetCpuInfo	40
0x2023f9	FUNC	ASP_GetCpuFlags	6
0x2023ff	FUNC	ASP_SetCpuFlags	6
0x202405	FUNC	ASP_GetDriftCompensatedTimestamp	79
0x202454	FUNC	CpuGetTBR64	23
0x20246b	FUNC	CpuGetRawTBR64	10
0x202475	FUNC	ASP_KernelCallHandler	138
0x2024ff	FUNC	ASP_InitTask	198
0x2025c5	FUNC	ASP_GetPC	4
0x2025c9	FUNC	ASP_SetPC	4
0x2025cd	FUNC	ASP_SetPCToCFunction	5
0x2025d2	FUNC	ASP_SetReturnValue	5
0x2025d7	FUNC	ASP_SetLR	5
0x2025dc	FUNC	ASP_GetSP	5
0x2025e1	FUNC	ASP_SetSP	38
0x202607	FUNC	ASP_GetAttributesForInterruptDelivery	3
0x20260a	FUNC	ASP_GetRegister	123
0x202685	FUNC	SwitchToTaskContext	35
0x2026a8	FUNC	ASP_PrepareForShutdown...2Fhome.2Fmal.2Fgm_release.2FMY22.2D026.2Ffinal.2Fiot.2Frtos.2Flibs.2Fgm.2Di35.2Frel.2Fwork.2Flibkernel.2Flibkernel.2F86_x64.	13
0x2026b5	FUNC	ASP_Shutdown	34
0x2026d7	FUNC	ASP_Reset	34
0x2026f9	FUNC	ASP_UnlockForSchedulerFromCallback	12
0x202705	FUNC	ASP_PhysicalSafeRead	51
0x202738	FUNC	ASP_SetupSeparateHashTable	10
0x202742	FUNC	ASP_RestoreHashTable	10
0x20274c	FUNC	ASP_GetCurrentCpu	12
0x202758	FUNC	ASP_MonotonicIncrement64	23
0x20276f	FUNC	ASP_MonotonicDecrement64	26
0x202789	FUNC	ASP_BeginCriticalSection	44
0x2027b5	FUNC	ASP_EndCriticalSection	138
0x20283f	FUNC	ASP_PrepareForAPBoot	82
0x202891	FUNC	ASP_GetAPBootAddress	6
0x2028a0	FUNC	CpuGetSP	6
0x2028b0	FUNC	CpuGetLR	6
0x2028c0	FUNC	CpuGetFP	4
0x2028d0	FUNC	CpuSetTR	7
0x2028e0	FUNC	CpuXGETBV	13
0x2028f0	FUNC	CpuXSETBV	16
0x202900	FUNC	CpuXSAVE	15
0x202910	FUNC	CpuInvalidateTLBEntry	4
0x202920	FUNC	CpuLIDT	21
0x202940	FUNC	CpuLGDT	21
0x202960	FUNC	CpuFlushCachesInRange	23
0x202980	FUNC	CpuWBINVD	3
0x202990	FUNC	INTERRUPT_TestAndSetAcquireLock	20
0x2029a4	FUNC	ASP_RamOffsetFromPhysAddr	65
0x2029e5	FUNC	GetEarliestGuestAlarm...2Fhome.2Fmal.2Fgm_release.2FMY22.2D026.2Ffinal.2Fiot.2Frtos.2Flibs.2Fgm.2Di35.2Frel.2Fwork.2Flibkernel.2Flibkernel.2F86_x64_vmx.	111
0x202a54	FUNC	PendVMCallback...2Fhome.2Fmal.2Fgm_release.2FMY22.2D026.2Ffinal.2Fiot.2Frtos.2Flibs.2Fgm.2Di35.2Frel.2Fwork.2Flibkernel.2Flibkernel.2F86_x64_vmx.	257
0x202b55	FUNC	VMX_SendIpi...2Fhome.2Fmal.2Fgm_release.2FMY22.2D026.2Ffinal.2Fiot.2Frtos.2Flibs.2Fgm.2Di35.2Frel.2Fwork.2Flibkernel.2Flibkernel.2F86_x64_vmx.	53
0x202b8a	FUNC	VmxSendIpiCallback...2Fhome.2Fmal.2Fgm_release.2FMY22.2D026.2Ffinal.2Fiot.2Frtos.2Flibs.2Fgm.2Di35.2Frel.2Fwork.2Flibkernel.2Flibkernel.2F86_x64_vmx.	82
0x202bdc	FUNC	ASP_VMX_VMTasksAreAllHalted...2Fhome.2Fmal.2Fgm_release.2FMY22.2D026.2Ffinal.2Fiot.2Frtos.2Flibs.2Fgm.2Di35.2Frel.2Fwork.2Flibkernel.2Flibkernel.2F86_x64_vmx.	67
0x202c1f	FUNC	GuestRamOffsetToHostPAddr...2Fhome.2Fmal.2Fgm_release.2FMY22.2D026.2Ffinal.2Fiot.2Frtos.2Flibs.2Fgm.2Di35.2Frel.2Fwork.2Flibkernel.2Flibkernel.2F86_x64_vmx.	16
0x202c2f	FUNC	ASP_VM_SetupVtdInfo...2Fhome.2Fmal.2Fgm_release.2FMY22.2D026.2Ffinal.2Fiot.2Frtos.2Flibs.2Fgm.2Di35.2Frel.2Fwork.2Flibkernel.2Flibkernel.2F86_x64_vmx.	131
0x202cb2	FUNC	Record_VM_Mapping...2Fhome.2Fmal.2Fgm_release.2FMY22.2D026.2Ffinal.2Fiot.2Frtos.2Flibs.2Fgm.2Di35.2Frel.2Fwork.2Flibkernel.2Flibkernel.2F86_x64_vmx.	198
0x202d78	FUNC	FreePageCount...2Fhome.2Fmal.2Fgm_release.2FMY22.2D026.2Ffinal.2Fiot.2Frtos.2Flibs.2Fgm.2Di35.2Frel.2Fwork.2Flibkernel.2Flibkernel.2F86_x64_vmx.	23
0x202d8f	FUNC	GetFreePage...2Fhome.2Fmal.2Fgm_release.2FMY22.2D026.2Ffinal.2Fiot.2Frtos.2Flibs.2Fgm.2Di35.2Frel.2Fwork.2Flibkernel.2Flibkernel.2F86_x64_vmx.	46
0x202dbd	FUNC	ASP_VM_MapImpl...2Fhome.2Fmal.2Fgm_release.2FMY22.2D026.2Ffinal.2Fiot.2Frtos.2Flibs.2Fgm.2Di35.2Frel.2Fwork.2Flibkernel.2Flibkernel.2F86_x64_vmx.	1865
0x203506	FUNC	ASP_VM_RuntimeMap...2Fhome.2Fmal.2Fgm_release.2FMY22.2D026.2Ffinal.2Fiot.2Frtos.2Flibs.2Fgm.2Di35.2Frel.2Fwork.2Flibkernel.2Flibkernel.2F86_x64_vmx.	189
0x2035c3	FUNC	ASP_VMX_MapEptHelper...2Fhome.2Fmal.2Fgm_release.2FMY22.2D026.2Ffinal.2Fiot.2Frtos.2Flibs.2Fgm.2Di35.2Frel.2Fwork.2Flibkernel.2Flibkernel.2F86_x64_vmx.	365
0x203730	FUNC	PutFreePage...2Fhome.2Fmal.2Fgm_release.2FMY22.2D026.2Ffinal.2Fiot.2Frtos.2Flibs.2Fgm.2Di35.2Frel.2Fwork.2Flibkernel.2Flibkernel.2F86_x64_vmx.	22
0x203746	FUNC	ASP_VM_Unmap...2Fhome.2Fmal.2Fgm_release.2FMY22.2D026.2Ffinal.2Fiot.2Frtos.2Flibs.2Fgm.2Di35.2Frel.2Fwork.2Flibkernel.2Flibkernel.2F86_x64_vmx.	807
0x203a6d	FUNC	ASP_VMX_UnmapEptHelper...2Fhome.2Fmal.2Fgm_release.2FMY22.2D026.2Ffinal.2Fiot.2Frtos.2Flibs.2Fgm.2Di35.2Frel.2Fwork.2Flibkernel.2Flibkernel.2F86_x64_vmx.	148
0x203b01	FUNC	ASP_VMX_MapBarEptHelper...2Fhome.2Fmal.2Fgm_release.2FMY22.2D026.2Ffinal.2Fiot.2Frtos.2Flibs.2Fgm.2Di35.2Frel.2Fwork.2Flibkernel.2Flibkernel.2F86_x64_vmx.	325
0x203c46	FUNC	ASP_VMX_ResetApic...2Fhome.2Fmal.2Fgm_release.2FMY22.2D026.2Ffinal.2Fiot.2Frtos.2Flibs.2Fgm.2Di35.2Frel.2Fwork.2Flibkernel.2Flibkernel.2F86_x64_vmx.	359
0x203dad	FUNC	ASP_VMX_SetGuestKernelAddr...2Fhome.2Fmal.2Fgm_release.2FMY22.2D026.2Ffinal.2Fiot.2Frtos.2Flibs.2Fgm.2Di35.2Frel.2Fwork.2Flibkernel.2Flibkernel.2F86_x64_vmx.	46
0x203ddb	FUNC	ASP_VMX_SetGuestKernelOffset...2Fhome.2Fmal.2Fgm_release.2FMY22.2D026.2Ffinal.2Fiot.2Frtos.2Flibs.2Fgm.2Di35.2Frel.2Fwork.2Flibkernel.2Flibkernel.2F86_x64_vmx.	46
0x203e09	FUNC	ASP_VMX_SetGuestKernelLength...2Fhome.2Fmal.2Fgm_release.2FMY22.2D026.2Ffinal.2Fiot.2Frtos.2Flibs.2Fgm.2Di35.2Frel.2Fwork.2Flibkernel.2Flibkernel.2F86_x64_vmx.	162
0x203eab	FUNC	ASP_VMX_SetVcpuQueueAddr...2Fhome.2Fmal.2Fgm_release.2FMY22.2D026.2Ffinal.2Fiot.2Frtos.2Flibs.2Fgm.2Di35.2Frel.2Fwork.2Flibkernel.2Flibkernel.2F86_x64_vmx.	131
0x203f2e	FUNC	ASP_VMX_SetExitStateAddr...2Fhome.2Fmal.2Fgm_release.2FMY22.2D026.2Ffinal.2Fiot.2Frtos.2Flibs.2Fgm.2Di35.2Frel.2Fwork.2Flibkernel.2Flibkernel.2F86_x64_vmx.	52
0x203f62	FUNC	WriteGuestLMA...2Fhome.2Fmal.2Fgm_release.2FMY22.2D026.2Ffinal.2Fiot.2Frtos.2Flibs.2Fgm.2Di35.2Frel.2Fwork.2Flibkernel.2Flibkernel.2F86_x64_vmx.	162
0x204004	FUNC	WriteVmcsReg...2Fhome.2Fmal.2Fgm_release.2FMY22.2D026.2Ffinal.2Fiot.2Frtos.2Flibs.2Fgm.2Di35.2Frel.2Fwork.2Flibkernel.2Flibkernel.2F86_x64_vmx.	267
0x20410f	FUNC	SetGuestRegister...2Fhome.2Fmal.2Fgm_release.2FMY22.2D026.2Ffinal.2Fiot.2Frtos.2Flibs.2Fgm.2Di35.2Frel.2Fwork.2Flibkernel.2Flibkernel.2F86_x64_vmx.	82
0x204161	FUNC	ASP_VMX_SetRegister	421
0x204306	FUNC	ReadVmcsReg...2Fhome.2Fmal.2Fgm_release.2FMY22.2D026.2Ffinal.2Fiot.2Frtos.2Flibs.2Fgm.2Di35.2Frel.2Fwork.2Flibkernel.2Flibkernel.2F86_x64_vmx.	364
0x204472	FUNC	GetGuestRegister...2Fhome.2Fmal.2Fgm_release.2FMY22.2D026.2Ffinal.2Fiot.2Frtos.2Flibs.2Fgm.2Di35.2Frel.2Fwork.2Flibkernel.2Flibkernel.2F86_x64_vmx.	180
0x204526	FUNC	ASP_VMX_GetRegister	158
0x2045c4	FUNC	EnsurePagesInDomain...2Fhome.2Fmal.2Fgm_release.2FMY22.2D026.2Ffinal.2Fiot.2Frtos.2Flibs.2Fgm.2Di35.2Frel.2Fwork.2Flibkernel.2Flibkernel.2F86_x64_vmx.	83
0x204617	FUNC	ASP_VMX_EnableVtdForIODevice...2Fhome.2Fmal.2Fgm_release.2FMY22.2D026.2Ffinal.2Fiot.2Frtos.2Flibs.2Fgm.2Di35.2Frel.2Fwork.2Flibkernel.2Flibkernel.2F86_x64_vmx.	123
0x204692	FUNC	ASP_VTD_Init...2Fhome.2Fmal.2Fgm_release.2FMY22.2D026.2Ffinal.2Fiot.2Frtos.2Flibs.2Fgm.2Di35.2Frel.2Fwork.2Flibkernel.2Flibkernel.2F86_x64_vmx.	330
0x2047dc	FUNC	SetHostState...2Fhome.2Fmal.2Fgm_release.2FMY22.2D026.2Ffinal.2Fiot.2Frtos.2Flibs.2Fgm.2Di35.2Frel.2Fwork.2Flibkernel.2Flibkernel.2F86_x64_vmx.	353
0x20493d	FUNC	InitVMCS...2Fhome.2Fmal.2Fgm_release.2FMY22.2D026.2Ffinal.2Fiot.2Frtos.2Flibs.2Fgm.2Di35.2Frel.2Fwork.2Flibkernel.2Flibkernel.2F86_x64_vmx.	966
0x204d03	FUNC	ASP_VMX_InitVMCS...2Fhome.2Fmal.2Fgm_release.2FMY22.2D026.2Ffinal.2Fiot.2Frtos.2Flibs.2Fgm.2Di35.2Frel.2Fwork.2Flibkernel.2Flibkernel.2F86_x64_vmx.	428
0x204eaf	FUNC	ASP_VMX_SaveConstantHostState...2Fhome.2Fmal.2Fgm_release.2FMY22.2D026.2Ffinal.2Fiot.2Frtos.2Flibs.2Fgm.2Di35.2Frel.2Fwork.2Flibkernel.2Flibkernel.2F86_x64_vmx.	350
0x20500d	FUNC	ASP_VMX_ClearMsrExiting...2Fhome.2Fmal.2Fgm_release.2FMY22.2D026.2Ffinal.2Fiot.2Frtos.2Flibs.2Fgm.2Di35.2Frel.2Fwork.2Flibkernel.2Flibkernel.2F86_x64_vmx.	106
0x205077	FUNC	ASP_VMX_SetupMsrBitmap...2Fhome.2Fmal.2Fgm_release.2FMY22.2D026.2Ffinal.2Fiot.2Frtos.2Flibs.2Fgm.2Di35.2Frel.2Fwork.2Flibkernel.2Flibkernel.2F86_x64_vmx.	306
0x2051a9	FUNC	ASP_VMX_Init...2Fhome.2Fmal.2Fgm_release.2FMY22.2D026.2Ffinal.2Fiot.2Frtos.2Flibs.2Fgm.2Di35.2Frel.2Fwork.2Flibkernel.2Flibkernel.2F86_x64_vmx.	1675
0x205834	FUNC	ASP_FinalizeDomain	203
0x2058ff	FUNC	ASP_GetMapInfoFromDomain	22
0x205915	FUNC	ASP_VM_Map	61
0x205952	FUNC	ASP_VM_TranslateAddress	463
0x205b21	FUNC	ComputeTscTicksFromRefTime...2Fhome.2Fmal.2Fgm_release.2FMY22.2D026.2Ffinal.2Fiot.2Frtos.2Flibs.2Fgm.2Di35.2Frel.2Fwork.2Flibkernel.2Flibkernel.2F86_x64_vmx.	38
0x205b47	FUNC	InjectInterruptIntoApic...2Fhome.2Fmal.2Fgm_release.2FMY22.2D026.2Ffinal.2Fiot.2Frtos.2Flibs.2Fgm.2Di35.2Frel.2Fwork.2Flibkernel.2Flibkernel.2F86_x64_vmx.	72
0x205b8f	FUNC	InjectLocalTimerInterrupt...2Fhome.2Fmal.2Fgm_release.2FMY22.2D026.2Ffinal.2Fiot.2Frtos.2Flibs.2Fgm.2Di35.2Frel.2Fwork.2Flibkernel.2Flibkernel.2F86_x64_vmx.	60
0x205bcb	FUNC	InjectSintInterrupt...2Fhome.2Fmal.2Fgm_release.2FMY22.2D026.2Ffinal.2Fiot.2Frtos.2Flibs.2Fgm.2Di35.2Frel.2Fwork.2Flibkernel.2Flibkernel.2F86_x64_vmx.	26
0x205be5	FUNC	HandleGuestAlarms...2Fhome.2Fmal.2Fgm_release.2FMY22.2D026.2Ffinal.2Fiot.2Frtos.2Flibs.2Fgm.2Di35.2Frel.2Fwork.2Flibkernel.2Flibkernel.2F86_x64_vmx.	463
0x205db4	FUNC	HandleStimerWrite...2Fhome.2Fmal.2Fgm_release.2FMY22.2D026.2Ffinal.2Fiot.2Frtos.2Flibs.2Fgm.2Di35.2Frel.2Fwork.2Flibkernel.2Flibkernel.2F86_x64_vmx.	213
0x205e89	FUNC	ASP_GetVCpuTaskContextFromDomain	38
0x205eaf	FUNC	InjectInterruptInVcpu...2Fhome.2Fmal.2Fgm_release.2FMY22.2D026.2Ffinal.2Fiot.2Frtos.2Flibs.2Fgm.2Di35.2Frel.2Fwork.2Flibkernel.2Flibkernel.2F86_x64_vmx.	314
0x205fe9	FUNC	HandleWriteIcrLo...2Fhome.2Fmal.2Fgm_release.2FMY22.2D026.2Ffinal.2Fiot.2Frtos.2Flibs.2Fgm.2Di35.2Frel.2Fwork.2Flibkernel.2Flibkernel.2F86_x64_vmx.	276
0x2060fd	FUNC	HandleVmExit...2Fhome.2Fmal.2Fgm_release.2FMY22.2D026.2Ffinal.2Fiot.2Frtos.2Flibs.2Fgm.2Di35.2Frel.2Fwork.2Flibkernel.2Flibkernel.2F86_x64_vmx.	1345
0x20663e	FUNC	ReadCommonRegs...2Fhome.2Fmal.2Fgm_release.2FMY22.2D026.2Ffinal.2Fiot.2Frtos.2Flibs.2Fgm.2Di35.2Frel.2Fwork.2Flibkernel.2Flibkernel.2F86_x64_vmx.	365
0x2067ab	FUNC	DetermineVaddrType...2Fhome.2Fmal.2Fgm_release.2FMY22.2D026.2Ffinal.2Fiot.2Frtos.2Flibs.2Fgm.2Di35.2Frel.2Fwork.2Flibkernel.2Flibkernel.2F86_x64_vmx.	112
0x20681b	FUNC	TranslateAddr_PML4...2Fhome.2Fmal.2Fgm_release.2FMY22.2D026.2Ffinal.2Fiot.2Frtos.2Flibs.2Fgm.2Di35.2Frel.2Fwork.2Flibkernel.2Flibkernel.2F86_x64_vmx.	1210
0x206cd5	FUNC	TranslateAddr_PAE...2Fhome.2Fmal.2Fgm_release.2FMY22.2D026.2Ffinal.2Fiot.2Frtos.2Flibs.2Fgm.2Di35.2Frel.2Fwork.2Flibkernel.2Flibkernel.2F86_x64_vmx.	859
0x207030	FUNC	TranslateAddr_32Bit...2Fhome.2Fmal.2Fgm_release.2FMY22.2D026.2Ffinal.2Fiot.2Frtos.2Flibs.2Fgm.2Di35.2Frel.2Fwork.2Flibkernel.2Flibkernel.2F86_x64_vmx.	616
0x207298	FUNC	ASP_TranslateGuestVaddr	160
0x207338	FUNC	ReadGuestVirtualAddress...2Fhome.2Fmal.2Fgm_release.2FMY22.2D026.2Ffinal.2Fiot.2Frtos.2Flibs.2Fgm.2Di35.2Frel.2Fwork.2Flibkernel.2Flibkernel.2F86_x64_vmx.	439
0x2074ef	FUNC	ReadGuestInstructionAtPc...2Fhome.2Fmal.2Fgm_release.2FMY22.2D026.2Ffinal.2Fiot.2Frtos.2Flibs.2Fgm.2Di35.2Frel.2Fwork.2Flibkernel.2Flibkernel.2F86_x64_vmx.	239
0x2075de	FUNC	ASP_VMX_RestoreConstantHostState...2Fhome.2Fmal.2Fgm_release.2FMY22.2D026.2Ffinal.2Fiot.2Frtos.2Flibs.2Fgm.2Di35.2Frel.2Fwork.2Flibkernel.2Flibkernel.2F86_x64_vmx.	79
0x20762d	FUNC	ASP_RunGuestVM	1103
0x207a7c	FUNC	ASP_InjectInterruptInVCpu	15
0x207a8b	FUNC	ASP_GetTaskTokenFromTaskLink	51
0x207abe	FUNC	ASP_VMX_PostInterrupt	69
0x207b03	FUNC	VMM_PMIHandler	127
0x207b82	FUNC	VMM_IpiHandler	46
0x207bb0	FUNC	VMX_FatalConfigError...2Fhome.2Fmal.2Fgm_release.2FMY22.2D026.2Ffinal.2Fiot.2Frtos.2Flibs.2Fgm.2Di35.2Frel.2Fwork.2Flibkernel.2Flibkernel.2F86_x64_vmx.	5
0x207bb5	FUNC	IsVMXSupported...2Fhome.2Fmal.2Fgm_release.2FMY22.2D026.2Ffinal.2Fiot.2Frtos.2Flibs.2Fgm.2Di35.2Frel.2Fwork.2Flibkernel.2Flibkernel.2F86_x64_vmx.	32
0x207bd5	FUNC	ASP_VMX_InitializeOnBootCpu	323
0x207d18	FUNC	ASP_VMX_ConcurrentEnable	115
0x207d8b	FUNC	ASP_GetClockForVCpuTask	47
0x207dba	FUNC	ASP_ResetVCpu	173
0x207e67	FUNC	ASP_GetVCpuNumberFromTaskContext	7
0x207e6e	FUNC	ASP_VMM_DoVMExitReads	704
0x208130	FUNC	CpuInvalidateEpt	48
0x208160	FUNC	CpuInvalidateVpid	55
0x2081a0	FUNC	CpuClearVMCS	15
0x2081b0	FUNC	CpuVMXOn	15
0x2081c0	FUNC	CpuVMXOff	4
0x2081d0	FUNC	CpuLoadVMCS	14
0x2081e0	FUNC	CpuGetVMXHostSelectors	72
0x208230	FUNC	CpuSaveVMXHostState	123
0x2082b0	FUNC	CpuRestoreVMXHostState	84
0x208310	FUNC	CpuSaveVMXGuestState	64
0x208350	FUNC	CpuRestoreVMXGuestState	192
0x208410	FUNC	CpuEnterVM	193
0x2084e0	FUNC	CpuHaltForVMX	3
0x2084e4	FUNC	VMM_GetObject	45
0x208511	FUNC	VMM_InitKernelAlias...2Fhome.2Fmal.2Fgm_release.2FMY22.2D026.2Ffinal.2Fiot.2Frtos.2Flibs.2Fgm.2Di35.2Frel.2Fwork.2Flibkernel.2Flibkernel.2Fvmm.	141
0x20859e	FUNC	VMM_InitVMDomain	59
0x2085d9	FUNC	VMM_RecordMapping	149
0x20866e	FUNC	VMM_InitVCpu	19
0x208681	FUNC	VMM_CreateVCpuClock	195
0x208744	FUNC	VMM_AllocateContiguousMemory	94
0x2087a2	FUNC	VMM_UnpendVCpu...2Fhome.2Fmal.2Fgm_release.2FMY22.2D026.2Ffinal.2Fiot.2Frtos.2Flibs.2Fgm.2Di35.2Frel.2Fwork.2Flibkernel.2Flibkernel.2Fvmm.	25
0x2087bb	FUNC	ReadGuestMemory...2Fhome.2Fmal.2Fgm_release.2FMY22.2D026.2Ffinal.2Fiot.2Frtos.2Flibs.2Fgm.2Di35.2Frel.2Fwork.2Flibkernel.2Flibkernel.2Fvmm.	442
0x208975	FUNC	WriteGuestMemory...2Fhome.2Fmal.2Fgm_release.2FMY22.2D026.2Ffinal.2Fiot.2Frtos.2Flibs.2Fgm.2Di35.2Frel.2Fwork.2Flibkernel.2Flibkernel.2Fvmm.	401
0x208b06	FUNC	VMM_FlushCache...2Fhome.2Fmal.2Fgm_release.2FMY22.2D026.2Ffinal.2Fiot.2Frtos.2Flibs.2Fgm.2Di35.2Frel.2Fwork.2Flibkernel.2Flibkernel.2Fvmm.	99
0x208b69	FUNC	CachedTranslatedAddress	116
0x208bdd	FUNC	VMM_SetVirtioBufferAddr	27
0x208bf8	FUNC	HandleGuestVaddrCmd...2Fhome.2Fmal.2Fgm_release.2FMY22.2D026.2Ffinal.2Fiot.2Frtos.2Flibs.2Fgm.2Di35.2Frel.2Fwork.2Flibkernel.2Flibkernel.2Fvmm.	296
0x208d20	FUNC	HandleBlkInOut...2Fhome.2Fmal.2Fgm_release.2FMY22.2D026.2Ffinal.2Fiot.2Frtos.2Flibs.2Fgm.2Di35.2Frel.2Fwork.2Flibkernel.2Flibkernel.2Fvmm.	725
0x208ff5	FUNC	HandleBlkFlush...2Fhome.2Fmal.2Fgm_release.2FMY22.2D026.2Ffinal.2Fiot.2Frtos.2Flibs.2Fgm.2Di35.2Frel.2Fwork.2Flibkernel.2Flibkernel.2Fvmm.	136
0x20907d	FUNC	HandleBlkDiscard...2Fhome.2Fmal.2Fgm_release.2FMY22.2D026.2Ffinal.2Fiot.2Frtos.2Flibs.2Fgm.2Di35.2Frel.2Fwork.2Flibkernel.2Flibkernel.2Fvmm.	522
0x209287	FUNC	HandleBlkTrim...2Fhome.2Fmal.2Fgm_release.2FMY22.2D026.2Ffinal.2Fiot.2Frtos.2Flibs.2Fgm.2Di35.2Frel.2Fwork.2Flibkernel.2Flibkernel.2Fvmm.	243
0x20937a	FUNC	HandleBlkOp...2Fhome.2Fmal.2Fgm_release.2FMY22.2D026.2Ffinal.2Fiot.2Frtos.2Flibs.2Fgm.2Di35.2Frel.2Fwork.2Flibkernel.2Flibkernel.2Fvmm.	889
0x2096f3	FUNC	HandleFinish...2Fhome.2Fmal.2Fgm_release.2FMY22.2D026.2Ffinal.2Fiot.2Frtos.2Flibs.2Fgm.2Di35.2Frel.2Fwork.2Flibkernel.2Flibkernel.2Fvmm.	400
0x209883	FUNC	HandleNet...2Fhome.2Fmal.2Fgm_release.2FMY22.2D026.2Ffinal.2Fiot.2Frtos.2Flibs.2Fgm.2Di35.2Frel.2Fwork.2Flibkernel.2Flibkernel.2Fvmm.	607
0x209ae2	FUNC	DirectCopyIntoVAS...2Fhome.2Fmal.2Fgm_release.2FMY22.2D026.2Ffinal.2Fiot.2Frtos.2Flibs.2Fgm.2Di35.2Frel.2Fwork.2Flibkernel.2Flibkernel.2Fvmm.	14
0x209af0	FUNC	VirtIOHelper...2Fhome.2Fmal.2Fgm_release.2FMY22.2D026.2Ffinal.2Fiot.2Frtos.2Flibs.2Fgm.2Di35.2Frel.2Fwork.2Flibkernel.2Flibkernel.2Fvmm.	194
0x209bb2	FUNC	ASP_RunVm	806
0x209ed8	FUNC	VMM_ExitVMCallback	23
0x209eef	FUNC	VMM_PendVCpu	18
0x209f01	FUNC	VMM_StartUnpendVCpu	122
0x209f7b	FUNC	VMM_UnpendIpiHandler	75
0x209fc6	FUNC	VMM_UnpendVMCallback	5
0x209fcb	FUNC	VMM_SetClockAlarmForPendedVCpu	199
0x20a092	FUNC	VMM_GuestRamOffsetToHostPAddr	86
0x20a0e8	FUNC	VMM_GetIODomainMap	272
0x20a1f8	FUNC	VMM_SetCmdQueueAddr	27
0x20a214	FUNC	InternalINTERRUPT_Panic	364
0x20a380	FUNC	ASP_INTERRUPT_Panic	551
0x20a5a7	FUNC	INTERRUPT_Panic	15
0x20a5b6	FUNC	INTERRUPT_SystemIsFaulted	48
0x20a5e8	FUNC	ASP_TBtoTime	202
0x20a6b2	FUNC	ASP_TimetoTB	184
0x20a76a	FUNC	HighResCalculateAddTickAdderParameters	79
0x20a7b9	FUNC	HighResCalculateSubTickAdderParameters	86
0x20a80f	FUNC	HighResInternalGetTime...2Fhome.2Fmal.2Fgm_release.2FMY22.2D026.2Ffinal.2Fiot.2Frtos.2Flibs.2Fgm.2Di35.2Frel.2Fwork.2Flibkernel.2Flibkernel.2Fhighrestimer.	73
0x20a858	FUNC	InternalHighResRecalculateInterrupt...2Fhome.2Fmal.2Fgm_release.2FMY22.2D026.2Ffinal.2Fiot.2Frtos.2Flibs.2Fgm.2Di35.2Frel.2Fwork.2Flibkernel.2Flibkernel.2Fhighrestimer.	95
0x20a8b7	FUNC	InternalGetGlobalDriftComp	11
0x20a8c2	FUNC	HighResUpdateDriftComp	31
0x20a8e1	FUNC	InternalGetDriftCompForCpu	22
0x20a8f7	FUNC	HighResRecalculateInterrupt...2Fhome.2Fmal.2Fgm_release.2FMY22.2D026.2Ffinal.2Fiot.2Frtos.2Flibs.2Fgm.2Di35.2Frel.2Fwork.2Flibkernel.2Flibkernel.2Fhighrestimer.	945
0x20aca8	FUNC	ASP_GetTaskTimer	160
0x20ad48	FUNC	ApplyLastRunTime...2Fhome.2Fmal.2Fgm_release.2FMY22.2D026.2Ffinal.2Fiot.2Frtos.2Flibs.2Fgm.2Di35.2Frel.2Fwork.2Flibkernel.2Flibkernel.2Fhighrestimer.	68
0x20ad8c	FUNC	ASP_PendingTaskExecTimerExpiration	44
0x20adb8	FUNC	ASP_SetTaskTimer	98
0x20ae1a	FUNC	InternalASP_StartTaskTimer...2Fhome.2Fmal.2Fgm_release.2FMY22.2D026.2Ffinal.2Fiot.2Frtos.2Flibs.2Fgm.2Di35.2Frel.2Fwork.2Flibkernel.2Flibkernel.2Fhighrestimer.	72
0x20ae62	FUNC	ASP_StartTaskTimer	88
0x20aeba	FUNC	InternalASP_StopTaskTimer...2Fhome.2Fmal.2Fgm_release.2FMY22.2D026.2Ffinal.2Fiot.2Frtos.2Flibs.2Fgm.2Di35.2Frel.2Fwork.2Flibkernel.2Flibkernel.2Fhighrestimer.	70
0x20af00	FUNC	ASP_StopTaskTimer	48
0x20af30	FUNC	HighResSetPartitionSchedulerTimeForCpu	95
0x20af8f	FUNC	HighResTBOfNextPartitionSchedulerEvent	31
0x20afae	FUNC	HighResPschedEventPending	83
0x20b001	FUNC	HighResSetTime...2Fhome.2Fmal.2Fgm_release.2FMY22.2D026.2Ffinal.2Fiot.2Frtos.2Flibs.2Fgm.2Di35.2Frel.2Fwork.2Flibkernel.2Flibkernel.2Fhighrestimer.	5
0x20b006	FUNC	HighResGetTime...2Fhome.2Fmal.2Fgm_release.2FMY22.2D026.2Ffinal.2Fiot.2Frtos.2Flibs.2Fgm.2Di35.2Frel.2Fwork.2Flibkernel.2Flibkernel.2Fhighrestimer.	43
0x20b031	FUNC	INTERRUPT_TimeUntilNextPartitionSchedulerEvent	96
0x20b091	FUNC	HighResSetAlarm...2Fhome.2Fmal.2Fgm_release.2FMY22.2D026.2Ffinal.2Fiot.2Frtos.2Flibs.2Fgm.2Di35.2Frel.2Fwork.2Flibkernel.2Flibkernel.2Fhighrestimer.	110
0x20b0ff	FUNC	HighResGetResolution...2Fhome.2Fmal.2Fgm_release.2FMY22.2D026.2Ffinal.2Fiot.2Frtos.2Flibs.2Fgm.2Di35.2Frel.2Fwork.2Flibkernel.2Flibkernel.2Fhighrestimer.	52
0x20b133	FUNC	HighResAlarmHandler...2Fhome.2Fmal.2Fgm_release.2FMY22.2D026.2Ffinal.2Fiot.2Frtos.2Flibs.2Fgm.2Di35.2Frel.2Fwork.2Flibkernel.2Flibkernel.2Fhighrestimer.	43
0x20b15e	FUNC	HighResInitialize	680
0x20b406	FUNC	INTERRUPT_HighResInterrupt	38
0x20b42c	FUNC	INTERRUPT_GetHighResTime	45
0x20b459	FUNC	ASP_SetDriftComp	138
0x20b4e3	FUNC	ASP_GetDriftComp	17
0x20b4f4	FUNC	ASP_Delay	42
0x20b51e	FUNC	INTERRUPT_GetTB	102
0x20b584	FUNC	ASP_SchedulerSync	142
0x20b614	FUNC	RangesOverlap...2Fhome.2Fmal.2Fgm_release.2FMY22.2D026.2Ffinal.2Fiot.2Frtos.2Flibs.2Fgm.2Di35.2Frel.2Fwork.2Flibkernel.2Flibkernel.2Fasp_common_kernel_mapping.	36
0x20b638	FUNC	ASP_RecordKernelMapping	249
0x20b731	FUNC	ASP_TranslateKernelToPhysical	93
0x20b78e	FUNC	ASP_TranslatePhysicalToKernel	93
0x20b7f0	FUNC	_ap_start32	22
0x20b810	FUNC	_start32	342
0x20b970	FUNC	__DebuggerMmuEnabledIdentity	5
0x20b980	FUNC	__DebuggerMmuEnabled	5
0x20b990	FUNC	_start64	62
0x20b9d0	FUNC	_ap_kernel_start	94
0x20ba30	FUNC	KernelSpace_CommonExceptionCode...2Fhome.2Fmal.2Fgm_release.2FMY22.2D026.2Ffinal.2Fiot.2Frtos.2Flibs.2Fgm.2Di35.2Frel.2Fwork.2Flibkernel.2Flibkernel.2Fcpu_x64.	91
0x20ba90	FUNC	SyscallEntry...2Fhome.2Fmal.2Fgm_release.2FMY22.2D026.2Ffinal.2Fiot.2Frtos.2Flibs.2Fgm.2Di35.2Frel.2Fwork.2Flibkernel.2Flibkernel.2Fcpu_x64.	188
0x20bb50	FUNC	ReturnToSchedulerFromEndCriticalSection	32
0x20bb70	FUNC	SavePreservedRegsAndReturnToScheduler...2Fhome.2Fmal.2Fgm_release.2FMY22.2D026.2Ffinal.2Fiot.2Frtos.2Flibs.2Fgm.2Di35.2Frel.2Fwork.2Flibkernel.2Flibkernel.2Fcpu_x64.	89
0x20bbd0	FUNC	ASP_SwitchToTaskContext	277
0x20bce8	FUNC	AddObjectsToDomain	47
0x20bd17	FUNC	AtLeastTwoFreeObjects	77
0x20bd64	FUNC	MakeNewObject	164
0x20be08	FUNC	InconsistentError	37
0x20be2d	FUNC	ValidObject	110
0x20be9b	FUNC	KernelStartClose	192
0x20bf5b	FUNC	FreeObject	108
0x20bfc7	FUNC	GenericClose	206
0x20c095	FUNC	KernelFinishClose	182
0x20c14b	FUNC	KernelClearObjectMessageOverruns	156
0x20c1e8	FUNC	PageCount...2Fhome.2Fmal.2Fgm_release.2FMY22.2D026.2Ffinal.2Fiot.2Frtos.2Flibs.2Fgm.2Di35.2Frel.2Fwork.2Flibkernel.2Flibkernel.2Fobjbtree.	73
0x20c231	FUNC	ExtendObjectBTree	335
0x20c380	FUNC	ContractObjectBTree	298
0x20c4aa	FUNC	IndexObjectBTree	65
0x20c4ec	FUNC	SemaphoreHeapFunction...2Fhome.2Fmal.2Fgm_release.2FMY22.2D026.2Ffinal.2Fiot.2Frtos.2Flibs.2Fgm.2Di35.2Frel.2Fwork.2Flibkernel.2Flibkernel.2Fsemaphore.	37
0x20c511	FUNC	FreeBinarySemaphore	60
0x20c54d	FUNC	SemaphoreClose...2Fhome.2Fmal.2Fgm_release.2FMY22.2D026.2Ffinal.2Fiot.2Frtos.2Flibs.2Fgm.2Di35.2Frel.2Fwork.2Flibkernel.2Flibkernel.2Fsemaphore.	17
0x20c55e	FUNC	ReleaseSemaphoreWaiter	131
0x20c5e1	FUNC	KernelCreateSemaphoreAtIndex	198
0x20c6a7	FUNC	KernelCreateHighestLockerSemaphoreWithOrderAtIndex	239
0x20c796	FUNC	InlineTryToObtainSemaphore...2Fhome.2Fmal.2Fgm_release.2FMY22.2D026.2Ffinal.2Fiot.2Frtos.2Flibs.2Fgm.2Di35.2Frel.2Fwork.2Flibkernel.2Flibkernel.2Fsemaphore.	381
0x20c913	FUNC	KernelTryToObtainSemaphore	65
0x20c954	FUNC	KernelTryToClearSemaphore	109
0x20c9c1	FUNC	GetSemaphore...2Fhome.2Fmal.2Fgm_release.2FMY22.2D026.2Ffinal.2Fiot.2Frtos.2Flibs.2Fgm.2Di35.2Frel.2Fwork.2Flibkernel.2Flibkernel.2Fsemaphore.	54
0x20c9f7	FUNC	DoKernelReleaseSemaphore...2Fhome.2Fmal.2Fgm_release.2FMY22.2D026.2Ffinal.2Fiot.2Frtos.2Flibs.2Fgm.2Di35.2Frel.2Fwork.2Flibkernel.2Flibkernel.2Fsemaphore.	114
0x20ca69	FUNC	KernelReleaseSemaphore	59
0x20caa4	FUNC	KernelGetSemaphoreValue	78
0x20caf2	FUNC	ReleaseSemaphoreInterruptHandler	48
0x20cb22	FUNC	INTERRUPT_InitReleaseSemaphoreCall	25
0x20cb3b	FUNC	INTERRUPT_ReleaseSemaphore	5
0x20cb40	FUNC	InternalMutexCommonChecks...2Fhome.2Fmal.2Fgm_release.2FMY22.2D026.2Ffinal.2Fiot.2Frtos.2Flibs.2Fgm.2Di35.2Frel.2Fwork.2Flibkernel.2Flibkernel.2Fsemaphore.	128
0x20cbc0	FUNC	InternalMutexCheckOwner...2Fhome.2Fmal.2Fgm_release.2FMY22.2D026.2Ffinal.2Fiot.2Frtos.2Flibs.2Fgm.2Di35.2Frel.2Fwork.2Flibkernel.2Flibkernel.2Fsemaphore.	75
0x20cc0b	FUNC	KernelMutexWaitForSemaphore	541
0x20ce28	FUNC	KernelMutexReleaseSemaphore	210
0x20cefc	FUNC	LinkClose...2Fhome.2Fmal.2Fgm_release.2FMY22.2D026.2Ffinal.2Fiot.2Frtos.2Flibs.2Fgm.2Di35.2Frel.2Fwork.2Flibkernel.2Flibkernel.2Flink.	57
0x20cf35	FUNC	MakeLinkAtIndex...2Fhome.2Fmal.2Fgm_release.2FMY22.2D026.2Ffinal.2Fiot.2Frtos.2Flibs.2Fgm.2Di35.2Frel.2Fwork.2Flibkernel.2Flibkernel.2Flink.	76
0x20cf81	FUNC	KernelCreateLinkAtIndex	173
0x20d02e	FUNC	KernelRestoreLink	272
0x20d140	FUNC	CheckExcess...2Fhome.2Fmal.2Fgm_release.2FMY22.2D026.2Ffinal.2Fiot.2Frtos.2Flibs.2Fgm.2Di35.2Frel.2Fwork.2Flibkernel.2Flibkernel.2Ftask.	39
0x20d167	FUNC	StoppedTask	62
0x20d1a5	FUNC	TaskStatusChange...2Fhome.2Fmal.2Fgm_release.2FMY22.2D026.2Ffinal.2Fiot.2Frtos.2Flibs.2Fgm.2Di35.2Frel.2Fwork.2Flibkernel.2Flibkernel.2Ftask.	272
0x20d2b5	FUNC	RunTaskContext	230
0x20d39b	FUNC	SetStatus	102
0x20d401	FUNC	ImpairTaskContext	550
0x20d627	FUNC	TaskClose...2Fhome.2Fmal.2Fgm_release.2FMY22.2D026.2Ffinal.2Fiot.2Frtos.2Flibs.2Fgm.2Di35.2Frel.2Fwork.2Flibkernel.2Flibkernel.2Ftask.	29
0x20d644	FUNC	InternalCreateTaskAtIndex	518
0x20d84a	FUNC	KernelCreateTaskAtIndex	681
0x20daf3	FUNC	RecomputeCurrentPriority	35
0x20db16	FUNC	KernelSetTaskIdentification	14
0x20db24	FUNC	KernelGetTaskIdentification	25
0x20db3d	FUNC	KernelSetTaskInterruptVector	24
0x20db55	FUNC	KernelGetTaskStatusChangeOverruns	37
0x20db7a	FUNC	KernelSetTaskStatusNotificationMask	14
0x20db88	FUNC	KernelGetTaskStatusNotificationMask	25
0x20dba1	FUNC	KernelGetMaximumPriorityAndWeight	43
0x20dbcc	FUNC	KernelSetMaximumPriorityAndWeight	306
0x20dcfe	FUNC	KernelGetPriorityAndWeight	43
0x20dd29	FUNC	KernelSetPriorityAndWeight	197
0x20ddee	FUNC	KernelGetActivePriority	26
0x20de08	FUNC	KernelGetTaskTimer	69
0x20de4d	FUNC	KernelSetTaskTimer	404
0x20dfe1	FUNC	KernelYieldTask	30
0x20dfff	FUNC	HaltTaskContext	79
0x20e04e	FUNC	AddressSpaceInitialized	629
0x20e2c3	FUNC	VirtualTaskReady	137
0x20e34c	FUNC	RecordException	281
0x20e465	FUNC	KernelGetTaskStatus	101
0x20e4ca	FUNC	PendTaskContext	97
0x20e52b	FUNC	KernelHaltTask	96
0x20e58b	FUNC	KernelExitTask	171
0x20e636	FUNC	RunPendingTaskContext	107
0x20e6a1	FUNC	KernelRunTask	98
0x20e703	FUNC	KernelGetTaskProgramCounter	59
0x20e73e	FUNC	KernelSetTaskProgramCounter	53
0x20e773	FUNC	KernelGetTaskStackPointer	61
0x20e7b0	FUNC	KernelSetTaskStackPointer	53
0x20e7e5	FUNC	KernelSetTaskStackLimits	21
0x20e7fa	FUNC	KernelGetTaskStackLimits	43
0x20e825	FUNC	KernelGetTaskRegister	101
0x20e88a	FUNC	KernelSetTaskRegister	59
0x20e8c5	FUNC	KernelFillTask	156
0x20e961	FUNC	KernelMevControl	5
0x20e966	FUNC	KernelGetTaskCoreAffinity	23
0x20e97d	FUNC	InternalSetTaskCoreAffinity	61
0x20e9ba	FUNC	KernelSetTaskCoreAffinity	135
0x20ea41	FUNC	KernelGetTaskCurrentCore	61
0x20ea7e	FUNC	KernelGetTaskLockPriority	23
0x20ea95	FUNC	KernelSetTaskLockPriority	158
0x20eb33	FUNC	InternalRunTaskAndAsynchronousReceive	347
0x20ec90	FUNC	KernelSetTaskName	344
0x20ede8	FUNC	KernelSetTaskExecutableFile	248
0x20eee0	FUNC	KernelGetTaskExecutableFile	238
0x20efd0	FUNC	ValidDomain	34
0x20eff2	FUNC	ClearPSchedLists...2Fhome.2Fmal.2Fgm_release.2FMY22.2D026.2Ffinal.2Fiot.2Frtos.2Flibs.2Fgm.2Di35.2Frel.2Fwork.2Flibkernel.2Flibkernel.2Fadrspace.	330
0x20f13c	FUNC	IndexObjectTable	57
0x20f175	FUNC	KernelSetObjectCount	251
0x20f270	FUNC	GivePageToDomain	76
0x20f2bc	FUNC	AddressSpaceClose...2Fhome.2Fmal.2Fgm_release.2FMY22.2D026.2Ffinal.2Fiot.2Frtos.2Flibs.2Fgm.2Di35.2Frel.2Fwork.2Flibkernel.2Flibkernel.2Fadrspace.	515
0x20f4bf	FUNC	GetPageFromDomain	29
0x20f4dc	FUNC	DomainSetupObjects	23
0x20f4f3	FUNC	KernelCreateVirtualAddressSpace	356
0x20f657	FUNC	KernelPutPageOnAddressSpaceFreeList	133
0x20f6dc	FUNC	KernelGetPageFromAddressSpaceFreeList	145
0x20f76d	FUNC	KernelGetAddressSpaceUniqueId	23
0x20f784	FUNC	AssignRestartReaper...2Fhome.2Fmal.2Fgm_release.2FMY22.2D026.2Ffinal.2Fiot.2Frtos.2Flibs.2Fgm.2Di35.2Frel.2Fwork.2Flibkernel.2Flibkernel.2Fadrspace.	94
0x20f7e2	FUNC	InternalExitTasksInAddressSpace...2Fhome.2Fmal.2Fgm_release.2FMY22.2D026.2Ffinal.2Fiot.2Frtos.2Flibs.2Fgm.2Di35.2Frel.2Fwork.2Flibkernel.2Flibkernel.2Fadrspace.	296
0x20f90a	FUNC	KernelExitTasksInAddressSpace	107
0x20f975	FUNC	KernelRestartAddressSpace	422
0x20fb1b	FUNC	KernelRestartComplete	559
0x20fd4a	FUNC	KernelRunVmAndWaitForActivity	62
0x20fd88	FUNC	PutMemoryRegionInDomain...2Fhome.2Fmal.2Fgm_release.2FMY22.2D026.2Ffinal.2Fiot.2Frtos.2Flibs.2Fgm.2Di35.2Frel.2Fwork.2Flibkernel.2Flibkernel.2Fmemreg.	26
0x20fda2	FUNC	RemoveMemoryRegionFromDomain...2Fhome.2Fmal.2Fgm_release.2FMY22.2D026.2Ffinal.2Fiot.2Frtos.2Flibs.2Fgm.2Di35.2Frel.2Fwork.2Flibkernel.2Flibkernel.2Fmemreg.	39
0x20fdc9	FUNC	ImpairMemoryRegion	20
0x20fddd	FUNC	MemoryRegionClose...2Fhome.2Fmal.2Fgm_release.2FMY22.2D026.2Ffinal.2Fiot.2Frtos.2Flibs.2Fgm.2Di35.2Frel.2Fwork.2Flibkernel.2Flibkernel.2Fmemreg.	17
0x20fdee	FUNC	IsFreeKernelSpacePage	327
0x20ff35	FUNC	MakeNewMemoryRegion	122
0x20ffaf	FUNC	KernelSetMemoryRegionAttributes	32
0x20ffcf	FUNC	InternalMap...2Fhome.2Fmal.2Fgm_release.2FMY22.2D026.2Ffinal.2Fiot.2Frtos.2Flibs.2Fgm.2Di35.2Frel.2Fwork.2Flibkernel.2Flibkernel.2Fmemreg.	12
0x20ffdb	FUNC	KernelMapMemoryRegion	454
0x2101a1	FUNC	KernelSplitMemoryRegion	226
0x210283	FUNC	KernelGetMemoryRegionAddresses	29
0x2102a0	FUNC	KernelLog2PageSize	16
0x2102b0	FUNC	KernelFillMemoryRegion	106
0x21031c	FUNC	CheckMemoryMap	147
0x2103af	FUNC	VirtualFill	141
0x21043c	FUNC	VirtualCopy	301
0x210569	FUNC	SafeCopy	171
0x210614	FUNC	SafeRead	334
0x210762	FUNC	SynchronizeKernelAddress	105
0x2107cc	FUNC	PriorityListFunction...2Fhome.2Fmal.2Fgm_release.2FMY22.2D026.2Ffinal.2Fiot.2Frtos.2Flibs.2Fgm.2Di35.2Frel.2Fwork.2Flibkernel.2Flibkernel.2Fplist.	125
0x210849	FUNC	InitializePriorityList	7
0x210850	FUNC	RemoveFirstFromPriorityList	49
0x210881	FUNC	RemoveFirstFromMessageList	9
0x21088a	FUNC	RemoveFromPriorityList	36
0x2108ae	FUNC	AddActivityToTaskPriorityList	69
0x2108f3	FUNC	AddActivityToMessageList	93
0x210950	FUNC	ConnectionClose...2Fhome.2Fmal.2Fgm_release.2FMY22.2D026.2Ffinal.2Fiot.2Frtos.2Flibs.2Fgm.2Di35.2Frel.2Fwork.2Flibkernel.2Flibkernel.2Fconnect.	113
0x2109c1	FUNC	KernelCreateConnectionAtIndex	244
0x210ab5	FUNC	KernelRestoreConnectionAtIndex	326
0x210bfc	FUNC	InternalSuspendActivity	238
0x210cea	FUNC	InternalContinueActivity	180
0x210d9e	FUNC	Notify	359
0x210f05	FUNC	KernelResetActivityAndReturnStatus	461
0x2110d2	FUNC	ImpairActivity	118
0x211148	FUNC	ActivityClose...2Fhome.2Fmal.2Fgm_release.2FMY22.2D026.2Ffinal.2Fiot.2Frtos.2Flibs.2Fgm.2Di35.2Frel.2Fwork.2Flibkernel.2Flibkernel.2Factivity.	10
0x211152	FUNC	InternalCreateActivityAtIndex	272
0x211262	FUNC	KernelCreateActivityAtIndex	270
0x211370	FUNC	KernelGetActivityStatus	57
0x2113a9	FUNC	KernelAsynchronousReceive	630
0x21161f	FUNC	KernelAsynchronousSend	570
0x211859	FUNC	ValidUnusedTaskActivity	141
0x2118e6	FUNC	KernelSynchronousSend	544
0x211b06	FUNC	KernelSynchronousReceive	523
0x211d11	FUNC	KernelContinueActivity	213
0x211de6	FUNC	CurrentActivity	26
0x211e00	FUNC	KernelGetCurrentActivity	176
0x211eb0	FUNC	KernelTaskCheckForActivity	341
0x212005	FUNC	InternalVirtualTaskWaitForActivity	207
0x2120d4	FUNC	PushOnInterruptStack	119
0x21214b	FUNC	PopInterruptStack	190
0x212209	FUNC	ReturnFromInterrupt	44
0x212235	FUNC	KernelAsynchronousReceiveAndWaitForActivity	35
0x212258	FUNC	KernelAsynchronousSendAndWaitForActivity	35
0x21227b	FUNC	KernelReplyAndWaitForActivity	169
0x212324	FUNC	GetSendReceiveActivities...2Fhome.2Fmal.2Fgm_release.2FMY22.2D026.2Ffinal.2Fiot.2Frtos.2Flibs.2Fgm.2Di35.2Frel.2Fwork.2Flibkernel.2Flibkernel.2Ftransfer.	25
0x21233d	FUNC	SetActivityStatus...2Fhome.2Fmal.2Fgm_release.2FMY22.2D026.2Ffinal.2Fiot.2Frtos.2Flibs.2Fgm.2Di35.2Frel.2Fwork.2Flibkernel.2Flibkernel.2Ftransfer.	52
0x212371	FUNC	DoNotify...2Fhome.2Fmal.2Fgm_release.2FMY22.2D026.2Ffinal.2Fiot.2Frtos.2Flibs.2Fgm.2Di35.2Frel.2Fwork.2Flibkernel.2Flibkernel.2Ftransfer.	164
0x212415	FUNC	TransferCopy	325
0x21255a	FUNC	Transfer...2Fhome.2Fmal.2Fgm_release.2FMY22.2D026.2Ffinal.2Fiot.2Frtos.2Flibs.2Fgm.2Di35.2Frel.2Fwork.2Flibkernel.2Flibkernel.2Ftransfer.	608
0x2127ba	FUNC	GetBuffer...2Fhome.2Fmal.2Fgm_release.2FMY22.2D026.2Ffinal.2Fiot.2Frtos.2Flibs.2Fgm.2Di35.2Frel.2Fwork.2Flibkernel.2Flibkernel.2Ftransfer.	88
0x212812	FUNC	Disconnect...2Fhome.2Fmal.2Fgm_release.2FMY22.2D026.2Ffinal.2Fiot.2Frtos.2Flibs.2Fgm.2Di35.2Frel.2Fwork.2Flibkernel.2Flibkernel.2Ftransfer.	163
0x2128b5	FUNC	SendEmptyMessage...2Fhome.2Fmal.2Fgm_release.2FMY22.2D026.2Ffinal.2Fiot.2Frtos.2Flibs.2Fgm.2Di35.2Frel.2Fwork.2Flibkernel.2Flibkernel.2Ftransfer.	77
0x212902	FUNC	DoTransfer	699
0x212bc0	FUNC	SetAlarm...2Fhome.2Fmal.2Fgm_release.2FMY22.2D026.2Ffinal.2Fiot.2Frtos.2Flibs.2Fgm.2Di35.2Frel.2Fwork.2Flibkernel.2Flibkernel.2Fclock.	171
0x212c6b	FUNC	ClearAlarm	113
0x212cdc	FUNC	PutClockInTimerDriver	5
0x212ce1	FUNC	RemoveClockFromTimerDriver...2Fhome.2Fmal.2Fgm_release.2FMY22.2D026.2Ffinal.2Fiot.2Frtos.2Flibs.2Fgm.2Di35.2Frel.2Fwork.2Flibkernel.2Flibkernel.2Fclock.	26
0x212cfb	FUNC	ProgramTheInterrupt	269
0x212e08	FUNC	ClockClose...2Fhome.2Fmal.2Fgm_release.2FMY22.2D026.2Ffinal.2Fiot.2Frtos.2Flibs.2Fgm.2Di35.2Frel.2Fwork.2Flibkernel.2Flibkernel.2Fclock.	78
0x212e56	FUNC	KernelCreateVirtualClockAtIndex	199
0x212f1d	FUNC	KernelSetClockTime	277
0x213032	FUNC	KernelGetClockTime	68
0x213076	FUNC	KernelSetClockAlarm	620
0x2132e2	FUNC	KernelGetClockAlarm	186
0x21339c	FUNC	KernelGetClockAlarmOverruns	46
0x2133ca	FUNC	KernelGetClockPermissions	18
0x2133dc	FUNC	KernelGetClockResolution	41
0x213405	FUNC	KernelGetClockName	250
0x2134ff	FUNC	ClockInterruptHandler	384
0x21367f	FUNC	CheckAlarm...2Fhome.2Fmal.2Fgm_release.2FMY22.2D026.2Ffinal.2Fiot.2Frtos.2Flibs.2Fgm.2Di35.2Frel.2Fwork.2Flibkernel.2Flibkernel.2Fclock.	23
0x213696	FUNC	SchedulerProcessAlarms	307
0x2137c9	FUNC	FindCpuForClock...2Fhome.2Fmal.2Fgm_release.2FMY22.2D026.2Ffinal.2Fiot.2Frtos.2Flibs.2Fgm.2Di35.2Frel.2Fwork.2Flibkernel.2Flibkernel.2Fclock.	146
0x21385b	FUNC	RegisterTimerDriver	479
0x213a3a	FUNC	INTERRUPT_TimerExpired	12
0x213a48	FUNC	AlarmHeapFunction...2Fhome.2Fmal.2Fgm_release.2FMY22.2D026.2Ffinal.2Fiot.2Frtos.2Flibs.2Fgm.2Di35.2Frel.2Fwork.2Flibkernel.2Flibkernel.2Falrmheap.	21
0x213a5d	FUNC	FixClockInAlarmHeap	82
0x213aaf	FUNC	GetFirstFromAlarmHeap	287
0x213bd0	FUNC	AppendToList	70
0x213c16	FUNC	PrependToList	67
0x213c59	FUNC	RemoveFromList	78
0x213ca7	FUNC	RemoveFirstFromList	70
0x213ced	FUNC	AtLeastTwoElementsInList	27
0x213d08	FUNC	SwapItemWithParent...2Fhome.2Fmal.2Fgm_release.2FMY22.2D026.2Ffinal.2Fiot.2Frtos.2Flibs.2Fgm.2Di35.2Frel.2Fwork.2Flibkernel.2Flibkernel.2Fheap.	157
0x213da5	FUNC	FixInHeap	280
0x213ebd	FUNC	AddToHeap	139
0x213f48	FUNC	RemoveFromHeap	273
0x21405c	FUNC	RAMAllocate	78
0x2140aa	FUNC	InitKernelSchedulerLists	95
0x214109	FUNC	AllocateDomain...2Fhome.2Fmal.2Fgm_release.2FMY22.2D026.2Ffinal.2Fiot.2Frtos.2Flibs.2Fgm.2Di35.2Frel.2Fwork.2Flibkernel.2Flibkernel.2Finit.	53
0x21413e	FUNC	CreateClocks...2Fhome.2Fmal.2Fgm_release.2FMY22.2D026.2Ffinal.2Fiot.2Frtos.2Flibs.2Fgm.2Di35.2Frel.2Fwork.2Flibkernel.2Flibkernel.2Finit.	167
0x2141e5	FUNC	CreateIODevices...2Fhome.2Fmal.2Fgm_release.2FMY22.2D026.2Ffinal.2Fiot.2Frtos.2Flibs.2Fgm.2Di35.2Frel.2Fwork.2Flibkernel.2Flibkernel.2Finit.	106
0x21424f	FUNC	ManifestTheKernelDomain...2Fhome.2Fmal.2Fgm_release.2FMY22.2D026.2Ffinal.2Fiot.2Frtos.2Flibs.2Fgm.2Di35.2Frel.2Fwork.2Flibkernel.2Flibkernel.2Finit.	495
0x21443e	FUNC	CreateAddressSpacesAndMemoryRegions...2Fhome.2Fmal.2Fgm_release.2FMY22.2D026.2Ffinal.2Fiot.2Frtos.2Flibs.2Fgm.2Di35.2Frel.2Fwork.2Flibkernel.2Flibkernel.2Finit.	397
0x2145cb	FUNC	CreateTheInitialTask...2Fhome.2Fmal.2Fgm_release.2FMY22.2D026.2Ffinal.2Fiot.2Frtos.2Flibs.2Fgm.2Di35.2Frel.2Fwork.2Flibkernel.2Flibkernel.2Finit.	546
0x2147ed	FUNC	BSP_UserInitialize	34
0x21480f	FUNC	__ghs_ind_crt0_2	1043
0x214c22	FUNC	__ghs_ind_crt0_1...2Fhome.2Fmal.2Fgm_release.2FMY22.2D026.2Ffinal.2Fiot.2Frtos.2Flibs.2Fgm.2Di35.2Frel.2Fwork.2Flibkernel.2Flibkernel.2Finit.	1021
0x21501f	FUNC	__ghs_ind_crt0	30
0x215040	FUNC	ShouldPreempt	282
0x21515a	FUNC	INTERRUPT_PlaceSynchronousCall	97
0x2151bb	FUNC	INTERRUPT_TimerTick	62
0x2151f9	FUNC	SetExceptionHandler	77
0x215246	FUNC	ExceptionHandler	293
0x21536b	FUNC	DoDeliverInterrupt	307
0x21549e	FUNC	DoDismissInterrupt	351
0x2155fd	FUNC	INTERRUPT_InitCall	23
0x215614	FUNC	INTERRUPT_GetCurrentTaskASIndex	43
0x21563f	FUNC	TaskContextWillBeExecuted	148
0x2156d3	FUNC	DoSynchronousCall...2Fhome.2Fmal.2Fgm_release.2FMY22.2D026.2Ffinal.2Fiot.2Frtos.2Flibs.2Fgm.2Di35.2Frel.2Fwork.2Flibkernel.2Flibkernel.2Fschedloop.	193
0x215794	FUNC	GetLogTaskIdentification...2Fhome.2Fmal.2Fgm_release.2FMY22.2D026.2Ffinal.2Fiot.2Frtos.2Flibs.2Fgm.2Di35.2Frel.2Fwork.2Flibkernel.2Flibkernel.2Fschedloop.	24
0x2157ac	FUNC	TaskSwitchLog...2Fhome.2Fmal.2Fgm_release.2FMY22.2D026.2Ffinal.2Fiot.2Frtos.2Flibs.2Fgm.2Di35.2Frel.2Fwork.2Flibkernel.2Flibkernel.2Fschedloop.	141
0x215839	FUNC	DoFastWaitForActivity...2Fhome.2Fmal.2Fgm_release.2FMY22.2D026.2Ffinal.2Fiot.2Frtos.2Flibs.2Fgm.2Di35.2Frel.2Fwork.2Flibkernel.2Flibkernel.2Fschedloop.	186
0x2158f3	FUNC	__ghs_ind_crt1	1574
0x215f1c	FUNC	INTERRUPT_RTOSInitializationComplete	10
0x215f26	FUNC	FindClock	95
0x215f85	FUNC	InitAllocate...2Fhome.2Fmal.2Fgm_release.2FMY22.2D026.2Ffinal.2Fiot.2Frtos.2Flibs.2Fgm.2Di35.2Frel.2Fwork.2Flibkernel.2Flibkernel.2Fboot.	336
0x2160d5	FUNC	InitialTask	634
0x216350	FUNC	InitializeTheAddressSpaceTable...2Fhome.2Fmal.2Fgm_release.2FMY22.2D026.2Ffinal.2Fiot.2Frtos.2Flibs.2Fgm.2Di35.2Frel.2Fwork.2Flibkernel.2Flibkernel.2Fboottable.	318
0x21648e	FUNC	InitializeTheTaskTable...2Fhome.2Fmal.2Fgm_release.2FMY22.2D026.2Ffinal.2Fiot.2Frtos.2Flibs.2Fgm.2Di35.2Frel.2Fwork.2Flibkernel.2Flibkernel.2Fboottable.	25
0x2164a7	FUNC	InitializeTheODGTable...2Fhome.2Fmal.2Fgm_release.2FMY22.2D026.2Ffinal.2Fiot.2Frtos.2Flibs.2Fgm.2Di35.2Frel.2Fwork.2Flibkernel.2Flibkernel.2Fboottable.	19
0x2164ba	FUNC	SetupBootTables	641
0x21673b	FUNC	CarveOutBootTable	55
0x216774	FUNC	CheckExcess...2Fhome.2Fmal.2Fgm_release.2FMY22.2D026.2Ffinal.2Fiot.2Frtos.2Flibs.2Fgm.2Di35.2Frel.2Fwork.2Flibkernel.2Flibkernel.2Fiodevice.	58
0x2167ae	FUNC	IODeviceInterruptHandler	54
0x2167e4	FUNC	InternalCreateIODevice	151
0x21687b	FUNC	KernelReadSubBlockFromIODevice	366
0x2169e9	FUNC	KernelWriteSubBlockToIODevice	366
0x216b57	FUNC	KernelReadIODeviceRegister	108
0x216bc3	FUNC	KernelWriteIODeviceRegister	98
0x216c25	FUNC	KernelReadIODeviceStatus	385
0x216da6	FUNC	KernelWriteIODeviceStatus	265
0x216eaf	FUNC	KernelGetIODeviceOverruns	90
0x216f09	FUNC	INTERRUPT_IODeviceNotifyTask	12
0x216f15	FUNC	FindCpuForIODevice	172
0x216fc1	FUNC	RegisterIODeviceVector	222
0x2170a0	FUNC	ZeroAlloc	10
0x2170aa	FUNC	FirstAddress...2Fhome.2Fmal.2Fgm_release.2FMY22.2D026.2Ffinal.2Fiot.2Frtos.2Flibs.2Fgm.2Di35.2Frel.2Fwork.2Flibkernel.2Flibkernel.2Fbootutil.	35
0x2170cd	FUNC	SizeOfMemoryRegion...2Fhome.2Fmal.2Fgm_release.2FMY22.2D026.2Ffinal.2Fiot.2Frtos.2Flibs.2Fgm.2Di35.2Frel.2Fwork.2Flibkernel.2Flibkernel.2Fbootutil.	42
0x2170f7	FUNC	InternalSetObjectCount	5
0x2170fc	FUNC	InternalMapMemoryRegion...2Fhome.2Fmal.2Fgm_release.2FMY22.2D026.2Ffinal.2Fiot.2Frtos.2Flibs.2Fgm.2Di35.2Frel.2Fwork.2Flibkernel.2Flibkernel.2Fbootutil.	78
0x21714a	FUNC	GetAddressSpace...2Fhome.2Fmal.2Fgm_release.2FMY22.2D026.2Ffinal.2Fiot.2Frtos.2Flibs.2Fgm.2Di35.2Frel.2Fwork.2Flibkernel.2Flibkernel.2Fbootutil.	22
0x217160	FUNC	IsInitialTask...2Fhome.2Fmal.2Fgm_release.2FMY22.2D026.2Ffinal.2Fiot.2Frtos.2Flibs.2Fgm.2Di35.2Frel.2Fwork.2Flibkernel.2Flibkernel.2Fbootutil.	113
0x2171d1	FUNC	FindTask...2Fhome.2Fmal.2Fgm_release.2FMY22.2D026.2Ffinal.2Fiot.2Frtos.2Flibs.2Fgm.2Di35.2Frel.2Fwork.2Flibkernel.2Flibkernel.2Fbootutil.	39
0x2171f8	FUNC	RunInitialTasks	118
0x21726e	FUNC	GetInitialTask	36
0x217292	FUNC	RunKernelSpaceTasks	64
0x2172d2	FUNC	SetupTasks	887
0x217649	FUNC	SetupPagedSegment...2Fhome.2Fmal.2Fgm_release.2FMY22.2D026.2Ffinal.2Fiot.2Frtos.2Flibs.2Fgm.2Di35.2Frel.2Fwork.2Flibkernel.2Flibkernel.2Fbootutil.	182
0x2176ff	FUNC	SetupSegment...2Fhome.2Fmal.2Fgm_release.2FMY22.2D026.2Ffinal.2Fiot.2Frtos.2Flibs.2Fgm.2Di35.2Frel.2Fwork.2Flibkernel.2Flibkernel.2Fbootutil.	439
0x2178b6	FUNC	SetupVirtualAddressSpace	626
0x217b28	FUNC	SetupAddressSpaces	416
0x217cc8	FUNC	FinalizeAddressSpaces	72
0x217d10	FUNC	FindIODevice...2Fhome.2Fmal.2Fgm_release.2FMY22.2D026.2Ffinal.2Fiot.2Frtos.2Flibs.2Fgm.2Di35.2Frel.2Fwork.2Flibkernel.2Flibkernel.2Fbootutil.	97
0x217d71	FUNC	GetTask...2Fhome.2Fmal.2Fgm_release.2FMY22.2D026.2Ffinal.2Fiot.2Frtos.2Flibs.2Fgm.2Di35.2Frel.2Fwork.2Flibkernel.2Flibkernel.2Fbootutil.	23
0x217d88	FUNC	InitASObjects	94
0x217de6	FUNC	SetupObjectsInAddressSpace...2Fhome.2Fmal.2Fgm_release.2FMY22.2D026.2Ffinal.2Fiot.2Frtos.2Flibs.2Fgm.2Di35.2Frel.2Fwork.2Flibkernel.2Flibkernel.2Fbootutil.	1410
0x218368	FUNC	ResolveObjectLinksForObject...2Fhome.2Fmal.2Fgm_release.2FMY22.2D026.2Ffinal.2Fiot.2Frtos.2Flibs.2Fgm.2Di35.2Frel.2Fwork.2Flibkernel.2Flibkernel.2Fbootutil.	426
0x218512	FUNC	ResolveObjectLinksInAddressSpace...2Fhome.2Fmal.2Fgm_release.2FMY22.2D026.2Ffinal.2Fiot.2Frtos.2Flibs.2Fgm.2Di35.2Frel.2Fwork.2Flibkernel.2Flibkernel.2Fbootutil.	77
0x21855f	FUNC	SetupObjectTables	80
0x2185af	FUNC	CloseAddressSpaceForRestart...2Fhome.2Fmal.2Fgm_release.2FMY22.2D026.2Ffinal.2Fiot.2Frtos.2Flibs.2Fgm.2Di35.2Frel.2Fwork.2Flibkernel.2Flibkernel.2Fbootutil.	144
0x21863f	FUNC	RestoreLinksToObjects...2Fhome.2Fmal.2Fgm_release.2FMY22.2D026.2Ffinal.2Fiot.2Frtos.2Flibs.2Fgm.2Di35.2Frel.2Fwork.2Flibkernel.2Flibkernel.2Fbootutil.	327
0x218786	FUNC	LoadAddressSpace...2Fhome.2Fmal.2Fgm_release.2FMY22.2D026.2Ffinal.2Fiot.2Frtos.2Flibs.2Fgm.2Di35.2Frel.2Fwork.2Flibkernel.2Flibkernel.2Fbootutil.	154
0x218820	FUNC	ReaperRestartAddressSpace...2Fhome.2Fmal.2Fgm_release.2FMY22.2D026.2Ffinal.2Fiot.2Frtos.2Flibs.2Fgm.2Di35.2Frel.2Fwork.2Flibkernel.2Flibkernel.2Fbootutil.	82
0x218872	FUNC	AddressSpaceReaper...2Fhome.2Fmal.2Fgm_release.2FMY22.2D026.2Ffinal.2Fiot.2Frtos.2Flibs.2Fgm.2Di35.2Frel.2Fwork.2Flibkernel.2Flibkernel.2Fbootutil.	93
0x2188cf	FUNC	CreateASReaperTask...2Fhome.2Fmal.2Fgm_release.2FMY22.2D026.2Ffinal.2Fiot.2Frtos.2Flibs.2Fgm.2Di35.2Frel.2Fwork.2Flibkernel.2Flibkernel.2Fbootutil.	407
0x218a66	FUNC	AddressSpaceReaperInit	266
0x218b70	FUNC	SetupTaskAtIndex	818
0x218ea4	FUNC	EventLogOn	23
0x218ebb	FUNC	EventLogOff	23
0x218ed2	FUNC	EventLogMask	26
0x218eec	FUNC	_exit	5
0x218ef1	FUNC	int_exit	54
0x218f28	FUNC	Close	63
0x218f67	FUNC	CloseMemoryRegion	5
0x218f6c	FUNC	AllocatePage	36
0x218f90	FUNC	SchedulerCallOnEveryTickForCpu	151
0x219027	FUNC	SchedulerCallOnEveryTick	17
0x219038	FUNC	AdjustBitmap...2Fhome.2Fmal.2Fgm_release.2FMY22.2D026.2Ffinal.2Fiot.2Frtos.2Flibs.2Fgm.2Di35.2Frel.2Fwork.2Flibkernel.2Flibkernel.2Fsched491.	82
0x21908a	FUNC	AddTaskToKeyList...2Fhome.2Fmal.2Fgm_release.2FMY22.2D026.2Ffinal.2Fiot.2Frtos.2Flibs.2Fgm.2Di35.2Frel.2Fwork.2Flibkernel.2Flibkernel.2Fsched491.	130
0x21910c	FUNC	ListForRestartTask...2Fhome.2Fmal.2Fgm_release.2FMY22.2D026.2Ffinal.2Fiot.2Frtos.2Flibs.2Fgm.2Di35.2Frel.2Fwork.2Flibkernel.2Flibkernel.2Fsched491.	66
0x21914e	FUNC	ListForTask...2Fhome.2Fmal.2Fgm_release.2FMY22.2D026.2Ffinal.2Fiot.2Frtos.2Flibs.2Fgm.2Di35.2Frel.2Fwork.2Flibkernel.2Flibkernel.2Fsched491.	39
0x219175	FUNC	AddToReadyList	105
0x2191de	FUNC	RemoveTaskFromKeyList...2Fhome.2Fmal.2Fgm_release.2FMY22.2D026.2Ffinal.2Fiot.2Frtos.2Flibs.2Fgm.2Di35.2Frel.2Fwork.2Flibkernel.2Flibkernel.2Fsched491.	146
0x219270	FUNC	RemoveFromReadyList	83
0x2192c3	FUNC	SchedulerReadyTask	136
0x21934b	FUNC	SchedulerSuspendTask	143
0x2193da	FUNC	SchedulerSetTaskPriority	229
0x2194bf	FUNC	KernelRaiseCurrentTaskPriority	113
0x219530	FUNC	KernelLowerCurrentTaskPriority	88
0x219588	FUNC	SchedulerTimerTick	73
0x2195d1	FUNC	SchedulerGetTaskPriority	8
0x2195d9	FUNC	SchedulerSetTaskWeight	8
0x2195e1	FUNC	SchedulerTaskInit	43
0x21960c	FUNC	InitializeScheduler	666
0x2198a8	FUNC	GetSaveXFrame	19
0x2198bb	FUNC	GetSaveEvent	18
0x2198cd	FUNC	GetCurrentXFrame	53
0x219902	FUNC	SendKernelIPI	91
0x21995d	FUNC	SignalPreemptionOnCpu	38
0x219983	FUNC	GetTaskSchedEventTime	14
0x219991	FUNC	InitializeSchedulingList...2Fhome.2Fmal.2Fgm_release.2FMY22.2D026.2Ffinal.2Fiot.2Frtos.2Flibs.2Fgm.2Di35.2Frel.2Fwork.2Flibkernel.2Flibkernel.2Ftump.	96
0x2199f1	FUNC	InitializeSchedulingGroup	79
0x219a40	FUNC	MapAffinityGroup	237
0x219b2d	FUNC	UnmapAffinityGroup	228
0x219c11	FUNC	GetASAffinityGroup	19
0x219c24	FUNC	IsTaskSchedulable...2Fhome.2Fmal.2Fgm_release.2FMY22.2D026.2Ffinal.2Fiot.2Frtos.2Flibs.2Fgm.2Di35.2Frel.2Fwork.2Flibkernel.2Flibkernel.2Ftump.	126
0x219ca2	FUNC	DispatchOffCpu	104
0x219d0a	FUNC	ForwardAlarm	121
0x219d83	FUNC	AssignTaskToCpu	208
0x219e53	FUNC	IsTaskBetter	198
0x219f19	FUNC	LowestPriorityTaskCpu...2Fhome.2Fmal.2Fgm_release.2FMY22.2D026.2Ffinal.2Fiot.2Frtos.2Flibs.2Fgm.2Di35.2Frel.2Fwork.2Flibkernel.2Flibkernel.2Ftump.	126
0x219f97	FUNC	FindCpuForTask	485
0x21a17c	FUNC	HighestReadyTask...2Fhome.2Fmal.2Fgm_release.2FMY22.2D026.2Ffinal.2Fiot.2Frtos.2Flibs.2Fgm.2Di35.2Frel.2Fwork.2Flibkernel.2Flibkernel.2Ftump.	72
0x21a1c4	FUNC	HighestReadyTaskForBackground...2Fhome.2Fmal.2Fgm_release.2FMY22.2D026.2Ffinal.2Fiot.2Frtos.2Flibs.2Fgm.2Di35.2Frel.2Fwork.2Flibkernel.2Flibkernel.2Ftump.	133
0x21a249	FUNC	HighestReadyGlobalTask	336
0x21a399	FUNC	HighestReadyAffinityTask	314
0x21a4d3	FUNC	RecomputeMaxPriorityForCpu	349
0x21a630	FUNC	SetupTaskAffinities	174
0x21a6de	FUNC	CheckAddressSpaceList	61
0x21a71b	FUNC	CheckAffinityGroup	107
0x21a786	FUNC	CheckTaskTable	74
0x21a7d0	FUNC	CheckCoreAGTable	98
0x21a832	FUNC	TuMPBarrier	48
0x21a862	FUNC	SchedulerSync	398
0x21a9f0	FUNC	KernelGetASProcessorAffinity	58
0x21aa2a	FUNC	InitializeAlarmForwarding	44
0x21aa56	FUNC	IPIHandler	256
0x21ab58	FUNC	MapLock	19
0x21ab6b	FUNC	InitializeLocks	277
0x21ac80	FUNC	DecrementLockQuantum	69
0x21acc5	FUNC	ResetLockQuantum	91
0x21ad20	FUNC	BuildLocks	507
0x21af1b	FUNC	GetNextLockCounter	5
0x21af20	FUNC	GetLockPriority...2Fhome.2Fmal.2Fgm_release.2FMY22.2D026.2Ffinal.2Fiot.2Frtos.2Flibs.2Fgm.2Di35.2Frel.2Fwork.2Flibkernel.2Flibkernel.2Flock.	174
0x21afce	FUNC	GetLockOrder...2Fhome.2Fmal.2Fgm_release.2FMY22.2D026.2Ffinal.2Fiot.2Frtos.2Flibs.2Fgm.2Di35.2Frel.2Fwork.2Flibkernel.2Flibkernel.2Flock.	87
0x21b025	FUNC	IsContenderBetter...2Fhome.2Fmal.2Fgm_release.2FMY22.2D026.2Ffinal.2Fiot.2Frtos.2Flibs.2Fgm.2Di35.2Frel.2Fwork.2Flibkernel.2Flibkernel.2Flock.	371
0x21b198	FUNC	AGHighestPriorityContender...2Fhome.2Fmal.2Fgm_release.2FMY22.2D026.2Ffinal.2Fiot.2Frtos.2Flibs.2Fgm.2Di35.2Frel.2Fwork.2Flibkernel.2Flibkernel.2Flock.	119
0x21b20f	FUNC	HighestPriorityContender	503
0x21b406	FUNC	ReleaseLock	46
0x21b434	FUNC	AcquireLock...2Fhome.2Fmal.2Fgm_release.2FMY22.2D026.2Ffinal.2Fiot.2Frtos.2Flibs.2Fgm.2Di35.2Frel.2Fwork.2Flibkernel.2Flibkernel.2Flock.	514
0x21b636	FUNC	LockForScheduler	44
0x21b662	FUNC	LockForApiCall	58
0x21b69c	FUNC	UnlockForApiCall	300
0x21b7c8	FUNC	LockForDirectCall	71
0x21b80f	FUNC	UnlockForDirectCall	62
0x21b84d	FUNC	UnlockForScheduler	445
0x21ba0a	FUNC	SetLocks	214
0x21bae0	FUNC	GetCurrentCoremask	48
0x21bb10	FUNC	ReleaseGlobalLock	8
0x21bb18	FUNC	WaitForGlobalLock	34
0x21bb3a	FUNC	ReleaseInitLock	15
0x21bb49	FUNC	WaitForInitLock	15
0x21bb58	FUNC	SuspensionLock...2Fhome.2Fmal.2Fgm_release.2FMY22.2D026.2Ffinal.2Fiot.2Frtos.2Flibs.2Fgm.2Di35.2Frel.2Fwork.2Flibkernel.2Flibkernel.2Fsuspensionio.	72
0x21bba0	FUNC	SuspensionUnlock...2Fhome.2Fmal.2Fgm_release.2FMY22.2D026.2Ffinal.2Fiot.2Frtos.2Flibs.2Fgm.2Di35.2Frel.2Fwork.2Flibkernel.2Flibkernel.2Fsuspensionio.	83
0x21bbf3	FUNC	SuspensionPlaceCallback	37
0x21bc18	FUNC	SuspensionForward...2Fhome.2Fmal.2Fgm_release.2FMY22.2D026.2Ffinal.2Fiot.2Frtos.2Flibs.2Fgm.2Di35.2Frel.2Fwork.2Flibkernel.2Flibkernel.2Fsuspensionio.	100
0x21bc7c	FUNC	SuspensionProcessASLists...2Fhome.2Fmal.2Fgm_release.2FMY22.2D026.2Ffinal.2Fiot.2Frtos.2Flibs.2Fgm.2Di35.2Frel.2Fwork.2Flibkernel.2Flibkernel.2Fsuspensionio.	454
0x21be42	FUNC	SuspensionInit	55
0x21be79	FUNC	PS_SuspensionProcess	119
0x21bef0	FUNC	SetReaperCore	18
0x21bf02	FUNC	SuspensionCreate...2Fhome.2Fmal.2Fgm_release.2FMY22.2D026.2Ffinal.2Fiot.2Frtos.2Flibs.2Fgm.2Di35.2Frel.2Fwork.2Flibkernel.2Flibkernel.2Fsuspensionio.	3
0x21bf05	FUNC	SuspensionWROtherAS...2Fhome.2Fmal.2Fgm_release.2FMY22.2D026.2Ffinal.2Fiot.2Frtos.2Flibs.2Fgm.2Di35.2Frel.2Fwork.2Flibkernel.2Flibkernel.2Fsuspensionio.	261
0x21c00a	FUNC	SuspensionSetCounterField...2Fhome.2Fmal.2Fgm_release.2FMY22.2D026.2Ffinal.2Fiot.2Frtos.2Flibs.2Fgm.2Di35.2Frel.2Fwork.2Flibkernel.2Flibkernel.2Fsuspensionio.	98
0x21c06c	FUNC	SuspensionWriteRegister...2Fhome.2Fmal.2Fgm_release.2FMY22.2D026.2Ffinal.2Fiot.2Frtos.2Flibs.2Fgm.2Di35.2Frel.2Fwork.2Flibkernel.2Flibkernel.2Fsuspensionio.	30
0x21c08a	FUNC	SuspensionCheckWaiters...2Fhome.2Fmal.2Fgm_release.2FMY22.2D026.2Ffinal.2Fiot.2Frtos.2Flibs.2Fgm.2Di35.2Frel.2Fwork.2Flibkernel.2Flibkernel.2Fsuspensionio.	100
0x21c0ee	FUNC	SuspensionRegisterIODevice...2Fhome.2Fmal.2Fgm_release.2FMY22.2D026.2Ffinal.2Fiot.2Frtos.2Flibs.2Fgm.2Di35.2Frel.2Fwork.2Flibkernel.2Flibkernel.2Fsuspensionio.	108
0x21c15a	FUNC	RegisterSuspensionIODevices	127
0x21c1dc	FUNC	TickSetTime...2Fhome.2Fmal.2Fgm_release.2FMY22.2D026.2Ffinal.2Fiot.2Frtos.2Flibs.2Fgm.2Di35.2Frel.2Fwork.2Flibkernel.2Flibkernel.2Ftick.	5
0x21c1e1	FUNC	TickGetTime...2Fhome.2Fmal.2Fgm_release.2FMY22.2D026.2Ffinal.2Fiot.2Frtos.2Flibs.2Fgm.2Di35.2Frel.2Fwork.2Flibkernel.2Flibkernel.2Ftick.	51
0x21c214	FUNC	TickSetAlarm...2Fhome.2Fmal.2Fgm_release.2FMY22.2D026.2Ffinal.2Fiot.2Frtos.2Flibs.2Fgm.2Di35.2Frel.2Fwork.2Flibkernel.2Flibkernel.2Ftick.	139
0x21c29f	FUNC	TickGetResolution...2Fhome.2Fmal.2Fgm_release.2FMY22.2D026.2Ffinal.2Fiot.2Frtos.2Flibs.2Fgm.2Di35.2Frel.2Fwork.2Flibkernel.2Flibkernel.2Ftick.	29
0x21c2bc	FUNC	TimerTick...2Fhome.2Fmal.2Fgm_release.2FMY22.2D026.2Ffinal.2Fiot.2Frtos.2Flibs.2Fgm.2Di35.2Frel.2Fwork.2Flibkernel.2Flibkernel.2Ftick.	107
0x21c327	FUNC	ProcessSchedulerTicks...2Fhome.2Fmal.2Fgm_release.2FMY22.2D026.2Ffinal.2Fiot.2Frtos.2Flibs.2Fgm.2Di35.2Frel.2Fwork.2Flibkernel.2Flibkernel.2Ftick.	68
0x21c36b	FUNC	RegisterTickTimerDriver...2Fhome.2Fmal.2Fgm_release.2FMY22.2D026.2Ffinal.2Fiot.2Frtos.2Flibs.2Fgm.2Di35.2Frel.2Fwork.2Flibkernel.2Flibkernel.2Ftick.	194
0x21c42d	FUNC	TimerTickProcessAlarms...2Fhome.2Fmal.2Fgm_release.2FMY22.2D026.2Ffinal.2Fiot.2Frtos.2Flibs.2Fgm.2Di35.2Frel.2Fwork.2Flibkernel.2Flibkernel.2Ftick.	27
0x21c448	FUNC	RegisterStandardTickTimer	192
0x21c508	FUNC	KernelGetPhysicalAddress	278
0x21c61e	FUNC	VirtualMemoryFill	245
0x21c713	FUNC	VirtualToVirtualCopy...2Fhome.2Fmal.2Fgm_release.2FMY22.2D026.2Ffinal.2Fiot.2Frtos.2Flibs.2Fgm.2Di35.2Frel.2Fwork.2Flibkernel.2Flibkernel.2Fsecure.	400
0x21c8a3	FUNC	CopyFromVirtualMemoryToKernel...2Fhome.2Fmal.2Fgm_release.2FMY22.2D026.2Ffinal.2Fiot.2Frtos.2Flibs.2Fgm.2Di35.2Frel.2Fwork.2Flibkernel.2Flibkernel.2Fsecure.	292
0x21c9c7	FUNC	CopyFromKernelToVirtualMemory...2Fhome.2Fmal.2Fgm_release.2FMY22.2D026.2Ffinal.2Fiot.2Frtos.2Flibs.2Fgm.2Di35.2Frel.2Fwork.2Flibkernel.2Flibkernel.2Fsecure.	280
0x21cadf	FUNC	VirtualMemoryCopy	294
0x21cc05	FUNC	VirtualTest	140
0x21cc91	FUNC	CheckObject	175
0x21cd40	FUNC	GetKernelAddress	223
0x21ce1f	FUNC	BufferCallHandler...2Fhome.2Fmal.2Fgm_release.2FMY22.2D026.2Ffinal.2Fiot.2Frtos.2Flibs.2Fgm.2Di35.2Frel.2Fwork.2Flibkernel.2Flibkernel.2Fsecure.	160
0x21cebf	FUNC	KernelCallHandler...2Fhome.2Fmal.2Fgm_release.2FMY22.2D026.2Ffinal.2Fiot.2Frtos.2Flibs.2Fgm.2Di35.2Frel.2Fwork.2Flibkernel.2Flibkernel.2Fsecure.	274
0x21cfd1	FUNC	TrapHandler	61
0x21d00e	FUNC	SystemCallHandler	967
0x21d3d5	FUNC	RegisterDispatch_0in_0out...2Fhome.2Fmal.2Fgm_release.2FMY22.2D026.2Ffinal.2Fiot.2Frtos.2Flibs.2Fgm.2Di35.2Frel.2Fwork.2Flibkernel.2Flibkernel.2Fsecure.	3
0x21d3d8	FUNC	RegisterDispatch_0in_1out...2Fhome.2Fmal.2Fgm_release.2FMY22.2D026.2Ffinal.2Fiot.2Frtos.2Flibs.2Fgm.2Di35.2Frel.2Fwork.2Flibkernel.2Flibkernel.2Fsecure.	10
0x21d3e2	FUNC	RegisterDispatch_0in_1inout...2Fhome.2Fmal.2Fgm_release.2FMY22.2D026.2Ffinal.2Fiot.2Frtos.2Flibs.2Fgm.2Di35.2Frel.2Fwork.2Flibkernel.2Flibkernel.2Fsecure.	10
0x21d3ec	FUNC	RegisterDispatch_0in_2out...2Fhome.2Fmal.2Fgm_release.2FMY22.2D026.2Ffinal.2Fiot.2Frtos.2Flibs.2Fgm.2Di35.2Frel.2Fwork.2Flibkernel.2Flibkernel.2Fsecure.	14
0x21d3fa	FUNC	RegisterDispatch_0in_2out_wtime...2Fhome.2Fmal.2Fgm_release.2FMY22.2D026.2Ffinal.2Fiot.2Frtos.2Flibs.2Fgm.2Di35.2Frel.2Fwork.2Flibkernel.2Flibkernel.2Fsecure.	64
0x21d43a	FUNC	RegisterDispatch_0in_3out...2Fhome.2Fmal.2Fgm_release.2FMY22.2D026.2Ffinal.2Fiot.2Frtos.2Flibs.2Fgm.2Di35.2Frel.2Fwork.2Flibkernel.2Flibkernel.2Fsecure.	24
0x21d452	FUNC	RegisterDispatch_0in_3inout...2Fhome.2Fmal.2Fgm_release.2FMY22.2D026.2Ffinal.2Fiot.2Frtos.2Flibs.2Fgm.2Di35.2Frel.2Fwork.2Flibkernel.2Flibkernel.2Fsecure.	24
0x21d46a	FUNC	BufferDispatch_noobj_0in_4out_wtime...2Fhome.2Fmal.2Fgm_release.2FMY22.2D026.2Ffinal.2Fiot.2Frtos.2Flibs.2Fgm.2Di35.2Frel.2Fwork.2Flibkernel.2Flibkernel.2Fsecure.	65
0x21d4ab	FUNC	BufferDispatch_noobj_0in_4out_w2time...2Fhome.2Fmal.2Fgm_release.2FMY22.2D026.2Ffinal.2Fiot.2Frtos.2Flibs.2Fgm.2Di35.2Frel.2Fwork.2Flibkernel.2Flibkernel.2Fsecure.	94
0x21d509	FUNC	BufferDispatch_0in_5out_w2time...2Fhome.2Fmal.2Fgm_release.2FMY22.2D026.2Ffinal.2Fiot.2Frtos.2Flibs.2Fgm.2Di35.2Frel.2Fwork.2Flibkernel.2Flibkernel.2Fsecure.	104
0x21d571	FUNC	RegisterDispatch_1in_0out...2Fhome.2Fmal.2Fgm_release.2FMY22.2D026.2Ffinal.2Fiot.2Frtos.2Flibs.2Fgm.2Di35.2Frel.2Fwork.2Flibkernel.2Flibkernel.2Fsecure.	10
0x21d57b	FUNC	RegisterDispatch_noobj_1in_0out...2Fhome.2Fmal.2Fgm_release.2FMY22.2D026.2Ffinal.2Fiot.2Frtos.2Flibs.2Fgm.2Di35.2Frel.2Fwork.2Flibkernel.2Flibkernel.2Fsecure.	7
0x21d582	FUNC	RegisterDispatch_1in_1out...2Fhome.2Fmal.2Fgm_release.2FMY22.2D026.2Ffinal.2Fiot.2Frtos.2Flibs.2Fgm.2Di35.2Frel.2Fwork.2Flibkernel.2Flibkernel.2Fsecure.	17
0x21d593	FUNC	RegisterDispatch_1in_create_1out...2Fhome.2Fmal.2Fgm_release.2FMY22.2D026.2Ffinal.2Fiot.2Frtos.2Flibs.2Fgm.2Di35.2Frel.2Fwork.2Flibkernel.2Flibkernel.2Fsecure.	16
0x21d5a3	FUNC	RegisterDispatch_1in_as_create_1out...2Fhome.2Fmal.2Fgm_release.2FMY22.2D026.2Ffinal.2Fiot.2Frtos.2Flibs.2Fgm.2Di35.2Frel.2Fwork.2Flibkernel.2Flibkernel.2Fsecure.	19
0x21d5b6	FUNC	RegisterDispatch_1in_1inout...2Fhome.2Fmal.2Fgm_release.2FMY22.2D026.2Ffinal.2Fiot.2Frtos.2Flibs.2Fgm.2Di35.2Frel.2Fwork.2Flibkernel.2Flibkernel.2Fsecure.	17
0x21d5c7	FUNC	RegisterDispatch_1in_2out...2Fhome.2Fmal.2Fgm_release.2FMY22.2D026.2Ffinal.2Fiot.2Frtos.2Flibs.2Fgm.2Di35.2Frel.2Fwork.2Flibkernel.2Flibkernel.2Fsecure.	24
0x21d5df	FUNC	RegisterDispatch_1in_2out_wtime...2Fhome.2Fmal.2Fgm_release.2FMY22.2D026.2Ffinal.2Fiot.2Frtos.2Flibs.2Fgm.2Di35.2Frel.2Fwork.2Flibkernel.2Flibkernel.2Fsecure.	68
0x21d623	FUNC	RegisterDispatch_1in_2inout...2Fhome.2Fmal.2Fgm_release.2FMY22.2D026.2Ffinal.2Fiot.2Frtos.2Flibs.2Fgm.2Di35.2Frel.2Fwork.2Flibkernel.2Flibkernel.2Fsecure.	21
0x21d638	FUNC	RegisterDispatch_2in_0out...2Fhome.2Fmal.2Fgm_release.2FMY22.2D026.2Ffinal.2Fiot.2Frtos.2Flibs.2Fgm.2Di35.2Frel.2Fwork.2Flibkernel.2Flibkernel.2Fsecure.	14
0x21d646	FUNC	RegisterDispatch_2in_wtime_0out...2Fhome.2Fmal.2Fgm_release.2FMY22.2D026.2Ffinal.2Fiot.2Frtos.2Flibs.2Fgm.2Di35.2Frel.2Fwork.2Flibkernel.2Flibkernel.2Fsecure.	34
0x21d668	FUNC	RegisterDispatch_noobj_2in_0out...2Fhome.2Fmal.2Fgm_release.2FMY22.2D026.2Ffinal.2Fiot.2Frtos.2Flibs.2Fgm.2Di35.2Frel.2Fwork.2Flibkernel.2Flibkernel.2Fsecure.	14
0x21d676	FUNC	RegisterDispatch_2in_create_1out...2Fhome.2Fmal.2Fgm_release.2FMY22.2D026.2Ffinal.2Fiot.2Frtos.2Flibs.2Fgm.2Di35.2Frel.2Fwork.2Flibkernel.2Flibkernel.2Fsecure.	20
0x21d68a	FUNC	RegisterDispatch_2in_2out...2Fhome.2Fmal.2Fgm_release.2FMY22.2D026.2Ffinal.2Fiot.2Frtos.2Flibs.2Fgm.2Di35.2Frel.2Fwork.2Flibkernel.2Flibkernel.2Fsecure.	22
0x21d6a0	FUNC	BufferDispatch_2in_2inout...2Fhome.2Fmal.2Fgm_release.2FMY22.2D026.2Ffinal.2Fiot.2Frtos.2Flibs.2Fgm.2Di35.2Frel.2Fwork.2Flibkernel.2Flibkernel.2Fsecure.	24
0x21d6b8	FUNC	RegisterDispatch_3in_0out...2Fhome.2Fmal.2Fgm_release.2FMY22.2D026.2Ffinal.2Fiot.2Frtos.2Flibs.2Fgm.2Di35.2Frel.2Fwork.2Flibkernel.2Flibkernel.2Fsecure.	21
0x21d6cd	FUNC	RegisterDispatch_chkobj_3in_0out...2Fhome.2Fmal.2Fgm_release.2FMY22.2D026.2Ffinal.2Fiot.2Frtos.2Flibs.2Fgm.2Di35.2Frel.2Fwork.2Flibkernel.2Flibkernel.2Fsecure.	83
0x21d720	FUNC	RegisterDispatch_3in_1out...2Fhome.2Fmal.2Fgm_release.2FMY22.2D026.2Ffinal.2Fiot.2Frtos.2Flibs.2Fgm.2Di35.2Frel.2Fwork.2Flibkernel.2Flibkernel.2Fsecure.	25
0x21d739	FUNC	RegisterDispatch_3in_as_create_1out...2Fhome.2Fmal.2Fgm_release.2FMY22.2D026.2Ffinal.2Fiot.2Frtos.2Flibs.2Fgm.2Di35.2Frel.2Fwork.2Flibkernel.2Flibkernel.2Fsecure.	57
0x21d772	FUNC	RegisterDispatch_3in_create_2out...2Fhome.2Fmal.2Fgm_release.2FMY22.2D026.2Ffinal.2Fiot.2Frtos.2Flibs.2Fgm.2Di35.2Frel.2Fwork.2Flibkernel.2Flibkernel.2Fsecure.	63
0x21d7b1	FUNC	RegisterDispatch_3in_wtime_2out_wtime...2Fhome.2Fmal.2Fgm_release.2FMY22.2D026.2Ffinal.2Fiot.2Frtos.2Flibs.2Fgm.2Di35.2Frel.2Fwork.2Flibkernel.2Flibkernel.2Fsecure.	86
0x21d807	FUNC	BufferDispatch_noobj_4in_1out...2Fhome.2Fmal.2Fgm_release.2FMY22.2D026.2Ffinal.2Fiot.2Frtos.2Flibs.2Fgm.2Di35.2Frel.2Fwork.2Flibkernel.2Flibkernel.2Fsecure.	47
0x21d836	FUNC	BufferDispatch_5in_wtime_0out...2Fhome.2Fmal.2Fgm_release.2FMY22.2D026.2Ffinal.2Fiot.2Frtos.2Flibs.2Fgm.2Di35.2Frel.2Fwork.2Flibkernel.2Flibkernel.2Fsecure.	17
0x21d847	FUNC	BufferDispatch_chkobj_5in_1inout...2Fhome.2Fmal.2Fgm_release.2FMY22.2D026.2Ffinal.2Fiot.2Frtos.2Flibs.2Fgm.2Di35.2Frel.2Fwork.2Flibkernel.2Flibkernel.2Fsecure.	111
0x21d8b6	FUNC	TranslateToPhysicalAddress	34
0x21d8e0	FUNC	InterruptVector	147
0x21d974	FUNC	AddTime	104
0x21d9dc	FUNC	BumpTime	45
0x21da09	FUNC	DecTime	54
0x21da3f	FUNC	SubTime	104
0x21daa7	FUNC	CompareTime	70
0x21daf0	FUNC	MemoryRegionObjectNumber	5
0x21daf5	FUNC	AddressSpaceObjectNumber	5
0x21dafa	FUNC	TaskObjectNumber	5
0x21daff	FUNC	ConnectionObjectNumber	5
0x21db04	FUNC	ActivityObjectNumber	5
0x21db09	FUNC	ClockObjectNumber	5
0x21db0e	FUNC	IODeviceObjectNumber	5
0x21db13	FUNC	LinkObjectNumber	5
0x21db18	FUNC	SemaphoreObjectNumber	5
0x21db20	FUNC	CheckSuccessHelper	15
0x21db20	FUNC	CheckSuccess	15
0x21db2f	FUNC	GetSaveError	18
0x21db41	FUNC	GetSavePC	19
0x21db54	FUNC	ComputeStackPointer	9
0x21db5d	FUNC	ComputeStackTLSPointer	15
0x21db6c	FUNC	__ghsLock	42
0x21db96	FUNC	__ghsUnlock	42
0x21dbc0	FUNC	lock_init...2Fhome.2Fmal.2Fgm_release.2FMY22.2D026.2Ffinal.2Fiot.2Frtos.2Flibs.2Fgm.2Di35.2Frel.2Fwork.2Flibkernel.2Flibkernel.2Fansic.	106
0x21dc2a	FUNC	GetThreadLocalStorage	5
0x21dc2f	FUNC	__get_eh_globals	15
0x21dc3e	FUNC	GetTaskINTEGRITYThreadLocalStorage	36
0x21dc62	FUNC	TaskInitCLibrary	57
0x21dc9b	FUNC	InitialTaskInitCLibrary	90
0x21dcf5	FUNC	AddressSpaceInitCLibrary	108
0x21dd64	FUNC	Yield	24
0x21dd7c	FUNC	Exit	30
0x21dda0	FUNC	memset	277
0x21dec0	FUNC	memcpy	257
0x21dfc4	FUNC	ASP_ImportBarrier	1
0x21dfc5	FUNC	ASP_ExportBarrier	1
0x21dfc6	FUNC	ASP_SpeculationBarrier	6
0x21dfcc	FUNC	ASP_AtomicModify	25
0x21dfe5	FUNC	ASP_TestAndSet	16
0x21dfe5	FUNC	ASP_TestAndSetN	16
0x21dff5	FUNC	ASP_MemoryBarrier	11
0x21e000	FUNC	ASP_SetCurrentTaskThreadLocalStorageBase	3
0x21e010	FUNC	ASP_GetCurrentTaskThreadLocalStorageBase	9
0x21e01c	FUNC	CurrentTask	15
0x21e02c	FUNC	bswap16	14
0x21e03a	FUNC	bswap32	38
0x21e060	FUNC	bswap64	138
0x21e0ec	FUNC	SetupTask	789
0x21e404	FUNC	InitHLMutex	35
0x21e427	FUNC	CreateHLMutex	92
0x21e483	FUNC	TryToObtainHLMutex	90
0x21e4dd	FUNC	InternalWaitForHLMutex...2Fhome.2Fmal.2Fgm_release.2FMY22.2D026.2Ffinal.2Fiot.2Frtos.2Flibs.2Fgm.2Di35.2Frel.2Fwork.2Flibkernel.2Flibkernel.2Fhlmutex.	68
0x21e521	FUNC	AsyncWaitForHLMutex	28
0x21e53d	FUNC	WaitForHLMutex	21
0x21e552	FUNC	ReleaseHLMutex	101
0x21e5b7	FUNC	GetHLMutexValue	78
0x21e605	FUNC	OwnsHLMutex	27
0x21e620	FUNC	CreateLinkAtIndex	272
0x21e730	FUNC	SynchronousSend	155
0x21e7cb	FUNC	TrySynchronousSend	158
0x21e86c	FUNC	SynchronousReceive	153
0x21e908	FUNC	CreateSemaphore	131
0x21e98c	FUNC	CreateHighestLockerSemaphoreWithOrder	141
0x21ea19	FUNC	CreateHighestLockerSemaphore	10
0x21ea24	FUNC	CreateVirtualClock	264
0x21eb2c	FUNC	GetObjectIndex	82
0x21eb80	FUNC	ObjectNumber	101
0x21ebe8	FUNC	SetTaskName	226
0x21eccc	FUNC	SetTaskExecutableFile	226
0x21edb0	FUNC	GetTaskExecutableFile	242
0x21eea4	FUNC	TryToObtainSemaphore	192
0x21ef64	FUNC	ReleaseSemaphore	192
0x21f024	FUNC	GetSemaphoreValue	200
0x21f0ec	FUNC	SplitMemoryRegion	236
0x21f1d8	FUNC	GetMemoryRegionAddresses	212
0x21f2ac	FUNC	Log2PageSize	200
0x21f374	FUNC	FillMemoryRegion	225
0x21f458	FUNC	StartClose	212
0x21f52c	FUNC	FinishClose	243
0x21f620	FUNC	PutPageOnAddressSpaceFreeList	327
0x21f768	FUNC	GetPageFromAddressSpaceFreeList	226
0x21f84c	FUNC	SetObjectCount	200
0x21f914	FUNC	RestartAddressSpace	211
0x21f9e8	FUNC	CreateTask	313
0x21fb24	FUNC	GetTaskStatus	220
0x21fc00	FUNC	GetTaskStatusChangeOverruns	200
0x21fcc8	FUNC	SetTaskStatusNotificationMask	200
0x21fd90	FUNC	GetTaskStatusNotificationMask	200
0x21fe58	FUNC	GetPriorityAndWeight	212
0x21ff2c	FUNC	SetPriorityAndWeight	220
0x220008	FUNC	GetActivePriority	200
0x2200d0	FUNC	GetMaximumPriorityAndWeight	212
0x2201a4	FUNC	SetMaximumPriorityAndWeight	289
0x2202c8	FUNC	RaiseCurrentTaskPriority	212
0x22039c	FUNC	LowerCurrentTaskPriority	212
0x220470	FUNC	SetTaskIdentification	200
0x220538	FUNC	GetTaskIdentification	200
0x220600	FUNC	SetTaskInterruptVector	200
0x2206c8	FUNC	GetTaskStackPointer	200
0x220790	FUNC	SetTaskStackPointer	200
0x220858	FUNC	GetTaskProgramCounter	200
0x220920	FUNC	SetTaskProgramCounter	200
0x2209e8	FUNC	GetTaskRegister	212
0x220abc	FUNC	SetTaskRegister	212
0x220b90	FUNC	GetTaskStackLimits	212
0x220c64	FUNC	SetTaskStackLimits	212
0x220d38	FUNC	RunTask	192
0x220df8	FUNC	YieldTask	192
0x220eb8	FUNC	HaltTask	192
0x220f78	FUNC	ExitTask	200
0x221040	FUNC	CreateActivity	309
0x221178	FUNC	AsynchronousReceive	212
0x22124c	FUNC	AsynchronousSend	212
0x221320	FUNC	GetActivityStatus	192
0x2213e0	FUNC	ResetActivityAndReturnStatus	230
0x2214c6	FUNC	ResetActivity	7
0x2214d0	FUNC	ContinueActivity	192
0x221590	FUNC	GetCurrentActivity	226
0x221674	FUNC	SetClockTime	200
0x22173c	FUNC	GetClockTime	200
0x221804	FUNC	SetClockAlarm	220
0x2218e0	FUNC	GetClockAlarm	250
0x2219dc	FUNC	GetClockPermissions	200
0x221aa4	FUNC	GetClockResolution	200
0x221b6c	FUNC	GetClockAlarmOverruns	200
0x221c34	FUNC	GetClockName	212
0x221d08	FUNC	GetIODeviceOverruns	200
0x221dd0	FUNC	ReadSubBlockFromIODevice	376
0x221f48	FUNC	WriteSubBlockToIODevice	376
0x2220c0	FUNC	ReadIODeviceRegister	212
0x222194	FUNC	ReadIODeviceStatus	220
0x222270	FUNC	WriteIODeviceRegister	212
0x222344	FUNC	WriteIODeviceStatus	220
0x222420	FUNC	CreateVirtualAddressSpace	281
0x22253c	FUNC	SetMemoryRegionAttributes	200
0x222604	FUNC	MapMemoryRegion	269
0x222714	FUNC	GetAddressSpaceUniqueId	200
0x2227dc	FUNC	FillTask	225
0x2228c0	FUNC	TryToClearSemaphore	200
0x222988	FUNC	MevControl	212
0x222a5c	FUNC	GetTaskTimer	212
0x222b30	FUNC	SetTaskTimer	220
0x222c0c	FUNC	TaskCheckForActivity...2Fhome.2Fmal.2Fgm_release.2FMY22.2D026.2Ffinal.2Fiot.2Frtos.2Flibs.2Fgm.2Di35.2Frel.2Fwork.2Flibkernel.2Flibkernel.2Fdirwaitact.	149
0x222ca1	FUNC	CheckForActivityAndReturnStatus	13
0x222cae	FUNC	CheckForActivity	12
0x222cba	FUNC	WaitForActivityAndReturnStatus	16
0x222cca	FUNC	WaitForActivity	15
0x222cdc	FUNC	GetPhysicalAddress	262
0x222de4	FUNC	RestoreLink	220
0x222ec0	FUNC	CreateVirtualClockAtIndex	362
0x22302c	FUNC	CreateSemaphoreAtIndex	246
0x223124	FUNC	CreateHighestLockerSemaphoreWithOrderAtIndex	263
0x22322c	FUNC	CreateActivityAtIndex	403
0x2233c0	FUNC	CreateConnectionWithFlagsAtIndex	393
0x22354c	FUNC	RestoreConnectionAtIndex	340
0x2236a0	FUNC	CreateTaskAtIndex	338
0x2237f4	FUNC	RestartComplete	70
0x22383c	FUNC	GetTaskCoreAffinity	200
0x223904	FUNC	SetTaskCoreAffinity	212
0x2239d8	FUNC	GetASProcessorAffinity	200
0x223aa0	FUNC	GetTaskCurrentCore	200
0x223b68	FUNC	ClearObjectMessageOverruns	153
0x223c04	FUNC	ExitTasksInAddressSpace	192
0x223cc4	FUNC	GetTaskLockPriority	200
0x223d8c	FUNC	SetTaskLockPriority	200
0x223e54	FUNC	MutexWaitForSemaphore	246
0x223f4c	FUNC	MutexReleaseSemaphore	200
0x224014	FUNC	RunVmAndWaitForActivity	236
0x224100	FUNC	__ghs_init_mem	705
0x2243c1	FUNC	FindBAndECopyPointers	74
0x22440b	FUNC	CopyAddressSpaceSectionsFromRom	285
0x224528	FUNC	GHS_Initialize	34
0x22454c	FUNC	CalculateCRC32	71
0x224593	FUNC	__cksumsects	353
0x224700	FUNC	__ghs_dodotsyscall	49
0x224734	FUNC	__gh_errno_ptr	14
0x224742	FUNC	__gh_set_errno	18
0x224754	FUNC	__gh_get_errno	20
0x224768	FUNC	__ghs_syscall	26
0x224784	FUNC	internal_sbrk...2Fhome.2Fmal.2Fgm_release.2FMY22.2D026.2Ffinal.2Fiot.2Frtos.2Flibs.2Fgm.2Di35.2Frel.2Fwork.2Flibkernel.2Flibkernel.2Find_heap.	75
0x2247cf	FUNC	sbrk	30
0x2247ed	FUNC	__ghs_alloc	82
0x22483f	FUNC	__ghs_calloc	30
0x224860	FUNC	BSP_NumVects	6
0x224866	FUNC	RTOS_TargetName	8
0x22486e	FUNC	X86_Hook_GetTSCFrequency	79
0x2248bd	FUNC	CreateLocalEntry...2Fhome.2Fmal.2Fgm_release.2FMY22.2D026.2Ffinal.2Fiot.2Frtos.2Flibs.2Fgm.2Di35.2Frel.2Fwork.2Fintel.2Dgr.	23
0x2248d4	FUNC	AddLocalMapping...2Fhome.2Fmal.2Fgm_release.2FMY22.2D026.2Ffinal.2Fiot.2Frtos.2Flibs.2Fgm.2Di35.2Frel.2Fwork.2Fintel.2Dgr.	478
0x224ab2	FUNC	BSP_AddPhysicalMemoryRange...2Fhome.2Fmal.2Fgm_release.2FMY22.2D026.2Ffinal.2Fiot.2Frtos.2Flibs.2Fgm.2Di35.2Frel.2Fwork.2Fintel.2Dgr.	292
0x224bd6	FUNC	ProcessMultibootBootModules...2Fhome.2Fmal.2Fgm_release.2FMY22.2D026.2Ffinal.2Fiot.2Frtos.2Flibs.2Fgm.2Di35.2Frel.2Fwork.2Fintel.2Dgr.	364
0x224d42	FUNC	ProcessMultibootMemoryTable...2Fhome.2Fmal.2Fgm_release.2FMY22.2D026.2Ffinal.2Fiot.2Frtos.2Flibs.2Fgm.2Di35.2Frel.2Fwork.2Fintel.2Dgr.	480
0x224f22	FUNC	BSP_GetMemoryMap	592
0x225172	FUNC	BSP_PciIrqLineToVector	11
0x22517d	FUNC	MapPCIInterrupt...2Fhome.2Fmal.2Fgm_release.2FMY22.2D026.2Ffinal.2Fiot.2Frtos.2Flibs.2Fgm.2Di35.2Frel.2Fwork.2Fintel.2Dgr.	57
0x2251b6	FUNC	PciInit...2Fhome.2Fmal.2Fgm_release.2FMY22.2D026.2Ffinal.2Fiot.2Frtos.2Flibs.2Fgm.2Di35.2Frel.2Fwork.2Fintel.2Dgr.	289
0x2252d7	FUNC	PciFunction_GetTranslationWindows	42
0x225301	FUNC	hex_to_bin...2Fhome.2Fmal.2Fgm_release.2FMY22.2D026.2Ffinal.2Fiot.2Frtos.2Flibs.2Fgm.2Di35.2Frel.2Fwork.2Fintel.2Dgr.	66
0x225343	FUNC	HandleOemKeyManifestArgument...2Fhome.2Fmal.2Fgm_release.2FMY22.2D026.2Ffinal.2Fiot.2Frtos.2Flibs.2Fgm.2Di35.2Frel.2Fwork.2Fintel.2Dgr.	272
0x225453	FUNC	BadChecksum...2Fhome.2Fmal.2Fgm_release.2FMY22.2D026.2Ffinal.2Fiot.2Frtos.2Flibs.2Fgm.2Di35.2Frel.2Fwork.2Fintel.2Dgr.	27
0x22546e	FUNC	FindAndMapFACSTable...2Fhome.2Fmal.2Fgm_release.2FMY22.2D026.2Ffinal.2Fiot.2Frtos.2Flibs.2Fgm.2Di35.2Frel.2Fwork.2Fintel.2Dgr.	405
0x225603	FUNC	SetWakeupVectorInFACS...2Fhome.2Fmal.2Fgm_release.2FMY22.2D026.2Ffinal.2Fiot.2Frtos.2Flibs.2Fgm.2Di35.2Frel.2Fwork.2Fintel.2Dgr.	25
0x22561c	FUNC	BSP_InitializeOnBootCpu	457
0x2257e5	FUNC	BSP_InitializeConcurrentlyOnAllCpus	32
0x225805	FUNC	BSP_Initialize	73
0x22584e	FUNC	BSP_TurnOnErrorIndicator	1
0x22584f	FUNC	BSP_TurnOffErrorIndicator	1
0x225850	FUNC	BSP_ReadPciMmcfg	72
0x225898	FUNC	BSP_WritePciMmcfg	69
0x2258e0	FUNC	ConsoleCreateIODevice...2Fhome.2Fmal.2Fgm_release.2FMY22.2D026.2Ffinal.2Fiot.2Frtos.2Flibs.2Fgm.2Di35.2Frel.2Fwork.2Fconsole_logging.	3
0x2258e3	FUNC	ConsoleReadStatus...2Fhome.2Fmal.2Fgm_release.2FMY22.2D026.2Ffinal.2Fiot.2Frtos.2Flibs.2Fgm.2Di35.2Frel.2Fwork.2Fconsole_logging.	171
0x22598e	FUNC	_strnlen...2Fhome.2Fmal.2Fgm_release.2FMY22.2D026.2Ffinal.2Fiot.2Frtos.2Flibs.2Fgm.2Di35.2Frel.2Fwork.2Fconsole_logging.	31
0x2259ad	FUNC	_logchar...2Fhome.2Fmal.2Fgm_release.2FMY22.2D026.2Ffinal.2Fiot.2Frtos.2Flibs.2Fgm.2Di35.2Frel.2Fwork.2Fconsole_logging.	62
0x2259eb	FUNC	_logstring...2Fhome.2Fmal.2Fgm_release.2FMY22.2D026.2Ffinal.2Fiot.2Frtos.2Flibs.2Fgm.2Di35.2Frel.2Fwork.2Fconsole_logging.	47
0x225a1a	FUNC	logstring...2Fhome.2Fmal.2Fgm_release.2FMY22.2D026.2Ffinal.2Fiot.2Frtos.2Flibs.2Fgm.2Di35.2Frel.2Fwork.2Fconsole_logging.	97
0x225a7b	FUNC	consolestring	5
0x225a80	FUNC	ConsoleWriteStatus...2Fhome.2Fmal.2Fgm_release.2FMY22.2D026.2Ffinal.2Fiot.2Frtos.2Flibs.2Fgm.2Di35.2Frel.2Fwork.2Fconsole_logging.	81
0x225ad1	FUNC	InitializeConsoleIODevice...2Fhome.2Fmal.2Fgm_release.2FMY22.2D026.2Ffinal.2Fiot.2Frtos.2Flibs.2Fgm.2Di35.2Frel.2Fwork.2Fconsole_logging.	51
0x225b04	FUNC	_log_endline...2Fhome.2Fmal.2Fgm_release.2FMY22.2D026.2Ffinal.2Fiot.2Frtos.2Flibs.2Fgm.2Di35.2Frel.2Fwork.2Fconsole_logging.	113
0x225b75	FUNC	log_Puts...2Fhome.2Fmal.2Fgm_release.2FMY22.2D026.2Ffinal.2Fiot.2Frtos.2Flibs.2Fgm.2Di35.2Frel.2Fwork.2Fconsole_logging.	110
0x225be3	FUNC	OutputBootBannerStart...2Fhome.2Fmal.2Fgm_release.2FMY22.2D026.2Ffinal.2Fiot.2Frtos.2Flibs.2Fgm.2Di35.2Frel.2Fwork.2Fconsole_logging.	33
0x225c04	FUNC	HostConsoleOutput...2Fhome.2Fmal.2Fgm_release.2FMY22.2D026.2Ffinal.2Fiot.2Frtos.2Flibs.2Fgm.2Di35.2Frel.2Fwork.2Fconsole_logging.	97
0x225c65	FUNC	ConsoleTickHandler...2Fhome.2Fmal.2Fgm_release.2FMY22.2D026.2Ffinal.2Fiot.2Frtos.2Flibs.2Fgm.2Di35.2Frel.2Fwork.2Fconsole_logging.	143
0x225cf4	FUNC	BSP_InitializeConsoleOutput	137
0x225d7d	FUNC	BSP_FlushConsoleOutput	203
0x225e48	FUNC	_fmtdec...2Fhome.2Fmal.2Fgm_release.2FMY22.2D026.2Ffinal.2Fiot.2Frtos.2Flibs.2Fgm.2Di35.2Frel.2Fwork.2Fconsole_logging.	95
0x225ea7	FUNC	_logdec...2Fhome.2Fmal.2Fgm_release.2FMY22.2D026.2Ffinal.2Fiot.2Frtos.2Flibs.2Fgm.2Di35.2Frel.2Fwork.2Fconsole_logging.	65
0x225ee8	FUNC	_loghex...2Fhome.2Fmal.2Fgm_release.2FMY22.2D026.2Ffinal.2Fiot.2Frtos.2Flibs.2Fgm.2Di35.2Frel.2Fwork.2Fconsole_logging.	96
0x225f48	FUNC	logval...2Fhome.2Fmal.2Fgm_release.2FMY22.2D026.2Ffinal.2Fiot.2Frtos.2Flibs.2Fgm.2Di35.2Frel.2Fwork.2Fconsole_logging.	169
0x225ff1	FUNC	_declen...2Fhome.2Fmal.2Fgm_release.2FMY22.2D026.2Ffinal.2Fiot.2Frtos.2Flibs.2Fgm.2Di35.2Frel.2Fwork.2Fconsole_logging.	53
0x226026	FUNC	logintval...2Fhome.2Fmal.2Fgm_release.2FMY22.2D026.2Ffinal.2Fiot.2Frtos.2Flibs.2Fgm.2Di35.2Frel.2Fwork.2Fconsole_logging.	191
0x2260e5	FUNC	log_PutVal...2Fhome.2Fmal.2Fgm_release.2FMY22.2D026.2Ffinal.2Fiot.2Frtos.2Flibs.2Fgm.2Di35.2Frel.2Fwork.2Fconsole_logging.	94
0x226143	FUNC	consoleval	5
0x226148	FUNC	consoleintval	5
0x22614d	FUNC	console_Puts	5
0x226152	FUNC	BSP_OutputConsoleString	5
0x226157	FUNC	BSP_OutputConsoleValue	5
0x22615c	FUNC	BSP_WriteToConsole	229
0x22628c	FUNC	log_mem_size...2Fhome.2Fmal.2Fgm_release.2FMY22.2D026.2Ffinal.2Fiot.2Frtos.2Flibs.2Fgm.2Di35.2Frel.2Fwork.2Fconsole_logging.	225
0x22636d	FUNC	BSP_OutputBootBannerEnd	205
0x22643b	FUNC	RingBuffer_Reserve	174
0x2264e9	FUNC	RingBuffer_ReleaseReservation	111
0x226558	FUNC	RingBuffer_Append	144
0x2265e8	FUNC	RingBuffer_ReserveAppendRelease	205
0x2266b5	FUNC	RingBuffer_GetBuffer	124
0x226731	FUNC	RingBuffer_BytesConsumed	17
0x226742	FUNC	RingBuffer_CopyAndConsume	166
0x2267e8	FUNC	RingBuffer_NumBytesReady	18
0x2267fa	FUNC	RingBuffer_NumBytesFree	32
0x22681a	FUNC	RingBuffer_Init	56
0x226853	FUNC	GetBuffer...2Fhome.2Fmal.2Fgm_release.2FMY22.2D026.2Ffinal.2Fiot.2Frtos.2Flibs.2Fgm.2Di35.2Frel.2Fwork.2Fio_copy.	433
0x226a04	FUNC	IOCopyStart	136
0x226a8c	FUNC	SyncBuffer...2Fhome.2Fmal.2Fgm_release.2FMY22.2D026.2Ffinal.2Fiot.2Frtos.2Flibs.2Fgm.2Di35.2Frel.2Fwork.2Fio_copy.	23
0x226aa3	FUNC	IOCopyNext	531
0x226cb6	FUNC	IOCopyNextItem	760
0x226fae	FUNC	IOCopyFinish	25
0x226fc7	FUNC	IORing_Init	178
0x227079	FUNC	IORing_PrepForCopy...2Fhome.2Fmal.2Fgm_release.2FMY22.2D026.2Ffinal.2Fiot.2Frtos.2Flibs.2Fgm.2Di35.2Frel.2Fwork.2Fio_ring.	207
0x227148	FUNC	IORing_ElementsRead	31
0x227167	FUNC	IORing_ElementsWritten	31
0x227186	FUNC	IORing_CopyNextItem	106
0x2271f0	FUNC	IORing_CopyItems	134
0x227276	FUNC	IORing_GetImmediateData	15
0x227285	FUNC	IORing_NumWriteable	19
0x227298	FUNC	IORing_WriteElements	150
0x22732e	FUNC	IORing_GetWritePointer	86
0x227384	FUNC	IORing_GetWritePointerAndIndex	86
0x2273da	FUNC	IORing_NumReadable	9
0x2273e3	FUNC	IORing_ReadElements	156
0x22747f	FUNC	IORing_GetReadPointer	86
0x2274d5	FUNC	IORing_GetReadPointerAndIndex	86
0x22752b	FUNC	IORing_IteratorStart	11
0x227536	FUNC	IORing_IteratorNext	70
0x22757d	FUNC	SuperUART_IODName...2Fhome.2Fmal.2Fgm_release.2FMY22.2D026.2Ffinal.2Fiot.2Frtos.2Flibs.2Fgm.2Di35.2Frel.2Fwork.2Fkuart.	22
0x227593	FUNC	SuperUART_SafeNotifyCallback...2Fhome.2Fmal.2Fgm_release.2FMY22.2D026.2Ffinal.2Fiot.2Frtos.2Flibs.2Fgm.2Di35.2Frel.2Fwork.2Fkuart.	18
0x2275a5	FUNC	SuperUART_Initialize...2Fhome.2Fmal.2Fgm_release.2FMY22.2D026.2Ffinal.2Fiot.2Frtos.2Flibs.2Fgm.2Di35.2Frel.2Fwork.2Fkuart.	257
0x2276a6	FUNC	SuperUART_InitializationComplete...2Fhome.2Fmal.2Fgm_release.2FMY22.2D026.2Ffinal.2Fiot.2Frtos.2Flibs.2Fgm.2Di35.2Frel.2Fwork.2Fkuart.	17
0x2276b7	FUNC	SuperVirtUART_IODName...2Fhome.2Fmal.2Fgm_release.2FMY22.2D026.2Ffinal.2Fiot.2Frtos.2Flibs.2Fgm.2Di35.2Frel.2Fwork.2Fkuart.	21
0x2276cc	FUNC	SuperVirtUART_Initialize...2Fhome.2Fmal.2Fgm_release.2FMY22.2D026.2Ffinal.2Fiot.2Frtos.2Flibs.2Fgm.2Di35.2Frel.2Fwork.2Fkuart.	190
0x22778a	FUNC	UARTDriver_BytesReceived	73
0x2277d3	FUNC	UARTDriver_GetTransmitBuffer	23
0x2277ea	FUNC	UARTDriver_BytesTransmitted	39
0x227811	FUNC	UARTDriver_GetDmaReceiveBuffer	30
0x22782f	FUNC	UARTDriver_DmaBytesReceived	46
0x22785d	FUNC	KUART_CommonTransmitBytes...2Fhome.2Fmal.2Fgm_release.2FMY22.2D026.2Ffinal.2Fiot.2Frtos.2Flibs.2Fgm.2Di35.2Frel.2Fwork.2Fkuart.	59
0x227898	FUNC	SuperUART_ReadRegister...2Fhome.2Fmal.2Fgm_release.2FMY22.2D026.2Ffinal.2Fiot.2Frtos.2Flibs.2Fgm.2Di35.2Frel.2Fwork.2Fkuart.	300
0x2279c4	FUNC	GetUARTDeviceByDevno...2Fhome.2Fmal.2Fgm_release.2FMY22.2D026.2Ffinal.2Fiot.2Frtos.2Flibs.2Fgm.2Di35.2Frel.2Fwork.2Fkuart.	89
0x227a1d	FUNC	KUART_SetSpecialDevnoBinding	195
0x227ae0	FUNC	SuperUART_WriteRegister...2Fhome.2Fmal.2Fgm_release.2FMY22.2D026.2Ffinal.2Fiot.2Frtos.2Flibs.2Fgm.2Di35.2Frel.2Fwork.2Fkuart.	304
0x227c10	FUNC	SuperUART_Notification...2Fhome.2Fmal.2Fgm_release.2FMY22.2D026.2Ffinal.2Fiot.2Frtos.2Flibs.2Fgm.2Di35.2Frel.2Fwork.2Fkuart.	169
0x227cb9	FUNC	SuperUART_WriteStatus...2Fhome.2Fmal.2Fgm_release.2FMY22.2D026.2Ffinal.2Fiot.2Frtos.2Flibs.2Fgm.2Di35.2Frel.2Fwork.2Fkuart.	403
0x227e4c	FUNC	SuperUART_ReadStatus...2Fhome.2Fmal.2Fgm_release.2FMY22.2D026.2Ffinal.2Fiot.2Frtos.2Flibs.2Fgm.2Di35.2Frel.2Fwork.2Fkuart.	101
0x227eb1	FUNC	KUART_PanicDrainTxBuffer	49
0x227ee2	FUNC	KUART_SpecialDevnoIsBound	18
0x227ef4	FUNC	KUART_TransmitBytes	49
0x227f25	FUNC	InsertField	57
0x227f5e	FUNC	ExtractField_Slow	33
0x227f7f	FUNC	InsertField64	57
0x227fb8	FUNC	ExtractField64_Slow	33
0x227fd9	FUNC	IOBus_Read	253
0x2280d6	FUNC	IOBus_Read64	13
0x2280e3	FUNC	IOBus_Write	250
0x2281dd	FUNC	IOBus_Write64	11
0x2281e9	FUNC	IOReg_TryRead	16
0x2281f9	FUNC	IOReg_TryWrite	16
0x228209	FUNC	IOReg_Read	38
0x22822f	FUNC	IOReg_Write	16
0x22823f	FUNC	IOStatus_TryRead	16
0x22824f	FUNC	IOStatus_TryWrite	16
0x22825f	FUNC	IOStatus_Read	16
0x22826f	FUNC	IOStatus_Write	16
0x22827f	FUNC	IOReg_GetField	22
0x228295	FUNC	IOReg_SetField	62
0x2282d3	FUNC	IOReg_SetBits	42
0x2282fd	FUNC	IOReg_ClearBits	45
0x22832a	FUNC	IOReg_TestBits	20
0x22833e	FUNC	IOReg_ClearAndSetBits	57
0x228377	FUNC	AssertKernelIsStillInitializing...2Fhome.2Fmal.2Fgm_release.2FMY22.2D026.2Ffinal.2Fiot.2Frtos.2Flibs.2Fgm.2Di35.2Frel.2Fwork.2Fio_access.	1
0x228378	FUNC	WaitForBits...2Fhome.2Fmal.2Fgm_release.2FMY22.2D026.2Ffinal.2Fiot.2Frtos.2Flibs.2Fgm.2Di35.2Frel.2Fwork.2Fio_access.	185
0x228431	FUNC	IOReg_TryWaitForBits	62
0x22846f	FUNC	WaitFailed...2Fhome.2Fmal.2Fgm_release.2FMY22.2D026.2Ffinal.2Fiot.2Frtos.2Flibs.2Fgm.2Di35.2Frel.2Fwork.2Fio_access.	108
0x2284db	FUNC	IOReg_WaitForBits	71
0x228522	FUNC	IOReg_TryAccumulatingWaitForBits	57
0x22855b	FUNC	IOReg_AccumulatingWaitForBits	77
0x2285a8	FUNC	IOReg_SpecialRead	38
0x2285ce	FUNC	IOReg_SpecialWrite	16
0x2285de	FUNC	IOAccessor_CheckAndGetRegister	230
0x2286c4	FUNC	IOAccessor_RequestInterrupt...2Fhome.2Fmal.2Fgm_release.2FMY22.2D026.2Ffinal.2Fiot.2Frtos.2Flibs.2Fgm.2Di35.2Frel.2Fwork.2Fio_acl.	117
0x228739	FUNC	IOAccessor_AccessTableRegister...2Fhome.2Fmal.2Fgm_release.2FMY22.2D026.2Ffinal.2Fiot.2Frtos.2Flibs.2Fgm.2Di35.2Frel.2Fwork.2Fio_acl.	430
0x2288e7	FUNC	IOAccessor_ReadRegister	274
0x2289f9	FUNC	IOAccessor_EnableInterruptVectors	116
0x228a6d	FUNC	IOAccessor_DisableInterruptVectors	83
0x228ac0	FUNC	IOAccessor_HasIpiPending...2Fhome.2Fmal.2Fgm_release.2FMY22.2D026.2Ffinal.2Fiot.2Frtos.2Flibs.2Fgm.2Di35.2Frel.2Fwork.2Fio_acl.	55
0x228af7	FUNC	IOAccessor_WriteRegister	814
0x228e25	FUNC	IOAccessor_ReadStatus	203
0x228ef0	FUNC	IOAccessor_WriteStatus	101
0x228f55	FUNC	IOAccessor_IPIHandler	202
0x22901f	FUNC	IOAccessor_ExceptionHandler	46
0x22904d	FUNC	IOAccessor_ChainedExceptionHandler	37
0x229072	FUNC	IOAccessor_SpuriousChainedExceptionHandler	3
0x229075	FUNC	IOAccessor_IsKernelId	10
0x22907f	FUNC	IOAccessor_SetClassPrivatePtr	12
0x22908b	FUNC	IOAccessor_GetClassPrivatePtr	12
0x229097	FUNC	IOAccessor_SetSuperPrivatePtr	12
0x2290a3	FUNC	IOAccessor_GetSuperPrivatePtr	12
0x2290af	FUNC	IOAccessor_GetName	11
0x2290ba	FUNC	IOAccessor_GetMode	12
0x2290c6	FUNC	IOAccessor_GetRegion	52
0x2290fa	FUNC	BSP_GetIODeviceRegionInfo	84
0x22914e	FUNC	IOAccessor_SetRegionAddress	53
0x229183	FUNC	IOAccessor_NotifyIODevice	19
0x229196	FUNC	FindWindow...2Fhome.2Fmal.2Fgm_release.2FMY22.2D026.2Ffinal.2Fiot.2Frtos.2Flibs.2Fgm.2Di35.2Frel.2Fwork.2Fio_acl.	59
0x2291d1	FUNC	IOAccessor_TranslatePhysicalToDevRelative	139
0x22925c	FUNC	IOAccessor_GetDevRelativeAddress	18
0x22926e	FUNC	IOAccessor_DmaAccessPermitted	44
0x22929a	FUNC	IOAccessor_IODevCreate	3
0x22929d	FUNC	IOAccessor_IODevReadRegister	12
0x2292a9	FUNC	IOAccessor_IODevWriteRegister	12
0x2292b5	FUNC	IOAccessor_IODevReadStatus	12
0x2292c1	FUNC	IOAccessor_IODevWriteStatus	12
0x2292cd	FUNC	IOAccessor_IODevClearTranslationWindows	22
0x2292e3	FUNC	IOAccessor_IODevAddTranslationWindow	76
0x22932f	FUNC	IOAccessor_IODevAddPermissionWindow	76
0x22937b	FUNC	BSP_AddPermissionWindowForIODevice	5
0x229382	FUNC	ValidateDeviceClass...2Fhome.2Fmal.2Fgm_release.2FMY22.2D026.2Ffinal.2Fiot.2Frtos.2Flibs.2Fgm.2Di35.2Frel.2Fwork.2Fio_acl_init.	582
0x2295c8	FUNC	ValidateRegister...2Fhome.2Fmal.2Fgm_release.2FMY22.2D026.2Ffinal.2Fiot.2Frtos.2Flibs.2Fgm.2Di35.2Frel.2Fwork.2Fio_acl_init.	648
0x229850	FUNC	IOAccessor_InternalInit...2Fhome.2Fmal.2Fgm_release.2FMY22.2D026.2Ffinal.2Fiot.2Frtos.2Flibs.2Fgm.2Di35.2Frel.2Fwork.2Fio_acl_init.	1740
0x229f1c	FUNC	IOAccessor_InitFromList	431
0x22a0cb	FUNC	IOAccessor_GetAccessor	133
0x22a150	FUNC	IOAccessor_PciInitResourcesHelper...2Fhome.2Fmal.2Fgm_release.2FMY22.2D026.2Ffinal.2Fiot.2Frtos.2Flibs.2Fgm.2Di35.2Frel.2Fwork.2Fio_acl_init.	755
0x22a443	FUNC	IOAccessor_PciInitResources	7
0x22a44a	FUNC	IOAccessor_PciInitResourcesPassthru	10
0x22a454	FUNC	IOAccessor_SetVectorTypeDedicated	67
0x22a499	FUNC	ChainedExceptionHandler...2Fhome.2Fmal.2Fgm_release.2FMY22.2D026.2Ffinal.2Fiot.2Frtos.2Flibs.2Fgm.2Di35.2Frel.2Fwork.2Finterrupt.	110
0x22a507	FUNC	SetChainedExceptionPriority	30
0x22a525	FUNC	InsertHandler...2Fhome.2Fmal.2Fgm_release.2FMY22.2D026.2Ffinal.2Fiot.2Frtos.2Flibs.2Fgm.2Di35.2Frel.2Fwork.2Finterrupt.	132
0x22a5a9	FUNC	SetChainedExceptionHandler	130
0x22a62b	FUNC	DeleteHandler...2Fhome.2Fmal.2Fgm_release.2FMY22.2D026.2Ffinal.2Fiot.2Frtos.2Flibs.2Fgm.2Di35.2Frel.2Fwork.2Finterrupt.	172
0x22a6d7	FUNC	SetChainedHandlerPriority	60
0x22a713	FUNC	GetBootTableBounds	69
0x22a758	FUNC	GetBootTableBoundsFirst	29
0x22a775	FUNC	GetBootTableBoundsNext	73
0x22a7be	FUNC	GetBootTableBoundsFromCookie	96
0x22a821	FUNC	ShrinkBootTableSegment	256
0x22a922	FUNC	BSP_MemoryTableSetup	245
0x22aa18	FUNC	GetSectionNameStartPtr...2Fhome.2Fmal.2Fgm_release.2FMY22.2D026.2Ffinal.2Fiot.2Frtos.2Flibs.2Fgm.2Di35.2Frel.2Fwork.2Flinkermemreg.	67
0x22aa5b	FUNC	GetSectionName...2Fhome.2Fmal.2Fgm_release.2FMY22.2D026.2Ffinal.2Fiot.2Frtos.2Flibs.2Fgm.2Di35.2Frel.2Fwork.2Flinkermemreg.	15
0x22aa6a	FUNC	GetAttributes...2Fhome.2Fmal.2Fgm_release.2FMY22.2D026.2Ffinal.2Fiot.2Frtos.2Flibs.2Fgm.2Di35.2Frel.2Fwork.2Flinkermemreg.	176
0x22ab1a	FUNC	SectionFilter...2Fhome.2Fmal.2Fgm_release.2FMY22.2D026.2Ffinal.2Fiot.2Frtos.2Flibs.2Fgm.2Di35.2Frel.2Fwork.2Flinkermemreg.	43
0x22ab45	FUNC	CreateMMEntry...2Fhome.2Fmal.2Fgm_release.2FMY22.2D026.2Ffinal.2Fiot.2Frtos.2Flibs.2Fgm.2Di35.2Frel.2Fwork.2Flinkermemreg.	68
0x22ab89	FUNC	BSP_MergeSecInfoAndMemoryMap	530
0x22ad9e	FUNC	BSP_NumCpus	11
0x22ada9	FUNC	EnableVectorForCpu	5
0x22adae	FUNC	BSP_PhysicalSafeRead	5
0x22adb3	FUNC	BSP_PhysicalSafeWrite	5
0x22adb8	FUNC	BSP_PhysicalFill	5
0x22adbd	FUNC	inb	8
0x22adc5	FUNC	outb	8
0x22adcd	FUNC	inw	9
0x22add6	FUNC	outw	9
0x22addf	FUNC	inl	5
0x22ade4	FUNC	outl	8
0x22adec	FUNC	BSP_GetTickTimerFrequency	50
0x22ae1e	FUNC	CalibrateTSCAgainstPIT	145
0x22aeaf	FUNC	TimerExceptionHandler...2Fhome.2Fmal.2Fgm_release.2FMY22.2D026.2Ffinal.2Fiot.2Frtos.2Flibs.2Fgm.2Di35.2Frel.2Fwork.2Fx86_common.	10
0x22aeb9	FUNC	BSP_GetTimeStampFrequency	11
0x22aec4	FUNC	BSP_GetTimestamp	51
0x22aef7	FUNC	BSP_GetTimestamp64	10
0x22af01	FUNC	usDelay	41
0x22af2a	FUNC	Div64_64_64f...2Fhome.2Fmal.2Fgm_release.2FMY22.2D026.2Ffinal.2Fiot.2Frtos.2Flibs.2Fgm.2Di35.2Frel.2Fwork.2Fx86_common.	56
0x22af62	FUNC	BSP_DecrementerInterruptInterval	91
0x22afbd	FUNC	BSP_CalibrateTimer	123
0x22b038	FUNC	X86_Timer_ConcurrentInit	76
0x22b084	FUNC	X86_PerfMon_ConcurrentInit	52
0x22b0b8	FUNC	DetermineProcessorTopology...2Fhome.2Fmal.2Fgm_release.2FMY22.2D026.2Ffinal.2Fiot.2Frtos.2Flibs.2Fgm.2Di35.2Frel.2Fwork.2Fx86_common.	197
0x22b17d	FUNC	SetupIoapic...2Fhome.2Fmal.2Fgm_release.2FMY22.2D026.2Ffinal.2Fiot.2Frtos.2Flibs.2Fgm.2Di35.2Frel.2Fwork.2Fx86_common.	78
0x22b1cb	FUNC	BSP_BootSecondaryCpus	790
0x22b4e1	FUNC	BSP_InterruptCpu	25
0x22b4fa	FUNC	BSP_DebugIPIVector	12
0x22b506	FUNC	BSP_DeviceIPIVector	13
0x22b513	FUNC	BSP_VmxIPIVector	13
0x22b520	FUNC	BSP_VmxUnpendIPIVector	13
0x22b52d	FUNC	X86_SuspendIpiVector	13
0x22b53a	FUNC	X86_DvfsIpiVector	13
0x22b547	FUNC	X86_Cpu2APIC	12
0x22b556	FUNC	CseSeed_Init	19
0x22b569	FUNC	hex_to_bin...2Fhome.2Fmal.2Fgm_release.2FMY22.2D026.2Ffinal.2Fiot.2Frtos.2Flibs.2Fgm.2Di35.2Frel.2Fwork.2Fcseseed_iodevice.	66
0x22b5ab	FUNC	ParseAddress...2Fhome.2Fmal.2Fgm_release.2FMY22.2D026.2Ffinal.2Fiot.2Frtos.2Flibs.2Fgm.2Di35.2Frel.2Fwork.2Fcseseed_iodevice.	87
0x22b602	FUNC	HandleAblSeedArgument...2Fhome.2Fmal.2Fgm_release.2FMY22.2D026.2Ffinal.2Fiot.2Frtos.2Flibs.2Fgm.2Di35.2Frel.2Fwork.2Fcseseed_iodevice.	352
0x22b762	FUNC	HandleAblSeedListArgument...2Fhome.2Fmal.2Fgm_release.2FMY22.2D026.2Ffinal.2Fiot.2Frtos.2Flibs.2Fgm.2Di35.2Frel.2Fwork.2Fcseseed_iodevice.	407
0x22b8f9	FUNC	HandleDevSecInfoArgument...2Fhome.2Fmal.2Fgm_release.2FMY22.2D026.2Ffinal.2Fiot.2Frtos.2Flibs.2Fgm.2Di35.2Frel.2Fwork.2Fcseseed_iodevice.	276
0x22ba0d	FUNC	CseSeed_CreateIODevice...2Fhome.2Fmal.2Fgm_release.2FMY22.2D026.2Ffinal.2Fiot.2Frtos.2Flibs.2Fgm.2Di35.2Frel.2Fwork.2Fcseseed_iodevice.	3
0x22ba10	FUNC	CseSeed_ReadStatus...2Fhome.2Fmal.2Fgm_release.2FMY22.2D026.2Ffinal.2Fiot.2Frtos.2Flibs.2Fgm.2Di35.2Frel.2Fwork.2Fcseseed_iodevice.	214
0x22bae6	FUNC	AplAcpiSleep_Init	19
0x22baf9	FUNC	AplAcpiSleep_Finish...2Fhome.2Fmal.2Fgm_release.2FMY22.2D026.2Ffinal.2Fiot.2Frtos.2Flibs.2Fgm.2Di35.2Frel.2Fwork.2Fapl_acpi_sleep_iodevice.	27
0x22bb14	FUNC	AplAcpiSleep_Callback...2Fhome.2Fmal.2Fgm_release.2FMY22.2D026.2Ffinal.2Fiot.2Frtos.2Flibs.2Fgm.2Di35.2Frel.2Fwork.2Fapl_acpi_sleep_iodevice.	70
0x22bb5a	FUNC	AplAcpiSleep_IpiHandler...2Fhome.2Fmal.2Fgm_release.2FMY22.2D026.2Ffinal.2Fiot.2Frtos.2Flibs.2Fgm.2Di35.2Frel.2Fwork.2Fapl_acpi_sleep_iodevice.	60
0x22bb96	FUNC	AplAcpiSleep_CreateIODevice...2Fhome.2Fmal.2Fgm_release.2FMY22.2D026.2Ffinal.2Fiot.2Frtos.2Flibs.2Fgm.2Di35.2Frel.2Fwork.2Fapl_acpi_sleep_iodevice.	33
0x22bbb7	FUNC	AplAcpiSleep_WriteRegister...2Fhome.2Fmal.2Fgm_release.2FMY22.2D026.2Ffinal.2Fiot.2Frtos.2Flibs.2Fgm.2Di35.2Frel.2Fwork.2Fapl_acpi_sleep_iodevice.	78
0x22bc05	FUNC	SuspendToRAM_HandleWakeup	13
0x22bc13	FUNC	PC16550_InitializeResources...2Fhome.2Fmal.2Fgm_release.2FMY22.2D026.2Ffinal.2Fiot.2Frtos.2Flibs.2Fgm.2Di35.2Frel.2Fwork.2Fserial_pc16550.	292
0x22bd37	FUNC	iDMA_Initialize...2Fhome.2Fmal.2Fgm_release.2FMY22.2D026.2Ffinal.2Fiot.2Frtos.2Flibs.2Fgm.2Di35.2Frel.2Fwork.2Fserial_pc16550.	197
0x22bdfc	FUNC	PC16550_SetOptions...2Fhome.2Fmal.2Fgm_release.2FMY22.2D026.2Ffinal.2Fiot.2Frtos.2Flibs.2Fgm.2Di35.2Frel.2Fwork.2Fserial_pc16550.	644
0x22c080	FUNC	PC16550_Initialize...2Fhome.2Fmal.2Fgm_release.2FMY22.2D026.2Ffinal.2Fiot.2Frtos.2Flibs.2Fgm.2Di35.2Frel.2Fwork.2Fserial_pc16550.	82
0x22c0d2	FUNC	PC16550_WriteStatus...2Fhome.2Fmal.2Fgm_release.2FMY22.2D026.2Ffinal.2Fiot.2Frtos.2Flibs.2Fgm.2Di35.2Frel.2Fwork.2Fserial_pc16550.	28
0x22c0ee	FUNC	iDMA_ExceptionHandler...2Fhome.2Fmal.2Fgm_release.2FMY22.2D026.2Ffinal.2Fiot.2Frtos.2Flibs.2Fgm.2Di35.2Frel.2Fwork.2Fserial_pc16550.	679
0x22c395	FUNC	PC16550_ExceptionHandler...2Fhome.2Fmal.2Fgm_release.2FMY22.2D026.2Ffinal.2Fiot.2Frtos.2Flibs.2Fgm.2Di35.2Frel.2Fwork.2Fserial_pc16550.	308
0x22c4cc	FUNC	LpssUartMatch...2Fhome.2Fmal.2Fgm_release.2FMY22.2D026.2Ffinal.2Fiot.2Frtos.2Flibs.2Fgm.2Di35.2Frel.2Fwork.2Fintel_lpss_uart.	69
0x22c511	FUNC	SetDeviceState...2Fhome.2Fmal.2Fgm_release.2FMY22.2D026.2Ffinal.2Fiot.2Frtos.2Flibs.2Fgm.2Di35.2Frel.2Fwork.2Fintel_lpss_uart.	28
0x22c52d	FUNC	LpssUartInit...2Fhome.2Fmal.2Fgm_release.2FMY22.2D026.2Ffinal.2Fiot.2Frtos.2Flibs.2Fgm.2Di35.2Frel.2Fwork.2Fintel_lpss_uart.	922
0x22c8c8	FUNC	KETH_IODName...2Fhome.2Fmal.2Fgm_release.2FMY22.2D026.2Ffinal.2Fiot.2Frtos.2Flibs.2Fgm.2Di35.2Frel.2Fwork.2Fkethernet.	22
0x22c8de	FUNC	KETH_RegisterDevice...2Fhome.2Fmal.2Fgm_release.2FMY22.2D026.2Ffinal.2Fiot.2Frtos.2Flibs.2Fgm.2Di35.2Frel.2Fwork.2Fkethernet.	135
0x22c965	FUNC	Append...2Fhome.2Fmal.2Fgm_release.2FMY22.2D026.2Ffinal.2Fiot.2Frtos.2Flibs.2Fgm.2Di35.2Frel.2Fwork.2Fkethernet.	30
0x22c983	FUNC	Remove...2Fhome.2Fmal.2Fgm_release.2FMY22.2D026.2Ffinal.2Fiot.2Frtos.2Flibs.2Fgm.2Di35.2Frel.2Fwork.2Fkethernet.	66
0x22c9c5	FUNC	KETH_InitializationCompleteHelper...2Fhome.2Fmal.2Fgm_release.2FMY22.2D026.2Ffinal.2Fiot.2Frtos.2Flibs.2Fgm.2Di35.2Frel.2Fwork.2Fkethernet.	865
0x22cd26	FUNC	KETH_InitializationComplete...2Fhome.2Fmal.2Fgm_release.2FMY22.2D026.2Ffinal.2Fiot.2Frtos.2Flibs.2Fgm.2Di35.2Frel.2Fwork.2Fkethernet.	30
0x22cd44	FUNC	KETHDriver_LateInitComplete	5
0x22cd49	FUNC	DummyEtherInit	128
0x22cdc9	FUNC	KETH_ReadRegister...2Fhome.2Fmal.2Fgm_release.2FMY22.2D026.2Ffinal.2Fiot.2Frtos.2Flibs.2Fgm.2Di35.2Frel.2Fwork.2Fkethernet.	289
0x22ceea	FUNC	KETH_FreeRxDescriptor...2Fhome.2Fmal.2Fgm_release.2FMY22.2D026.2Ffinal.2Fiot.2Frtos.2Flibs.2Fgm.2Di35.2Frel.2Fwork.2Fkethernet.	267
0x22cff5	FUNC	NotificationAcked...2Fhome.2Fmal.2Fgm_release.2FMY22.2D026.2Ffinal.2Fiot.2Frtos.2Flibs.2Fgm.2Di35.2Frel.2Fwork.2Fkethernet.	11
0x22d000	FUNC	UpdateStarvingClients...2Fhome.2Fmal.2Fgm_release.2FMY22.2D026.2Ffinal.2Fiot.2Frtos.2Flibs.2Fgm.2Di35.2Frel.2Fwork.2Fkethernet.	46
0x22d02e	FUNC	KETH_WritePacket...2Fhome.2Fmal.2Fgm_release.2FMY22.2D026.2Ffinal.2Fiot.2Frtos.2Flibs.2Fgm.2Di35.2Frel.2Fwork.2Fkethernet.	182
0x22d0e4	FUNC	KETH_WriteRegister...2Fhome.2Fmal.2Fgm_release.2FMY22.2D026.2Ffinal.2Fiot.2Frtos.2Flibs.2Fgm.2Di35.2Frel.2Fwork.2Fkethernet.	874
0x22d44e	FUNC	KETHDriver_AddTransmitTimestamp	8
0x22d456	FUNC	KETHDriver_PacketReceived	149
0x22d4eb	FUNC	KETHDriver_PacketReceivedWithTs	9
0x22d4f4	FUNC	KETHDriver_GetPacketKernelAddress	5
0x22d4f9	FUNC	KETHDriver_PacketRxError	85
0x22d54e	FUNC	KETHDriver_PacketTxError	143
0x22d5dd	FUNC	KETHDriver_PacketTransmitted	7
0x22d5e4	FUNC	KETHDriver_NotifyTask	52
0x22d618	FUNC	ProtocolWritePacket	148
0x22d6af	FUNC	read_be_word...2Fhome.2Fmal.2Fgm_release.2FMY22.2D026.2Ffinal.2Fiot.2Frtos.2Flibs.2Fgm.2Di35.2Frel.2Fwork.2Findether_min.	31
0x22d6ce	FUNC	write_be_word...2Fhome.2Fmal.2Fgm_release.2FMY22.2D026.2Ffinal.2Fiot.2Frtos.2Flibs.2Fgm.2Di35.2Frel.2Fwork.2Findether_min.	28
0x22d6ea	FUNC	EtherGetTransmitBuffer...2Fhome.2Fmal.2Fgm_release.2FMY22.2D026.2Ffinal.2Fiot.2Frtos.2Flibs.2Fgm.2Di35.2Frel.2Fwork.2Findether_min.	8
0x22d6f2	FUNC	ProcessARP	346
0x22d84c	FUNC	EthernetSendARP	301
0x22d979	FUNC	EthernetCheckARP	65
0x22d9ba	FUNC	EthernetWriteGratuitousARP	302
0x22dae8	FUNC	IsIndrtInterface	16
0x22daf8	FUNC	SameEther	55
0x22db2f	FUNC	IndEtherInit	29
0x22db4f	FUNC	Dummy_InitializeResources...2Fhome.2Fmal.2Fgm_release.2FMY22.2D026.2Ffinal.2Fiot.2Frtos.2Flibs.2Fgm.2Di35.2Frel.2Fwork.2Feth_dummy.	197
0x22dc14	FUNC	Dummy_Initialize...2Fhome.2Fmal.2Fgm_release.2FMY22.2D026.2Ffinal.2Fiot.2Frtos.2Flibs.2Fgm.2Di35.2Frel.2Fwork.2Feth_dummy.	39
0x22dc3b	FUNC	Dummy_ReadPacket...2Fhome.2Fmal.2Fgm_release.2FMY22.2D026.2Ffinal.2Fiot.2Frtos.2Flibs.2Fgm.2Di35.2Frel.2Fwork.2Feth_dummy.	3
0x22dc3e	FUNC	Dummy_WritePacket...2Fhome.2Fmal.2Fgm_release.2FMY22.2D026.2Ffinal.2Fiot.2Frtos.2Flibs.2Fgm.2Di35.2Frel.2Fwork.2Feth_dummy.	5
0x22dc43	FUNC	Dummy_ConfigureInterrupts...2Fhome.2Fmal.2Fgm_release.2FMY22.2D026.2Ffinal.2Fiot.2Frtos.2Flibs.2Fgm.2Di35.2Frel.2Fwork.2Feth_dummy.	5
0x22dc48	FUNC	Dummy_GetMacAddress...2Fhome.2Fmal.2Fgm_release.2FMY22.2D026.2Ffinal.2Fiot.2Frtos.2Flibs.2Fgm.2Di35.2Frel.2Fwork.2Feth_dummy.	32
0x22dc69	FUNC	I8254X_InitializeResources...2Fhome.2Fmal.2Fgm_release.2FMY22.2D026.2Ffinal.2Fiot.2Frtos.2Flibs.2Fgm.2Di35.2Frel.2Fwork.2Feth_i8254x.	343
0x22ddc0	FUNC	ProcessTx...2Fhome.2Fmal.2Fgm_release.2FMY22.2D026.2Ffinal.2Fiot.2Frtos.2Flibs.2Fgm.2Di35.2Frel.2Fwork.2Feth_i8254x.	130
0x22de42	FUNC	I8254X_ReadPacket...2Fhome.2Fmal.2Fgm_release.2FMY22.2D026.2Ffinal.2Fiot.2Frtos.2Flibs.2Fgm.2Di35.2Frel.2Fwork.2Feth_i8254x.	287
0x22df61	FUNC	ProcessAdvRx...2Fhome.2Fmal.2Fgm_release.2FMY22.2D026.2Ffinal.2Fiot.2Frtos.2Flibs.2Fgm.2Di35.2Frel.2Fwork.2Feth_i8254x.	314
0x22e09b	FUNC	ProcessRx...2Fhome.2Fmal.2Fgm_release.2FMY22.2D026.2Ffinal.2Fiot.2Frtos.2Flibs.2Fgm.2Di35.2Frel.2Fwork.2Feth_i8254x.	255
0x22e19a	FUNC	I8254X_ExceptionCallback...2Fhome.2Fmal.2Fgm_release.2FMY22.2D026.2Ffinal.2Fiot.2Frtos.2Flibs.2Fgm.2Di35.2Frel.2Fwork.2Feth_i8254x.	240
0x22e28a	FUNC	I8254X_Initialize...2Fhome.2Fmal.2Fgm_release.2FMY22.2D026.2Ffinal.2Fiot.2Frtos.2Flibs.2Fgm.2Di35.2Frel.2Fwork.2Feth_i8254x.	135
0x22e311	FUNC	I8254X_ReadRegister...2Fhome.2Fmal.2Fgm_release.2FMY22.2D026.2Ffinal.2Fiot.2Frtos.2Flibs.2Fgm.2Di35.2Frel.2Fwork.2Feth_i8254x.	78
0x22e35f	FUNC	I8254X_WriteRegister...2Fhome.2Fmal.2Fgm_release.2FMY22.2D026.2Ffinal.2Fiot.2Frtos.2Flibs.2Fgm.2Di35.2Frel.2Fwork.2Feth_i8254x.	248
0x22e457	FUNC	I8254X_WritePacket...2Fhome.2Fmal.2Fgm_release.2FMY22.2D026.2Ffinal.2Fiot.2Frtos.2Flibs.2Fgm.2Di35.2Frel.2Fwork.2Feth_i8254x.	340
0x22e5ab	FUNC	I8254X_ExceptionHandler...2Fhome.2Fmal.2Fgm_release.2FMY22.2D026.2Ffinal.2Fiot.2Frtos.2Flibs.2Fgm.2Di35.2Frel.2Fwork.2Feth_i8254x.	99
0x22e60e	FUNC	I8254X_ConfigureInterrupts...2Fhome.2Fmal.2Fgm_release.2FMY22.2D026.2Ffinal.2Fiot.2Frtos.2Flibs.2Fgm.2Di35.2Frel.2Fwork.2Feth_i8254x.	5
0x22e613	FUNC	I8254X_GetMacAddress...2Fhome.2Fmal.2Fgm_release.2FMY22.2D026.2Ffinal.2Fiot.2Frtos.2Flibs.2Fgm.2Di35.2Frel.2Fwork.2Feth_i8254x.	49
0x22e644	FUNC	i8254x_driver_match...2Fhome.2Fmal.2Fgm_release.2FMY22.2D026.2Ffinal.2Fiot.2Frtos.2Flibs.2Fgm.2Di35.2Frel.2Fwork.2Feth_i8254x.	62
0x22e682	FUNC	i8254x_msi_info...2Fhome.2Fmal.2Fgm_release.2FMY22.2D026.2Ffinal.2Fiot.2Frtos.2Flibs.2Fgm.2Di35.2Frel.2Fwork.2Feth_i8254x.	26
0x22e69c	FUNC	i8254x_driver_init...2Fhome.2Fmal.2Fgm_release.2FMY22.2D026.2Ffinal.2Fiot.2Frtos.2Flibs.2Fgm.2Di35.2Frel.2Fwork.2Feth_i8254x.	243
0x22e791	FUNC	i82544_disable_interrupts...2Fhome.2Fmal.2Fgm_release.2FMY22.2D026.2Ffinal.2Fiot.2Frtos.2Flibs.2Fgm.2Di35.2Frel.2Fwork.2Feth_i8254x_init.	19
0x22e7a4	FUNC	i82544_device_reset...2Fhome.2Fmal.2Fgm_release.2FMY22.2D026.2Ffinal.2Fiot.2Frtos.2Flibs.2Fgm.2Di35.2Frel.2Fwork.2Feth_i8254x_init.	80
0x22e7f4	FUNC	phy_acquire_swflag...2Fhome.2Fmal.2Fgm_release.2FMY22.2D026.2Ffinal.2Fiot.2Frtos.2Flibs.2Fgm.2Di35.2Frel.2Fwork.2Feth_i8254x_init.	58
0x22e82e	FUNC	wait_for_phy_ready...2Fhome.2Fmal.2Fgm_release.2FMY22.2D026.2Ffinal.2Fiot.2Frtos.2Flibs.2Fgm.2Di35.2Frel.2Fwork.2Feth_i8254x_init.	119
0x22e8a5	FUNC	phy_write_reg...2Fhome.2Fmal.2Fgm_release.2FMY22.2D026.2Ffinal.2Fiot.2Frtos.2Flibs.2Fgm.2Di35.2Frel.2Fwork.2Feth_i8254x_init.	92
0x22e901	FUNC	phy_read_reg...2Fhome.2Fmal.2Fgm_release.2FMY22.2D026.2Ffinal.2Fiot.2Frtos.2Flibs.2Fgm.2Di35.2Frel.2Fwork.2Feth_i8254x_init.	75
0x22e94c	FUNC	phy_release_swflag...2Fhome.2Fmal.2Fgm_release.2FMY22.2D026.2Ffinal.2Fiot.2Frtos.2Flibs.2Fgm.2Di35.2Frel.2Fwork.2Feth_i8254x_init.	19
0x22e95f	FUNC	i82544_link_configure...2Fhome.2Fmal.2Fgm_release.2FMY22.2D026.2Ffinal.2Fiot.2Frtos.2Flibs.2Fgm.2Di35.2Frel.2Fwork.2Feth_i8254x_init.	131
0x22e9e2	FUNC	i82544_reset_rx_ring...2Fhome.2Fmal.2Fgm_release.2FMY22.2D026.2Ffinal.2Fiot.2Frtos.2Flibs.2Fgm.2Di35.2Frel.2Fwork.2Feth_i8254x_init.	94
0x22ea40	FUNC	i82544_receiver_configure...2Fhome.2Fmal.2Fgm_release.2FMY22.2D026.2Ffinal.2Fiot.2Frtos.2Flibs.2Fgm.2Di35.2Frel.2Fwork.2Feth_i8254x_init.	211
0x22eb13	FUNC	i82544_reset_tx_ring...2Fhome.2Fmal.2Fgm_release.2FMY22.2D026.2Ffinal.2Fiot.2Frtos.2Flibs.2Fgm.2Di35.2Frel.2Fwork.2Feth_i8254x_init.	101
0x22eb78	FUNC	i82544_transmitter_configure...2Fhome.2Fmal.2Fgm_release.2FMY22.2D026.2Ffinal.2Fiot.2Frtos.2Flibs.2Fgm.2Di35.2Frel.2Fwork.2Feth_i8254x_init.	165
0x22ec1d	FUNC	i82544_enable_interrupts...2Fhome.2Fmal.2Fgm_release.2FMY22.2D026.2Ffinal.2Fiot.2Frtos.2Flibs.2Fgm.2Di35.2Frel.2Fwork.2Feth_i8254x_init.	19
0x22ec30	FUNC	I8254X_InitDevice	172
0x22ecdd	FUNC	LpssI2CDriver_TickCallback...2Fhome.2Fmal.2Fgm_release.2FMY22.2D026.2Ffinal.2Fiot.2Frtos.2Flibs.2Fgm.2Di35.2Frel.2Fwork.2Fi2c_lpss.	44
0x22ed09	FUNC	LpssI2CDriver_InitializeResources...2Fhome.2Fmal.2Fgm_release.2FMY22.2D026.2Ffinal.2Fiot.2Frtos.2Flibs.2Fgm.2Di35.2Frel.2Fwork.2Fi2c_lpss.	235
0x22edf4	FUNC	LpssI2CDriver_Initialize...2Fhome.2Fmal.2Fgm_release.2FMY22.2D026.2Ffinal.2Fiot.2Frtos.2Flibs.2Fgm.2Di35.2Frel.2Fwork.2Fi2c_lpss.	104
0x22ee5c	FUNC	LpssI2CDriver_ExceptionHandler...2Fhome.2Fmal.2Fgm_release.2FMY22.2D026.2Ffinal.2Fiot.2Frtos.2Flibs.2Fgm.2Di35.2Frel.2Fwork.2Fi2c_lpss.	31
0x22ee7b	FUNC	LpssI2CDriver_WriteStatus...2Fhome.2Fmal.2Fgm_release.2FMY22.2D026.2Ffinal.2Fiot.2Frtos.2Flibs.2Fgm.2Di35.2Frel.2Fwork.2Fi2c_lpss.	158
0x22ef19	FUNC	LpssI2CDriver_ReadStatus...2Fhome.2Fmal.2Fgm_release.2FMY22.2D026.2Ffinal.2Fiot.2Frtos.2Flibs.2Fgm.2Di35.2Frel.2Fwork.2Fi2c_lpss.	125
0x22ef96	FUNC	LpssI2CDriver_ReadRegister...2Fhome.2Fmal.2Fgm_release.2FMY22.2D026.2Ffinal.2Fiot.2Frtos.2Flibs.2Fgm.2Di35.2Frel.2Fwork.2Fi2c_lpss.	93
0x22eff3	FUNC	LpssI2CDriver_WriteRegister...2Fhome.2Fmal.2Fgm_release.2FMY22.2D026.2Ffinal.2Fiot.2Frtos.2Flibs.2Fgm.2Di35.2Frel.2Fwork.2Fi2c_lpss.	59
0x22f02e	FUNC	LpssI2cMatch...2Fhome.2Fmal.2Fgm_release.2FMY22.2D026.2Ffinal.2Fiot.2Frtos.2Flibs.2Fgm.2Di35.2Frel.2Fwork.2Fi2c_lpss.	51
0x22f061	FUNC	LpssI2cInit...2Fhome.2Fmal.2Fgm_release.2FMY22.2D026.2Ffinal.2Fiot.2Frtos.2Flibs.2Fgm.2Di35.2Frel.2Fwork.2Fi2c_lpss.	81
0x22f0b5	FUNC	SDHC_TransferCreate...2Fhome.2Fmal.2Fgm_release.2FMY22.2D026.2Ffinal.2Fiot.2Frtos.2Flibs.2Fgm.2Di35.2Frel.2Fwork.2Fsdhc.	3
0x22f0b8	FUNC	SDHC_TransferWriteRegister...2Fhome.2Fmal.2Fgm_release.2FMY22.2D026.2Ffinal.2Fiot.2Frtos.2Flibs.2Fgm.2Di35.2Frel.2Fwork.2Fsdhc.	112
0x22f128	FUNC	SDHC_TickCallback...2Fhome.2Fmal.2Fgm_release.2FMY22.2D026.2Ffinal.2Fiot.2Frtos.2Flibs.2Fgm.2Di35.2Frel.2Fwork.2Fsdhc.	83
0x22f17b	FUNC	SDHC_Initialize	649
0x22f404	FUNC	SDHC_InterruptHandler	406
0x22f59a	FUNC	SDHC_ReadRegister	186
0x22f654	FUNC	SDHC_HandleCommand...2Fhome.2Fmal.2Fgm_release.2FMY22.2D026.2Ffinal.2Fiot.2Frtos.2Flibs.2Fgm.2Di35.2Frel.2Fwork.2Fsdhc.	235
0x22f73f	FUNC	SDHC_WriteRegister	528
0x22f952	FUNC	SDHC_pci_driver_match...2Fhome.2Fmal.2Fgm_release.2FMY22.2D026.2Ffinal.2Fiot.2Frtos.2Flibs.2Fgm.2Di35.2Frel.2Fwork.2Fpci_sdhc.	52
0x22f986	FUNC	SDHC_pci_msi_info...2Fhome.2Fmal.2Fgm_release.2FMY22.2D026.2Ffinal.2Fiot.2Frtos.2Flibs.2Fgm.2Di35.2Frel.2Fwork.2Fpci_sdhc.	26
0x22f9a0	FUNC	SDHC_pci_driver_init...2Fhome.2Fmal.2Fgm_release.2FMY22.2D026.2Ffinal.2Fiot.2Frtos.2Flibs.2Fgm.2Di35.2Frel.2Fwork.2Fpci_sdhc.	155
0x22fa3b	FUNC	SDHC_InitializeResources...2Fhome.2Fmal.2Fgm_release.2FMY22.2D026.2Ffinal.2Fiot.2Frtos.2Flibs.2Fgm.2Di35.2Frel.2Fwork.2Fpci_sdhc.	249
0x22fb34	FUNC	Pci_SDHC_ReadRegister	117
0x22fbab	FUNC	IntelIpu4_InitializeResources...2Fhome.2Fmal.2Fgm_release.2FMY22.2D026.2Ffinal.2Fiot.2Frtos.2Flibs.2Fgm.2Di35.2Frel.2Fwork.2Fintel_ipu4.	97
0x22fc0c	FUNC	IntelIpu4_Initialize...2Fhome.2Fmal.2Fgm_release.2FMY22.2D026.2Ffinal.2Fiot.2Frtos.2Flibs.2Fgm.2Di35.2Frel.2Fwork.2Fintel_ipu4.	30
0x22fc2a	FUNC	IntelIpu4_ExceptionHandler...2Fhome.2Fmal.2Fgm_release.2FMY22.2D026.2Ffinal.2Fiot.2Frtos.2Flibs.2Fgm.2Di35.2Frel.2Fwork.2Fintel_ipu4.	96
0x22fc8a	FUNC	IntelIpu4_ReadRegister...2Fhome.2Fmal.2Fgm_release.2FMY22.2D026.2Ffinal.2Fiot.2Frtos.2Flibs.2Fgm.2Di35.2Frel.2Fwork.2Fintel_ipu4.	103
0x22fcf1	FUNC	IntelIpu4_WriteRegister...2Fhome.2Fmal.2Fgm_release.2FMY22.2D026.2Ffinal.2Fiot.2Frtos.2Flibs.2Fgm.2Di35.2Frel.2Fwork.2Fintel_ipu4.	42
0x22fd1b	FUNC	IntelIpu4Match...2Fhome.2Fmal.2Fgm_release.2FMY22.2D026.2Ffinal.2Fiot.2Frtos.2Flibs.2Fgm.2Di35.2Frel.2Fwork.2Fintel_ipu4.	44
0x22fd47	FUNC	IntelIpu4Init...2Fhome.2Fmal.2Fgm_release.2FMY22.2D026.2Ffinal.2Fiot.2Frtos.2Flibs.2Fgm.2Di35.2Frel.2Fwork.2Fintel_ipu4.	113
0x22fdb8	FUNC	LocalAPIC_Register	11
0x22fdc3	FUNC	LocalAPIC_Initialize	167
0x22fe6a	FUNC	LocalAPIC_ConfigureLVTEntry	244
0x22ff5e	FUNC	LocalAPIC_IsLVTEntryMasked	66
0x22ffa0	FUNC	LocalAPIC_SetLVTEntryMasked	88
0x22fff8	FUNC	LocalAPIC_IssueEOI	21
0x23000d	FUNC	LocalAPIC_SendIPI...2Fhome.2Fmal.2Fgm_release.2FMY22.2D026.2Ffinal.2Fiot.2Frtos.2Flibs.2Fgm.2Di35.2Frel.2Fwork.2Finterrupt_lapic.	39
0x230034	FUNC	LocalAPIC_BroadcastINIT	12
0x230040	FUNC	LocalAPIC_BroadcastSIPI	13
0x23004d	FUNC	LocalAPIC_SimpleSendIPI	14
0x23005b	FUNC	LocalAPIC_SimpleSendMultipleIPI	14
0x230069	FUNC	LocalAPIC_ConfigureTSCDeadlineTimer	23
0x230080	FUNC	LocalAPIC_ConfigurePMI	24
0x230098	FUNC	LocalAPIC_SetPMIEnabled	45
0x2300c7	FUNC	BSP_RequestVectors	219
0x2301a2	FUNC	RegisterIOAPIC	177
0x230253	FUNC	ResolveIOAPIC...2Fhome.2Fmal.2Fgm_release.2FMY22.2D026.2Ffinal.2Fiot.2Frtos.2Flibs.2Fgm.2Di35.2Frel.2Fwork.2Finterrupt_ioapic.	55
0x23028a	FUNC	RegisterAllIOAPICs	220
0x230366	FUNC	BSP_IntExceptionHandler	93
0x2303c3	FUNC	BindVectorToCpu	160
0x230463	FUNC	SetExceptionSense	123
0x2304de	FUNC	SetExceptionPolarity	123
0x230559	FUNC	VectFromIrq	9
0x230562	FUNC	DisableI82C59...2Fhome.2Fmal.2Fgm_release.2FMY22.2D026.2Ffinal.2Fiot.2Frtos.2Flibs.2Fgm.2Di35.2Frel.2Fwork.2Finterrupt_ioapic.	91
0x2305bd	FUNC	DisableInterruptsAndAcquireSpinlock...2Fhome.2Fmal.2Fgm_release.2FMY22.2D026.2Ffinal.2Fiot.2Frtos.2Flibs.2Fgm.2Di35.2Frel.2Fwork.2Finterrupt_ioapic.	34
0x2305df	FUNC	ReleaseSpinlockAndEnableInterrupts...2Fhome.2Fmal.2Fgm_release.2FMY22.2D026.2Ffinal.2Fiot.2Frtos.2Flibs.2Fgm.2Di35.2Frel.2Fwork.2Finterrupt_ioapic.	37
0x230604	FUNC	EnableVector	148
0x230698	FUNC	DisableVector	136
0x230720	FUNC	IOAPIC_Prepare	83
0x230773	FUNC	IOReg_Write...2Fhome.2Fmal.2Fgm_release.2FMY22.2D026.2Ffinal.2Fiot.2Frtos.2Flibs.2Fgm.2Di35.2Frel.2Fwork.2Ftimer_pit.	9
0x23077c	FUNC	IOReg_Read...2Fhome.2Fmal.2Fgm_release.2FMY22.2D026.2Ffinal.2Fiot.2Frtos.2Flibs.2Fgm.2Di35.2Frel.2Fwork.2Ftimer_pit.	8
0x230784	FUNC	ReadPIT0Value	46
0x2307b2	FUNC	WritePIT0Value	53
0x2307e7	FUNC	PIT0TimerHasLoaded	39
0x23080f	FUNC	GetPtrToNewPage...2Fhome.2Fmal.2Fgm_release.2FMY22.2D026.2Ffinal.2Fiot.2Frtos.2Flibs.2Fgm.2Di35.2Frel.2Fwork.2Fvtd.	88
0x230867	FUNC	InitWithPassthroughMappings...2Fhome.2Fmal.2Fgm_release.2FMY22.2D026.2Ffinal.2Fiot.2Frtos.2Flibs.2Fgm.2Di35.2Frel.2Fwork.2Fvtd.	225
0x230948	FUNC	PrintAndClearFaultInfo...2Fhome.2Fmal.2Fgm_release.2FMY22.2D026.2Ffinal.2Fiot.2Frtos.2Flibs.2Fgm.2Di35.2Frel.2Fwork.2Fvtd.	117
0x2309bd	FUNC	Vtd_ActivateDmaRemappingUnit...2Fhome.2Fmal.2Fgm_release.2FMY22.2D026.2Ffinal.2Fiot.2Frtos.2Flibs.2Fgm.2Di35.2Frel.2Fwork.2Fvtd.	305
0x230aee	FUNC	Vtd_Initialize	53
0x230b23	FUNC	Vtd_RemappingUnitInitializeResources...2Fhome.2Fmal.2Fgm_release.2FMY22.2D026.2Ffinal.2Fiot.2Frtos.2Flibs.2Fgm.2Di35.2Frel.2Fwork.2Fvtd.	168
0x230bcb	FUNC	Vtd_RemappingUnitInitialize...2Fhome.2Fmal.2Fgm_release.2FMY22.2D026.2Ffinal.2Fiot.2Frtos.2Flibs.2Fgm.2Di35.2Frel.2Fwork.2Fvtd.	469
0x230da0	FUNC	FindAssociatedDmaRemapUnit...2Fhome.2Fmal.2Fgm_release.2FMY22.2D026.2Ffinal.2Fiot.2Frtos.2Flibs.2Fgm.2Di35.2Frel.2Fwork.2Fvtd.	63
0x230ddf	FUNC	gmch_driver_match...2Fhome.2Fmal.2Fgm_release.2FMY22.2D026.2Ffinal.2Fiot.2Frtos.2Flibs.2Fgm.2Di35.2Frel.2Fwork.2Fvtd.	33
0x230e00	FUNC	gmch_driver_init...2Fhome.2Fmal.2Fgm_release.2FMY22.2D026.2Ffinal.2Fiot.2Frtos.2Flibs.2Fgm.2Di35.2Frel.2Fwork.2Fvtd.	192
0x230ec0	FUNC	GMCH_InitializeResources...2Fhome.2Fmal.2Fgm_release.2FMY22.2D026.2Ffinal.2Fiot.2Frtos.2Flibs.2Fgm.2Di35.2Frel.2Fwork.2Fvtd.	117
0x230f35	FUNC	GMCH_Initialize...2Fhome.2Fmal.2Fgm_release.2FMY22.2D026.2Ffinal.2Fiot.2Frtos.2Flibs.2Fgm.2Di35.2Frel.2Fwork.2Fvtd.	275
0x231048	FUNC	Vtd_Init	94
0x2310a6	FUNC	InitializeContextEntryFromPML4...2Fhome.2Fmal.2Fgm_release.2FMY22.2D026.2Ffinal.2Fiot.2Frtos.2Flibs.2Fgm.2Di35.2Frel.2Fwork.2Fvtd.	101
0x23110b	FUNC	Vtd_EnableVtdForDevice	246
0x231201	FUNC	Vtd_InvalidateAfterEnablingDevices	141
0x231290	FUNC	bootargs_CreateIODevice...2Fhome.2Fmal.2Fgm_release.2FMY22.2D026.2Ffinal.2Fiot.2Frtos.2Flibs.2Fgm.2Di35.2Frel.2Fwork.2Fbootargs_iodev.	3
0x231293	FUNC	bootargs_ReadReg...2Fhome.2Fmal.2Fgm_release.2FMY22.2D026.2Ffinal.2Fiot.2Frtos.2Flibs.2Fgm.2Di35.2Frel.2Fwork.2Fbootargs_iodev.	98
0x2312f5	FUNC	bootargs_ReadStatus...2Fhome.2Fmal.2Fgm_release.2FMY22.2D026.2Ffinal.2Fiot.2Frtos.2Flibs.2Fgm.2Di35.2Frel.2Fwork.2Fbootargs_iodev.	160
0x231395	FUNC	bootargs_IODeviceInit	80
0x2313e5	FUNC	bootargs_SetAuxData	93
0x231443	FUNC	saveBootRegs	27
0x23145e	FUNC	getNodeFromTree	81
0x2314af	FUNC	getProperty	135
0x231536	FUNC	handle_ghstable_argument...2Fhome.2Fmal.2Fgm_release.2FMY22.2D026.2Ffinal.2Fiot.2Frtos.2Flibs.2Fgm.2Di35.2Frel.2Fwork.2Fprocessargs.	91
0x231591	FUNC	isipaddr...2Fhome.2Fmal.2Fgm_release.2FMY22.2D026.2Ffinal.2Fiot.2Frtos.2Flibs.2Fgm.2Di35.2Frel.2Fwork.2Fprocessargs.	133
0x231616	FUNC	parse_ip_addr...2Fhome.2Fmal.2Fgm_release.2FMY22.2D026.2Ffinal.2Fiot.2Frtos.2Flibs.2Fgm.2Di35.2Frel.2Fwork.2Fprocessargs.	129
0x231697	FUNC	handle_argument...2Fhome.2Fmal.2Fgm_release.2FMY22.2D026.2Ffinal.2Fiot.2Frtos.2Flibs.2Fgm.2Di35.2Frel.2Fwork.2Fprocessargs.	240
0x231787	FUNC	parse_cmdline...2Fhome.2Fmal.2Fgm_release.2FMY22.2D026.2Ffinal.2Fiot.2Frtos.2Flibs.2Fgm.2Di35.2Frel.2Fwork.2Fprocessargs.	304
0x2318b7	FUNC	ProcessCommandLineArgs	85
0x23190c	FUNC	isetheraddr...2Fhome.2Fmal.2Fgm_release.2FMY22.2D026.2Ffinal.2Fiot.2Frtos.2Flibs.2Fgm.2Di35.2Frel.2Fwork.2Fprocessargs.	150
0x2319a2	FUNC	hex_to_bin...2Fhome.2Fmal.2Fgm_release.2FMY22.2D026.2Ffinal.2Fiot.2Frtos.2Flibs.2Fgm.2Di35.2Frel.2Fwork.2Fprocessargs.	60
0x2319de	FUNC	parse_ether_addr...2Fhome.2Fmal.2Fgm_release.2FMY22.2D026.2Ffinal.2Fiot.2Frtos.2Flibs.2Fgm.2Di35.2Frel.2Fwork.2Fprocessargs.	105
0x231a47	FUNC	handle_ether_argument...2Fhome.2Fmal.2Fgm_release.2FMY22.2D026.2Ffinal.2Fiot.2Frtos.2Flibs.2Fgm.2Di35.2Frel.2Fwork.2Fprocessargs.	194
0x231b09	FUNC	ProcessBSPArgumentsAndGetMacAddress	40
0x231b31	FUNC	getNetInfoFromChosenAndGetMacAddress	147
0x231bc4	FUNC	getNetInfoFromChosen	9
0x231bcd	FUNC	ProcessBSPArguments	9
0x231bd7	FUNC	PCIBusBarrier	5
0x231bdc	FUNC	PCIConfigBusMap...2Fhome.2Fmal.2Fgm_release.2FMY22.2D026.2Ffinal.2Fiot.2Frtos.2Flibs.2Fgm.2Di35.2Frel.2Fwork.2Fbus.	14
0x231bea	FUNC	PCIMemoryBusMap...2Fhome.2Fmal.2Fgm_release.2FMY22.2D026.2Ffinal.2Fiot.2Frtos.2Flibs.2Fgm.2Di35.2Frel.2Fwork.2Fbus.	19
0x231bfd	FUNC	PCIIOBusMap...2Fhome.2Fmal.2Fgm_release.2FMY22.2D026.2Ffinal.2Fiot.2Frtos.2Flibs.2Fgm.2Di35.2Frel.2Fwork.2Fbus.	6
0x231c03	FUNC	PCIBusSubregion...2Fhome.2Fmal.2Fgm_release.2FMY22.2D026.2Ffinal.2Fiot.2Frtos.2Flibs.2Fgm.2Di35.2Frel.2Fwork.2Fbus.	9
0x231c0f	FUNC	PCIConfigBusBarrier	5
0x231c14	FUNC	PCIConfigBusRead1	33
0x231c35	FUNC	PCIConfigBusRead2	34
0x231c57	FUNC	PCIConfigBusRead4	20
0x231c6b	FUNC	PCIConfigBusWrite1	32
0x231c8b	FUNC	PCIConfigBusWrite2	33
0x231cac	FUNC	PCIConfigBusWrite4	20
0x231cc0	FUNC	PCIConfigBusReadMulti1	66
0x231d02	FUNC	PCIConfigBusReadMulti2	67
0x231d45	FUNC	PCIConfigBusReadMulti4	66
0x231d87	FUNC	PCIConfigBusWriteMulti1	67
0x231dca	FUNC	PCIConfigBusWriteMulti2	67
0x231e0d	FUNC	PCIConfigBusWriteMulti4	66
0x231e4f	FUNC	PCIIOBusBarrier	5
0x231e54	FUNC	PCIIOBusRead1	15
0x231e63	FUNC	PCIIOBusRead2	16
0x231e73	FUNC	PCIIOBusRead4	12
0x231e7f	FUNC	PCIIOBusWrite1	14
0x231e8d	FUNC	PCIIOBusWrite2	15
0x231e9c	FUNC	PCIIOBusWrite4	14
0x231eaa	FUNC	PCIIOBusReadMulti1	66
0x231eec	FUNC	PCIIOBusReadMulti2	67
0x231f2f	FUNC	PCIIOBusReadMulti4	66
0x231f71	FUNC	PCIIOBusWriteMulti1	67
0x231fb4	FUNC	PCIIOBusWriteMulti2	67
0x231ff7	FUNC	PCIIOBusWriteMulti4	66
0x23203b	FUNC	MemMappedBusRead1	7
0x232042	FUNC	MemMappedBusRead2	8
0x23204a	FUNC	MemMappedBusRead4	4
0x23204e	FUNC	MemMappedByteRevBusRead2	10
0x232058	FUNC	MemMappedByteRevBusRead4	6
0x23205e	FUNC	MemMappedBusWrite1	4
0x232062	FUNC	MemMappedBusWrite2	5
0x232067	FUNC	MemMappedBusWrite4	4
0x23206b	FUNC	MemMappedByteRevBusWrite2	9
0x232074	FUNC	MemMappedByteRevBusWrite4	6
0x23207a	FUNC	MemMappedBusReadMulti1	26
0x232094	FUNC	MemMappedBusReadMulti2	28
0x2320b0	FUNC	MemMappedBusReadMulti4	26
0x2320ca	FUNC	MemMappedByteRevBusReadMulti2	32
0x2320ea	FUNC	MemMappedByteRevBusReadMulti4	28
0x232106	FUNC	MemMappedBusWriteMulti1	26
0x232120	FUNC	MemMappedBusWriteMulti2	28
0x23213c	FUNC	MemMappedBusWriteMulti4	26
0x232156	FUNC	MemMappedByteRevBusWriteMulti2	32
0x232176	FUNC	MemMappedByteRevBusWriteMulti4	28
0x232192	FUNC	MemMappedReadBytes1	32
0x2321b2	FUNC	MemMappedReadBytes2	33
0x2321d3	FUNC	MemMappedReadBytes4	31
0x2321f2	FUNC	MemMappedWriteBytes1	32
0x232212	FUNC	MemMappedWriteBytes2	33
0x232233	FUNC	MemMappedWriteBytes4	31
0x232252	FUNC	MemMappedSubregion	9
0x23225b	FUNC	pci_fatal_error...2Fhome.2Fmal.2Fgm_release.2FMY22.2D026.2Ffinal.2Fiot.2Frtos.2Flibs.2Fgm.2Di35.2Frel.2Fwork.2Fpci_config.	5
0x232260	FUNC	calloc_pcidomain...2Fhome.2Fmal.2Fgm_release.2FMY22.2D026.2Ffinal.2Fiot.2Frtos.2Flibs.2Fgm.2Di35.2Frel.2Fwork.2Fpci_config.	50
0x232292	FUNC	calloc_pcidata...2Fhome.2Fmal.2Fgm_release.2FMY22.2D026.2Ffinal.2Fiot.2Frtos.2Flibs.2Fgm.2Di35.2Frel.2Fwork.2Fpci_config.	50
0x2322c4	FUNC	domain_init...2Fhome.2Fmal.2Fgm_release.2FMY22.2D026.2Ffinal.2Fiot.2Frtos.2Flibs.2Fgm.2Di35.2Frel.2Fwork.2Fpci_config.	218
0x23239e	FUNC	calloc_pcibusinfo...2Fhome.2Fmal.2Fgm_release.2FMY22.2D026.2Ffinal.2Fiot.2Frtos.2Flibs.2Fgm.2Di35.2Frel.2Fwork.2Fpci_config.	56
0x2323d6	FUNC	pci_print_ranges...2Fhome.2Fmal.2Fgm_release.2FMY22.2D026.2Ffinal.2Fiot.2Frtos.2Flibs.2Fgm.2Di35.2Frel.2Fwork.2Fpci_config.	9
0x2323df	FUNC	pci_print_drivers...2Fhome.2Fmal.2Fgm_release.2FMY22.2D026.2Ffinal.2Fiot.2Frtos.2Flibs.2Fgm.2Di35.2Frel.2Fwork.2Fpci_config.	24
0x2323f7	FUNC	pci_find_driver...2Fhome.2Fmal.2Fgm_release.2FMY22.2D026.2Ffinal.2Fiot.2Frtos.2Flibs.2Fgm.2Di35.2Frel.2Fwork.2Fpci_config.	115
0x23246a	FUNC	init_stack...2Fhome.2Fmal.2Fgm_release.2FMY22.2D026.2Ffinal.2Fiot.2Frtos.2Flibs.2Fgm.2Di35.2Frel.2Fwork.2Fpci_config.	7
0x232471	FUNC	calloc_pcifunction...2Fhome.2Fmal.2Fgm_release.2FMY22.2D026.2Ffinal.2Fiot.2Frtos.2Flibs.2Fgm.2Di35.2Frel.2Fwork.2Fpci_config.	53
0x2324a6	FUNC	cfg_read4...2Fhome.2Fmal.2Fgm_release.2FMY22.2D026.2Ffinal.2Fiot.2Frtos.2Flibs.2Fgm.2Di35.2Frel.2Fwork.2Fpci_config.	79
0x2324f5	FUNC	cfg_read1...2Fhome.2Fmal.2Fgm_release.2FMY22.2D026.2Ffinal.2Fiot.2Frtos.2Flibs.2Fgm.2Di35.2Frel.2Fwork.2Fpci_config.	78
0x232543	FUNC	cfg_write4...2Fhome.2Fmal.2Fgm_release.2FMY22.2D026.2Ffinal.2Fiot.2Frtos.2Flibs.2Fgm.2Di35.2Frel.2Fwork.2Fpci_config.	68
0x232587	FUNC	cfg_write1...2Fhome.2Fmal.2Fgm_release.2FMY22.2D026.2Ffinal.2Fiot.2Frtos.2Flibs.2Fgm.2Di35.2Frel.2Fwork.2Fpci_config.	68
0x2325cb	FUNC	preorder_disable_function...2Fhome.2Fmal.2Fgm_release.2FMY22.2D026.2Ffinal.2Fiot.2Frtos.2Flibs.2Fgm.2Di35.2Frel.2Fwork.2Fpci_config.	242
0x2326bd	FUNC	pci_scan_alloc_bus...2Fhome.2Fmal.2Fgm_release.2FMY22.2D026.2Ffinal.2Fiot.2Frtos.2Flibs.2Fgm.2Di35.2Frel.2Fwork.2Fpci_config.	233
0x2327a6	FUNC	push_function...2Fhome.2Fmal.2Fgm_release.2FMY22.2D026.2Ffinal.2Fiot.2Frtos.2Flibs.2Fgm.2Di35.2Frel.2Fwork.2Fpci_config.	51
0x2327d9	FUNC	pop_function...2Fhome.2Fmal.2Fgm_release.2FMY22.2D026.2Ffinal.2Fiot.2Frtos.2Flibs.2Fgm.2Di35.2Frel.2Fwork.2Fpci_config.	30
0x2327f7	FUNC	domain_allocate_tree...2Fhome.2Fmal.2Fgm_release.2FMY22.2D026.2Ffinal.2Fiot.2Frtos.2Flibs.2Fgm.2Di35.2Frel.2Fwork.2Fpci_config.	417
0x232998	FUNC	pci_scan...2Fhome.2Fmal.2Fgm_release.2FMY22.2D026.2Ffinal.2Fiot.2Frtos.2Flibs.2Fgm.2Di35.2Frel.2Fwork.2Fpci_config.	245
0x232a8d	FUNC	print_spaces...2Fhome.2Fmal.2Fgm_release.2FMY22.2D026.2Ffinal.2Fiot.2Frtos.2Flibs.2Fgm.2Di35.2Frel.2Fwork.2Fpci_config.	42
0x232ab7	FUNC	print_tree_helper...2Fhome.2Fmal.2Fgm_release.2FMY22.2D026.2Ffinal.2Fiot.2Frtos.2Flibs.2Fgm.2Di35.2Frel.2Fwork.2Fpci_config.	24
0x232acf	FUNC	pci_print_tree...2Fhome.2Fmal.2Fgm_release.2FMY22.2D026.2Ffinal.2Fiot.2Frtos.2Flibs.2Fgm.2Di35.2Frel.2Fwork.2Fpci_config.	16
0x232adf	FUNC	power_floor...2Fhome.2Fmal.2Fgm_release.2FMY22.2D026.2Ffinal.2Fiot.2Frtos.2Flibs.2Fgm.2Di35.2Frel.2Fwork.2Fpci_config.	40
0x232b07	FUNC	device_pre_init...2Fhome.2Fmal.2Fgm_release.2FMY22.2D026.2Ffinal.2Fiot.2Frtos.2Flibs.2Fgm.2Di35.2Frel.2Fwork.2Fpci_config.	136
0x232b8f	FUNC	get_bar_alloc_info...2Fhome.2Fmal.2Fgm_release.2FMY22.2D026.2Ffinal.2Fiot.2Frtos.2Flibs.2Fgm.2Di35.2Frel.2Fwork.2Fpci_config.	172
0x232c3b	FUNC	print_bar_info...2Fhome.2Fmal.2Fgm_release.2FMY22.2D026.2Ffinal.2Fiot.2Frtos.2Flibs.2Fgm.2Di35.2Frel.2Fwork.2Fpci_config.	1
0x232c3c	FUNC	get_allocation_space...2Fhome.2Fmal.2Fgm_release.2FMY22.2D026.2Ffinal.2Fiot.2Frtos.2Flibs.2Fgm.2Di35.2Frel.2Fwork.2Fpci_config.	61
0x232c79	FUNC	add_allocation...2Fhome.2Fmal.2Fgm_release.2FMY22.2D026.2Ffinal.2Fiot.2Frtos.2Flibs.2Fgm.2Di35.2Frel.2Fwork.2Fpci_config.	61
0x232cb6	FUNC	count_bars...2Fhome.2Fmal.2Fgm_release.2FMY22.2D026.2Ffinal.2Fiot.2Frtos.2Flibs.2Fgm.2Di35.2Frel.2Fwork.2Fpci_config.	210
0x232d88	FUNC	count_bridge_pre...2Fhome.2Fmal.2Fgm_release.2FMY22.2D026.2Ffinal.2Fiot.2Frtos.2Flibs.2Fgm.2Di35.2Frel.2Fwork.2Fpci_config.	157
0x232e25	FUNC	count_bridge_post...2Fhome.2Fmal.2Fgm_release.2FMY22.2D026.2Ffinal.2Fiot.2Frtos.2Flibs.2Fgm.2Di35.2Frel.2Fwork.2Fpci_config.	250
0x232f1f	FUNC	allocate_prepare_space...2Fhome.2Fmal.2Fgm_release.2FMY22.2D026.2Ffinal.2Fiot.2Frtos.2Flibs.2Fgm.2Di35.2Frel.2Fwork.2Fpci_config.	128
0x232f9f	FUNC	get_allocation...2Fhome.2Fmal.2Fgm_release.2FMY22.2D026.2Ffinal.2Fiot.2Frtos.2Flibs.2Fgm.2Di35.2Frel.2Fwork.2Fpci_config.	51
0x232fd2	FUNC	allocate_device...2Fhome.2Fmal.2Fgm_release.2FMY22.2D026.2Ffinal.2Fiot.2Frtos.2Flibs.2Fgm.2Di35.2Frel.2Fwork.2Fpci_config.	341
0x233127	FUNC	allocate_bridge_pre...2Fhome.2Fmal.2Fgm_release.2FMY22.2D026.2Ffinal.2Fiot.2Frtos.2Flibs.2Fgm.2Di35.2Frel.2Fwork.2Fpci_config.	22
0x23313d	FUNC	enable_bridge_cb...2Fhome.2Fmal.2Fgm_release.2FMY22.2D026.2Ffinal.2Fiot.2Frtos.2Flibs.2Fgm.2Di35.2Frel.2Fwork.2Fpci_config.	58
0x233177	FUNC	msi_collect_info...2Fhome.2Fmal.2Fgm_release.2FMY22.2D026.2Ffinal.2Fiot.2Frtos.2Flibs.2Fgm.2Di35.2Frel.2Fwork.2Fpci_config.	21
0x23318c	FUNC	device_init_interrupt...2Fhome.2Fmal.2Fgm_release.2FMY22.2D026.2Ffinal.2Fiot.2Frtos.2Flibs.2Fgm.2Di35.2Frel.2Fwork.2Fpci_config.	125
0x233209	FUNC	device_init...2Fhome.2Fmal.2Fgm_release.2FMY22.2D026.2Ffinal.2Fiot.2Frtos.2Flibs.2Fgm.2Di35.2Frel.2Fwork.2Fpci_config.	197
0x2332ce	FUNC	bridge_post_irq_pop...2Fhome.2Fmal.2Fgm_release.2FMY22.2D026.2Ffinal.2Fiot.2Frtos.2Flibs.2Fgm.2Di35.2Frel.2Fwork.2Fpci_config.	3
0x2332d1	FUNC	pci_initialize_devices...2Fhome.2Fmal.2Fgm_release.2FMY22.2D026.2Ffinal.2Fiot.2Frtos.2Flibs.2Fgm.2Di35.2Frel.2Fwork.2Fpci_config.	72
0x233319	FUNC	PCI_Initialize	466
0x2334eb	FUNC	PciDomain_New	76
0x233537	FUNC	PciDomain_InitializeDevices	39
0x23355e	FUNC	PCI_InitializeNoEnumeration	69
0x2335a3	FUNC	prepare_bus_with_static_data...2Fhome.2Fmal.2Fgm_release.2FMY22.2D026.2Ffinal.2Fiot.2Frtos.2Flibs.2Fgm.2Di35.2Frel.2Fwork.2Fpci_config.	162
0x233645	FUNC	program_fn_with_static_data...2Fhome.2Fmal.2Fgm_release.2FMY22.2D026.2Ffinal.2Fiot.2Frtos.2Flibs.2Fgm.2Di35.2Frel.2Fwork.2Fpci_config.	279
0x23375c	FUNC	bridge_pre_static_data...2Fhome.2Fmal.2Fgm_release.2FMY22.2D026.2Ffinal.2Fiot.2Frtos.2Flibs.2Fgm.2Di35.2Frel.2Fwork.2Fpci_config.	17
0x23376d	FUNC	static_interrupt_map...2Fhome.2Fmal.2Fgm_release.2FMY22.2D026.2Ffinal.2Fiot.2Frtos.2Flibs.2Fgm.2Di35.2Frel.2Fwork.2Fpci_config.	11
0x233778	FUNC	PCI_StaticInitialize	441
0x233931	FUNC	PciDomain_Traverse	26
0x23394b	FUNC	PciFunction_GetCookie	23
0x233965	FUNC	QueryFunctionHelper...2Fhome.2Fmal.2Fgm_release.2FMY22.2D026.2Ffinal.2Fiot.2Frtos.2Flibs.2Fgm.2Di35.2Frel.2Fwork.2Fpci_function.	436
0x233b19	FUNC	PciQueryFunction	135
0x233ba0	FUNC	bar_read...2Fhome.2Fmal.2Fgm_release.2FMY22.2D026.2Ffinal.2Fiot.2Frtos.2Flibs.2Fgm.2Di35.2Frel.2Fwork.2Fpci_function.	185
0x233c59	FUNC	PciFunction_InitBARInfo	458
0x233e23	FUNC	bar_write...2Fhome.2Fmal.2Fgm_release.2FMY22.2D026.2Ffinal.2Fiot.2Frtos.2Flibs.2Fgm.2Di35.2Frel.2Fwork.2Fpci_function.	159
0x233ec2	FUNC	PciFunction_SizeBAR	345
0x23401b	FUNC	PciBarRead	237
0x234108	FUNC	PciBarWrite	82
0x23415d	FUNC	PciBridgeSetPrimaryBus	67
0x2341a0	FUNC	PciBridgeSetSubordinateBus	67
0x2341e3	FUNC	PciBridgeSetChildBusRange	152
0x23427b	FUNC	PciBridgeDisableConfig	141
0x234308	FUNC	PciBridgeIsValidWindow	137
0x234391	FUNC	PciBridgeWriteWindow	511
0x234590	FUNC	PciBridgeDisableWindow	33
0x2345b1	FUNC	PciBridgeImplementsPrefetchWindow	190
0x23466f	FUNC	PciBridgeImplementsPrefetch64	82
0x2346c1	FUNC	PciEnableIOSpace	146
0x234753	FUNC	PciEnableMemorySpace	146
0x2347e5	FUNC	PciFunction_GetBarHandle	165
0x23488a	FUNC	PciRegisterHandlerStructOnIrqLine	108
0x2348f6	FUNC	PciRegisterHandlerOnIrqLine	92
0x234952	FUNC	PciRegisterMsiHandlers	191
0x234a11	FUNC	PciGetVendorId	16
0x234a21	FUNC	PciGetDeviceId	19
0x234a34	FUNC	PciEnableBusMastering	146
0x234ac6	FUNC	PciGetClassCode	31
0x234ae5	FUNC	PciFindCapability	112
0x234b56	FUNC	calloc_msiresource...2Fhome.2Fmal.2Fgm_release.2FMY22.2D026.2Ffinal.2Fiot.2Frtos.2Flibs.2Fgm.2Di35.2Frel.2Fwork.2Fmsi.	50
0x234b88	FUNC	calloc_functionmsiinfo...2Fhome.2Fmal.2Fgm_release.2FMY22.2D026.2Ffinal.2Fiot.2Frtos.2Flibs.2Fgm.2Di35.2Frel.2Fwork.2Fmsi.	50
0x234bba	FUNC	MsiRequestResource...2Fhome.2Fmal.2Fgm_release.2FMY22.2D026.2Ffinal.2Fiot.2Frtos.2Flibs.2Fgm.2Di35.2Frel.2Fwork.2Fmsi.	479
0x234d99	FUNC	MsiAddFunctionInfo...2Fhome.2Fmal.2Fgm_release.2FMY22.2D026.2Ffinal.2Fiot.2Frtos.2Flibs.2Fgm.2Di35.2Frel.2Fwork.2Fmsi.	105
0x234e02	FUNC	ceiling_power_of_2...2Fhome.2Fmal.2Fgm_release.2FMY22.2D026.2Ffinal.2Fiot.2Frtos.2Flibs.2Fgm.2Di35.2Frel.2Fwork.2Fmsi.	21
0x234e17	FUNC	PciSetMsiResourcesWithCallback	122
0x234e91	FUNC	PciSetMsiResources	9
0x234e9a	FUNC	MsiInitFunction	746
0x235184	FUNC	MsiGetMsgsForFunction	31
0x2351a3	FUNC	MsiGrantResources	920
0x23553b	FUNC	MsiResourceAllocator	254
0x235639	FUNC	MsiGetInterruptCountAndType	64
0x235679	FUNC	MsiGetVectorForInterrupt	55
0x2356b3	FUNC	append_char...2Fhome.2Fmal.2Fgm_release.2FMY22.2D026.2Ffinal.2Fiot.2Frtos.2Flibs.2Fgm.2Di35.2Frel.2Fwork.2Fstr_fmt.	38
0x2356d9	FUNC	nullterminate...2Fhome.2Fmal.2Fgm_release.2FMY22.2D026.2Ffinal.2Fiot.2Frtos.2Flibs.2Fgm.2Di35.2Frel.2Fwork.2Fstr_fmt.	13
0x2356e6	FUNC	FmtStr_CatN	78
0x235734	FUNC	FmtStr_Cat	12
0x235740	FUNC	FmtStr_Hex32	138
0x2357ca	FUNC	FmtStr_Dec32	141
0x235857	FUNC	HdaDevIOA_InitializeResources...2Fhome.2Fmal.2Fgm_release.2FMY22.2D026.2Ffinal.2Fiot.2Frtos.2Flibs.2Fgm.2Di35.2Frel.2Fwork.2Fapollo_lake_mm_iod.	245
0x23594c	FUNC	HdaDevIOA_Initialize...2Fhome.2Fmal.2Fgm_release.2FMY22.2D026.2Ffinal.2Fiot.2Frtos.2Flibs.2Fgm.2Di35.2Frel.2Fwork.2Fapollo_lake_mm_iod.	77
0x235999	FUNC	HdaDevIOA_ReadRegister...2Fhome.2Fmal.2Fgm_release.2FMY22.2D026.2Ffinal.2Fiot.2Frtos.2Flibs.2Fgm.2Di35.2Frel.2Fwork.2Fapollo_lake_mm_iod.	133
0x235a1e	FUNC	Hda_WriteBdlsForStream...2Fhome.2Fmal.2Fgm_release.2FMY22.2D026.2Ffinal.2Fiot.2Frtos.2Flibs.2Fgm.2Di35.2Frel.2Fwork.2Fapollo_lake_mm_iod.	494
0x235c0c	FUNC	HdaDevIOA_EnableInterrupts...2Fhome.2Fmal.2Fgm_release.2FMY22.2D026.2Ffinal.2Fiot.2Frtos.2Flibs.2Fgm.2Di35.2Frel.2Fwork.2Fapollo_lake_mm_iod.	3
0x235c0f	FUNC	HdaDevIOA_WriteRegister...2Fhome.2Fmal.2Fgm_release.2FMY22.2D026.2Ffinal.2Fiot.2Frtos.2Flibs.2Fgm.2Di35.2Frel.2Fwork.2Fapollo_lake_mm_iod.	1434
0x2361a9	FUNC	HdaDevIOA_WriteStatus...2Fhome.2Fmal.2Fgm_release.2FMY22.2D026.2Ffinal.2Fiot.2Frtos.2Flibs.2Fgm.2Di35.2Frel.2Fwork.2Fapollo_lake_mm_iod.	387
0x23632c	FUNC	HdaDevIOA_ReadStatus...2Fhome.2Fmal.2Fgm_release.2FMY22.2D026.2Ffinal.2Fiot.2Frtos.2Flibs.2Fgm.2Di35.2Frel.2Fwork.2Fapollo_lake_mm_iod.	266
0x236436	FUNC	HdaDevIOA_DisableInterrupts...2Fhome.2Fmal.2Fgm_release.2FMY22.2D026.2Ffinal.2Fiot.2Frtos.2Flibs.2Fgm.2Di35.2Frel.2Fwork.2Fapollo_lake_mm_iod.	3
0x236439	FUNC	HdaDevIOA_ExceptionHandler...2Fhome.2Fmal.2Fgm_release.2FMY22.2D026.2Ffinal.2Fiot.2Frtos.2Flibs.2Fgm.2Di35.2Frel.2Fwork.2Fapollo_lake_mm_iod.	42
0x236463	FUNC	hda_mm_msi_info...2Fhome.2Fmal.2Fgm_release.2FMY22.2D026.2Ffinal.2Fiot.2Frtos.2Flibs.2Fgm.2Di35.2Frel.2Fwork.2Fapollo_lake_mm_iod.	26
0x23647d	FUNC	hda_mm_match...2Fhome.2Fmal.2Fgm_release.2FMY22.2D026.2Ffinal.2Fiot.2Frtos.2Flibs.2Fgm.2Di35.2Frel.2Fwork.2Fapollo_lake_mm_iod.	45
0x2364aa	FUNC	hda_mm_init...2Fhome.2Fmal.2Fgm_release.2FMY22.2D026.2Ffinal.2Fiot.2Frtos.2Flibs.2Fgm.2Di35.2Frel.2Fwork.2Fapollo_lake_mm_iod.	162
0x23654d	FUNC	CMOS_ReadRegister...2Fhome.2Fmal.2Fgm_release.2FMY22.2D026.2Ffinal.2Fiot.2Frtos.2Flibs.2Fgm.2Di35.2Frel.2Fwork.2Fclock_pc_rtc.	156
0x2365e9	FUNC	CMOS_Initialize...2Fhome.2Fmal.2Fgm_release.2FMY22.2D026.2Ffinal.2Fiot.2Frtos.2Flibs.2Fgm.2Di35.2Frel.2Fwork.2Fclock_pc_rtc.	13
0x2365f6	FUNC	CMOS_InitializeResources...2Fhome.2Fmal.2Fgm_release.2FMY22.2D026.2Ffinal.2Fiot.2Frtos.2Flibs.2Fgm.2Di35.2Frel.2Fwork.2Fclock_pc_rtc.	37
0x23661b	FUNC	RTC_Init	42
0x236645	FUNC	IntelHeciMatch...2Fhome.2Fmal.2Fgm_release.2FMY22.2D026.2Ffinal.2Fiot.2Frtos.2Flibs.2Fgm.2Di35.2Frel.2Fwork.2Fintel_heci.	38
0x23666b	FUNC	IntelHeciInit...2Fhome.2Fmal.2Fgm_release.2FMY22.2D026.2Ffinal.2Fiot.2Frtos.2Flibs.2Fgm.2Di35.2Frel.2Fwork.2Fintel_heci.	109
0x2366d8	FUNC	IntelHeci_InitializeResources...2Fhome.2Fmal.2Fgm_release.2FMY22.2D026.2Ffinal.2Fiot.2Frtos.2Flibs.2Fgm.2Di35.2Frel.2Fwork.2Fintel_heci.	55
0x23670f	FUNC	IntelHeci_Initialize...2Fhome.2Fmal.2Fgm_release.2FMY22.2D026.2Ffinal.2Fiot.2Frtos.2Flibs.2Fgm.2Di35.2Frel.2Fwork.2Fintel_heci.	16
0x236720	FUNC	XhcIOA_InitializeResources...2Fhome.2Fmal.2Fgm_release.2FMY22.2D026.2Ffinal.2Fiot.2Frtos.2Flibs.2Fgm.2Di35.2Frel.2Fwork.2Fxhc.	557
0x23694d	FUNC	Xhc_ReserveEndpoints	58
0x236987	FUNC	XhcIOA_Initialize...2Fhome.2Fmal.2Fgm_release.2FMY22.2D026.2Ffinal.2Fiot.2Frtos.2Flibs.2Fgm.2Di35.2Frel.2Fwork.2Fxhc.	528
0x236b97	FUNC	InitDevInfo...2Fhome.2Fmal.2Fgm_release.2FMY22.2D026.2Ffinal.2Fiot.2Frtos.2Flibs.2Fgm.2Di35.2Frel.2Fwork.2Fxhc.	252
0x236c93	FUNC	Xhc_LateInitialize...2Fhome.2Fmal.2Fgm_release.2FMY22.2D026.2Ffinal.2Fiot.2Frtos.2Flibs.2Fgm.2Di35.2Frel.2Fwork.2Fxhc.	66
0x236cd5	FUNC	Xhc_ProcessEvent...2Fhome.2Fmal.2Fgm_release.2FMY22.2D026.2Ffinal.2Fiot.2Frtos.2Flibs.2Fgm.2Di35.2Frel.2Fwork.2Fxhc.	888
0x23704d	FUNC	XhcIOA_ReadStatus...2Fhome.2Fmal.2Fgm_release.2FMY22.2D026.2Ffinal.2Fiot.2Frtos.2Flibs.2Fgm.2Di35.2Frel.2Fwork.2Fxhc.	556
0x237279	FUNC	XhcIOA_ReadRegister...2Fhome.2Fmal.2Fgm_release.2FMY22.2D026.2Ffinal.2Fiot.2Frtos.2Flibs.2Fgm.2Di35.2Frel.2Fwork.2Fxhc.	203
0x237344	FUNC	XhcIOA_EnableInterrupts...2Fhome.2Fmal.2Fgm_release.2FMY22.2D026.2Ffinal.2Fiot.2Frtos.2Flibs.2Fgm.2Di35.2Frel.2Fwork.2Fxhc.	20
0x237358	FUNC	XhcDev_InitEndpoint	227
0x23743b	FUNC	XhcDev_SetEpDesc	109
0x2374a8	FUNC	Xhc_UpdateEndpointContexts...2Fhome.2Fmal.2Fgm_release.2FMY22.2D026.2Ffinal.2Fiot.2Frtos.2Flibs.2Fgm.2Di35.2Frel.2Fwork.2Fxhc.	366
0x237616	FUNC	XhcRing_GetAvailableCmdTrbCount...2Fhome.2Fmal.2Fgm_release.2FMY22.2D026.2Ffinal.2Fiot.2Frtos.2Flibs.2Fgm.2Di35.2Frel.2Fwork.2Fxhc.	44
0x237642	FUNC	XhcRing_GetAvailableCmdTrbIndex...2Fhome.2Fmal.2Fgm_release.2FMY22.2D026.2Ffinal.2Fiot.2Frtos.2Flibs.2Fgm.2Di35.2Frel.2Fwork.2Fxhc.	114
0x2376b4	FUNC	XhcDev_SubmitCommand	279
0x2377cb	FUNC	Xhc_EvaluateContext...2Fhome.2Fmal.2Fgm_release.2FMY22.2D026.2Ffinal.2Fiot.2Frtos.2Flibs.2Fgm.2Di35.2Frel.2Fwork.2Fxhc.	167
0x237872	FUNC	XhcRing_GetAvailableEpTrbCount...2Fhome.2Fmal.2Fgm_release.2FMY22.2D026.2Ffinal.2Fiot.2Frtos.2Flibs.2Fgm.2Di35.2Frel.2Fwork.2Fxhc.	47
0x2378a1	FUNC	XhcRing_GetAvailableEpTrbIndex...2Fhome.2Fmal.2Fgm_release.2FMY22.2D026.2Ffinal.2Fiot.2Frtos.2Flibs.2Fgm.2Di35.2Frel.2Fwork.2Fxhc.	389
0x237a26	FUNC	XhcRing_EpTrbPosted...2Fhome.2Fmal.2Fgm_release.2FMY22.2D026.2Ffinal.2Fiot.2Frtos.2Flibs.2Fgm.2Di35.2Frel.2Fwork.2Fxhc.	52
0x237a5a	FUNC	XhcDev_SubmitTrb	226
0x237b3c	FUNC	XhcDev_StartControlTransfer	337
0x237c8d	FUNC	XhcDev_GetDescriptor	52
0x237cc1	FUNC	XhcDev_ConfigureEndpoints	261
0x237dc6	FUNC	XhcDev_ResetEndpoint	103
0x237e2d	FUNC	XhcDev_SetDeq	140
0x237eb9	FUNC	XhcDev_StopEndpoint	92
0x237f15	FUNC	Xhc_FreeEndpoint...2Fhome.2Fmal.2Fgm_release.2FMY22.2D026.2Ffinal.2Fiot.2Frtos.2Flibs.2Fgm.2Di35.2Frel.2Fwork.2Fxhc.	209
0x237fe6	FUNC	XhcIOA_WriteRegister...2Fhome.2Fmal.2Fgm_release.2FMY22.2D026.2Ffinal.2Fiot.2Frtos.2Flibs.2Fgm.2Di35.2Frel.2Fwork.2Fxhc.	2635
0x238a31	FUNC	Xhc_InitInputContext...2Fhome.2Fmal.2Fgm_release.2FMY22.2D026.2Ffinal.2Fiot.2Frtos.2Flibs.2Fgm.2Di35.2Frel.2Fwork.2Fxhc.	216
0x238b09	FUNC	Xhc_AddressDevice...2Fhome.2Fmal.2Fgm_release.2FMY22.2D026.2Ffinal.2Fiot.2Frtos.2Flibs.2Fgm.2Di35.2Frel.2Fwork.2Fxhc.	226
0x238beb	FUNC	XhcIOA_WriteStatus...2Fhome.2Fmal.2Fgm_release.2FMY22.2D026.2Ffinal.2Fiot.2Frtos.2Flibs.2Fgm.2Di35.2Frel.2Fwork.2Fxhc.	291
0x238d0e	FUNC	XhcIOA_InterruptHandler...2Fhome.2Fmal.2Fgm_release.2FMY22.2D026.2Ffinal.2Fiot.2Frtos.2Flibs.2Fgm.2Di35.2Frel.2Fwork.2Fxhc.	24
0x238d26	FUNC	XhcIOA_DisableInterrupts...2Fhome.2Fmal.2Fgm_release.2FMY22.2D026.2Ffinal.2Fiot.2Frtos.2Flibs.2Fgm.2Di35.2Frel.2Fwork.2Fxhc.	20
0x238d3a	FUNC	XhcDev_Translate	78
0x238d88	FUNC	XhcDev_StartTransfer	320
0x238ec8	FUNC	XhcDev_AvailableEndpointResources	55
0x238eff	FUNC	XhcDev_GetAvailableEpTrbCount	8
0x238f07	FUNC	XhcDev_RingDbell	32
0x238f27	FUNC	Xhc_GetIOA	4
0x238f2b	FUNC	XhcVcSuperIOA_Initialize...2Fhome.2Fmal.2Fgm_release.2FMY22.2D026.2Ffinal.2Fiot.2Frtos.2Flibs.2Fgm.2Di35.2Frel.2Fwork.2Fxhc.	60
0x238f67	FUNC	Xhc_VcReleaseDevice	27
0x238f82	FUNC	XhcPCI_DriverMatch...2Fhome.2Fmal.2Fgm_release.2FMY22.2D026.2Ffinal.2Fiot.2Frtos.2Flibs.2Fgm.2Di35.2Frel.2Fwork.2Fxhc.	58
0x238fbc	FUNC	XhcPCI_MsiInfo...2Fhome.2Fmal.2Fgm_release.2FMY22.2D026.2Ffinal.2Fiot.2Frtos.2Flibs.2Fgm.2Di35.2Frel.2Fwork.2Fxhc.	26
0x238fd6	FUNC	Xhc_InitFromProps	123
0x239051	FUNC	XhcPCI_DriverInit...2Fhome.2Fmal.2Fgm_release.2FMY22.2D026.2Ffinal.2Fiot.2Frtos.2Flibs.2Fgm.2Di35.2Frel.2Fwork.2Fxhc.	166
0x2390fa	FUNC	XhcVcIOA_InitializeResources...2Fhome.2Fmal.2Fgm_release.2FMY22.2D026.2Ffinal.2Fiot.2Frtos.2Flibs.2Fgm.2Di35.2Frel.2Fwork.2Fxhc_vcontroller.	145
0x23918b	FUNC	XhcVcIOA_Initialize...2Fhome.2Fmal.2Fgm_release.2FMY22.2D026.2Ffinal.2Fiot.2Frtos.2Flibs.2Fgm.2Di35.2Frel.2Fwork.2Fxhc_vcontroller.	197
0x239250	FUNC	XhcVcIOA_ReadRegister...2Fhome.2Fmal.2Fgm_release.2FMY22.2D026.2Ffinal.2Fiot.2Frtos.2Flibs.2Fgm.2Di35.2Frel.2Fwork.2Fxhc_vcontroller.	190
0x23930e	FUNC	XhcVc_TranslateGuestAddr...2Fhome.2Fmal.2Fgm_release.2FMY22.2D026.2Ffinal.2Fiot.2Frtos.2Flibs.2Fgm.2Di35.2Frel.2Fwork.2Fxhc_vcontroller.	68
0x239352	FUNC	XhcVc_HandleOneEpTrb...2Fhome.2Fmal.2Fgm_release.2FMY22.2D026.2Ffinal.2Fiot.2Frtos.2Flibs.2Fgm.2Di35.2Frel.2Fwork.2Fxhc_vcontroller.	207
0x239421	FUNC	XhcVc_InitVcData	138
0x2394ab	FUNC	XhcVc_DropDevice...2Fhome.2Fmal.2Fgm_release.2FMY22.2D026.2Ffinal.2Fiot.2Frtos.2Flibs.2Fgm.2Di35.2Frel.2Fwork.2Fxhc_vcontroller.	122
0x239525	FUNC	XhcVc_EventRingFullHelper...2Fhome.2Fmal.2Fgm_release.2FMY22.2D026.2Ffinal.2Fiot.2Frtos.2Flibs.2Fgm.2Di35.2Frel.2Fwork.2Fxhc_vcontroller.	177
0x2395d6	FUNC	XhcVc_SendAssignmentEvent...2Fhome.2Fmal.2Fgm_release.2FMY22.2D026.2Ffinal.2Fiot.2Frtos.2Flibs.2Fgm.2Di35.2Frel.2Fwork.2Fxhc_vcontroller.	197
0x23969b	FUNC	XhcVcIOA_WriteRegister...2Fhome.2Fmal.2Fgm_release.2FMY22.2D026.2Ffinal.2Fiot.2Frtos.2Flibs.2Fgm.2Di35.2Frel.2Fwork.2Fxhc_vcontroller.	886
0x239a11	FUNC	XhcVc_UpdateFromGuestInputContext...2Fhome.2Fmal.2Fgm_release.2FMY22.2D026.2Ffinal.2Fiot.2Frtos.2Flibs.2Fgm.2Di35.2Frel.2Fwork.2Fxhc_vcontroller.	498
0x239c03	FUNC	XhcVc_HandleOneCmdTrb...2Fhome.2Fmal.2Fgm_release.2FMY22.2D026.2Ffinal.2Fiot.2Frtos.2Flibs.2Fgm.2Di35.2Frel.2Fwork.2Fxhc_vcontroller.	548
0x239e27	FUNC	XhcVcIOA_WriteStatus...2Fhome.2Fmal.2Fgm_release.2FMY22.2D026.2Ffinal.2Fiot.2Frtos.2Flibs.2Fgm.2Di35.2Frel.2Fwork.2Fxhc_vcontroller.	178
0x239ed9	FUNC	XhcVc_ReportAssignmentChange	218
0x239fb3	FUNC	XhcVc_ReportCmdEvent	181
0x23a068	FUNC	XhcVc_FreeEndpoint	1
0x23a069	FUNC	XhcVc_ReportTransferEvent	282
0x23a183	FUNC	XhcVc_SetGuestMemoryMap	12
0x23a18f	FUNC	XhcVc_SetGuestMemoryOffset	8
0x23a197	FUNC	XhcVc_ReportPortEvent	129
0x23a218	FUNC	KUSBDevIOA_InitializeResources...2Fhome.2Fmal.2Fgm_release.2FMY22.2D026.2Ffinal.2Fiot.2Frtos.2Flibs.2Fgm.2Di35.2Frel.2Fwork.2Fkusb_dev.	218
0x23a2f2	FUNC	KUSBDevIOA_Initialize...2Fhome.2Fmal.2Fgm_release.2FMY22.2D026.2Ffinal.2Fiot.2Frtos.2Flibs.2Fgm.2Di35.2Frel.2Fwork.2Fkusb_dev.	240
0x23a3e2	FUNC	KUSBDevIOA_ReadStatus...2Fhome.2Fmal.2Fgm_release.2FMY22.2D026.2Ffinal.2Fiot.2Frtos.2Flibs.2Fgm.2Di35.2Frel.2Fwork.2Fkusb_dev.	195
0x23a4a5	FUNC	KUSBDevIOA_ReadRegister...2Fhome.2Fmal.2Fgm_release.2FMY22.2D026.2Ffinal.2Fiot.2Frtos.2Flibs.2Fgm.2Di35.2Frel.2Fwork.2Fkusb_dev.	290
0x23a5c7	FUNC	KUSBDevIOA_WriteRegister...2Fhome.2Fmal.2Fgm_release.2FMY22.2D026.2Ffinal.2Fiot.2Frtos.2Flibs.2Fgm.2Di35.2Frel.2Fwork.2Fkusb_dev.	624
0x23a837	FUNC	KUSBDev_StartTransfer	25
0x23a850	FUNC	KUSBDevIOA_WriteStatus...2Fhome.2Fmal.2Fgm_release.2FMY22.2D026.2Ffinal.2Fiot.2Frtos.2Flibs.2Fgm.2Di35.2Frel.2Fwork.2Fkusb_dev.	799
0x23ab6f	FUNC	KUSBDev_StartTransferWithKAddr	89
0x23abc8	FUNC	KUSBDev_ReportEventDefault	209
0x23ac99	FUNC	KUSBDev_ReportEvent	25
0x23acb2	FUNC	KUSBDev_ReportAssignmentChange	339
0x23ae06	FUNC	EcmIOA_InitializeResources...2Fhome.2Fmal.2Fgm_release.2FMY22.2D026.2Ffinal.2Fiot.2Frtos.2Flibs.2Fgm.2Di35.2Frel.2Fwork.2Fxhc_ecm.	148
0x23ae9a	FUNC	EcmIOA_Initialize...2Fhome.2Fmal.2Fgm_release.2FMY22.2D026.2Ffinal.2Fiot.2Frtos.2Flibs.2Fgm.2Di35.2Frel.2Fwork.2Fxhc_ecm.	39
0x23aec1	FUNC	EcmIOA_ExceptionHandler...2Fhome.2Fmal.2Fgm_release.2FMY22.2D026.2Ffinal.2Fiot.2Frtos.2Flibs.2Fgm.2Di35.2Frel.2Fwork.2Fxhc_ecm.	3
0x23aec4	FUNC	EcmIOA_ReadRegister...2Fhome.2Fmal.2Fgm_release.2FMY22.2D026.2Ffinal.2Fiot.2Frtos.2Flibs.2Fgm.2Di35.2Frel.2Fwork.2Fxhc_ecm.	65
0x23af05	FUNC	Ecm_Initialize...2Fhome.2Fmal.2Fgm_release.2FMY22.2D026.2Ffinal.2Fiot.2Frtos.2Flibs.2Fgm.2Di35.2Frel.2Fwork.2Fxhc_ecm.	21
0x23af1a	FUNC	Ecm_ReportAssignment...2Fhome.2Fmal.2Fgm_release.2FMY22.2D026.2Ffinal.2Fiot.2Frtos.2Flibs.2Fgm.2Di35.2Frel.2Fwork.2Fxhc_ecm.	135
0x23afa1	FUNC	EcmEth_ReadPacket...2Fhome.2Fmal.2Fgm_release.2FMY22.2D026.2Ffinal.2Fiot.2Frtos.2Flibs.2Fgm.2Di35.2Frel.2Fwork.2Fxhc_ecm.	164
0x23b045	FUNC	Ecm_WriteStatus...2Fhome.2Fmal.2Fgm_release.2FMY22.2D026.2Ffinal.2Fiot.2Frtos.2Flibs.2Fgm.2Di35.2Frel.2Fwork.2Fxhc_ecm.	353
0x23b1a6	FUNC	Ecm_ReportEvent...2Fhome.2Fmal.2Fgm_release.2FMY22.2D026.2Ffinal.2Fiot.2Frtos.2Flibs.2Fgm.2Di35.2Frel.2Fwork.2Fxhc_ecm.	582
0x23b3ec	FUNC	EcmEth_WritePacket...2Fhome.2Fmal.2Fgm_release.2FMY22.2D026.2Ffinal.2Fiot.2Frtos.2Flibs.2Fgm.2Di35.2Frel.2Fwork.2Fxhc_ecm.	170
0x23b496	FUNC	EcmEth_ConfigureInterrupts...2Fhome.2Fmal.2Fgm_release.2FMY22.2D026.2Ffinal.2Fiot.2Frtos.2Flibs.2Fgm.2Di35.2Frel.2Fwork.2Fxhc_ecm.	3
0x23b499	FUNC	EcmEth_GetMacAddress...2Fhome.2Fmal.2Fgm_release.2FMY22.2D026.2Ffinal.2Fiot.2Frtos.2Flibs.2Fgm.2Di35.2Frel.2Fwork.2Fxhc_ecm.	33
0x23b4ba	FUNC	HidKClass_Initialize...2Fhome.2Fmal.2Fgm_release.2FMY22.2D026.2Ffinal.2Fiot.2Frtos.2Flibs.2Fgm.2Di35.2Frel.2Fwork.2Fhid_kdrv.	197
0x23b57f	FUNC	HidKClass_ReportAssignment...2Fhome.2Fmal.2Fgm_release.2FMY22.2D026.2Ffinal.2Fiot.2Frtos.2Flibs.2Fgm.2Di35.2Frel.2Fwork.2Fhid_kdrv.	80
0x23b5cf	FUNC	HidKClass_ReportEvent...2Fhome.2Fmal.2Fgm_release.2FMY22.2D026.2Ffinal.2Fiot.2Frtos.2Flibs.2Fgm.2Di35.2Frel.2Fwork.2Fhid_kdrv.	638
0x23b84d	FUNC	HidKClass_WriteStatus...2Fhome.2Fmal.2Fgm_release.2FMY22.2D026.2Ffinal.2Fiot.2Frtos.2Flibs.2Fgm.2Di35.2Frel.2Fwork.2Fhid_kdrv.	303
0x23b97c	FUNC	KbdAppIOA_InitializeResources...2Fhome.2Fmal.2Fgm_release.2FMY22.2D026.2Ffinal.2Fiot.2Frtos.2Flibs.2Fgm.2Di35.2Frel.2Fwork.2Fhid_kdrv.	3
0x23b97f	FUNC	KbdAppIOA_Initialize...2Fhome.2Fmal.2Fgm_release.2FMY22.2D026.2Ffinal.2Fiot.2Frtos.2Flibs.2Fgm.2Di35.2Frel.2Fwork.2Fhid_kdrv.	20
0x23b993	FUNC	KbdAppIOA_ReadStatus...2Fhome.2Fmal.2Fgm_release.2FMY22.2D026.2Ffinal.2Fiot.2Frtos.2Flibs.2Fgm.2Di35.2Frel.2Fwork.2Fhid_kdrv.	95
0x23b9f2	FUNC	MouAppIOA_InitializeResources...2Fhome.2Fmal.2Fgm_release.2FMY22.2D026.2Ffinal.2Fiot.2Frtos.2Flibs.2Fgm.2Di35.2Frel.2Fwork.2Fhid_kdrv.	3
0x23b9f5	FUNC	MouAppIOA_Initialize...2Fhome.2Fmal.2Fgm_release.2FMY22.2D026.2Ffinal.2Fiot.2Frtos.2Flibs.2Fgm.2Di35.2Frel.2Fwork.2Fhid_kdrv.	24
0x23ba0d	FUNC	MouAppIOA_ReadStatus...2Fhome.2Fmal.2Fgm_release.2FMY22.2D026.2Ffinal.2Fiot.2Frtos.2Flibs.2Fgm.2Di35.2Frel.2Fwork.2Fhid_kdrv.	95
0x23ba6d	FUNC	DVFS_Init	57
0x23baa6	FUNC	DVFS_SetCoreFrequency...2Fhome.2Fmal.2Fgm_release.2FMY22.2D026.2Ffinal.2Fiot.2Frtos.2Flibs.2Fgm.2Di35.2Frel.2Fwork.2Fintel_dvfs.	105
0x23bb0f	FUNC	DVFS_IpiHandler...2Fhome.2Fmal.2Fgm_release.2FMY22.2D026.2Ffinal.2Fiot.2Frtos.2Flibs.2Fgm.2Di35.2Frel.2Fwork.2Fintel_dvfs.	12
0x23bb1b	FUNC	DVFS_CreateIODevice...2Fhome.2Fmal.2Fgm_release.2FMY22.2D026.2Ffinal.2Fiot.2Frtos.2Flibs.2Fgm.2Di35.2Frel.2Fwork.2Fintel_dvfs.	141
0x23bba8	FUNC	DVFS_ReadRegister...2Fhome.2Fmal.2Fgm_release.2FMY22.2D026.2Ffinal.2Fiot.2Frtos.2Flibs.2Fgm.2Di35.2Frel.2Fwork.2Fintel_dvfs.	59
0x23bbe3	FUNC	DPTF_SetPowerTarget...2Fhome.2Fmal.2Fgm_release.2FMY22.2D026.2Ffinal.2Fiot.2Frtos.2Flibs.2Fgm.2Di35.2Frel.2Fwork.2Fintel_dvfs.	351
0x23bd42	FUNC	DVFS_SetLimits...2Fhome.2Fmal.2Fgm_release.2FMY22.2D026.2Ffinal.2Fiot.2Frtos.2Flibs.2Fgm.2Di35.2Frel.2Fwork.2Fintel_dvfs.	25
0x23bd5b	FUNC	DVFS_WriteRegister...2Fhome.2Fmal.2Fgm_release.2FMY22.2D026.2Ffinal.2Fiot.2Frtos.2Flibs.2Fgm.2Di35.2Frel.2Fwork.2Fintel_dvfs.	422
0x23bf01	FUNC	DVFS_Resource_CreateIODevice...2Fhome.2Fmal.2Fgm_release.2FMY22.2D026.2Ffinal.2Fiot.2Frtos.2Flibs.2Fgm.2Di35.2Frel.2Fwork.2Fintel_dvfs.	3
0x23bf04	FUNC	DVFS_Resource_WriteMsrCallback...2Fhome.2Fmal.2Fgm_release.2FMY22.2D026.2Ffinal.2Fiot.2Frtos.2Flibs.2Fgm.2Di35.2Frel.2Fwork.2Fintel_dvfs.	45
0x23bf31	FUNC	DVFS_Resource_ReadRegister...2Fhome.2Fmal.2Fgm_release.2FMY22.2D026.2Ffinal.2Fiot.2Frtos.2Flibs.2Fgm.2Di35.2Frel.2Fwork.2Fintel_dvfs.	118
0x23bfa9	FUNC	PerfMon_Init...2Fhome.2Fmal.2Fgm_release.2FMY22.2D026.2Ffinal.2Fiot.2Frtos.2Flibs.2Fgm.2Di35.2Frel.2Fwork.2Fguest_pmu.	172
0x23c055	FUNC	PerfMon_Resource_CreateIODevice...2Fhome.2Fmal.2Fgm_release.2FMY22.2D026.2Ffinal.2Fiot.2Frtos.2Flibs.2Fgm.2Di35.2Frel.2Fwork.2Fguest_pmu.	3
0x23c058	FUNC	PerfMon_Resource_WriteMsrCallback...2Fhome.2Fmal.2Fgm_release.2FMY22.2D026.2Ffinal.2Fiot.2Frtos.2Flibs.2Fgm.2Di35.2Frel.2Fwork.2Fguest_pmu.	81
0x23c0a9	FUNC	PerfMon_Resource_ReadRegister...2Fhome.2Fmal.2Fgm_release.2FMY22.2D026.2Ffinal.2Fiot.2Frtos.2Flibs.2Fgm.2Di35.2Frel.2Fwork.2Fguest_pmu.	163
0x23c14d	FUNC	TempMsr_Init	30
0x23c16b	FUNC	TempMsr_CreateIODevice...2Fhome.2Fmal.2Fgm_release.2FMY22.2D026.2Ffinal.2Fiot.2Frtos.2Flibs.2Fgm.2Di35.2Frel.2Fwork.2Fintel_temp_msr.	3
0x23c16e	FUNC	TempMsr_ReadRegister...2Fhome.2Fmal.2Fgm_release.2FMY22.2D026.2Ffinal.2Fiot.2Frtos.2Flibs.2Fgm.2Di35.2Frel.2Fwork.2Fintel_temp_msr.	74
0x23c1bb	FUNC	Fallback_VisitPciFunction...2Fhome.2Fmal.2Fgm_release.2FMY22.2D026.2Ffinal.2Fiot.2Frtos.2Flibs.2Fgm.2Di35.2Frel.2Fwork.2Fpassthru_fallback.	100
0x23c21f	FUNC	Fallback_Create...2Fhome.2Fmal.2Fgm_release.2FMY22.2D026.2Ffinal.2Fiot.2Frtos.2Flibs.2Fgm.2Di35.2Frel.2Fwork.2Fpassthru_fallback.	3
0x23c222	FUNC	Fallback_Init	246
0x23c318	FUNC	PassthruBootStatus_Create...2Fhome.2Fmal.2Fgm_release.2FMY22.2D026.2Ffinal.2Fiot.2Frtos.2Flibs.2Fgm.2Di35.2Frel.2Fwork.2Fpassthru_fallback.	3
0x23c31b	FUNC	PassthruBootStatus_ReadRegister...2Fhome.2Fmal.2Fgm_release.2FMY22.2D026.2Ffinal.2Fiot.2Frtos.2Flibs.2Fgm.2Di35.2Frel.2Fwork.2Fpassthru_fallback.	28
0x23c338	FUNC	strncpy	55
0x23c370	FUNC	memcmp	34
0x23c394	FUNC	strncmp	49
0x23c3c8	FUNC	strlen	18
0x23c3dc	FUNC	strcmp	29
0x23c3fc	FUNC	memmove	82
0x23c450	FUNC	isalnum	30
0x23c46e	FUNC	isalpha	15
0x23c47d	FUNC	iscntrl	17
0x23c48e	FUNC	isdigit	12
0x23c49a	FUNC	isgraph	12
0x23c4a6	FUNC	islower	12
0x23c4b2	FUNC	isprint	12
0x23c4be	FUNC	ispunct	47
0x23c4ed	FUNC	isspace	20
0x23c501	FUNC	isupper	12
0x23c50d	FUNC	isxdigit	30
0x23c52b	FUNC	tolower	20
0x23c53f	FUNC	toupper	22
0x23c558	FUNC	main	12
0x23c564	FUNC	BSP_OutputExtendedBootBanner	58
0x23c59e	FUNC	BSP_HostIO	37
0x23c5c4	FUNC	GetGMConfigurationBanner	20
0x23c5d8	FUNC	sdhc_driver_match...2Fhome.2Fmal.2Fgm_release.2FMY22.2D026.2Ffinal.2Fiot.2Frtos.2Flibs.2Fgm.2Di35.2Frel.2Fwork.2Flibs.2Flibpassthrudev.2Fsdhc_passthru.	42
0x23c602	FUNC	sdhc_driver_init...2Fhome.2Fmal.2Fgm_release.2FMY22.2D026.2Ffinal.2Fiot.2Frtos.2Flibs.2Fgm.2Di35.2Frel.2Fwork.2Flibs.2Flibpassthrudev.2Fsdhc_passthru.	162
0x23c6a4	FUNC	sdhc_IODName...2Fhome.2Fmal.2Fgm_release.2FMY22.2D026.2Ffinal.2Fiot.2Frtos.2Flibs.2Fgm.2Di35.2Frel.2Fwork.2Flibs.2Flibpassthrudev.2Fsdhc_passthru.	25
0x23c6c0	FUNC	gm_eth_driver_match...2Fhome.2Fmal.2Fgm_release.2FMY22.2D026.2Ffinal.2Fiot.2Frtos.2Flibs.2Fgm.2Di35.2Frel.2Fwork.2Flibs.2Flibpassthrudev.2Fgm_eth_passthru.	56
0x23c6f8	FUNC	gm_eth_driver_init...2Fhome.2Fmal.2Fgm_release.2FMY22.2D026.2Ffinal.2Fiot.2Frtos.2Flibs.2Fgm.2Di35.2Frel.2Fwork.2Flibs.2Flibpassthrudev.2Fgm_eth_passthru.	93
0x23c755	FUNC	gm_eth_msi_info...2Fhome.2Fmal.2Fgm_release.2FMY22.2D026.2Ffinal.2Fiot.2Frtos.2Flibs.2Fgm.2Di35.2Frel.2Fwork.2Flibs.2Flibpassthrudev.2Fgm_eth_passthru.	53
0x23c78c	FUNC	uart_driver_match...2Fhome.2Fmal.2Fgm_release.2FMY22.2D026.2Ffinal.2Fiot.2Frtos.2Flibs.2Fgm.2Di35.2Frel.2Fwork.2Flibs.2Flibpassthrudev.2Fuart_passthru.	49
0x23c7bd	FUNC	uart_driver_init...2Fhome.2Fmal.2Fgm_release.2FMY22.2D026.2Ffinal.2Fiot.2Frtos.2Flibs.2Fgm.2Di35.2Frel.2Fwork.2Flibs.2Flibpassthrudev.2Fuart_passthru.	253
0x23c8ba	FUNC	uart_IODName...2Fhome.2Fmal.2Fgm_release.2FMY22.2D026.2Ffinal.2Fiot.2Frtos.2Flibs.2Fgm.2Di35.2Frel.2Fwork.2Flibs.2Flibpassthrudev.2Fuart_passthru.	25
0x23c8d4	FUNC	GmWifi_ExceptionHandler...2Fhome.2Fmal.2Fgm_release.2FMY22.2D026.2Ffinal.2Fiot.2Frtos.2Flibs.2Fgm.2Di35.2Frel.2Fwork.2Flibs.2Flibpassthrudev.2Fgm_wifi_passthru.	25
0x23c8ed	FUNC	gm_wifi_driver_match...2Fhome.2Fmal.2Fgm_release.2FMY22.2D026.2Ffinal.2Fiot.2Frtos.2Flibs.2Fgm.2Di35.2Frel.2Fwork.2Flibs.2Flibpassthrudev.2Fgm_wifi_passthru.	49
0x23c91e	FUNC	nxp_force_link_speed_2_5...2Fhome.2Fmal.2Fgm_release.2FMY22.2D026.2Ffinal.2Fiot.2Frtos.2Flibs.2Fgm.2Di35.2Frel.2Fwork.2Flibs.2Flibpassthrudev.2Fgm_wifi_passthru.	501
0x23cb13	FUNC	gm_wifi_driver_init...2Fhome.2Fmal.2Fgm_release.2FMY22.2D026.2Ffinal.2Fiot.2Frtos.2Flibs.2Fgm.2Di35.2Frel.2Fwork.2Flibs.2Flibpassthrudev.2Fgm_wifi_passthru.	248
0x23cc0b	FUNC	gm_wifi_msi_info...2Fhome.2Fmal.2Fgm_release.2FMY22.2D026.2Ffinal.2Fiot.2Frtos.2Flibs.2Fgm.2Di35.2Frel.2Fwork.2Flibs.2Flibpassthrudev.2Fgm_wifi_passthru.	26
0x23cc25	FUNC	WifiDummy_InitializeResources...2Fhome.2Fmal.2Fgm_release.2FMY22.2D026.2Ffinal.2Fiot.2Frtos.2Flibs.2Fgm.2Di35.2Frel.2Fwork.2Flibs.2Flibpassthrudev.2Fgm_wifi_passthru.	3
0x23cc28	FUNC	WifiDummy_ReadRegister...2Fhome.2Fmal.2Fgm_release.2FMY22.2D026.2Ffinal.2Fiot.2Frtos.2Flibs.2Fgm.2Di35.2Frel.2Fwork.2Flibs.2Flibpassthrudev.2Fgm_wifi_passthru.	5
0x23cc2d	FUNC	WifiDummy_Init...2Fhome.2Fmal.2Fgm_release.2FMY22.2D026.2Ffinal.2Fiot.2Frtos.2Flibs.2Fgm.2Di35.2Frel.2Fwork.2Flibs.2Flibpassthrudev.2Fgm_wifi_passthru.	71
0x23cc74	FUNC	GmAudio_ExceptionHandler...2Fhome.2Fmal.2Fgm_release.2FMY22.2D026.2Ffinal.2Fiot.2Frtos.2Flibs.2Fgm.2Di35.2Frel.2Fwork.2Flibs.2Flibpassthrudev.2Fgm_audio_passthru.	25
0x23cc8d	FUNC	gm_audio_driver_match...2Fhome.2Fmal.2Fgm_release.2FMY22.2D026.2Ffinal.2Fiot.2Frtos.2Flibs.2Fgm.2Di35.2Frel.2Fwork.2Flibs.2Flibpassthrudev.2Fgm_audio_passthru.	27
0x23cca8	FUNC	gm_audio_driver_init...2Fhome.2Fmal.2Fgm_release.2FMY22.2D026.2Ffinal.2Fiot.2Frtos.2Flibs.2Fgm.2Di35.2Frel.2Fwork.2Flibs.2Flibpassthrudev.2Fgm_audio_passthru.	60
0x23cce4	FUNC	gm_audio_msi_info...2Fhome.2Fmal.2Fgm_release.2FMY22.2D026.2Ffinal.2Fiot.2Frtos.2Flibs.2Fgm.2Di35.2Frel.2Fwork.2Flibs.2Flibpassthrudev.2Fgm_audio_passthru.	26
0x23cd00	FUNC	P2SB_Initialize...2Fhome.2Fmal.2Fgm_release.2FMY22.2D026.2Ffinal.2Fiot.2Frtos.2Flibs.2Fgm.2Di35.2Frel.2Fwork.2Flibs.2Flibpassthrudev.2Fp2sb_passthru.	37
0x23cd25	FUNC	P2SB_InitializeResources...2Fhome.2Fmal.2Fgm_release.2FMY22.2D026.2Ffinal.2Fiot.2Frtos.2Flibs.2Fgm.2Di35.2Frel.2Fwork.2Flibs.2Flibpassthrudev.2Fp2sb_passthru.	3
0x23cd28	FUNC	P2SB_ReadPciCfg...2Fhome.2Fmal.2Fgm_release.2FMY22.2D026.2Ffinal.2Fiot.2Frtos.2Flibs.2Fgm.2Di35.2Frel.2Fwork.2Flibs.2Flibpassthrudev.2Fp2sb_passthru.	176
0x23cdd8	FUNC	P2SB_ReadRegister...2Fhome.2Fmal.2Fgm_release.2FMY22.2D026.2Ffinal.2Fiot.2Frtos.2Flibs.2Fgm.2Di35.2Frel.2Fwork.2Flibs.2Flibpassthrudev.2Fp2sb_passthru.	156
0x23ce74	FUNC	P2SB_WritePciCfg...2Fhome.2Fmal.2Fgm_release.2FMY22.2D026.2Ffinal.2Fiot.2Frtos.2Flibs.2Fgm.2Di35.2Frel.2Fwork.2Flibs.2Flibpassthrudev.2Fp2sb_passthru.	136
0x23cefc	FUNC	P2SB_WriteRegister...2Fhome.2Fmal.2Fgm_release.2FMY22.2D026.2Ffinal.2Fiot.2Frtos.2Flibs.2Fgm.2Di35.2Frel.2Fwork.2Flibs.2Flibpassthrudev.2Fp2sb_passthru.	401
0x23d08d	FUNC	p2sb_driver_init...2Fhome.2Fmal.2Fgm_release.2FMY22.2D026.2Ffinal.2Fiot.2Frtos.2Flibs.2Fgm.2Di35.2Frel.2Fwork.2Flibs.2Flibpassthrudev.2Fp2sb_passthru.	75
0x23d0d8	FUNC	p2sb_driver_match...2Fhome.2Fmal.2Fgm_release.2FMY22.2D026.2Ffinal.2Fiot.2Frtos.2Flibs.2Fgm.2Di35.2Frel.2Fwork.2Flibs.2Flibpassthrudev.2Fp2sb_passthru.	21
0x23d0f0	FUNC	i2c_driver_match...2Fhome.2Fmal.2Fgm_release.2FMY22.2D026.2Ffinal.2Fiot.2Frtos.2Flibs.2Fgm.2Di35.2Frel.2Fwork.2Flibs.2Flibpassthrudev.2Fi2c_passthru.	77
0x23d13d	FUNC	i2c_driver_init...2Fhome.2Fmal.2Fgm_release.2FMY22.2D026.2Ffinal.2Fiot.2Frtos.2Flibs.2Fgm.2Di35.2Frel.2Fwork.2Flibs.2Flibpassthrudev.2Fi2c_passthru.	142
0x23d1cb	FUNC	i2c_IODName...2Fhome.2Fmal.2Fgm_release.2FMY22.2D026.2Ffinal.2Fiot.2Frtos.2Flibs.2Fgm.2Di35.2Frel.2Fwork.2Flibs.2Flibpassthrudev.2Fi2c_passthru.	25
0x23d1e4	FUNC	gen9_driver_match...2Fhome.2Fmal.2Fgm_release.2FMY22.2D026.2Ffinal.2Fiot.2Frtos.2Flibs.2Fgm.2Di35.2Frel.2Fwork.2Flibs.2Flibpassthrudev.2Fgen9_passthru.	49
0x23d215	FUNC	gen9_driver_init...2Fhome.2Fmal.2Fgm_release.2FMY22.2D026.2Ffinal.2Fiot.2Frtos.2Flibs.2Fgm.2Di35.2Frel.2Fwork.2Flibs.2Flibpassthrudev.2Fgen9_passthru.	60
0x23d251	FUNC	gen9_msi_info...2Fhome.2Fmal.2Fgm_release.2FMY22.2D026.2Ffinal.2Fiot.2Frtos.2Flibs.2Fgm.2Di35.2Frel.2Fwork.2Flibs.2Flibpassthrudev.2Fgen9_passthru.	26
0x23d26b	FUNC	Gen9_Initialize...2Fhome.2Fmal.2Fgm_release.2FMY22.2D026.2Ffinal.2Fiot.2Frtos.2Flibs.2Fgm.2Di35.2Frel.2Fwork.2Flibs.2Flibpassthrudev.2Fgen9_passthru.	241
0x23d35c	FUNC	Gen9_ReadRegister...2Fhome.2Fmal.2Fgm_release.2FMY22.2D026.2Ffinal.2Fiot.2Frtos.2Flibs.2Fgm.2Di35.2Frel.2Fwork.2Flibs.2Flibpassthrudev.2Fgen9_passthru.	5
0x23d361	FUNC	Gen9_WriteRegister...2Fhome.2Fmal.2Fgm_release.2FMY22.2D026.2Ffinal.2Fiot.2Frtos.2Flibs.2Fgm.2Di35.2Frel.2Fwork.2Flibs.2Flibpassthrudev.2Fgen9_passthru.	427
0x23d50c	FUNC	Gen9_ReadStatus...2Fhome.2Fmal.2Fgm_release.2FMY22.2D026.2Ffinal.2Fiot.2Frtos.2Flibs.2Fgm.2Di35.2Frel.2Fwork.2Flibs.2Flibpassthrudev.2Fgen9_passthru.	220
0x23d5e8	FUNC	spi_driver_match...2Fhome.2Fmal.2Fgm_release.2FMY22.2D026.2Ffinal.2Fiot.2Frtos.2Flibs.2Fgm.2Di35.2Frel.2Fwork.2Flibs.2Flibpassthrudev.2Fspi_passthru.	42
0x23d612	FUNC	spi_driver_init...2Fhome.2Fmal.2Fgm_release.2FMY22.2D026.2Ffinal.2Fiot.2Frtos.2Flibs.2Fgm.2Di35.2Frel.2Fwork.2Flibs.2Flibpassthrudev.2Fspi_passthru.	162
0x23d6b4	FUNC	spi_IODName...2Fhome.2Fmal.2Fgm_release.2FMY22.2D026.2Ffinal.2Fiot.2Frtos.2Flibs.2Fgm.2Di35.2Frel.2Fwork.2Flibs.2Flibpassthrudev.2Fspi_passthru.	25
0x23d6d0	FUNC	Xdci_ExceptionHandler...2Fhome.2Fmal.2Fgm_release.2FMY22.2D026.2Ffinal.2Fiot.2Frtos.2Flibs.2Fgm.2Di35.2Frel.2Fwork.2Flibs.2Flibpassthrudev.2Fxdci_passthru.	25
0x23d6e9	FUNC	xdci_driver_match...2Fhome.2Fmal.2Fgm_release.2FMY22.2D026.2Ffinal.2Fiot.2Frtos.2Flibs.2Fgm.2Di35.2Frel.2Fwork.2Flibs.2Flibpassthrudev.2Fxdci_passthru.	27
0x23d704	FUNC	xdci_driver_init...2Fhome.2Fmal.2Fgm_release.2FMY22.2D026.2Ffinal.2Fiot.2Frtos.2Flibs.2Fgm.2Di35.2Frel.2Fwork.2Flibs.2Flibpassthrudev.2Fxdci_passthru.	64
0x23d744	FUNC	EHCI_Initialize...2Fhome.2Fmal.2Fgm_release.2FMY22.2D026.2Ffinal.2Fiot.2Frtos.2Flibs.2Fgm.2Di35.2Frel.2Fwork.2Flibs.2Flibpassthrudev.2Fusb_onboard_vm.	52
0x23d778	FUNC	EHCI_InitializeResources...2Fhome.2Fmal.2Fgm_release.2FMY22.2D026.2Ffinal.2Fiot.2Frtos.2Flibs.2Fgm.2Di35.2Frel.2Fwork.2Flibs.2Flibpassthrudev.2Fusb_onboard_vm.	146
0x23d80a	FUNC	ehci_driver_match...2Fhome.2Fmal.2Fgm_release.2FMY22.2D026.2Ffinal.2Fiot.2Frtos.2Flibs.2Fgm.2Di35.2Frel.2Fwork.2Flibs.2Flibpassthrudev.2Fusb_onboard_vm.	33
0x23d82b	FUNC	ehci_driver_init...2Fhome.2Fmal.2Fgm_release.2FMY22.2D026.2Ffinal.2Fiot.2Frtos.2Flibs.2Fgm.2Di35.2Frel.2Fwork.2Flibs.2Flibpassthrudev.2Fusb_onboard_vm.	166
0x23d8d1	FUNC	EHCI_IODName...2Fhome.2Fmal.2Fgm_release.2FMY22.2D026.2Ffinal.2Fiot.2Frtos.2Flibs.2Fgm.2Di35.2Frel.2Fwork.2Flibs.2Flibpassthrudev.2Fusb_onboard_vm.	25
0x23d8ea	FUNC	xhci_driver_match...2Fhome.2Fmal.2Fgm_release.2FMY22.2D026.2Ffinal.2Fiot.2Frtos.2Flibs.2Fgm.2Di35.2Frel.2Fwork.2Flibs.2Flibpassthrudev.2Fusb_onboard_vm.	27
0x23d905	FUNC	xhci_driver_init...2Fhome.2Fmal.2Fgm_release.2FMY22.2D026.2Ffinal.2Fiot.2Frtos.2Flibs.2Fgm.2Di35.2Frel.2Fwork.2Flibs.2Flibpassthrudev.2Fusb_onboard_vm.	295
0x23da2c	FUNC	xhci_msi_info...2Fhome.2Fmal.2Fgm_release.2FMY22.2D026.2Ffinal.2Fiot.2Frtos.2Flibs.2Fgm.2Di35.2Frel.2Fwork.2Flibs.2Flibpassthrudev.2Fusb_onboard_vm.	26
0x23da46	FUNC	XhciPassthru_Initialize...2Fhome.2Fmal.2Fgm_release.2FMY22.2D026.2Ffinal.2Fiot.2Frtos.2Flibs.2Fgm.2Di35.2Frel.2Fwork.2Flibs.2Flibpassthrudev.2Fusb_onboard_vm.	24
0x23da5e	FUNC	XhciPassthru_WriteRegister...2Fhome.2Fmal.2Fgm_release.2FMY22.2D026.2Ffinal.2Fiot.2Frtos.2Flibs.2Fgm.2Di35.2Frel.2Fwork.2Flibs.2Flibpassthrudev.2Fusb_onboard_vm.	202
0x23db28	FUNC	XHCI_IODName...2Fhome.2Fmal.2Fgm_release.2FMY22.2D026.2Ffinal.2Fiot.2Frtos.2Flibs.2Fgm.2Di35.2Frel.2Fwork.2Flibs.2Flibpassthrudev.2Fusb_onboard_vm.	25
0x23db44	FUNC	Safeplex_IsSecureBoot...2Fhome.2Fmal.2Fgm_release.2FMY22.2D026.2Ffinal.2Fiot.2Frtos.2Flibs.2Fgm.2Di35.2Frel.2Fwork.2Flibs.2Flibpassthrudev.2Fusb_onboard_common.	3
0x23db47	FUNC	Usb_GrabEHCI	369
0x23dcb8	FUNC	Usb_ChipsetInitEHCI	1
0x23dcbc	FUNC	Passthru_ExceptionHandler	344
0x23de14	FUNC	Passthru_AccessBar...2Fhome.2Fmal.2Fgm_release.2FMY22.2D026.2Ffinal.2Fiot.2Frtos.2Flibs.2Fgm.2Di35.2Frel.2Fwork.2Flibs.2Flibpassthrudev.2Fpassthru.	152
0x23deac	FUNC	Passthru_WritePciCfg...2Fhome.2Fmal.2Fgm_release.2FMY22.2D026.2Ffinal.2Fiot.2Frtos.2Flibs.2Fgm.2Di35.2Frel.2Fwork.2Flibs.2Flibpassthrudev.2Fpassthru.	194
0x23df6e	FUNC	Passthru_ReadPciCfg...2Fhome.2Fmal.2Fgm_release.2FMY22.2D026.2Ffinal.2Fiot.2Frtos.2Flibs.2Fgm.2Di35.2Frel.2Fwork.2Flibs.2Flibpassthrudev.2Fpassthru.	78
0x23dfbc	FUNC	Passthru_AccessRegister...2Fhome.2Fmal.2Fgm_release.2FMY22.2D026.2Ffinal.2Fiot.2Frtos.2Flibs.2Fgm.2Di35.2Frel.2Fwork.2Flibs.2Flibpassthrudev.2Fpassthru.	212
0x23e090	FUNC	Passthru_ReadRegister	693
0x23e345	FUNC	Passthru_WriteRegister	216
0x23e41d	FUNC	Passthru_Initialize	24
0x23e435	FUNC	Passthru_InitializeResources	262
0x23e53b	FUNC	Passthru_Finalize	3
0x23e53e	FUNC	Passthru_PciDeviceMatch	156
0x23e5da	FUNC	BSP_GetIODeviceBdfForVtd	76
0x23e628	FUNC	GPIO_PCI_DriverMatch...2Fhome.2Fmal.2Fgm_release.2FMY22.2D026.2Ffinal.2Fiot.2Frtos.2Flibs.2Fgm.2Di35.2Frel.2Fwork.2Flibs.2Flibgpiobsp.2Fgpio.	70
0x23e66e	FUNC	GPIO_PCI_DriverInit...2Fhome.2Fmal.2Fgm_release.2FMY22.2D026.2Ffinal.2Fiot.2Frtos.2Flibs.2Fgm.2Di35.2Frel.2Fwork.2Flibs.2Flibgpiobsp.2Fgpio.	165
0x23e713	FUNC	GPIO_GS_ExceptionHandler...2Fhome.2Fmal.2Fgm_release.2FMY22.2D026.2Ffinal.2Fiot.2Frtos.2Flibs.2Fgm.2Di35.2Frel.2Fwork.2Flibs.2Flibgpiobsp.2Fgpio.	52
0x23e747	FUNC	GPIO_GS_IE_AndIS_Handler...2Fhome.2Fmal.2Fgm_release.2FMY22.2D026.2Ffinal.2Fiot.2Frtos.2Flibs.2Fgm.2Di35.2Frel.2Fwork.2Flibs.2Flibgpiobsp.2Fgpio.	162
0x23e7e9	FUNC	GPIO_GS_ExceptionCallback...2Fhome.2Fmal.2Fgm_release.2FMY22.2D026.2Ffinal.2Fiot.2Frtos.2Flibs.2Fgm.2Di35.2Frel.2Fwork.2Flibs.2Flibgpiobsp.2Fgpio.	385
0x23e96a	FUNC	GpioInitialize	331
0x23eab5	FUNC	gpio_get_commpin...2Fhome.2Fmal.2Fgm_release.2FMY22.2D026.2Ffinal.2Fiot.2Frtos.2Flibs.2Fgm.2Di35.2Frel.2Fwork.2Flibs.2Flibgpiobsp.2Fgpio.	18
0x23eac7	FUNC	GPIO_InitializeResources...2Fhome.2Fmal.2Fgm_release.2FMY22.2D026.2Ffinal.2Fiot.2Frtos.2Flibs.2Fgm.2Di35.2Frel.2Fwork.2Flibs.2Flibgpiobsp.2Fgpio.	317
0x23ec04	FUNC	GPIO_ExceptionHandler...2Fhome.2Fmal.2Fgm_release.2FMY22.2D026.2Ffinal.2Fiot.2Frtos.2Flibs.2Fgm.2Di35.2Frel.2Fwork.2Flibs.2Flibgpiobsp.2Fgpio.	5
0x23ec09	FUNC	GPIO_Initialize...2Fhome.2Fmal.2Fgm_release.2FMY22.2D026.2Ffinal.2Fiot.2Frtos.2Flibs.2Fgm.2Di35.2Frel.2Fwork.2Flibs.2Flibgpiobsp.2Fgpio.	218
0x23ece3	FUNC	GpioController_ReadRegister...2Fhome.2Fmal.2Fgm_release.2FMY22.2D026.2Ffinal.2Fiot.2Frtos.2Flibs.2Fgm.2Di35.2Frel.2Fwork.2Flibs.2Flibgpiobsp.2Fgpio.	953
0x23f09c	FUNC	GPIO_ReadRegister...2Fhome.2Fmal.2Fgm_release.2FMY22.2D026.2Ffinal.2Fiot.2Frtos.2Flibs.2Fgm.2Di35.2Frel.2Fwork.2Flibs.2Flibgpiobsp.2Fgpio.	479
0x23f27b	FUNC	GpioController_WriteRegister...2Fhome.2Fmal.2Fgm_release.2FMY22.2D026.2Ffinal.2Fiot.2Frtos.2Flibs.2Fgm.2Di35.2Frel.2Fwork.2Flibs.2Flibgpiobsp.2Fgpio.	1252
0x23f75f	FUNC	gpio_reset_device...2Fhome.2Fmal.2Fgm_release.2FMY22.2D026.2Ffinal.2Fiot.2Frtos.2Flibs.2Fgm.2Di35.2Frel.2Fwork.2Flibs.2Flibgpiobsp.2Fgpio.	963
0x23fb22	FUNC	GPIO_WriteRegister...2Fhome.2Fmal.2Fgm_release.2FMY22.2D026.2Ffinal.2Fiot.2Frtos.2Flibs.2Fgm.2Di35.2Frel.2Fwork.2Flibs.2Flibgpiobsp.2Fgpio.	1642
0x241000	FUNC	IVECT_0	9
0x241010	FUNC	IVECT_1	9
0x241020	FUNC	IVECT_2	9
0x241030	FUNC	IVECT_3	9
0x241040	FUNC	IVECT_4	9
0x241050	FUNC	IVECT_5	9
0x241060	FUNC	IVECT_6	9
0x241070	FUNC	IVECT_7	9
0x241080	FUNC	IVECT_8	7
0x241090	FUNC	IVECT_9	9
0x2410a0	FUNC	IVECT_10	7
0x2410b0	FUNC	IVECT_11	7
0x2410c0	FUNC	IVECT_12	7
0x2410d0	FUNC	IVECT_13	7
0x2410e0	FUNC	IVECT_14	7
0x2410f0	FUNC	IVECT_15	9
0x241100	FUNC	IVECT_16	9
0x241110	FUNC	IVECT_17	7
0x241120	FUNC	IVECT_18	9
0x241130	FUNC	IVECT_19	9
0x241140	FUNC	IVECT_20	9
0x241150	FUNC	IVECT_21	9
0x241160	FUNC	IVECT_22	9
0x241170	FUNC	IVECT_23	9
0x241180	FUNC	IVECT_24	9
0x241190	FUNC	IVECT_25	9
0x2411a0	FUNC	IVECT_26	9
0x2411b0	FUNC	IVECT_27	9
0x2411c0	FUNC	IVECT_28	9
0x2411d0	FUNC	IVECT_29	9
0x2411e0	FUNC	IVECT_30	9
0x2411f0	FUNC	IVECT_31	9
0x241200	FUNC	IVECT_32	9
0x241210	FUNC	IVECT_33	9
0x241220	FUNC	IVECT_34	9
0x241230	FUNC	IVECT_35	9
0x241240	FUNC	IVECT_36	9
0x241250	FUNC	IVECT_37	9
0x241260	FUNC	IVECT_38	9
0x241270	FUNC	IVECT_39	9
0x241280	FUNC	IVECT_40	9
0x241290	FUNC	IVECT_41	9
0x2412a0	FUNC	IVECT_42	9
0x2412b0	FUNC	IVECT_43	9
0x2412c0	FUNC	IVECT_44	9
0x2412d0	FUNC	IVECT_45	9
0x2412e0	FUNC	IVECT_46	9
0x2412f0	FUNC	IVECT_47	9
0x241300	FUNC	IVECT_48	9
0x241310	FUNC	IVECT_49	9
0x241320	FUNC	IVECT_50	9
0x241330	FUNC	IVECT_51	9
0x241340	FUNC	IVECT_52	9
0x241350	FUNC	IVECT_53	9
0x241360	FUNC	IVECT_54	9
0x241370	FUNC	IVECT_55	9
0x241380	FUNC	IVECT_56	9
0x241390	FUNC	IVECT_57	9
0x2413a0	FUNC	IVECT_58	9
0x2413b0	FUNC	IVECT_59	9
0x2413c0	FUNC	IVECT_60	9
0x2413d0	FUNC	IVECT_61	9
0x2413e0	FUNC	IVECT_62	9
0x2413f0	FUNC	IVECT_63	9
0x241400	FUNC	IVECT_64	9
0x241410	FUNC	IVECT_65	9
0x241420	FUNC	IVECT_66	9
0x241430	FUNC	IVECT_67	9
0x241440	FUNC	IVECT_68	9
0x241450	FUNC	IVECT_69	9
0x241460	FUNC	IVECT_70	9
0x241470	FUNC	IVECT_71	9
0x241480	FUNC	IVECT_72	9
0x241490	FUNC	IVECT_73	9
0x2414a0	FUNC	IVECT_74	9
0x2414b0	FUNC	IVECT_75	9
0x2414c0	FUNC	IVECT_76	9
0x2414d0	FUNC	IVECT_77	9
0x2414e0	FUNC	IVECT_78	9
0x2414f0	FUNC	IVECT_79	9
0x241500	FUNC	IVECT_80	9
0x241510	FUNC	IVECT_81	9
0x241520	FUNC	IVECT_82	9
0x241530	FUNC	IVECT_83	9
0x241540	FUNC	IVECT_84	9
0x241550	FUNC	IVECT_85	9
0x241560	FUNC	IVECT_86	9
0x241570	FUNC	IVECT_87	9
0x241580	FUNC	IVECT_88	9
0x241590	FUNC	IVECT_89	9
0x2415a0	FUNC	IVECT_90	9
0x2415b0	FUNC	IVECT_91	9
0x2415c0	FUNC	IVECT_92	9
0x2415d0	FUNC	IVECT_93	9
0x2415e0	FUNC	IVECT_94	9
0x2415f0	FUNC	IVECT_95	9
0x241600	FUNC	IVECT_96	9
0x241610	FUNC	IVECT_97	9
0x241620	FUNC	IVECT_98	9
0x241630	FUNC	IVECT_99	9
0x241640	FUNC	IVECT_100	9
0x241650	FUNC	IVECT_101	9
0x241660	FUNC	IVECT_102	9
0x241670	FUNC	IVECT_103	9
0x241680	FUNC	IVECT_104	9
0x241690	FUNC	IVECT_105	9
0x2416a0	FUNC	IVECT_106	9
0x2416b0	FUNC	IVECT_107	9
0x2416c0	FUNC	IVECT_108	9
0x2416d0	FUNC	IVECT_109	9
0x2416e0	FUNC	IVECT_110	9
0x2416f0	FUNC	IVECT_111	9
0x241700	FUNC	IVECT_112	9
0x241710	FUNC	IVECT_113	9
0x241720	FUNC	IVECT_114	9
0x241730	FUNC	IVECT_115	9
0x241740	FUNC	IVECT_116	9
0x241750	FUNC	IVECT_117	9
0x241760	FUNC	IVECT_118	9
0x241770	FUNC	IVECT_119	9
0x241780	FUNC	IVECT_120	9
0x241790	FUNC	IVECT_121	9
0x2417a0	FUNC	IVECT_122	9
0x2417b0	FUNC	IVECT_123	9
0x2417c0	FUNC	IVECT_124	9
0x2417d0	FUNC	IVECT_125	9
0x2417e0	FUNC	IVECT_126	9
0x2417f0	FUNC	IVECT_127	9
0x241800	FUNC	IVECT_128	12
0x241810	FUNC	IVECT_129	12
0x241820	FUNC	IVECT_130	12
0x241830	FUNC	IVECT_131	12
0x241840	FUNC	IVECT_132	12
0x241850	FUNC	IVECT_133	12
0x241860	FUNC	IVECT_134	12
0x241870	FUNC	IVECT_135	12
0x241880	FUNC	IVECT_136	12
0x241890	FUNC	IVECT_137	12
0x2418a0	FUNC	IVECT_138	12
0x2418b0	FUNC	IVECT_139	12
0x2418c0	FUNC	IVECT_140	12
0x2418d0	FUNC	IVECT_141	12
0x2418e0	FUNC	IVECT_142	12
0x2418f0	FUNC	IVECT_143	12
0x241900	FUNC	IVECT_144	12
0x241910	FUNC	IVECT_145	12
0x241920	FUNC	IVECT_146	12
0x241930	FUNC	IVECT_147	12
0x241940	FUNC	IVECT_148	12
0x241950	FUNC	IVECT_149	12
0x241960	FUNC	IVECT_150	12
0x241970	FUNC	IVECT_151	12
0x241980	FUNC	IVECT_152	12
0x241990	FUNC	IVECT_153	12
0x2419a0	FUNC	IVECT_154	12
0x2419b0	FUNC	IVECT_155	12
0x2419c0	FUNC	IVECT_156	12
0x2419d0	FUNC	IVECT_157	12
0x2419e0	FUNC	IVECT_158	12
0x2419f0	FUNC	IVECT_159	12
0x241a00	FUNC	IVECT_160	12
0x241a10	FUNC	IVECT_161	12
0x241a20	FUNC	IVECT_162	12
0x241a30	FUNC	IVECT_163	12
0x241a40	FUNC	IVECT_164	12
0x241a50	FUNC	IVECT_165	12
0x241a60	FUNC	IVECT_166	12
0x241a70	FUNC	IVECT_167	12
0x241a80	FUNC	IVECT_168	12
0x241a90	FUNC	IVECT_169	12
0x241aa0	FUNC	IVECT_170	12
0x241ab0	FUNC	IVECT_171	12
0x241ac0	FUNC	IVECT_172	12
0x241ad0	FUNC	IVECT_173	12
0x241ae0	FUNC	IVECT_174	12
0x241af0	FUNC	IVECT_175	12
0x241b00	FUNC	IVECT_176	12
0x241b10	FUNC	IVECT_177	12
0x241b20	FUNC	IVECT_178	12
0x241b30	FUNC	IVECT_179	12
0x241b40	FUNC	IVECT_180	12
0x241b50	FUNC	IVECT_181	12
0x241b60	FUNC	IVECT_182	12
0x241b70	FUNC	IVECT_183	12
0x241b80	FUNC	IVECT_184	12
0x241b90	FUNC	IVECT_185	12
0x241ba0	FUNC	IVECT_186	12
0x241bb0	FUNC	IVECT_187	12
0x241bc0	FUNC	IVECT_188	12
0x241bd0	FUNC	IVECT_189	12
0x241be0	FUNC	IVECT_190	12
0x241bf0	FUNC	IVECT_191	12
0x241c00	FUNC	IVECT_192	12
0x241c10	FUNC	IVECT_193	12
0x241c20	FUNC	IVECT_194	12
0x241c30	FUNC	IVECT_195	12
0x241c40	FUNC	IVECT_196	12
0x241c50	FUNC	IVECT_197	12
0x241c60	FUNC	IVECT_198	12
0x241c70	FUNC	IVECT_199	12
0x241c80	FUNC	IVECT_200	12
0x241c90	FUNC	IVECT_201	12
0x241ca0	FUNC	IVECT_202	12
0x241cb0	FUNC	IVECT_203	12
0x241cc0	FUNC	IVECT_204	12
0x241cd0	FUNC	IVECT_205	12
0x241ce0	FUNC	IVECT_206	12
0x241cf0	FUNC	IVECT_207	12
0x241d00	FUNC	IVECT_208	12
0x241d10	FUNC	IVECT_209	12
0x241d20	FUNC	IVECT_210	12
0x241d30	FUNC	IVECT_211	12
0x241d40	FUNC	IVECT_212	12
0x241d50	FUNC	IVECT_213	12
0x241d60	FUNC	IVECT_214	12
0x241d70	FUNC	IVECT_215	12
0x241d80	FUNC	IVECT_216	12
0x241d90	FUNC	IVECT_217	12
0x241da0	FUNC	IVECT_218	12
0x241db0	FUNC	IVECT_219	12
0x241dc0	FUNC	IVECT_220	12
0x241dd0	FUNC	IVECT_221	12
0x241de0	FUNC	IVECT_222	12
0x241df0	FUNC	IVECT_223	12
0x241e00	FUNC	IVECT_224	12
0x241e10	FUNC	IVECT_225	12
0x241e20	FUNC	IVECT_226	12
0x241e30	FUNC	IVECT_227	12
0x241e40	FUNC	IVECT_228	12
0x241e50	FUNC	IVECT_229	12
0x241e60	FUNC	IVECT_230	12
0x241e70	FUNC	IVECT_231	12
0x241e80	FUNC	IVECT_232	12
0x241e90	FUNC	IVECT_233	12
0x241ea0	FUNC	IVECT_234	12
0x241eb0	FUNC	IVECT_235	12
0x241ec0	FUNC	IVECT_236	12
0x241ed0	FUNC	IVECT_237	12
0x241ee0	FUNC	IVECT_238	12
0x241ef0	FUNC	IVECT_239	12
0x241f00	FUNC	IVECT_240	12
0x241f10	FUNC	IVECT_241	12
0x241f20	FUNC	IVECT_242	12
0x241f30	FUNC	IVECT_243	12
0x241f40	FUNC	IVECT_244	12
0x241f50	FUNC	IVECT_245	12
0x241f60	FUNC	IVECT_246	12
0x241f70	FUNC	IVECT_247	12
0x241f80	FUNC	IVECT_248	12
0x241f90	FUNC	IVECT_249	12
0x241fa0	FUNC	IVECT_250	12
0x241fb0	FUNC	IVECT_251	12
0x241fc0	FUNC	IVECT_252	12
0x241fd0	FUNC	IVECT_253	12
0x241fe0	FUNC	IVECT_254	12
0x241ff0	FUNC	IVECT_255	12
0x242000	FUNC	Trampoline_CommonExceptionCode...2Fhome.2Fmal.2Fgm_release.2FMY22.2D026.2Ffinal.2Fiot.2Frtos.2Flibs.2Fgm.2Di35.2Frel.2Fwork.2Flibkernel.2Flibkernel.2Fcpu_x64.	116
0x242080	FUNC	Trampoline_ExceptionReturnToTask...2Fhome.2Fmal.2Fgm_release.2FMY22.2D026.2Ffinal.2Fiot.2Frtos.2Flibs.2Fgm.2Di35.2Frel.2Fwork.2Flibkernel.2Flibkernel.2Fcpu_x64.	42
0x2420b0	FUNC	Trampoline_SyscallEntry	5
0x2420c0	FUNC	Trampoline_SyscallReturnToTask...2Fhome.2Fmal.2Fgm_release.2FMY22.2D026.2Ffinal.2Fiot.2Frtos.2Flibs.2Fgm.2Di35.2Frel.2Fwork.2Flibkernel.2Flibkernel.2Fcpu_x64.	92
0x242120	FUNC	Trampoline_SwitchToTaskContext...2Fhome.2Fmal.2Fgm_release.2FMY22.2D026.2Ffinal.2Fiot.2Frtos.2Flibs.2Fgm.2Di35.2Frel.2Fwork.2Flibkernel.2Flibkernel.2Fcpu_x64.	16
0x244000	OBJ	__ghsbinfo_clear	240
0x2440f0	OBJ	__ghsbinfo_aclear	0
0x2440f0	OBJ	__ghseinfo_clear	0
0x2440f0	OBJ	__ghsbinfo_copy	120
0x244150	OBJ	__ghsbinfo_acopy	0
0x244150	OBJ	__ghsbinfo_tcopy	0
0x244168	OBJ	__ghseinfo_copy	0
0x244168	OBJ	__secinfo	0
0x245068	OBJ	__ghsbegin_robase	0
0x400000	OBJ	__ghsbegin_execend	0
0x400000	OBJ	__ghsbegin_execname	0
0x40005e	OBJ	__ghsend_execname	0
0x400080	OBJ	intbinfo_copy	8
0x400088	OBJ	inteinfo_copy	8
0x400230	OBJ	SDHC_Passthru_DeviceClass	152
0x4002c8	OBJ	SDHC_Passthru_DriverSuperclass	88
0x400358	OBJ	GmEth_Passthru_DeviceClass	152
0x400420	OBJ	UART_Passthru_DeviceClass	152
0x4004b8	OBJ	UART_Passthru_DriverSuperclass	88
0x4005c0	OBJ	WifiDummy_IOAClass...2Fhome.2Fmal.2Fgm_release.2FMY22.2D026.2Ffinal.2Fiot.2Frtos.2Flibs.2Fgm.2Di35.2Frel.2Fwork.2Flibs.2Flibpassthrudev.2Fgm_wifi_passthru.	152
0x400658	OBJ	GmWifi_Passthru_DeviceClass	152
0x400728	OBJ	GmAudio_Passthru_DeviceClass	152
0x400820	OBJ	P2SB_Passthru_DeviceClass	152
0x400920	OBJ	I2C_Passthru_DeviceClass	152
0x4009b8	OBJ	I2C_Passthru_DriverSuperclass	88
0x400a88	OBJ	TheInterruptInfoDesc...2Fhome.2Fmal.2Fgm_release.2FMY22.2D026.2Ffinal.2Fiot.2Frtos.2Flibs.2Fgm.2Di35.2Frel.2Fwork.2Flibs.2Flibpassthrudev.2Fgen9_passthru.	176
0x400b38	OBJ	Gen9_DeviceClass	152
0x400bf0	OBJ	Spi_Passthru_DeviceClass	152
0x400c88	OBJ	Spi_Passthru_DriverSuperclass	88
0x400d18	OBJ	Xdci_Passthru_DeviceClass	152
0x400e30	OBJ	EHCI_VM_DeviceClass	152
0x400ec8	OBJ	EHCI_VM_DriverSuperclass	88
0x400f20	OBJ	XHCI_VM_DeviceClass	152
0x400fb8	OBJ	XHCI_VM_DriverSuperclass	88
0x401020	OBJ	EHCI_Registers...2Fhome.2Fmal.2Fgm_release.2FMY22.2D026.2Ffinal.2Fiot.2Frtos.2Flibs.2Fgm.2Di35.2Frel.2Fwork.2Flibs.2Flibpassthrudev.2Fusb_onboard_vm.	1920
0x4017a0	OBJ	XHCI_Registers...2Fhome.2Fmal.2Fgm_release.2FMY22.2D026.2Ffinal.2Fiot.2Frtos.2Flibs.2Fgm.2Di35.2Frel.2Fwork.2Flibs.2Flibpassthrudev.2Fusb_onboard_vm.	256
0x401938	OBJ	PurePassthru_DeviceClass	152
0x401a28	OBJ	CommPinMap...2Fhome.2Fmal.2Fgm_release.2FMY22.2D026.2Ffinal.2Fiot.2Frtos.2Flibs.2Fgm.2Di35.2Frel.2Fwork.2Flibs.2Flibgpiobsp.2Fgpio.	3920
0x403298	OBJ	GPIO_SuperClass	88
0x4032f0	OBJ	GPIO_Class	152
0x403390	OBJ	GPIO_IOARegisters...2Fhome.2Fmal.2Fgm_release.2FMY22.2D026.2Ffinal.2Fiot.2Frtos.2Flibs.2Fgm.2Di35.2Frel.2Fwork.2Flibs.2Flibgpiobsp.2Fgpio.	1536
0x403990	OBJ	__ghstableauto_processargs_handler	32
0x4039b0	OBJ	__ghstableauto_pci_device_driver	184
0x403a68	OBJ	__ghstableauto_usb_component	8
0x403a70	OBJ	__ghstable_Note_KernelToTaskPoints	8
0x403a78	OBJ	__ghstable_Note_TaskToKernelPoints	8
0x403a80	OBJ	__ghstable_bspuserinit	40
0x403aa8	OBJ	__ghstable_ghsinit	8
0x404000	OBJ	__ghsbegin_mr_r_mod_ipu_fw	0
0x7c7000	OBJ	__ghsend_mr_r_mod_ipu_fw	0
0x7c7000	OBJ	__ghsbegin_mr_r_mod_dsp_fw	0
0x842720	OBJ	__ghsend_mr_r_mod_dsp_fw	0
0x843148	OBJ	EarlyGlobalDescriptorTable	32
0x843168	OBJ	EarlyGdtrVal	10
0x843180	OBJ	VMCS_RegMap...2Fhome.2Fmal.2Fgm_release.2FMY22.2D026.2Ffinal.2Fiot.2Frtos.2Flibs.2Fgm.2Di35.2Frel.2Fwork.2Flibkernel.2Flibkernel.2F86_x64_vmx.	448
0x843420	OBJ	IGNORE_PAT_SETTING	4
0x84a000	OBJ	ObjectListDriver	16
0x84a038	OBJ	SemaphoreDriver	24
0x84a050	OBJ	HLSemaphoreHeapDriver	32
0x84a070	OBJ	LinkDriver	24
0x84a0b8	OBJ	TaskDriver	24
0x84a0d0	OBJ	AddressSpaceDriver	24
0x84a0e8	OBJ	MemoryRegionDriver	24
0x84a100	OBJ	PriorityListDriver	32
0x84a120	OBJ	ConnectionDriver	24
0x84a138	OBJ	ActivityDriver	24
0x84a150	OBJ	MAX_INTEGRITY_TIME...2Fhome.2Fmal.2Fgm_release.2FMY22.2D026.2Ffinal.2Fiot.2Frtos.2Flibs.2Fgm.2Di35.2Frel.2Fwork.2Flibkernel.2Flibkernel.2Fclock.	16
0x84a178	OBJ	ClockDriver	24
0x84a190	OBJ	AlarmHeapDriver	32
0x84a1ec	OBJ	InitialName.CreateTheInitialTask..2Fhome.2Fmal.2Fgm_release.2FMY22.2D026.2Ffinal.2Fiot.2Frtos.2Flibs.2Fgm.2Di35.2Frel.2Fwork.2Flibkernel.2Flibkernel.2Finit..1	8
0x84a2a8	OBJ	__PartitionSchedulerInitPtr	8
0x84a2e8	OBJ	ASP_Log2PageSize	4
0x84a378	OBJ	IODeviceDriver	24
0x84a4b0	OBJ	KernelCallSignatureTable	816
0x84a7e0	OBJ	KernelCallTable	6144
0x84bfe0	OBJ	__ghs_stack_pattern	8
0x84c028	OBJ	GlobalBasePtrs...2Fhome.2Fmal.2Fgm_release.2FMY22.2D026.2Ffinal.2Fiot.2Frtos.2Flibs.2Fgm.2Di35.2Frel.2Fwork.2Flibkernel.2Flibkernel.2Find_crt0.	8
0x84c0c0	OBJ	MultiBootUsableName...2Fhome.2Fmal.2Fgm_release.2FMY22.2D026.2Ffinal.2Fiot.2Frtos.2Flibs.2Fgm.2Di35.2Frel.2Fwork.2Fintel.2Dgr.	8
0x84c0c8	OBJ	MultiBootReservedName...2Fhome.2Fmal.2Fgm_release.2FMY22.2D026.2Ffinal.2Fiot.2Frtos.2Flibs.2Fgm.2Di35.2Frel.2Fwork.2Fintel.2Dgr.	8
0x84c100	OBJ	SuspendToRamMemoryTable...2Fhome.2Fmal.2Fgm_release.2FMY22.2D026.2Ffinal.2Fiot.2Frtos.2Flibs.2Fgm.2Di35.2Frel.2Fwork.2Fintel.2Dgr.	160
0x84c1a0	OBJ	DefaultMemoryTable...2Fhome.2Fmal.2Fgm_release.2FMY22.2D026.2Ffinal.2Fiot.2Frtos.2Flibs.2Fgm.2Di35.2Frel.2Fwork.2Fintel.2Dgr.	120
0x84c320	OBJ	BootBannerStart...2Fhome.2Fmal.2Fgm_release.2FMY22.2D026.2Ffinal.2Fiot.2Frtos.2Flibs.2Fgm.2Di35.2Frel.2Fwork.2Fconsole_logging.	80
0x84c4f8	OBJ	HEX._loghex..2Fhome.2Fmal.2Fgm_release.2FMY22.2D026.2Ffinal.2Fiot.2Frtos.2Flibs.2Fgm.2Di35.2Frel.2Fwork.2Fconsole_logging..8	17
0x84c5c8	OBJ	ScaleTable.log_mem_size..2Fhome.2Fmal.2Fgm_release.2FMY22.2D026.2Ffinal.2Fiot.2Frtos.2Flibs.2Fgm.2Di35.2Frel.2Fwork.2Fconsole_logging..9	80
0x84c630	OBJ	BootBannerEnd...2Fhome.2Fmal.2Fgm_release.2FMY22.2D026.2Ffinal.2Fiot.2Frtos.2Flibs.2Fgm.2Di35.2Frel.2Fwork.2Fconsole_logging.	64
0x84c7e0	OBJ	UARTSuperclass	88
0x84c838	OBJ	VirtUARTSuperclass	88
0x84cc58	OBJ	emptyRegister.IOAccessor_InternalInit..2Fhome.2Fmal.2Fgm_release.2FMY22.2D026.2Ffinal.2Fiot.2Frtos.2Flibs.2Fgm.2Di35.2Frel.2Fwork.2Fio_acl_init..5	64
0x84d0c0	OBJ	RTL_CONVERT.PC16550_SetOptions..2Fhome.2Fmal.2Fgm_release.2FMY22.2D026.2Ffinal.2Fiot.2Frtos.2Flibs.2Fgm.2Di35.2Frel.2Fwork.2Fserial_pc16550..2	15
0x84d110	OBJ	PC16550_IOAClass	152
0x84d1a8	OBJ	PC16550_IOARegisters...2Fhome.2Fmal.2Fgm_release.2FMY22.2D026.2Ffinal.2Fiot.2Frtos.2Flibs.2Fgm.2Di35.2Frel.2Fwork.2Fserial_pc16550.	2560
0x84dbb4	OBJ	BaudRateTable.LpssUartInit..2Fhome.2Fmal.2Fgm_release.2FMY22.2D026.2Ffinal.2Fiot.2Frtos.2Flibs.2Fgm.2Di35.2Frel.2Fwork.2Fintel_lpss_uart..3	72
0x84dcc8	OBJ	KETHDriverSuperclass	88
0x84dd30	OBJ	Dummy_KETHDriverClass	104
0x84dd98	OBJ	Dummy_IOAClass	152
0x84de40	OBJ	models...2Fhome.2Fmal.2Fgm_release.2FMY22.2D026.2Ffinal.2Fiot.2Frtos.2Flibs.2Fgm.2Di35.2Frel.2Fwork.2Feth_i8254x.	48
0x84de78	OBJ	I8254X_IOAClass	152
0x84df10	OBJ	I8254X_KETHDriverClass	104
0x84df88	OBJ	I8254X_IORegisters...2Fhome.2Fmal.2Fgm_release.2FMY22.2D026.2Ffinal.2Fiot.2Frtos.2Flibs.2Fgm.2Di35.2Frel.2Fwork.2Feth_i8254x.	4224
0x84f008	OBJ	LpssI2C_IOAClass	152
0x84f0b0	OBJ	LpssI2CDriver_IOARegisters...2Fhome.2Fmal.2Fgm_release.2FMY22.2D026.2Ffinal.2Fiot.2Frtos.2Flibs.2Fgm.2Di35.2Frel.2Fwork.2Fi2c_lpss.	2176
0x84f9e8	OBJ	models...2Fhome.2Fmal.2Fgm_release.2FMY22.2D026.2Ffinal.2Fiot.2Frtos.2Flibs.2Fgm.2Di35.2Frel.2Fwork.2Fpci_sdhc.	4
0x84f9f8	OBJ	SDHC_IOAClass	152
0x84fa98	OBJ	SDHC_IORegisters...2Fhome.2Fmal.2Fgm_release.2FMY22.2D026.2Ffinal.2Fiot.2Frtos.2Flibs.2Fgm.2Di35.2Frel.2Fwork.2Fpci_sdhc.	2752
0x850558	OBJ	IntelIpu4_IOAClass...2Fhome.2Fmal.2Fgm_release.2FMY22.2D026.2Ffinal.2Fiot.2Frtos.2Flibs.2Fgm.2Di35.2Frel.2Fwork.2Fintel_ipu4.	152
0x8505f8	OBJ	IntelIpu4_IOARegisters...2Fhome.2Fmal.2Fgm_release.2FMY22.2D026.2Ffinal.2Fiot.2Frtos.2Flibs.2Fgm.2Di35.2Frel.2Fwork.2Fintel_ipu4.	6592
0x851fc4	OBJ	LVTEntryMapping...2Fhome.2Fmal.2Fgm_release.2FMY22.2D026.2Ffinal.2Fiot.2Frtos.2Flibs.2Fgm.2Di35.2Frel.2Fwork.2Finterrupt_lapic.	28
0x8520b0	OBJ	GMCH_DeviceClass...2Fhome.2Fmal.2Fgm_release.2FMY22.2D026.2Ffinal.2Fiot.2Frtos.2Flibs.2Fgm.2Di35.2Frel.2Fwork.2Fvtd.	152
0x852150	OBJ	GMCH_Registers...2Fhome.2Fmal.2Fgm_release.2FMY22.2D026.2Ffinal.2Fiot.2Frtos.2Flibs.2Fgm.2Di35.2Frel.2Fwork.2Fvtd.	448
0x8523d0	OBJ	DRHU_DeviceClass	152
0x852470	OBJ	DRHU_Registers...2Fhome.2Fmal.2Fgm_release.2FMY22.2D026.2Ffinal.2Fiot.2Frtos.2Flibs.2Fgm.2Di35.2Frel.2Fwork.2Fvtd.	1024
0x852970	OBJ	OSDBDLPLBA...2Fhome.2Fmal.2Fgm_release.2FMY22.2D026.2Ffinal.2Fiot.2Frtos.2Flibs.2Fgm.2Di35.2Frel.2Fwork.2Fapollo_lake_mm_iod.	48
0x8529a0	OBJ	OSDBDLPUBA...2Fhome.2Fmal.2Fgm_release.2FMY22.2D026.2Ffinal.2Fiot.2Frtos.2Flibs.2Fgm.2Di35.2Frel.2Fwork.2Fapollo_lake_mm_iod.	48
0x8529d0	OBJ	OSDLVI...2Fhome.2Fmal.2Fgm_release.2FMY22.2D026.2Ffinal.2Fiot.2Frtos.2Flibs.2Fgm.2Di35.2Frel.2Fwork.2Fapollo_lake_mm_iod.	48
0x852a00	OBJ	OSDSPIB...2Fhome.2Fmal.2Fgm_release.2FMY22.2D026.2Ffinal.2Fiot.2Frtos.2Flibs.2Fgm.2Di35.2Frel.2Fwork.2Fapollo_lake_mm_iod.	48
0x852a30	OBJ	OSDCBL...2Fhome.2Fmal.2Fgm_release.2FMY22.2D026.2Ffinal.2Fiot.2Frtos.2Flibs.2Fgm.2Di35.2Frel.2Fwork.2Fapollo_lake_mm_iod.	48
0x852a60	OBJ	ISDBDLPLBA...2Fhome.2Fmal.2Fgm_release.2FMY22.2D026.2Ffinal.2Fiot.2Frtos.2Flibs.2Fgm.2Di35.2Frel.2Fwork.2Fapollo_lake_mm_iod.	56
0x852a98	OBJ	ISDBDLPUBA...2Fhome.2Fmal.2Fgm_release.2FMY22.2D026.2Ffinal.2Fiot.2Frtos.2Flibs.2Fgm.2Di35.2Frel.2Fwork.2Fapollo_lake_mm_iod.	56
0x852ad0	OBJ	ISDLVI...2Fhome.2Fmal.2Fgm_release.2FMY22.2D026.2Ffinal.2Fiot.2Frtos.2Flibs.2Fgm.2Di35.2Frel.2Fwork.2Fapollo_lake_mm_iod.	56
0x852b08	OBJ	ISDSPIB...2Fhome.2Fmal.2Fgm_release.2FMY22.2D026.2Ffinal.2Fiot.2Frtos.2Flibs.2Fgm.2Di35.2Frel.2Fwork.2Fapollo_lake_mm_iod.	56
0x852b40	OBJ	ISDCBL...2Fhome.2Fmal.2Fgm_release.2FMY22.2D026.2Ffinal.2Fiot.2Frtos.2Flibs.2Fgm.2Di35.2Frel.2Fwork.2Fapollo_lake_mm_iod.	56
0x852b80	OBJ	HdaDev_IOAClass	152
0x852c28	OBJ	HdaDev_IOARegisters...2Fhome.2Fmal.2Fgm_release.2FMY22.2D026.2Ffinal.2Fiot.2Frtos.2Flibs.2Fgm.2Di35.2Frel.2Fwork.2Fapollo_lake_mm_iod.	24576
0x858c80	OBJ	RTC_DeviceClass	152
0x858d18	OBJ	RTC_KernelRegisters...2Fhome.2Fmal.2Fgm_release.2FMY22.2D026.2Ffinal.2Fiot.2Frtos.2Flibs.2Fgm.2Di35.2Frel.2Fwork.2Fclock_pc_rtc.	128
0x858d98	OBJ	IntelHeci_IOAClass...2Fhome.2Fmal.2Fgm_release.2FMY22.2D026.2Ffinal.2Fiot.2Frtos.2Flibs.2Fgm.2Di35.2Frel.2Fwork.2Fintel_heci.	152
0x858e38	OBJ	IntelHeci_IORegisters...2Fhome.2Fmal.2Fgm_release.2FMY22.2D026.2Ffinal.2Fiot.2Frtos.2Flibs.2Fgm.2Di35.2Frel.2Fwork.2Fintel_heci.	384
0x859010	OBJ	Xhc_IOAClass	152
0x8590a8	OBJ	XhcVcSuper_IOAClass	88
0x859108	OBJ	Xhc_IOARegisters...2Fhome.2Fmal.2Fgm_release.2FMY22.2D026.2Ffinal.2Fiot.2Frtos.2Flibs.2Fgm.2Di35.2Frel.2Fwork.2Fxhc.	4672
0x85a358	OBJ	XhcVirtualController_IOAClass	152
0x85a480	OBJ	KUSBDev_IOAClass	152
0x85a518	OBJ	ECM_KUSBClassDriver	64
0x85a558	OBJ	Ecm_IOAClass	152
0x85a5f0	OBJ	Ecm_KETHDriverClass	104
0x85a658	OBJ	Ecm_IORegisters...2Fhome.2Fmal.2Fgm_release.2FMY22.2D026.2Ffinal.2Fiot.2Frtos.2Flibs.2Fgm.2Di35.2Frel.2Fwork.2Fxhc_ecm.	64
0x85a698	OBJ	HID_KUSBClassDriver	64
0x85a6d8	OBJ	KbdApp_IOAClass	152
0x85a770	OBJ	MouApp_IOAClass	152
0x85a808	OBJ	KbdApp_IORegisters...2Fhome.2Fmal.2Fgm_release.2FMY22.2D026.2Ffinal.2Fiot.2Frtos.2Flibs.2Fgm.2Di35.2Frel.2Fwork.2Fhid_kdrv.	64
0x85a848	OBJ	MouApp_IORegisters...2Fhome.2Fmal.2Fgm_release.2FMY22.2D026.2Ffinal.2Fiot.2Frtos.2Flibs.2Fgm.2Di35.2Frel.2Fwork.2Fhid_kdrv.	64
0x85a8a4	OBJ	ReadMsrList...2Fhome.2Fmal.2Fgm_release.2FMY22.2D026.2Ffinal.2Fiot.2Frtos.2Flibs.2Fgm.2Di35.2Frel.2Fwork.2Fintel_dvfs.	100
0x85a908	OBJ	WriteMsrList...2Fhome.2Fmal.2Fgm_release.2FMY22.2D026.2Ffinal.2Fiot.2Frtos.2Flibs.2Fgm.2Di35.2Frel.2Fwork.2Fintel_dvfs.	8
0x85a934	OBJ	MsrList...2Fhome.2Fmal.2Fgm_release.2FMY22.2D026.2Ffinal.2Fiot.2Frtos.2Flibs.2Fgm.2Di35.2Frel.2Fwork.2Fguest_pmu.	80
0x85a984	OBJ	SwappedMsrList...2Fhome.2Fmal.2Fgm_release.2FMY22.2D026.2Ffinal.2Fiot.2Frtos.2Flibs.2Fgm.2Di35.2Frel.2Fwork.2Fguest_pmu.	4
0x85aa00	OBJ	__ghsbegin_rdata	0
0x85f5e0	OBJ	__ghsbegin_romend	0
0x85f5e0	OBJ	__ghsend_romend	0
0x2200000	FUNC	__dotsyscall	5
0x2200000	OBJ	__ghsend_romlimit	0
0x2200000	OBJ	__ghsbegin_ramstart	0
0x2200000	OBJ	__ghsend_ramstart	0
0x2200000	OBJ	__ghsbegin_syscall	0
0x2201000	OBJ	__ghsend_syscall	0
0x2201000	OBJ	__ghsbegin_mr_r_mod_android_key	0
0x2202000	OBJ	IpuFirmwareLinkedInKernel	1
0x2202000	OBJ	__ghsend_mr_r_mod_android_key	0
0x2202000	OBJ	__ghsbegin_data	0
0x2202001	OBJ	ReduceRAM3ToMatchBoardVariant	1
0x2202002	OBJ	EnableSuspendToRam	1
0x2202008	OBJ	Passthru_PciDeviceBindings	136
0x2202090	OBJ	FallbackDevices	6120
0x22038a0	OBJ	ExtendedBanner.GetGMConfigurationBanner..2Fhome.2Fmal.2Fgm_release.2FMY22.2D026.2Ffinal.2Fiot.2Fcust.2Dbuild_sb.2Fgm.2Di35.2Frel.2Fgm_i35_my22_gb.2Fobjects.2Fgm_banner_kernel..0	56
0x22038d8	OBJ	sdhcDevNames.sdhc_IODName..2Fhome.2Fmal.2Fgm_release.2FMY22.2D026.2Ffinal.2Fiot.2Frtos.2Flibs.2Fgm.2Di35.2Frel.2Fwork.2Flibs.2Flibpassthrudev.2Fsdhc_passthru..2	64
0x2203918	OBJ	__ghsentry_pci_device_driver_sdhc_passthru	64
0x2203958	OBJ	__ghsentry_pci_device_driver_gm_eth	64
0x2203998	OBJ	uartDevNames.uart_IODName..2Fhome.2Fmal.2Fgm_release.2FMY22.2D026.2Ffinal.2Fiot.2Frtos.2Flibs.2Fgm.2Di35.2Frel.2Fwork.2Flibs.2Flibpassthrudev.2Fuart_passthru..2	32
0x22039b8	OBJ	__ghsentry_pci_device_driver_uart	64
0x22039f8	OBJ	__ghsentry_bspuserinit_wifi_dummy	8
0x2203a00	OBJ	__ghsentry_pci_device_driver_gm_wifi	64
0x2203a40	OBJ	__ghsentry_pci_device_driver_gm_audio	64
0x2203a80	OBJ	__ghsentry_pci_device_driver_p2sb	64
0x2203ac0	OBJ	i2cDevNames.i2c_IODName..2Fhome.2Fmal.2Fgm_release.2FMY22.2D026.2Ffinal.2Fiot.2Frtos.2Flibs.2Fgm.2Di35.2Frel.2Fwork.2Flibs.2Flibpassthrudev.2Fi2c_passthru..1	128
0x2203b40	OBJ	__ghsentry_pci_device_driver_i2c	64
0x2203b80	OBJ	__ghsentry_pci_device_driver_gen9	64
0x2203bc0	OBJ	spiDevNames.spi_IODName..2Fhome.2Fmal.2Fgm_release.2FMY22.2D026.2Ffinal.2Fiot.2Frtos.2Flibs.2Fgm.2Di35.2Frel.2Fwork.2Flibs.2Flibpassthrudev.2Fspi_passthru..2	24
0x2203bd8	OBJ	__ghsentry_pci_device_driver_spi	64
0x2203c18	OBJ	__ghsentry_pci_device_driver_xdci	64
0x2203c58	OBJ	EHCIDevNames.EHCI_IODName..2Fhome.2Fmal.2Fgm_release.2FMY22.2D026.2Ffinal.2Fiot.2Frtos.2Flibs.2Fgm.2Di35.2Frel.2Fwork.2Flibs.2Flibpassthrudev.2Fusb_onboard_vm..4	64
0x2203c98	OBJ	XHCIDevNames.XHCI_IODName..2Fhome.2Fmal.2Fgm_release.2FMY22.2D026.2Ffinal.2Fiot.2Frtos.2Flibs.2Fgm.2Di35.2Frel.2Fwork.2Flibs.2Flibpassthrudev.2Fusb_onboard_vm..7	64
0x2203cd8	OBJ	__ghsentry_pci_device_driver_ehci	64
0x2203d18	OBJ	__ghsentry_pci_device_driver_xhci	64
0x2203d58	OBJ	ExportedGPIO_List...2Fhome.2Fmal.2Fgm_release.2FMY22.2D026.2Ffinal.2Fiot.2Frtos.2Flibs.2Fgm.2Di35.2Frel.2Fwork.2Flibs.2Flibgpiobsp.2Fgpio.	1980
0x2204518	OBJ	__ghsentry_pci_device_driver_gpio	64
0x2205000	OBJ	GlobalDescriptorTable	256
0x2206000	OBJ	BootTSC	40
0x2206028	OBJ	GdtrVal	10
0x2206038	OBJ	SaveErrorCpu	8
0x2206040	OBJ	ASP_NumberOfRegisters	4
0x2206048	OBJ	OSAKernelVersion	8
0x2206050	OBJ	__integrity_tump_info_size	8
0x2206058	OBJ	__integrity_tump_info_CurrentTaskContext_offset	8
0x2206080	OBJ	InternalInitLock...2Fhome.2Fmal.2Fgm_release.2FMY22.2D026.2Ffinal.2Fiot.2Frtos.2Flibs.2Fgm.2Di35.2Frel.2Fwork.2Flibkernel.2Flibkernel.2Flock.	64
0x22060c0	OBJ	__ghsentry_bspuserinit_async_signal	8
0x22060c8	OBJ	__integrity_number_of_cores	8
0x22060d0	OBJ	__integrity_cache_line_size	8
0x22060d8	OBJ	__integrity_version	4
0x22060e0	OBJ	pt.internal_sbrk..2Fhome.2Fmal.2Fgm_release.2FMY22.2D026.2Ffinal.2Fiot.2Frtos.2Flibs.2Fgm.2Di35.2Frel.2Fwork.2Flibkernel.2Flibkernel.2Find_heap..0	8
0x22060e8	OBJ	TheGlobalTable	200
0x22061b0	OBJ	fallbackbuf.BSP_InitializeConsoleOutput..2Fhome.2Fmal.2Fgm_release.2FMY22.2D026.2Ffinal.2Fiot.2Frtos.2Flibs.2Fgm.2Di35.2Frel.2Fwork.2Fconsole_logging..6	16
0x22061c0	OBJ	UARTDevNames.SuperUART_IODName..2Fhome.2Fmal.2Fgm_release.2FMY22.2D026.2Ffinal.2Fiot.2Frtos.2Flibs.2Fgm.2Di35.2Frel.2Fwork.2Fkuart..0	40
0x22061e8	OBJ	ConsoleDevnoBinding...2Fhome.2Fmal.2Fgm_release.2FMY22.2D026.2Ffinal.2Fiot.2Frtos.2Flibs.2Fgm.2Di35.2Frel.2Fwork.2Fkuart.	4
0x22061ec	OBJ	IndrtDevnoBinding...2Fhome.2Fmal.2Fgm_release.2FMY22.2D026.2Ffinal.2Fiot.2Frtos.2Flibs.2Fgm.2Di35.2Frel.2Fwork.2Fkuart.	4
0x22061f0	OBJ	VirtUARTDevNames.SuperVirtUART_IODName..2Fhome.2Fmal.2Fgm_release.2FMY22.2D026.2Ffinal.2Fiot.2Frtos.2Flibs.2Fgm.2Di35.2Frel.2Fwork.2Fkuart..6	8
0x22061f8	OBJ	numProcessorsInitialized	8
0x2206200	OBJ	__ghsentry_processargs_handler_cseseed	24
0x2206218	OBJ	__ghsentry_processargs_handler_cseseedlist	24
0x2206230	OBJ	__ghsentry_processargs_handler_devsecinfo	24
0x2206248	OBJ	CseSeedIod	392
0x22063d0	OBJ	AplAcpiSleep_Iod	392
0x2206558	OBJ	LpssMapping...2Fhome.2Fmal.2Fgm_release.2FMY22.2D026.2Ffinal.2Fiot.2Frtos.2Flibs.2Fgm.2Di35.2Frel.2Fwork.2Fintel_lpss_uart.	128
0x22065d8	OBJ	__ghsentry_pci_device_driver_LpssUart	64
0x2206618	OBJ	EtherDevNames.KETH_IODName..2Fhome.2Fmal.2Fgm_release.2FMY22.2D026.2Ffinal.2Fiot.2Frtos.2Flibs.2Fgm.2Di35.2Frel.2Fwork.2Fkethernet..0	64
0x2206658	OBJ	__ghsentry_bspuserinit_DummyEth	8
0x2206660	OBJ	__ghsentry_pci_device_driver_i8254x	64
0x22066a0	OBJ	info.LpssI2cInit..2Fhome.2Fmal.2Fgm_release.2FMY22.2D026.2Ffinal.2Fiot.2Frtos.2Flibs.2Fgm.2Di35.2Frel.2Fwork.2Fi2c_lpss..2	384
0x2206820	OBJ	__ghsentry_pci_device_driver_LpssI2c	64
0x2206860	OBJ	xferDeviceNames.SDHC_Initialize..2Fhome.2Fmal.2Fgm_release.2FMY22.2D026.2Ffinal.2Fiot.2Frtos.2Flibs.2Fgm.2Di35.2Frel.2Fwork.2Fsdhc..0	128
0x22068e0	OBJ	__ghsentry_pci_device_driver_sdhc	64
0x2206920	OBJ	__ghsentry_pci_device_driver_IntelIpu4	64
0x2206960	OBJ	nextPage.GetPtrToNewPage..2Fhome.2Fmal.2Fgm_release.2FMY22.2D026.2Ffinal.2Fiot.2Frtos.2Flibs.2Fgm.2Di35.2Frel.2Fwork.2Fvtd..3	8
0x2206968	OBJ	__ghsentry_pci_device_driver_gmch	64
0x22069a8	OBJ	acpiDmarInfo	144
0x2206a38	OBJ	bootargsIODeviceVector.bootargs_IODeviceInit..2Fhome.2Fmal.2Fgm_release.2FMY22.2D026.2Ffinal.2Fiot.2Frtos.2Flibs.2Fgm.2Di35.2Frel.2Fwork.2Fbootargs_iodev..2	392
0x2206bc0	OBJ	PCIConfigSpace	8
0x2206bc8	OBJ	PCIMemorySpace	8
0x2206bd0	OBJ	PCIIOSpaceLegacy	8
0x2206bd8	OBJ	PCIConfigSpaceStruct...2Fhome.2Fmal.2Fgm_release.2FMY22.2D026.2Ffinal.2Fiot.2Frtos.2Flibs.2Fgm.2Di35.2Frel.2Fwork.2Fbus.	128
0x2206c58	OBJ	PCIMemorySpaceStruct...2Fhome.2Fmal.2Fgm_release.2FMY22.2D026.2Ffinal.2Fiot.2Frtos.2Flibs.2Fgm.2Di35.2Frel.2Fwork.2Fbus.	128
0x2206cd8	OBJ	PCIIOSpaceStruct...2Fhome.2Fmal.2Fgm_release.2FMY22.2D026.2Ffinal.2Fiot.2Frtos.2Flibs.2Fgm.2Di35.2Frel.2Fwork.2Fbus.	128
0x2206d58	OBJ	spaces.print_spaces..2Fhome.2Fmal.2Fgm_release.2FMY22.2D026.2Ffinal.2Fiot.2Frtos.2Flibs.2Fgm.2Di35.2Frel.2Fwork.2Fpci_config..12	17
0x2206d70	OBJ	__ghsentry_pci_device_driver_hda_mm_init	64
0x2206db0	OBJ	__ghsentry_pci_device_driver_heci	64
0x2206df0	OBJ	__ghsentry_pci_device_driver_xhc	64
0x2206e30	OBJ	DVFS_Iod	392
0x2206fb8	OBJ	DVFS_Resource_Iod	392
0x2207140	OBJ	PerfMon_Resource_Iod...2Fhome.2Fmal.2Fgm_release.2FMY22.2D026.2Ffinal.2Fiot.2Frtos.2Flibs.2Fgm.2Di35.2Frel.2Fwork.2Fguest_pmu.	392
0x22072c8	OBJ	__ghsentry_bspuserinit_perfmon_resource_iod	8
0x22072d0	OBJ	TempMsr_Iod	392
0x2207458	OBJ	PassthruBootStatusDevice	392
0x2207600	OBJ	__ghsautoimport_gpio	1
0x2207604	OBJ	BSP_SharedConsoleDevno	4
0x2207608	OBJ	numSdhcDevices.sdhc_driver_init..2Fhome.2Fmal.2Fgm_release.2FMY22.2D026.2Ffinal.2Fiot.2Frtos.2Flibs.2Fgm.2Di35.2Frel.2Fwork.2Flibs.2Flibpassthrudev.2Fsdhc_passthru..0	4
0x2207610	OBJ	props.sdhc_driver_init..2Fhome.2Fmal.2Fgm_release.2FMY22.2D026.2Ffinal.2Fiot.2Frtos.2Flibs.2Fgm.2Di35.2Frel.2Fwork.2Flibs.2Flibpassthrudev.2Fsdhc_passthru..1	128
0x2207690	OBJ	device_count.gm_eth_driver_init..2Fhome.2Fmal.2Fgm_release.2FMY22.2D026.2Ffinal.2Fiot.2Frtos.2Flibs.2Fgm.2Di35.2Frel.2Fwork.2Flibs.2Flibpassthrudev.2Fgm_eth_passthru..1	4
0x2207698	OBJ	TheProps.gm_eth_driver_init..2Fhome.2Fmal.2Fgm_release.2FMY22.2D026.2Ffinal.2Fiot.2Frtos.2Flibs.2Fgm.2Di35.2Frel.2Fwork.2Flibs.2Flibpassthrudev.2Fgm_eth_passthru..0	16
0x22076a8	OBJ	numUartDevices.uart_driver_init..2Fhome.2Fmal.2Fgm_release.2FMY22.2D026.2Ffinal.2Fiot.2Frtos.2Flibs.2Fgm.2Di35.2Frel.2Fwork.2Flibs.2Flibpassthrudev.2Fuart_passthru..0	4
0x22076b0	OBJ	props.uart_driver_init..2Fhome.2Fmal.2Fgm_release.2FMY22.2D026.2Ffinal.2Fiot.2Frtos.2Flibs.2Fgm.2Di35.2Frel.2Fwork.2Flibs.2Flibpassthrudev.2Fuart_passthru..1	64
0x22076f0	OBJ	counter.GmWifi_ExceptionHandler..2Fhome.2Fmal.2Fgm_release.2FMY22.2D026.2Ffinal.2Fiot.2Frtos.2Flibs.2Fgm.2Di35.2Frel.2Fwork.2Flibs.2Flibpassthrudev.2Fgm_wifi_passthru..0	4
0x22076f4	OBJ	second_wifi_function_present...2Fhome.2Fmal.2Fgm_release.2FMY22.2D026.2Ffinal.2Fiot.2Frtos.2Flibs.2Fgm.2Di35.2Frel.2Fwork.2Flibs.2Flibpassthrudev.2Fgm_wifi_passthru.	4
0x22076f8	OBJ	counter.GmAudio_ExceptionHandler..2Fhome.2Fmal.2Fgm_release.2FMY22.2D026.2Ffinal.2Fiot.2Frtos.2Flibs.2Fgm.2Di35.2Frel.2Fwork.2Flibs.2Flibpassthrudev.2Fgm_audio_passthru..0	4
0x2207700	OBJ	TheProps.gm_audio_driver_init..2Fhome.2Fmal.2Fgm_release.2FMY22.2D026.2Ffinal.2Fiot.2Frtos.2Flibs.2Fgm.2Di35.2Frel.2Fwork.2Flibs.2Flibpassthrudev.2Fgm_audio_passthru..1	16
0x2207710	OBJ	cfgSpace...2Fhome.2Fmal.2Fgm_release.2FMY22.2D026.2Ffinal.2Fiot.2Frtos.2Flibs.2Fgm.2Di35.2Frel.2Fwork.2Flibs.2Flibpassthrudev.2Fp2sb_passthru.	8
0x2207718	OBJ	cfgHandle...2Fhome.2Fmal.2Fgm_release.2FMY22.2D026.2Ffinal.2Fiot.2Frtos.2Flibs.2Fgm.2Di35.2Frel.2Fwork.2Flibs.2Flibpassthrudev.2Fp2sb_passthru.	8
0x2207720	OBJ	TheSbiAccess...2Fhome.2Fmal.2Fgm_release.2FMY22.2D026.2Ffinal.2Fiot.2Frtos.2Flibs.2Fgm.2Di35.2Frel.2Fwork.2Flibs.2Flibpassthrudev.2Fp2sb_passthru.	224
0x2207800	OBJ	props.i2c_driver_init..2Fhome.2Fmal.2Fgm_release.2FMY22.2D026.2Ffinal.2Fiot.2Frtos.2Flibs.2Fgm.2Di35.2Frel.2Fwork.2Flibs.2Flibpassthrudev.2Fi2c_passthru..0	128
0x2207880	OBJ	TheProps.gen9_driver_init..2Fhome.2Fmal.2Fgm_release.2FMY22.2D026.2Ffinal.2Fiot.2Frtos.2Flibs.2Fgm.2Di35.2Frel.2Fwork.2Flibs.2Flibpassthrudev.2Fgen9_passthru..0	16
0x2207890	OBJ	TheGTTCopy...2Fhome.2Fmal.2Fgm_release.2FMY22.2D026.2Ffinal.2Fiot.2Frtos.2Flibs.2Fgm.2Di35.2Frel.2Fwork.2Flibs.2Flibpassthrudev.2Fgen9_passthru.	4312
0x2208968	OBJ	TheBatchedWrite...2Fhome.2Fmal.2Fgm_release.2FMY22.2D026.2Ffinal.2Fiot.2Frtos.2Flibs.2Fgm.2Di35.2Frel.2Fwork.2Flibs.2Flibpassthrudev.2Fgen9_passthru.	712
0x2208c30	OBJ	numSpiDevices.spi_driver_init..2Fhome.2Fmal.2Fgm_release.2FMY22.2D026.2Ffinal.2Fiot.2Frtos.2Flibs.2Fgm.2Di35.2Frel.2Fwork.2Flibs.2Flibpassthrudev.2Fspi_passthru..1	4
0x2208c38	OBJ	props.spi_driver_init..2Fhome.2Fmal.2Fgm_release.2FMY22.2D026.2Ffinal.2Fiot.2Frtos.2Flibs.2Fgm.2Di35.2Frel.2Fwork.2Flibs.2Flibpassthrudev.2Fspi_passthru..0	48
0x2208c68	OBJ	counter.Xdci_ExceptionHandler..2Fhome.2Fmal.2Fgm_release.2FMY22.2D026.2Ffinal.2Fiot.2Frtos.2Flibs.2Fgm.2Di35.2Frel.2Fwork.2Flibs.2Flibpassthrudev.2Fxdci_passthru..0	4
0x2208c70	OBJ	TheProps.xdci_driver_init..2Fhome.2Fmal.2Fgm_release.2FMY22.2D026.2Ffinal.2Fiot.2Frtos.2Flibs.2Fgm.2Di35.2Frel.2Fwork.2Flibs.2Flibpassthrudev.2Fxdci_passthru..1	16
0x2208c80	OBJ	chipsetInitialized.EHCI_Initialize..2Fhome.2Fmal.2Fgm_release.2FMY22.2D026.2Ffinal.2Fiot.2Frtos.2Flibs.2Fgm.2Di35.2Frel.2Fwork.2Flibs.2Flibpassthrudev.2Fusb_onboard_vm..0	4
0x2208c88	OBJ	TheFirstXhciIOA...2Fhome.2Fmal.2Fgm_release.2FMY22.2D026.2Ffinal.2Fiot.2Frtos.2Flibs.2Fgm.2Di35.2Frel.2Fwork.2Flibs.2Flibpassthrudev.2Fusb_onboard_vm.	8
0x2208c90	OBJ	numEhciDevices.ehci_driver_init..2Fhome.2Fmal.2Fgm_release.2FMY22.2D026.2Ffinal.2Fiot.2Frtos.2Flibs.2Fgm.2Di35.2Frel.2Fwork.2Flibs.2Flibpassthrudev.2Fusb_onboard_vm..2	4
0x2208c98	OBJ	props.ehci_driver_init..2Fhome.2Fmal.2Fgm_release.2FMY22.2D026.2Ffinal.2Fiot.2Frtos.2Flibs.2Fgm.2Di35.2Frel.2Fwork.2Flibs.2Flibpassthrudev.2Fusb_onboard_vm..3	256
0x2208d98	OBJ	numXhciDevices.xhci_driver_init..2Fhome.2Fmal.2Fgm_release.2FMY22.2D026.2Ffinal.2Fiot.2Frtos.2Flibs.2Fgm.2Di35.2Frel.2Fwork.2Flibs.2Flibpassthrudev.2Fusb_onboard_vm..5	4
0x2208da0	OBJ	props.xhci_driver_init..2Fhome.2Fmal.2Fgm_release.2FMY22.2D026.2Ffinal.2Fiot.2Frtos.2Flibs.2Fgm.2Di35.2Frel.2Fwork.2Flibs.2Flibpassthrudev.2Fusb_onboard_vm..6	64
0x2208de0	OBJ	numPtDevices...2Fhome.2Fmal.2Fgm_release.2FMY22.2D026.2Ffinal.2Fiot.2Frtos.2Flibs.2Fgm.2Di35.2Frel.2Fwork.2Flibs.2Flibpassthrudev.2Fpassthru.	4
0x2208de8	OBJ	PtDevices...2Fhome.2Fmal.2Fgm_release.2FMY22.2D026.2Ffinal.2Fiot.2Frtos.2Flibs.2Fgm.2Di35.2Frel.2Fwork.2Flibs.2Flibpassthrudev.2Fpassthru.	10240
0x220b5e8	OBJ	TheGPIO_Regs...2Fhome.2Fmal.2Fgm_release.2FMY22.2D026.2Ffinal.2Fiot.2Frtos.2Flibs.2Fgm.2Di35.2Frel.2Fwork.2Flibs.2Flibgpiobsp.2Fgpio.	8
0x220b5f0	OBJ	GPIO_GS_Vect...2Fhome.2Fmal.2Fgm_release.2FMY22.2D026.2Ffinal.2Fiot.2Frtos.2Flibs.2Fgm.2Di35.2Frel.2Fwork.2Flibs.2Flibgpiobsp.2Fgpio.	8
0x220b5f8	OBJ	PinIrqMask...2Fhome.2Fmal.2Fgm_release.2FMY22.2D026.2Ffinal.2Fiot.2Frtos.2Flibs.2Fgm.2Di35.2Frel.2Fwork.2Flibs.2Flibgpiobsp.2Fgpio.	4
0x220b5fc	OBJ	CommunityIrqMask...2Fhome.2Fmal.2Fgm_release.2FMY22.2D026.2Ffinal.2Fiot.2Frtos.2Flibs.2Fgm.2Di35.2Frel.2Fwork.2Flibs.2Flibgpiobsp.2Fgpio.	1
0x220b600	OBJ	GPIO_Stats...2Fhome.2Fmal.2Fgm_release.2FMY22.2D026.2Ffinal.2Fiot.2Frtos.2Flibs.2Fgm.2Di35.2Frel.2Fwork.2Flibs.2Flibgpiobsp.2Fgpio.	32
0x220b620	OBJ	GPIO_Devs...2Fhome.2Fmal.2Fgm_release.2FMY22.2D026.2Ffinal.2Fiot.2Frtos.2Flibs.2Fgm.2Di35.2Frel.2Fwork.2Flibs.2Flibgpiobsp.2Fgpio.	18432
0x220fe20	OBJ	GPIO_GS_Call...2Fhome.2Fmal.2Fgm_release.2FMY22.2D026.2Ffinal.2Fiot.2Frtos.2Flibs.2Fgm.2Di35.2Frel.2Fwork.2Flibs.2Flibgpiobsp.2Fgpio.	80
0x2210000	OBJ	TrampolineStacks...2Fhome.2Fmal.2Fgm_release.2FMY22.2D026.2Ffinal.2Fiot.2Frtos.2Flibs.2Fgm.2Di35.2Frel.2Fwork.2Flibkernel.2Flibkernel.2F86_x64.	1024
0x2210000	OBJ	__ghsbegin_t_bss	0
0x2210400	OBJ	InterruptDescriptorTable...2Fhome.2Fmal.2Fgm_release.2FMY22.2D026.2Ffinal.2Fiot.2Frtos.2Flibs.2Fgm.2Di35.2Frel.2Fwork.2Flibkernel.2Flibkernel.2F86_x64.	4096
0x2211400	OBJ	DefaultTSS	416
0x22115a0	OBJ	TrampolineStackPointers	32
0x22115c0	OBJ	PML4TablePhysical	8
0x22115c8	OBJ	VerwSegmentSelector	2
0x2212000	OBJ	CseSeed...2Fhome.2Fmal.2Fgm_release.2FMY22.2D026.2Ffinal.2Fiot.2Frtos.2Flibs.2Fgm.2Di35.2Frel.2Fwork.2Fcseseed_iodevice.	128
0x2212080	OBJ	CseSeedList...2Fhome.2Fmal.2Fgm_release.2FMY22.2D026.2Ffinal.2Fiot.2Frtos.2Flibs.2Fgm.2Di35.2Frel.2Fwork.2Fcseseed_iodevice.	552
0x22122a8	OBJ	AttestationSeedList...2Fhome.2Fmal.2Fgm_release.2FMY22.2D026.2Ffinal.2Fiot.2Frtos.2Flibs.2Fgm.2Di35.2Frel.2Fwork.2Fcseseed_iodevice.	276
0x22123c0	OBJ	bootargsInfo...2Fhome.2Fmal.2Fgm_release.2FMY22.2D026.2Ffinal.2Fiot.2Frtos.2Flibs.2Fgm.2Di35.2Frel.2Fwork.2Fbootargs_iodev.	5136
0x22137d0	OBJ	MultibootHeaderSave...2Fhome.2Fmal.2Fgm_release.2FMY22.2D026.2Ffinal.2Fiot.2Frtos.2Flibs.2Fgm.2Di35.2Frel.2Fwork.2Flibkernel.2Flibkernel.2F86_x64.	116
0x2213844	OBJ	MultibootMmapTableSave...2Fhome.2Fmal.2Fgm_release.2FMY22.2D026.2Ffinal.2Fiot.2Frtos.2Flibs.2Fgm.2Di35.2Frel.2Fwork.2Flibkernel.2Flibkernel.2F86_x64.	2048
0x2215000	OBJ	numCpus...2Fhome.2Fmal.2Fgm_release.2FMY22.2D026.2Ffinal.2Fiot.2Frtos.2Flibs.2Fgm.2Di35.2Frel.2Fwork.2Fx86_common.	8
0x2215000	OBJ	__ghsbegin_earlybss	0
0x2215008	OBJ	Cpu2APIC...2Fhome.2Fmal.2Fgm_release.2FMY22.2D026.2Ffinal.2Fiot.2Frtos.2Flibs.2Fgm.2Di35.2Frel.2Fwork.2Fx86_common.	32
0x2215028	OBJ	APIC2Cpu	2048
0x2215828	OBJ	apicMapComplete	8
0x2216000	OBJ	NextFreePageTablePageNumber...2Fhome.2Fmal.2Fgm_release.2FMY22.2D026.2Ffinal.2Fiot.2Frtos.2Flibs.2Fgm.2Di35.2Frel.2Fwork.2Flibkernel.2Flibkernel.2F86_x64.	8
0x2216008	OBJ	WasResumedFromRam...2Fhome.2Fmal.2Fgm_release.2FMY22.2D026.2Ffinal.2Fiot.2Frtos.2Flibs.2Fgm.2Di35.2Frel.2Fwork.2Flibkernel.2Flibkernel.2F86_x64.	4
0x2217000	OBJ	PML4Table	4096
0x2218000	OBJ	MultibootInformation	8
0x2218008	OBJ	MainRAMSize	4
0x221800c	OBJ	ExtendedRAMSize	4
0x2218010	OBJ	KernelMappingCount...2Fhome.2Fmal.2Fgm_release.2FMY22.2D026.2Ffinal.2Fiot.2Frtos.2Flibs.2Fgm.2Di35.2Frel.2Fwork.2Flibkernel.2Flibkernel.2Fasp_common_kernel_mapping.	8
0x2218018	OBJ	KernelMappings...2Fhome.2Fmal.2Fgm_release.2FMY22.2D026.2Ffinal.2Fiot.2Frtos.2Flibs.2Fgm.2Di35.2Frel.2Fwork.2Flibkernel.2Flibkernel.2Fasp_common_kernel_mapping.	1536
0x2219000	OBJ	__ghsbegin_pagetable	0
0x2259000	OBJ	fatalErrorSave.ASP_FatalError..2Fhome.2Fmal.2Fgm_release.2FMY22.2D026.2Ffinal.2Fiot.2Frtos.2Flibs.2Fgm.2Di35.2Frel.2Fwork.2Flibkernel.2Flibkernel.2F86_x64..0	4
0x2259000	OBJ	__ghsend_pagetable	0
0x2259008	OBJ	CLFlushLineSize...2Fhome.2Fmal.2Fgm_release.2FMY22.2D026.2Ffinal.2Fiot.2Frtos.2Flibs.2Fgm.2Di35.2Frel.2Fwork.2Flibkernel.2Flibkernel.2F86_x64.	8
0x2259010	OBJ	Panicking...2Fhome.2Fmal.2Fgm_release.2FMY22.2D026.2Ffinal.2Fiot.2Frtos.2Flibs.2Fgm.2Di35.2Frel.2Fwork.2Flibkernel.2Flibkernel.2F86_x64.	8
0x2259018	OBJ	PanicCpuCount...2Fhome.2Fmal.2Fgm_release.2FMY22.2D026.2Ffinal.2Fiot.2Frtos.2Flibs.2Fgm.2Di35.2Frel.2Fwork.2Flibkernel.2Flibkernel.2F86_x64.	8
0x2259020	OBJ	IsPcidSupported...2Fhome.2Fmal.2Fgm_release.2FMY22.2D026.2Ffinal.2Fiot.2Frtos.2Flibs.2Fgm.2Di35.2Frel.2Fwork.2Flibkernel.2Flibkernel.2F86_x64.	4
0x2259024	OBJ	IsAvxSupported...2Fhome.2Fmal.2Fgm_release.2FMY22.2D026.2Ffinal.2Fiot.2Frtos.2Flibs.2Fgm.2Di35.2Frel.2Fwork.2Flibkernel.2Flibkernel.2F86_x64.	4
0x225a000	OBJ	vmxonPagePhysAddr...2Fhome.2Fmal.2Fgm_release.2FMY22.2D026.2Ffinal.2Fiot.2Frtos.2Flibs.2Fgm.2Di35.2Frel.2Fwork.2Flibkernel.2Flibkernel.2F86_x64_vmx.	8
0x225a008	OBJ	TSCTicksPerRefTick_LS32...2Fhome.2Fmal.2Fgm_release.2FMY22.2D026.2Ffinal.2Fiot.2Frtos.2Flibs.2Fgm.2Di35.2Frel.2Fwork.2Flibkernel.2Flibkernel.2F86_x64_vmx.	8
0x225a010	OBJ	hostSpecCtrl...2Fhome.2Fmal.2Fgm_release.2FMY22.2D026.2Ffinal.2Fiot.2Frtos.2Flibs.2Fgm.2Di35.2Frel.2Fwork.2Flibkernel.2Flibkernel.2F86_x64_vmx.	8
0x225a018	OBJ	hostXcr0...2Fhome.2Fmal.2Fgm_release.2FMY22.2D026.2Ffinal.2Fiot.2Frtos.2Flibs.2Fgm.2Di35.2Frel.2Fwork.2Flibkernel.2Flibkernel.2F86_x64_vmx.	8
0x225a020	OBJ	hostStar...2Fhome.2Fmal.2Fgm_release.2FMY22.2D026.2Ffinal.2Fiot.2Frtos.2Flibs.2Fgm.2Di35.2Frel.2Fwork.2Flibkernel.2Flibkernel.2F86_x64_vmx.	8
0x225a028	OBJ	hostLstar...2Fhome.2Fmal.2Fgm_release.2FMY22.2D026.2Ffinal.2Fiot.2Frtos.2Flibs.2Fgm.2Di35.2Frel.2Fwork.2Flibkernel.2Flibkernel.2F86_x64_vmx.	8
0x225a030	OBJ	hostFmask...2Fhome.2Fmal.2Fgm_release.2FMY22.2D026.2Ffinal.2Fiot.2Frtos.2Flibs.2Fgm.2Di35.2Frel.2Fwork.2Flibkernel.2Flibkernel.2F86_x64_vmx.	8
0x225a038	OBJ	debugVmxBasic...2Fhome.2Fmal.2Fgm_release.2FMY22.2D026.2Ffinal.2Fiot.2Frtos.2Flibs.2Fgm.2Di35.2Frel.2Fwork.2Flibkernel.2Flibkernel.2F86_x64_vmx.	8
0x225a040	OBJ	debugVmxMisc...2Fhome.2Fmal.2Fgm_release.2FMY22.2D026.2Ffinal.2Fiot.2Frtos.2Flibs.2Fgm.2Di35.2Frel.2Fwork.2Flibkernel.2Flibkernel.2F86_x64_vmx.	8
0x225a048	OBJ	debugVmxTrueEntryCtls...2Fhome.2Fmal.2Fgm_release.2FMY22.2D026.2Ffinal.2Fiot.2Frtos.2Flibs.2Fgm.2Di35.2Frel.2Fwork.2Flibkernel.2Flibkernel.2F86_x64_vmx.	8
0x225a050	OBJ	debugVmxTrueExitCtls...2Fhome.2Fmal.2Fgm_release.2FMY22.2D026.2Ffinal.2Fiot.2Frtos.2Flibs.2Fgm.2Di35.2Frel.2Fwork.2Flibkernel.2Flibkernel.2F86_x64_vmx.	8
0x225a058	OBJ	debugVmxProcBased...2Fhome.2Fmal.2Fgm_release.2FMY22.2D026.2Ffinal.2Fiot.2Frtos.2Flibs.2Fgm.2Di35.2Frel.2Fwork.2Flibkernel.2Flibkernel.2F86_x64_vmx.	8
0x225a060	OBJ	debugVmx2ProcBased...2Fhome.2Fmal.2Fgm_release.2FMY22.2D026.2Ffinal.2Fiot.2Frtos.2Flibs.2Fgm.2Di35.2Frel.2Fwork.2Flibkernel.2Flibkernel.2F86_x64_vmx.	8
0x225a068	OBJ	debugVmxPinBased...2Fhome.2Fmal.2Fgm_release.2FMY22.2D026.2Ffinal.2Fiot.2Frtos.2Flibs.2Fgm.2Di35.2Frel.2Fwork.2Flibkernel.2Flibkernel.2F86_x64_vmx.	8
0x225a070	OBJ	vmcsRevisionID...2Fhome.2Fmal.2Fgm_release.2FMY22.2D026.2Ffinal.2Fiot.2Frtos.2Flibs.2Fgm.2Di35.2Frel.2Fwork.2Flibkernel.2Flibkernel.2F86_x64_vmx.	4
0x225a074	OBJ	vmxPreemptionShift...2Fhome.2Fmal.2Fgm_release.2FMY22.2D026.2Ffinal.2Fiot.2Frtos.2Flibs.2Fgm.2Di35.2Frel.2Fwork.2Flibkernel.2Flibkernel.2F86_x64_vmx.	4
0x225a078	OBJ	vmxPreemptionInUse...2Fhome.2Fmal.2Fgm_release.2FMY22.2D026.2Ffinal.2Fiot.2Frtos.2Flibs.2Fgm.2Di35.2Frel.2Fwork.2Flibkernel.2Flibkernel.2F86_x64_vmx.	1
0x225a080	OBJ	vmxPerCpu...2Fhome.2Fmal.2Fgm_release.2FMY22.2D026.2Ffinal.2Fiot.2Frtos.2Flibs.2Fgm.2Di35.2Frel.2Fwork.2Flibkernel.2Flibkernel.2F86_x64_vmx.	768
0x225b000	OBJ	VMXOnPage...2Fhome.2Fmal.2Fgm_release.2FMY22.2D026.2Ffinal.2Fiot.2Frtos.2Flibs.2Fgm.2Di35.2Frel.2Fwork.2Flibkernel.2Flibkernel.2F86_x64_vmx.	4096
0x225c000	OBJ	vmxIpiBits...2Fhome.2Fmal.2Fgm_release.2FMY22.2D026.2Ffinal.2Fiot.2Frtos.2Flibs.2Fgm.2Di35.2Frel.2Fwork.2Flibkernel.2Flibkernel.2F86_x64_vmx.	256
0x225c100	OBJ	errorCode.ASP_RunGuestVM..2Fhome.2Fmal.2Fgm_release.2FMY22.2D026.2Ffinal.2Fiot.2Frtos.2Flibs.2Fgm.2Di35.2Frel.2Fwork.2Flibkernel.2Flibkernel.2F86_x64_vmx..21	4
0x225c140	OBJ	CurrentAliasIndex.VMM_InitVMDomain..2Fhome.2Fmal.2Fgm_release.2FMY22.2D026.2Ffinal.2Fiot.2Frtos.2Flibs.2Fgm.2Di35.2Frel.2Fwork.2Flibkernel.2Flibkernel.2Fvmm..0	4
0x225c148	OBJ	TscToTimeMultiplier...2Fhome.2Fmal.2Fgm_release.2FMY22.2D026.2Ffinal.2Fiot.2Frtos.2Flibs.2Fgm.2Di35.2Frel.2Fwork.2Flibkernel.2Flibkernel.2Fvmm.	8
0x225c150	OBJ	MaxVcpuAlarmTsc...2Fhome.2Fmal.2Fgm_release.2FMY22.2D026.2Ffinal.2Fiot.2Frtos.2Flibs.2Fgm.2Di35.2Frel.2Fwork.2Flibkernel.2Flibkernel.2Fvmm.	8
0x225c180	OBJ	UnpendWork...2Fhome.2Fmal.2Fgm_release.2FMY22.2D026.2Ffinal.2Fiot.2Frtos.2Flibs.2Fgm.2Di35.2Frel.2Fwork.2Flibkernel.2Flibkernel.2Fvmm.	256
0x225c280	OBJ	highResClock.VMM_CreateVCpuClock..2Fhome.2Fmal.2Fgm_release.2FMY22.2D026.2Ffinal.2Fiot.2Frtos.2Flibs.2Fgm.2Di35.2Frel.2Fwork.2Flibkernel.2Flibkernel.2Fvmm..4	8
0x225c288	OBJ	GlobalForever	4
0x225c290	OBJ	KernelMemoryRange...2Fhome.2Fmal.2Fgm_release.2FMY22.2D026.2Ffinal.2Fiot.2Frtos.2Flibs.2Fgm.2Di35.2Frel.2Fwork.2Flibkernel.2Flibkernel.2Finit.	40
0x225c2b8	OBJ	InitializationComplete	4
0x225c2c0	OBJ	initAS.InitializeScheduler..2Fhome.2Fmal.2Fgm_release.2FMY22.2D026.2Ffinal.2Fiot.2Frtos.2Flibs.2Fgm.2Di35.2Frel.2Fwork.2Flibkernel.2Flibkernel.2Fsched491..0	2
0x225c2c8	OBJ	initAffinityGroup.InitializeScheduler..2Fhome.2Fmal.2Fgm_release.2FMY22.2D026.2Ffinal.2Fiot.2Frtos.2Flibs.2Fgm.2Di35.2Frel.2Fwork.2Flibkernel.2Flibkernel.2Fsched491..1	128
0x225c380	OBJ	initializedCPUs	64
0x225c3c0	OBJ	AGLockPrioritiesDefined	4
0x225c3c4	OBJ	initCoreAGLockPriorityTable.InitializeLocks..2Fhome.2Fmal.2Fgm_release.2FMY22.2D026.2Ffinal.2Fiot.2Frtos.2Flibs.2Fgm.2Di35.2Frel.2Fwork.2Flibkernel.2Flibkernel.2Flock..1	8
0x225c400	OBJ	CLock...2Fhome.2Fmal.2Fgm_release.2FMY22.2D026.2Ffinal.2Fiot.2Frtos.2Flibs.2Fgm.2Di35.2Frel.2Fwork.2Flibkernel.2Flibkernel.2Fansic.	128
0x225c480	OBJ	TLS.AddressSpaceInitCLibrary..2Fhome.2Fmal.2Fgm_release.2FMY22.2D026.2Ffinal.2Fiot.2Frtos.2Flibs.2Fgm.2Di35.2Frel.2Fwork.2Flibkernel.2Flibkernel.2Fansic..1	512
0x225d000	OBJ	LocalTable...2Fhome.2Fmal.2Fgm_release.2FMY22.2D026.2Ffinal.2Fiot.2Frtos.2Flibs.2Fgm.2Di35.2Frel.2Fwork.2Fintel.2Dgr.	8
0x225d008	OBJ	pci_domain...2Fhome.2Fmal.2Fgm_release.2FMY22.2D026.2Ffinal.2Fiot.2Frtos.2Flibs.2Fgm.2Di35.2Frel.2Fwork.2Fintel.2Dgr.	8
0x225d010	OBJ	MsiResources...2Fhome.2Fmal.2Fgm_release.2FMY22.2D026.2Ffinal.2Fiot.2Frtos.2Flibs.2Fgm.2Di35.2Frel.2Fwork.2Fintel.2Dgr.	40
0x225d038	OBJ	Local_Table...2Fhome.2Fmal.2Fgm_release.2FMY22.2D026.2Ffinal.2Fiot.2Frtos.2Flibs.2Fgm.2Di35.2Frel.2Fwork.2Fintel.2Dgr.	23200
0x2262ad8	OBJ	nRanges.BSP_GetMemoryMap..2Fhome.2Fmal.2Fgm_release.2FMY22.2D026.2Ffinal.2Fiot.2Frtos.2Flibs.2Fgm.2Di35.2Frel.2Fwork.2Fintel.2Dgr..8	8
0x2262ae0	OBJ	kRange.BSP_GetMemoryMap..2Fhome.2Fmal.2Fgm_release.2FMY22.2D026.2Ffinal.2Fiot.2Frtos.2Flibs.2Fgm.2Di35.2Frel.2Fwork.2Fintel.2Dgr..9	8
0x2262b00	OBJ	target_name.ConsoleReadStatus..2Fhome.2Fmal.2Fgm_release.2FMY22.2D026.2Ffinal.2Fiot.2Frtos.2Flibs.2Fgm.2Di35.2Frel.2Fwork.2Fconsole_logging..0	8
0x2262b08	OBJ	target_name_len.ConsoleReadStatus..2Fhome.2Fmal.2Fgm_release.2FMY22.2D026.2Ffinal.2Fiot.2Frtos.2Flibs.2Fgm.2Di35.2Frel.2Fwork.2Fconsole_logging..1	8
0x2262b40	OBJ	ConsoleRingBuffer...2Fhome.2Fmal.2Fgm_release.2FMY22.2D026.2Ffinal.2Fiot.2Frtos.2Flibs.2Fgm.2Di35.2Frel.2Fwork.2Fconsole_logging.	64
0x2262b80	OBJ	ConsoleTickCall...2Fhome.2Fmal.2Fgm_release.2FMY22.2D026.2Ffinal.2Fiot.2Frtos.2Flibs.2Fgm.2Di35.2Frel.2Fwork.2Fconsole_logging.	40
0x2262ba8	OBJ	ConsoleIODevice...2Fhome.2Fmal.2Fgm_release.2FMY22.2D026.2Ffinal.2Fiot.2Frtos.2Flibs.2Fgm.2Di35.2Frel.2Fwork.2Fconsole_logging.	392
0x2262d30	OBJ	flushing.BSP_FlushConsoleOutput..2Fhome.2Fmal.2Fgm_release.2FMY22.2D026.2Ffinal.2Fiot.2Frtos.2Flibs.2Fgm.2Di35.2Frel.2Fwork.2Fconsole_logging..7	8
0x2262d38	OBJ	consolePanic	4
0x2262d40	OBJ	TheUartArray...2Fhome.2Fmal.2Fgm_release.2FMY22.2D026.2Ffinal.2Fiot.2Frtos.2Flibs.2Fgm.2Di35.2Frel.2Fwork.2Fkuart.	1760
0x2263440	OBJ	TheRxBuffers...2Fhome.2Fmal.2Fgm_release.2FMY22.2D026.2Ffinal.2Fiot.2Frtos.2Flibs.2Fgm.2Di35.2Frel.2Fwork.2Fkuart.	8192
0x2265440	OBJ	TheTxBuffers...2Fhome.2Fmal.2Fgm_release.2FMY22.2D026.2Ffinal.2Fiot.2Frtos.2Flibs.2Fgm.2Di35.2Frel.2Fwork.2Fkuart.	8192
0x2267440	OBJ	devIRQs...2Fhome.2Fmal.2Fgm_release.2FMY22.2D026.2Ffinal.2Fiot.2Frtos.2Flibs.2Fgm.2Di35.2Frel.2Fwork.2Fio_acl.	128
0x22674c0	OBJ	numDevices...2Fhome.2Fmal.2Fgm_release.2FMY22.2D026.2Ffinal.2Fiot.2Frtos.2Flibs.2Fgm.2Di35.2Frel.2Fwork.2Fio_acl_init.	4
0x22674c4	OBJ	numChainedHandlers...2Fhome.2Fmal.2Fgm_release.2FMY22.2D026.2Ffinal.2Fiot.2Frtos.2Flibs.2Fgm.2Di35.2Frel.2Fwork.2Fio_acl_init.	4
0x22674c8	OBJ	theDevices...2Fhome.2Fmal.2Fgm_release.2FMY22.2D026.2Ffinal.2Fiot.2Frtos.2Flibs.2Fgm.2Di35.2Frel.2Fwork.2Fio_acl_init.	407552
0x22cacc8	OBJ	theAccessors...2Fhome.2Fmal.2Fgm_release.2FMY22.2D026.2Ffinal.2Fiot.2Frtos.2Flibs.2Fgm.2Di35.2Frel.2Fwork.2Fio_acl_init.	12288
0x22cdcc8	OBJ	chainedHandlers...2Fhome.2Fmal.2Fgm_release.2FMY22.2D026.2Ffinal.2Fiot.2Frtos.2Flibs.2Fgm.2Di35.2Frel.2Fwork.2Fio_acl_init.	7168
0x22cf8c8	OBJ	globalInitDone.IOAccessor_InitFromList..2Fhome.2Fmal.2Fgm_release.2FMY22.2D026.2Ffinal.2Fiot.2Frtos.2Flibs.2Fgm.2Di35.2Frel.2Fwork.2Fio_acl_init..6	4
0x22cf8d0	OBJ	handler_array...2Fhome.2Fmal.2Fgm_release.2FMY22.2D026.2Ffinal.2Fiot.2Frtos.2Flibs.2Fgm.2Di35.2Frel.2Fwork.2Finterrupt.	2048
0x22d00d0	OBJ	TSCFrequency...2Fhome.2Fmal.2Fgm_release.2FMY22.2D026.2Ffinal.2Fiot.2Frtos.2Flibs.2Fgm.2Di35.2Frel.2Fwork.2Fx86_common.	8
0x22d00d8	OBJ	numHyperthreadsPerCore...2Fhome.2Fmal.2Fgm_release.2FMY22.2D026.2Ffinal.2Fiot.2Frtos.2Flibs.2Fgm.2Di35.2Frel.2Fwork.2Fx86_common.	8
0x22d00e0	OBJ	numHyperthreadBits...2Fhome.2Fmal.2Fgm_release.2FMY22.2D026.2Ffinal.2Fiot.2Frtos.2Flibs.2Fgm.2Di35.2Frel.2Fwork.2Fx86_common.	8
0x22d00e8	OBJ	hyperthreadMask...2Fhome.2Fmal.2Fgm_release.2FMY22.2D026.2Ffinal.2Fiot.2Frtos.2Flibs.2Fgm.2Di35.2Frel.2Fwork.2Fx86_common.	8
0x22d00f0	OBJ	numCores...2Fhome.2Fmal.2Fgm_release.2FMY22.2D026.2Ffinal.2Fiot.2Frtos.2Flibs.2Fgm.2Di35.2Frel.2Fwork.2Fx86_common.	8
0x22d00f8	OBJ	numCoreBits...2Fhome.2Fmal.2Fgm_release.2FMY22.2D026.2Ffinal.2Fiot.2Frtos.2Flibs.2Fgm.2Di35.2Frel.2Fwork.2Fx86_common.	8
0x22d0100	OBJ	coreMask...2Fhome.2Fmal.2Fgm_release.2FMY22.2D026.2Ffinal.2Fiot.2Frtos.2Flibs.2Fgm.2Di35.2Frel.2Fwork.2Fx86_common.	8
0x22d0108	OBJ	numProcessors...2Fhome.2Fmal.2Fgm_release.2FMY22.2D026.2Ffinal.2Fiot.2Frtos.2Flibs.2Fgm.2Di35.2Frel.2Fwork.2Fx86_common.	8
0x22d0110	OBJ	bspCpuId...2Fhome.2Fmal.2Fgm_release.2FMY22.2D026.2Ffinal.2Fiot.2Frtos.2Flibs.2Fgm.2Di35.2Frel.2Fwork.2Fx86_common.	8
0x22d0118	OBJ	FirstIpiVector...2Fhome.2Fmal.2Fgm_release.2FMY22.2D026.2Ffinal.2Fiot.2Frtos.2Flibs.2Fgm.2Di35.2Frel.2Fwork.2Fx86_common.	4
0x22d011c	OBJ	FirstTimerVector...2Fhome.2Fmal.2Fgm_release.2FMY22.2D026.2Ffinal.2Fiot.2Frtos.2Flibs.2Fgm.2Di35.2Frel.2Fwork.2Fx86_common.	4
0x22d0120	OBJ	FirstPMIVector...2Fhome.2Fmal.2Fgm_release.2FMY22.2D026.2Ffinal.2Fiot.2Frtos.2Flibs.2Fgm.2Di35.2Frel.2Fwork.2Fx86_common.	4
0x22d0124	OBJ	TSCTicksPerMicrosecond...2Fhome.2Fmal.2Fgm_release.2FMY22.2D026.2Ffinal.2Fiot.2Frtos.2Flibs.2Fgm.2Di35.2Frel.2Fwork.2Fx86_common.	4
0x22d0128	OBJ	secondaryCpusBooted.BSP_BootSecondaryCpus..2Fhome.2Fmal.2Fgm_release.2FMY22.2D026.2Ffinal.2Fiot.2Frtos.2Flibs.2Fgm.2Di35.2Frel.2Fwork.2Fx86_common..15	4
0x22d0130	OBJ	SleepType...2Fhome.2Fmal.2Fgm_release.2FMY22.2D026.2Ffinal.2Fiot.2Frtos.2Flibs.2Fgm.2Di35.2Frel.2Fwork.2Fapl_acpi_sleep_iodevice.	4
0x22d0138	OBJ	numCpusShuttingDown.AplAcpiSleep_Callback..2Fhome.2Fmal.2Fgm_release.2FMY22.2D026.2Ffinal.2Fiot.2Frtos.2Flibs.2Fgm.2Di35.2Frel.2Fwork.2Fapl_acpi_sleep_iodevice..1	8
0x22d0140	OBJ	AplAcpiSleep_Call.AplAcpiSleep_IpiHandler..2Fhome.2Fmal.2Fgm_release.2FMY22.2D026.2Ffinal.2Fiot.2Frtos.2Flibs.2Fgm.2Di35.2Frel.2Fwork.2Fapl_acpi_sleep_iodevice..2	160
0x22d01e0	OBJ	ComCount...2Fhome.2Fmal.2Fgm_release.2FMY22.2D026.2Ffinal.2Fiot.2Frtos.2Flibs.2Fgm.2Di35.2Frel.2Fwork.2Fserial_pc16550.	4
0x22d01e8	OBJ	TheComArray...2Fhome.2Fmal.2Fgm_release.2FMY22.2D026.2Ffinal.2Fiot.2Frtos.2Flibs.2Fgm.2Di35.2Frel.2Fwork.2Fserial_pc16550.	480
0x22d03c8	OBJ	numLpssUart...2Fhome.2Fmal.2Fgm_release.2FMY22.2D026.2Ffinal.2Fiot.2Frtos.2Flibs.2Fgm.2Di35.2Frel.2Fwork.2Fintel_lpss_uart.	8
0x22d03d0	OBJ	lpssUart...2Fhome.2Fmal.2Fgm_release.2FMY22.2D026.2Ffinal.2Fiot.2Frtos.2Flibs.2Fgm.2Di35.2Frel.2Fwork.2Fintel_lpss_uart.	704
0x22d0690	OBJ	console_device	4
0x22d0694	OBJ	indrt_device	4
0x22d0698	OBJ	ConsoleState	4
0x22d069c	OBJ	IndrtState	4
0x22d0800	OBJ	KETHS...2Fhome.2Fmal.2Fgm_release.2FMY22.2D026.2Ffinal.2Fiot.2Frtos.2Flibs.2Fgm.2Di35.2Frel.2Fwork.2Fkethernet.	52016
0x22dd400	OBJ	ETHBuffers...2Fhome.2Fmal.2Fgm_release.2FMY22.2D026.2Ffinal.2Fiot.2Frtos.2Flibs.2Fgm.2Di35.2Frel.2Fwork.2Fkethernet.	1048576
0x23dd400	OBJ	arp_response...2Fhome.2Fmal.2Fgm_release.2FMY22.2D026.2Ffinal.2Fiot.2Frtos.2Flibs.2Fgm.2Di35.2Frel.2Fwork.2Findether_min.	40
0x23dd428	OBJ	gratuitous_arp...2Fhome.2Fmal.2Fgm_release.2FMY22.2D026.2Ffinal.2Fiot.2Frtos.2Flibs.2Fgm.2Di35.2Frel.2Fwork.2Findether_min.	40
0x23dd450	OBJ	etherbuf...2Fhome.2Fmal.2Fgm_release.2FMY22.2D026.2Ffinal.2Fiot.2Frtos.2Flibs.2Fgm.2Di35.2Frel.2Fwork.2Findether_min.	1520
0x23dda40	OBJ	__INDRT_interface	4
0x23dda48	OBJ	DummyCount...2Fhome.2Fmal.2Fgm_release.2FMY22.2D026.2Ffinal.2Fiot.2Frtos.2Flibs.2Fgm.2Di35.2Frel.2Fwork.2Feth_dummy.	4
0x23dda50	OBJ	TheDummyArray...2Fhome.2Fmal.2Fgm_release.2FMY22.2D026.2Ffinal.2Fiot.2Frtos.2Flibs.2Fgm.2Di35.2Frel.2Fwork.2Feth_dummy.	16
0x23dda80	OBJ	numI8254XDevices...2Fhome.2Fmal.2Fgm_release.2FMY22.2D026.2Ffinal.2Fiot.2Frtos.2Flibs.2Fgm.2Di35.2Frel.2Fwork.2Feth_i8254x.	4
0x23dda88	OBJ	TheI8254XArray...2Fhome.2Fmal.2Fgm_release.2FMY22.2D026.2Ffinal.2Fiot.2Frtos.2Flibs.2Fgm.2Di35.2Frel.2Fwork.2Feth_i8254x.	8384
0x23dfb80	OBJ	I8254XDescs...2Fhome.2Fmal.2Fgm_release.2FMY22.2D026.2Ffinal.2Fiot.2Frtos.2Flibs.2Fgm.2Di35.2Frel.2Fwork.2Feth_i8254x.	8192
0x23e1b80	OBJ	callbackCount.I8254X_ExceptionCallback..2Fhome.2Fmal.2Fgm_release.2FMY22.2D026.2Ffinal.2Fiot.2Frtos.2Flibs.2Fgm.2Di35.2Frel.2Fwork.2Feth_i8254x..3	4
0x23e1b84	OBJ	interruptCount.I8254X_ExceptionHandler..2Fhome.2Fmal.2Fgm_release.2FMY22.2D026.2Ffinal.2Fiot.2Frtos.2Flibs.2Fgm.2Di35.2Frel.2Fwork.2Feth_i8254x..4	4
0x23e1b88	OBJ	_FIRST_I8254X_DEVNO	4
0x23e1b90	OBJ	TheLpssI2CDevices...2Fhome.2Fmal.2Fgm_release.2FMY22.2D026.2Ffinal.2Fiot.2Frtos.2Flibs.2Fgm.2Di35.2Frel.2Fwork.2Fi2c_lpss.	880
0x23e1f00	OBJ	props.LpssI2cInit..2Fhome.2Fmal.2Fgm_release.2FMY22.2D026.2Ffinal.2Fiot.2Frtos.2Flibs.2Fgm.2Di35.2Frel.2Fwork.2Fi2c_lpss..1	192
0x23e1fc0	OBJ	NumSdhcDevices...2Fhome.2Fmal.2Fgm_release.2FMY22.2D026.2Ffinal.2Fiot.2Frtos.2Flibs.2Fgm.2Di35.2Frel.2Fwork.2Fpci_sdhc.	4
0x23e1fc8	OBJ	SdhcDevices...2Fhome.2Fmal.2Fgm_release.2FMY22.2D026.2Ffinal.2Fiot.2Frtos.2Flibs.2Fgm.2Di35.2Frel.2Fwork.2Fpci_sdhc.	10144
0x23e4768	OBJ	TheIpuDevice...2Fhome.2Fmal.2Fgm_release.2FMY22.2D026.2Ffinal.2Fiot.2Frtos.2Flibs.2Fgm.2Di35.2Frel.2Fwork.2Fintel_ipu4.	24
0x23e4780	OBJ	status.IntelIpu4_ExceptionHandler..2Fhome.2Fmal.2Fgm_release.2FMY22.2D026.2Ffinal.2Fiot.2Frtos.2Flibs.2Fgm.2Di35.2Frel.2Fwork.2Fintel_ipu4..1	4
0x23e4788	OBJ	LocalApicRegs...2Fhome.2Fmal.2Fgm_release.2FMY22.2D026.2Ffinal.2Fiot.2Frtos.2Flibs.2Fgm.2Di35.2Frel.2Fwork.2Finterrupt_lapic.	8
0x23e4790	OBJ	NumAPICs...2Fhome.2Fmal.2Fgm_release.2FMY22.2D026.2Ffinal.2Fiot.2Frtos.2Flibs.2Fgm.2Di35.2Frel.2Fwork.2Finterrupt_ioapic.	8
0x23e4798	OBJ	InterruptSpinlock...2Fhome.2Fmal.2Fgm_release.2FMY22.2D026.2Ffinal.2Fiot.2Frtos.2Flibs.2Fgm.2Di35.2Frel.2Fwork.2Finterrupt_ioapic.	8
0x23e47a0	OBJ	interrupts_ok...2Fhome.2Fmal.2Fgm_release.2FMY22.2D026.2Ffinal.2Fiot.2Frtos.2Flibs.2Fgm.2Di35.2Frel.2Fwork.2Finterrupt_ioapic.	4
0x23e47a8	OBJ	VectorBitmap...2Fhome.2Fmal.2Fgm_release.2FMY22.2D026.2Ffinal.2Fiot.2Frtos.2Flibs.2Fgm.2Di35.2Frel.2Fwork.2Finterrupt_ioapic.	32
0x23e47c8	OBJ	APICs...2Fhome.2Fmal.2Fgm_release.2FMY22.2D026.2Ffinal.2Fiot.2Frtos.2Flibs.2Fgm.2Di35.2Frel.2Fwork.2Finterrupt_ioapic.	128
0x23e4848	OBJ	MA...2Fhome.2Fmal.2Fgm_release.2FMY22.2D026.2Ffinal.2Fiot.2Frtos.2Flibs.2Fgm.2Di35.2Frel.2Fwork.2Finterrupt_ioapic.	72
0x23e4890	OBJ	ExceptionEnables...2Fhome.2Fmal.2Fgm_release.2FMY22.2D026.2Ffinal.2Fiot.2Frtos.2Flibs.2Fgm.2Di35.2Frel.2Fwork.2Finterrupt_ioapic.	512
0x23e5000	OBJ	numDmaRemapUnits...2Fhome.2Fmal.2Fgm_release.2FMY22.2D026.2Ffinal.2Fiot.2Frtos.2Flibs.2Fgm.2Di35.2Frel.2Fwork.2Fvtd.	4
0x23e6000	OBJ	vtdFreePages...2Fhome.2Fmal.2Fgm_release.2FMY22.2D026.2Ffinal.2Fiot.2Frtos.2Flibs.2Fgm.2Di35.2Frel.2Fwork.2Fvtd.	57344
0x23f4000	OBJ	dmaRemapUnits...2Fhome.2Fmal.2Fgm_release.2FMY22.2D026.2Ffinal.2Fiot.2Frtos.2Flibs.2Fgm.2Di35.2Frel.2Fwork.2Fvtd.	960
0x23f43c0	OBJ	bootargsIODeviceVector...2Fhome.2Fmal.2Fgm_release.2FMY22.2D026.2Ffinal.2Fiot.2Frtos.2Flibs.2Fgm.2Di35.2Frel.2Fwork.2Fbootargs_iodev.	392
0x23f4548	OBJ	kernel_boot_params...2Fhome.2Fmal.2Fgm_release.2FMY22.2D026.2Ffinal.2Fiot.2Frtos.2Flibs.2Fgm.2Di35.2Frel.2Fwork.2Fprocessargs.	8
0x23f4550	OBJ	domain_alloc_count.calloc_pcidomain..2Fhome.2Fmal.2Fgm_release.2FMY22.2D026.2Ffinal.2Fiot.2Frtos.2Flibs.2Fgm.2Di35.2Frel.2Fwork.2Fpci_config..1	4
0x23f4558	OBJ	domain_alloc.calloc_pcidomain..2Fhome.2Fmal.2Fgm_release.2FMY22.2D026.2Ffinal.2Fiot.2Frtos.2Flibs.2Fgm.2Di35.2Frel.2Fwork.2Fpci_config..0	200
0x23f4620	OBJ	pcidata_alloc_count.calloc_pcidata..2Fhome.2Fmal.2Fgm_release.2FMY22.2D026.2Ffinal.2Fiot.2Frtos.2Flibs.2Fgm.2Di35.2Frel.2Fwork.2Fpci_config..3	4
0x23f4628	OBJ	pcidata_alloc.calloc_pcidata..2Fhome.2Fmal.2Fgm_release.2FMY22.2D026.2Ffinal.2Fiot.2Frtos.2Flibs.2Fgm.2Di35.2Frel.2Fwork.2Fpci_config..2	360
0x23f4790	OBJ	domains...2Fhome.2Fmal.2Fgm_release.2FMY22.2D026.2Ffinal.2Fiot.2Frtos.2Flibs.2Fgm.2Di35.2Frel.2Fwork.2Fpci_config.	8
0x23f4798	OBJ	domain_count...2Fhome.2Fmal.2Fgm_release.2FMY22.2D026.2Ffinal.2Fiot.2Frtos.2Flibs.2Fgm.2Di35.2Frel.2Fwork.2Fpci_config.	4
0x23f479c	OBJ	businfo_count.calloc_pcibusinfo..2Fhome.2Fmal.2Fgm_release.2FMY22.2D026.2Ffinal.2Fiot.2Frtos.2Flibs.2Fgm.2Di35.2Frel.2Fwork.2Fpci_config..7	4
0x23f47a0	OBJ	businfo_alloc.calloc_pcibusinfo..2Fhome.2Fmal.2Fgm_release.2FMY22.2D026.2Ffinal.2Fiot.2Frtos.2Flibs.2Fgm.2Di35.2Frel.2Fwork.2Fpci_config..6	144000
0x2417a20	OBJ	function_count.calloc_pcifunction..2Fhome.2Fmal.2Fgm_release.2FMY22.2D026.2Ffinal.2Fiot.2Frtos.2Flibs.2Fgm.2Di35.2Frel.2Fwork.2Fpci_config..9	4
0x2417a28	OBJ	function_alloc.calloc_pcifunction..2Fhome.2Fmal.2Fgm_release.2FMY22.2D026.2Ffinal.2Fiot.2Frtos.2Flibs.2Fgm.2Di35.2Frel.2Fwork.2Fpci_config..8	12800
0x241ac28	OBJ	query_fn.pci_scan_alloc_bus..2Fhome.2Fmal.2Fgm_release.2FMY22.2D026.2Ffinal.2Fiot.2Frtos.2Flibs.2Fgm.2Di35.2Frel.2Fwork.2Fpci_config..10	200
0x241acf0	OBJ	stack.domain_allocate_tree..2Fhome.2Fmal.2Fgm_release.2FMY22.2D026.2Ffinal.2Fiot.2Frtos.2Flibs.2Fgm.2Di35.2Frel.2Fwork.2Fpci_config..11	520
0x241aef8	OBJ	count.calloc_msiresource..2Fhome.2Fmal.2Fgm_release.2FMY22.2D026.2Ffinal.2Fiot.2Frtos.2Flibs.2Fgm.2Di35.2Frel.2Fwork.2Fmsi..1	4
0x241af00	OBJ	res_alloc.calloc_msiresource..2Fhome.2Fmal.2Fgm_release.2FMY22.2D026.2Ffinal.2Fiot.2Frtos.2Flibs.2Fgm.2Di35.2Frel.2Fwork.2Fmsi..0	200
0x241afc8	OBJ	count.calloc_functionmsiinfo..2Fhome.2Fmal.2Fgm_release.2FMY22.2D026.2Ffinal.2Fiot.2Frtos.2Flibs.2Fgm.2Di35.2Frel.2Fwork.2Fmsi..3	4
0x241afd0	OBJ	info_alloc.calloc_functionmsiinfo..2Fhome.2Fmal.2Fgm_release.2FMY22.2D026.2Ffinal.2Fiot.2Frtos.2Flibs.2Fgm.2Di35.2Frel.2Fwork.2Fmsi..2	7680
0x241cdd0	OBJ	MsiResourceTable...2Fhome.2Fmal.2Fgm_release.2FMY22.2D026.2Ffinal.2Fiot.2Frtos.2Flibs.2Fgm.2Di35.2Frel.2Fwork.2Fmsi.	8
0x241cdd8	OBJ	ResourceAssignmentCallback...2Fhome.2Fmal.2Fgm_release.2FMY22.2D026.2Ffinal.2Fiot.2Frtos.2Flibs.2Fgm.2Di35.2Frel.2Fwork.2Fmsi.	8
0x241cde0	OBJ	ResourceAssignmentCookie...2Fhome.2Fmal.2Fgm_release.2FMY22.2D026.2Ffinal.2Fiot.2Frtos.2Flibs.2Fgm.2Di35.2Frel.2Fwork.2Fmsi.	8
0x241cde8	OBJ	msi_res_table_size...2Fhome.2Fmal.2Fgm_release.2FMY22.2D026.2Ffinal.2Fiot.2Frtos.2Flibs.2Fgm.2Di35.2Frel.2Fwork.2Fmsi.	4
0x241cdf0	OBJ	MsiFunctions	8
0x241cdf8	OBJ	audio_fw_addr...2Fhome.2Fmal.2Fgm_release.2FMY22.2D026.2Ffinal.2Fiot.2Frtos.2Flibs.2Fgm.2Di35.2Frel.2Fwork.2Fapollo_lake_mm_iod.	8
0x241ce00	OBJ	audio_data_addr...2Fhome.2Fmal.2Fgm_release.2FMY22.2D026.2Ffinal.2Fiot.2Frtos.2Flibs.2Fgm.2Di35.2Frel.2Fwork.2Fapollo_lake_mm_iod.	8
0x241ce08	OBJ	ll_addr...2Fhome.2Fmal.2Fgm_release.2FMY22.2D026.2Ffinal.2Fiot.2Frtos.2Flibs.2Fgm.2Di35.2Frel.2Fwork.2Fapollo_lake_mm_iod.	8
0x241ce10	OBJ	bdl_addr...2Fhome.2Fmal.2Fgm_release.2FMY22.2D026.2Ffinal.2Fiot.2Frtos.2Flibs.2Fgm.2Di35.2Frel.2Fwork.2Fapollo_lake_mm_iod.	8
0x241ce18	OBJ	hdaMem...2Fhome.2Fmal.2Fgm_release.2FMY22.2D026.2Ffinal.2Fiot.2Frtos.2Flibs.2Fgm.2Di35.2Frel.2Fwork.2Fapollo_lake_mm_iod.	8
0x241ce20	OBJ	audio_fw_buf_size...2Fhome.2Fmal.2Fgm_release.2FMY22.2D026.2Ffinal.2Fiot.2Frtos.2Flibs.2Fgm.2Di35.2Frel.2Fwork.2Fapollo_lake_mm_iod.	4
0x241ce28	OBJ	TheHdaDriver...2Fhome.2Fmal.2Fgm_release.2FMY22.2D026.2Ffinal.2Fiot.2Frtos.2Flibs.2Fgm.2Di35.2Frel.2Fwork.2Fapollo_lake_mm_iod.	272
0x241cf38	OBJ	TheRtcKdev...2Fhome.2Fmal.2Fgm_release.2FMY22.2D026.2Ffinal.2Fiot.2Frtos.2Flibs.2Fgm.2Di35.2Frel.2Fwork.2Fclock_pc_rtc.	8
0x241cf40	OBJ	TheHeciDevice...2Fhome.2Fmal.2Fgm_release.2FMY22.2D026.2Ffinal.2Fiot.2Frtos.2Flibs.2Fgm.2Di35.2Frel.2Fwork.2Fintel_heci.	8
0x241cf48	OBJ	TheXhcDriver...2Fhome.2Fmal.2Fgm_release.2FMY22.2D026.2Ffinal.2Fiot.2Frtos.2Flibs.2Fgm.2Di35.2Frel.2Fwork.2Fxhc.	49144
0x2428f40	OBJ	initialized.XhcIOA_InitializeResources..2Fhome.2Fmal.2Fgm_release.2FMY22.2D026.2Ffinal.2Fiot.2Frtos.2Flibs.2Fgm.2Di35.2Frel.2Fwork.2Fxhc..2	4
0x2428f44	OBJ	ehost.Xhc_ProcessEvent..2Fhome.2Fmal.2Fgm_release.2FMY22.2D026.2Ffinal.2Fiot.2Frtos.2Flibs.2Fgm.2Di35.2Frel.2Fwork.2Fxhc..3	4
0x2428f48	OBJ	unexpectedType.Xhc_ProcessEvent..2Fhome.2Fmal.2Fgm_release.2FMY22.2D026.2Ffinal.2Fiot.2Frtos.2Flibs.2Fgm.2Di35.2Frel.2Fwork.2Fxhc..4	4
0x2428f50	OBJ	numDevs.KUSBDevIOA_InitializeResources..2Fhome.2Fmal.2Fgm_release.2FMY22.2D026.2Ffinal.2Fiot.2Frtos.2Flibs.2Fgm.2Di35.2Frel.2Fwork.2Fkusb_dev..0	4
0x2428f58	OBJ	TheKUSBDevices	135104
0x2449f18	OBJ	TheEcmDevice...2Fhome.2Fmal.2Fgm_release.2FMY22.2D026.2Ffinal.2Fiot.2Frtos.2Flibs.2Fgm.2Di35.2Frel.2Fwork.2Fxhc_ecm.	12376
0x244cf70	OBJ	illegal_trbtype.Ecm_ReportEvent..2Fhome.2Fmal.2Fgm_release.2FMY22.2D026.2Ffinal.2Fiot.2Frtos.2Flibs.2Fgm.2Di35.2Frel.2Fwork.2Fxhc_ecm..1	4
0x244cf74	OBJ	illegal_trbcode.Ecm_ReportEvent..2Fhome.2Fmal.2Fgm_release.2FMY22.2D026.2Ffinal.2Fiot.2Frtos.2Flibs.2Fgm.2Di35.2Frel.2Fwork.2Fxhc_ecm..2	4
0x244cf78	OBJ	__USB_ETHDEV_DEVNO	4
0x244cf80	OBJ	TheHidKDevCount...2Fhome.2Fmal.2Fgm_release.2FMY22.2D026.2Ffinal.2Fiot.2Frtos.2Flibs.2Fgm.2Di35.2Frel.2Fwork.2Fhid_kdrv.	4
0x244cf88	OBJ	TheHidKDevs...2Fhome.2Fmal.2Fgm_release.2FMY22.2D026.2Ffinal.2Fiot.2Frtos.2Flibs.2Fgm.2Di35.2Frel.2Fwork.2Fhid_kdrv.	64
0x244cfc8	OBJ	TheMasterHid...2Fhome.2Fmal.2Fgm_release.2FMY22.2D026.2Ffinal.2Fiot.2Frtos.2Flibs.2Fgm.2Di35.2Frel.2Fwork.2Fhid_kdrv.	2384
0x244d918	OBJ	lastEvent.HidKClass_ReportEvent..2Fhome.2Fmal.2Fgm_release.2FMY22.2D026.2Ffinal.2Fiot.2Frtos.2Flibs.2Fgm.2Di35.2Frel.2Fwork.2Fhid_kdrv..3	6
0x244d940	OBJ	powerUnits...2Fhome.2Fmal.2Fgm_release.2FMY22.2D026.2Ffinal.2Fiot.2Frtos.2Flibs.2Fgm.2Di35.2Frel.2Fwork.2Fintel_dvfs.	4
0x244d944	OBJ	safetyCritical...2Fhome.2Fmal.2Fgm_release.2FMY22.2D026.2Ffinal.2Fiot.2Frtos.2Flibs.2Fgm.2Di35.2Frel.2Fwork.2Fintel_dvfs.	1
0x244d980	OBJ	power...2Fhome.2Fmal.2Fgm_release.2FMY22.2D026.2Ffinal.2Fiot.2Frtos.2Flibs.2Fgm.2Di35.2Frel.2Fwork.2Fintel_dvfs.	64
0x244d9c0	OBJ	cpuFreq...2Fhome.2Fmal.2Fgm_release.2FMY22.2D026.2Ffinal.2Fiot.2Frtos.2Flibs.2Fgm.2Di35.2Frel.2Fwork.2Fintel_dvfs.	256
0x244dac0	OBJ	NumPMUCounters...2Fhome.2Fmal.2Fgm_release.2FMY22.2D026.2Ffinal.2Fiot.2Frtos.2Flibs.2Fgm.2Di35.2Frel.2Fwork.2Fguest_pmu.	4
0x244dac8	OBJ	DeviceMask...2Fhome.2Fmal.2Fgm_release.2FMY22.2D026.2Ffinal.2Fiot.2Frtos.2Flibs.2Fgm.2Di35.2Frel.2Fwork.2Fpassthru_fallback.	8
0x244dad0	OBJ	NumDevices...2Fhome.2Fmal.2Fgm_release.2FMY22.2D026.2Ffinal.2Fiot.2Frtos.2Flibs.2Fgm.2Di35.2Frel.2Fwork.2Fpassthru_fallback.	8
0x244dad8	OBJ	TheDeviceInfo...2Fhome.2Fmal.2Fgm_release.2FMY22.2D026.2Ffinal.2Fiot.2Frtos.2Flibs.2Fgm.2Di35.2Frel.2Fwork.2Fpassthru_fallback.	8
0x2600000	OBJ	__ghsbegin_mr_rw__emmc	0
0x4a00000	OBJ	__ghsbegin_mr_rw__hda	0
0x4c00000	OBJ	TheXhcHostmem...2Fhome.2Fmal.2Fgm_release.2FMY22.2D026.2Ffinal.2Fiot.2Frtos.2Flibs.2Fgm.2Di35.2Frel.2Fwork.2Fxhc.	8482816
0x4c00000	OBJ	__ghsend_mr_rw__hda	0
0x4c00000	OBJ	__ghsbegin_mr_rw__xhc_hostmem	0
0x5417000	OBJ	HighResTimerDriver	768
0x5417300	OBJ	ASP_TickDriftComp	64
0x5417340	OBJ	TimerDriverParent	896
0x54176c0	OBJ	TuMPInfo	5120
0x5418ac0	OBJ	SchedGroups	32768
0x5420ac0	OBJ	ASToAffinityGroup	16384
0x5424ac0	OBJ	DGLocks	256
0x5424bc0	OBJ	CoreLockInfo	256
0x5424cc0	OBJ	SuspensionCoreInfo	256
0x5424dc0	OBJ	SuspensionASInfo	16384
0x5428dc0	OBJ	StandardTickTimerDriver	768
0x54290c0	OBJ	SharedTSC_Start32	8
0x54290c8	OBJ	SaveXFrame	8
0x54290d0	OBJ	SavePC	8
0x54290d8	OBJ	Panicking	8
0x54290e0	OBJ	PanicCpuCount	8
0x54290e8	OBJ	ASP_DriftCompensation	8
0x54290f0	OBJ	FirstTimerDriver	8
0x54290f8	OBJ	NumberOfRegisteredTimerDrivers	8
0x5429100	OBJ	NumberOfRegisteredTimerDriverParents	8
0x5429108	OBJ	KernelState	24
0x5429120	OBJ	KernelMMU	8
0x5429128	OBJ	FirstIODeviceObjectIndex	8
0x5429130	OBJ	FirstClockObjectIndex	8
0x5429138	OBJ	MemoryPool	8
0x5429140	OBJ	FirstIODeviceVector	8
0x5429148	OBJ	NumberOfRegisteredIODevices	8
0x5429150	OBJ	RestartASInfo	8
0x5429158	OBJ	StandardTickTime	16
0x5429168	OBJ	TheInitialTask	8
0x5429170	OBJ	PrimaryAddressSpace	8
0x5429178	OBJ	PrimaryClock	8
0x5429180	OBJ	HighResClock	8
0x5429188	OBJ	environ	8
0x5429190	OBJ	IsSMEPSupported	4
0x5429194	OBJ	IsIBRSSupported	4
0x5429198	OBJ	IsEnhancedIBRSSupported	4
0x542919c	OBJ	IsIBPBRequired	4
0x54291a0	OBJ	IsIBRSRequired	4
0x54291a4	OBJ	SaveError	4
0x54291a8	OBJ	krn_carve	4
0x54291ac	OBJ	RegMap	432
0x542a000	OBJ	TheXhcVirtualControllers	12288
0x542d000	OBJ	VectorArray	32768
0x5435000	OBJ	board_location_info	64
0x5435040	OBJ	ioaFinalized	4
0x5435044	OBJ	DebugDevs	240
0x5435134	OBJ	INDRT_ServerIP	4
0x5435138	OBJ	netdevices	4
0x543513c	OBJ	systemHostname	256
0x543523c	OBJ	NULLEthernetAddress	6
0x5435242	OBJ	INDRT_ServerEth	6
0x5435248	OBJ	VtdRequiresFlushing	1
0x5435249	OBJ	__ghsautoimport_perfmon_resource_iod	1
0x5435300	OBJ	__ghsbegin_debugbuffer	0
0x5445300	OBJ	TraceInfo	16
0x5445300	OBJ	__ghsend_debugbuffer	0
0x5446000	OBJ	__ghsbegin_heap	0
0x5506000	OBJ	__ghsend_heap	0
0x5506000	OBJ	__ghsbegin_stack	0
0x550a000	OBJ	__ghsend_stack	0
0x550a000	OBJ	__ghsbegin_kstack	0
0x560a000	OBJ	__ghsend_kstack	0
0x560a400	OBJ	__ghsend_dfstack	0
0x560c000	OBJ	__ghsend_ramend	0
0xfffffff	OBJ	__ghsend_ramlimit	0
